district,ep,cases_with_ep,support
1,10851(A)VC TAKE VEH W/O OWNER -> 10851(A)VC TAKE VEH W/O OWNER,19,0.215909091
1,459 PC  BURGLARY VEHICLE -> 459 PC  BURGLARY VEHICLE,10,0.113636364
1,459 PC  BURGLARY VEHICLE -> 10851(A)VC TAKE VEH W/O OWNER,9,0.102272727
1,10851(A)VC TAKE VEH W/O OWNER -> 459 PC  BURGLARY VEHICLE,8,0.090909091
1,10851(A)VC TAKE VEH W/O OWNER -> 594(B)(1)PC  VANDALISM +$400,7,0.079545455
1,10851(A)VC TAKE VEH W/O OWNER -> 594(B)(2)(A) VANDALISM/ -$400,6,0.068181818
1,10851(A)VC TAKE VEH W/O OWNER -> MISSING PERSON,5,0.056818182
1,459 PC  BURGLARY RESIDENCE -> 10851(A)VC TAKE VEH W/O OWNER,5,0.056818182
1,459 PC  BURGLARY VEHICLE -> TOWED/STORED VEHICLE,5,0.056818182
1,THREATS - I RPT -> 459 PC  BURGLARY VEHICLE,5,0.056818182
1,10851(A)VC TAKE VEH W/O OWNER -> TOWED/STORED VEH-14602.6,4,0.045454545
1,530.5 PC USE PERSONAL ID INFO -> 459 PC  BURGLARY VEHICLE,4,0.045454545
1,10851(A)VC TAKE VEH W/O OWNER -> 211 PC  ROBBERY UNSPECIFIED,3,0.034090909
1,10851(A)VC TAKE VEH W/O OWNER -> 215(A) PC    CARJACKING,3,0.034090909
1,10851(A)VC TAKE VEH W/O OWNER -> 484 PETTY THEFT/LICENSE PLATE,3,0.034090909
1,10851(A)VC TAKE VEH W/O OWNER -> TOWED/STORED VEHICLE,3,0.034090909
1,242 PC  BATTERY CIVILIAN -> 10851(A)VC TAKE VEH W/O OWNER,3,0.034090909
1,459 PC  BURGLARY BUSINESS -> 10851(A)VC TAKE VEH W/O OWNER,3,0.034090909
1,459 PC  BURGLARY VEHICLE -> 484 PETTY THEFT/LICENSE PLATE,3,0.034090909
1,459 PC  BURGLARY VEHICLE -> MISSING PERSON,3,0.034090909
1,530 PC FALSE PERS. REC PROP -> 10851 VC AUTO THEFT LOCATE,3,0.034090909
1,594(B)(1)PC  VANDALISM +$400 -> 594(B)(1)PC  VANDALISM +$400,3,0.034090909
1,594(B)(2)(A) VANDALISM/ -$400 -> 10851(A)VC TAKE VEH W/O OWNER,3,0.034090909
1,MISCELLANEOUS I RPT (ZMISC) -> 10851(A)VC TAKE VEH W/O OWNER,3,0.034090909
1,NON INJ HR/MAIL OUT REPORT -> 10851(A)VC TAKE VEH W/O OWNER,3,0.034090909
1,THREATS - I RPT -> 10851(A)VC TAKE VEH W/O OWNER,3,0.034090909
1,TOWED/STORED VEH-14602.6 -> 211 PC  ROBBERY UNSPECIFIED,3,0.034090909
1,TOWED/STORED VEHICLE -> MISSING PERSON,3,0.034090909
1,10851(A)VC TAKE VEH W/O OWNER -> 211 PC ROBBERY-PURSE SNATCH,2,0.022727273
1,10851(A)VC TAKE VEH W/O OWNER -> 242 PC  BATTERY CIVILIAN,2,0.022727273
1,10851(A)VC TAKE VEH W/O OWNER -> 245(A)(2) AWDW/FIREARM/CIVILIA,2,0.022727273
1,10851(A)VC TAKE VEH W/O OWNER -> 484 PC  PETTY THEFT/ OUTSIDE,2,0.022727273
1,10851(A)VC TAKE VEH W/O OWNER -> 484G(B) PC ACCESS CARD FRAUD,2,0.022727273
1,10851(A)VC TAKE VEH W/O OWNER -> 5150 WI DANGER SELF/OTHERS,2,0.022727273
1,10851(A)VC TAKE VEH W/O OWNER -> MISCELLANEOUS I RPT (ZMISC),2,0.022727273
1,10851(A)VC TAKE VEH W/O OWNER -> NON INJ HR/MAIL OUT REPORT,2,0.022727273
1,10851(A)VC TAKE VEH W/O OWNER -> TRAFFIC-ACCIDENT-NON INJURY,2,0.022727273
1,11364 HS POSS DRUG PARAPH -> 459 PC  BURGLARY VEHICLE,2,0.022727273
1,20002(A) HIT/RUN -> 10851(A)VC TAKE VEH W/O OWNER,2,0.022727273
1,211 PC  ROBBERY UNSPECIFIED -> 459 PC  BURGLARY VEHICLE,2,0.022727273
1,242 PC  BATTERY CIVILIAN -> 594(B)(2)(A) VANDALISM/ -$400,2,0.022727273
1,273.6(A) PC VIO DV COURT ORDER -> 10851(A)VC TAKE VEH W/O OWNER,2,0.022727273
1,459 PC  BURGLARY BUSINESS -> 484 PC PETTY THEFT,2,0.022727273
1,459 PC  BURGLARY RESIDENCE -> 10851 VC AUTO THEFT LOCATE,2,0.022727273
1,459 PC  BURGLARY RESIDENCE -> 484 PC  PETTY THEFT/ OUTSIDE,2,0.022727273
1,459 PC  BURGLARY RESIDENCE -> 487(A) GRAND THEFT-CLOUT-UNLOC,2,0.022727273
1,459 PC  BURGLARY RESIDENCE -> CHILD WELFARE - I RPT,2,0.022727273
1,459 PC  BURGLARY RESIDENCE -> LOST PROPERTY - I RPT,2,0.022727273
1,459 PC  BURGLARY RESIDENCE -> MISSING PERSON,2,0.022727273
1,459 PC  BURGLARY RESIDENCE -> TOWED/STORED VEH-14602.6,2,0.022727273
1,459 PC  BURGLARY RESIDENCE -> TRAFFIC-ACCIDENT-NON INJURY,2,0.022727273
1,459 PC  BURGLARY VEHICLE -> 10851 VC AUTO THEFT LOCATE,2,0.022727273
1,459 PC  BURGLARY VEHICLE -> 211 PC  ROBBERY UNSPECIFIED,2,0.022727273
1,459 PC  BURGLARY VEHICLE -> 246 PC SHOOT OCCUP DWELL/VEH,2,0.022727273
1,459 PC  BURGLARY VEHICLE -> 273.6(A) PC VIO DV COURT ORDER,2,0.022727273
1,459 PC  BURGLARY VEHICLE -> 594(B)(1)PC  VANDALISM +$400,2,0.022727273
1,459 PC  BURGLARY VEHICLE -> 594(B)(2)(A) VANDALISM/ -$400,2,0.022727273
1,459 PC  BURGLARY VEHICLE -> TELEPEST -I RPT,2,0.022727273
1,484 PC   PETTY THEFT/INSIDE -> 10851(A)VC TAKE VEH W/O OWNER,2,0.022727273
1,484 PC  PETTY THEFT/ OUTSIDE -> 10851 VC AUTO THEFT LOCATE,2,0.022727273
1,484 PC PETTY THEFT -> 459 PC  BURGLARY VEHICLE,2,0.022727273
1,484 PC PETTY THEFT -> 594(B)(2)(A) VANDALISM/ -$400,2,0.022727273
1,484 PETTY THEFT/LICENSE PLATE -> 10851(A)VC TAKE VEH W/O OWNER,2,0.022727273
1,484 PETTY THEFT/LICENSE PLATE -> 459 PC  BURGLARY RESIDENCE,2,0.022727273
1,484 PETTY THEFT/LICENSE PLATE -> 459 PC  BURGLARY VEHICLE,2,0.022727273
1,484 PETTY THEFT/LICENSE PLATE -> NON INJ HR/MAIL OUT REPORT,2,0.022727273
1,484 PETTY THEFT/LICENSE PLATE -> TOWED/STORED VEHICLE,2,0.022727273
1,484 PETTY THEFT/LICENSE PLATE -> TRAFFIC-ACCIDENT-NON INJURY,2,0.022727273
1,484J PC PUBLISH CARD INFO -> 484 PC   PETTY THEFT/INSIDE,2,0.022727273
1,487(A) PC GRAND THEFT -> 459 PC  BURGLARY VEHICLE,2,0.022727273
1,5150 WI DANGER SELF/OTHERS -> 10851(A)VC TAKE VEH W/O OWNER,2,0.022727273
1,5150 WI DANGER SELF/OTHERS -> TOWED/STORED VEHICLE,2,0.022727273
1,530.5 PC USE PERSONAL ID INFO -> 594(B)(2)(A) VANDALISM/ -$400,2,0.022727273
1,530.5 PC USE PERSONAL ID INFO -> CASUALTY REPORT,2,0.022727273
1,594(B)(1)PC  VANDALISM +$400 -> 10851(A)VC TAKE VEH W/O OWNER,2,0.022727273
1,594(B)(1)PC  VANDALISM +$400 -> 484 PETTY THEFT/LICENSE PLATE,2,0.022727273
1,594(B)(1)PC  VANDALISM +$400 -> 5150 WI DANGER SELF/OTHERS,2,0.022727273
1,594(B)(1)PC  VANDALISM +$400 -> VANDALISM - I RPT,2,0.022727273
1,594(B)(2)(A) VANDALISM/ -$400 -> 459 PC  BURGLARY VEHICLE,2,0.022727273
1,594(B)(2)(A) VANDALISM/ -$400 -> 594(B)(2)(A) VANDALISM/ -$400,2,0.022727273
1,CASUALTY REPORT -> 459 PC  BURGLARY VEHICLE,2,0.022727273
1,FOUND PROPERTY - I RPT -> 10851 VC AUTO THEFT LOCATE,2,0.022727273
1,FRAUD OR BUNCO - I RPT -> 10851(A)VC TAKE VEH W/O OWNER,2,0.022727273
1,LOST PROPERTY - I RPT -> 10851 VC AUTO THEFT LOCATE,2,0.022727273
1,LOST PROPERTY - I RPT -> 10851(A)VC TAKE VEH W/O OWNER,2,0.022727273
1,MISSING PERSON -> TOWED/STORED VEHICLE,2,0.022727273
1,SUSP PERS-NO CRIME - I RPT -> 10851(A)VC TAKE VEH W/O OWNER,2,0.022727273
1,TOWED/STORED VEH-14602.6 -> TOWED/STORED VEH-14602.6,2,0.022727273
1,TOWED/STORED VEHICLE -> 10851(A)VC TAKE VEH W/O OWNER,2,0.022727273
1,TOWED/STORED VEHICLE -> 211 PC ROBBERY- BUSINESS,2,0.022727273
1,TOWED/STORED VEHICLE -> TOWED/STORED VEH-14602.6,2,0.022727273
1,TOWED/STORED VEHICLE -> TRAFFIC-ACCIDENT-NON INJURY,2,0.022727273
1,TRAFFIC-ACCIDENT INJURY -> MISSING PERSON,2,0.022727273
1,TRAFFIC-ACCIDENT-NON INJURY -> TOWED/STORED VEH-14602.6,2,0.022727273
1,VANDALISM - I RPT -> 10851(A)VC TAKE VEH W/O OWNER,2,0.022727273
1,10851 VC AUTO THEFT LOCATE -> 10851(A)VC TAKE VEH W/O OWNER,1,0.011363636
1,10851 VC AUTO THEFT LOCATE -> 1708 US   THEFT OF MAIL,1,0.011363636
1,10851 VC AUTO THEFT LOCATE -> 417(A)2) PC BRANDISH FIREARM,1,0.011363636
1,10851 VC AUTO THEFT LOCATE -> 459 PC  BURGLARY VEHICLE,1,0.011363636
1,10851(A)VC TAKE VEH W/O OWNER -> 10851 VC AUTO THEFT LOCATE,1,0.011363636
1,10851(A)VC TAKE VEH W/O OWNER -> 11350(B)HS POSSESS QUAALUDES,1,0.011363636
1,10851(A)VC TAKE VEH W/O OWNER -> 11351 HS POSS/SALE OPIATE/NARC,1,0.011363636
1,10851(A)VC TAKE VEH W/O OWNER -> 166(A)(4) WILFUL DISOBEY CT OR,1,0.011363636
1,10851(A)VC TAKE VEH W/O OWNER -> 20002(A) HIT/RUN,1,0.011363636
1,10851(A)VC TAKE VEH W/O OWNER -> 246 PC SHOOT OCCUP DWELL/VEH,1,0.011363636
1,10851(A)VC TAKE VEH W/O OWNER -> 247(B) PC SHOOT UNOCC BLDG/VEH,1,0.011363636
1,10851(A)VC TAKE VEH W/O OWNER -> 273.6(A) PC VIO DV COURT ORDER,1,0.011363636
1,10851(A)VC TAKE VEH W/O OWNER -> 459 PC  BURGLARY RESIDENCE,1,0.011363636
1,10851(A)VC TAKE VEH W/O OWNER -> 484 PC  PETTY THEFT AUTO PART,1,0.011363636
1,10851(A)VC TAKE VEH W/O OWNER -> 484 PETTY THEFT-SHOPLIFT,1,0.011363636
1,10851(A)VC TAKE VEH W/O OWNER -> 487(A) GRAND THEFT-CLOUT-UNLOC,1,0.011363636
1,10851(A)VC TAKE VEH W/O OWNER -> 530.5 PC USE PERSONAL ID INFO,1,0.011363636
1,10851(A)VC TAKE VEH W/O OWNER -> 532 PC FRAUD OBTAIN MONEY ETC,1,0.011363636
1,10851(A)VC TAKE VEH W/O OWNER -> FRAUD OR BUNCO - I RPT,1,0.011363636
1,10851(A)VC TAKE VEH W/O OWNER -> HARASSMENT - I RPT,1,0.011363636
1,10851(A)VC TAKE VEH W/O OWNER -> POSSIBLE FINANCIAL CRIME-I RPT,1,0.011363636
1,10851(A)VC TAKE VEH W/O OWNER -> ROBBERY - I RPT,1,0.011363636
1,10851(A)VC TAKE VEH W/O OWNER -> THREATS - I RPT,1,0.011363636
1,10851(A)VC TAKE VEH W/O OWNER -> TRAFFIC-ACCIDENT INJURY,1,0.011363636
1,10852 VC VEHICLE TAMPERING -> 211 PC ROBBERY-PURSE SNATCH,1,0.011363636
1,10852 VC VEHICLE TAMPERING -> TOWED/STORED VEHICLE,1,0.011363636
1,11350(A)HS POSS CNTRL SUBST -> 242 PC  BATTERY CIVILIAN,1,0.011363636
1,11350(A)HS POSS CNTRL SUBST -> 459 PC  BURGLARY VEHICLE,1,0.011363636
1,11350(A)HS POSS CNTRL SUBST -> PROB VIOLA/FEL-MISD - I RPT,1,0.011363636
1,11351 HS POSS/SALE OPIATE/NARC -> 10851(A)VC TAKE VEH W/O OWNER,1,0.011363636
1,11351 HS POSS/SALE OPIATE/NARC -> 211 PC ROBBERY-PURSE SNATCH,1,0.011363636
1,11357(B)HS POSS -28.5GR MARIJ -> 10851(A)VC TAKE VEH W/O OWNER,1,0.011363636
1,11357(B)HS POSS -28.5GR MARIJ -> 242 PC  BATTERY CIVILIAN,1,0.011363636
1,11357(B)HS POSS -28.5GR MARIJ -> 594(B)(2)(A) VANDALISM/ -$400,1,0.011363636
1,11364 HS POSS DRUG PARAPH -> 487(A) PC GRAND THEFT,1,0.011363636
1,11364 HS POSS DRUG PARAPH -> 594(B)(2)(A) VANDALISM/ -$400,1,0.011363636
1,11364 HS POSS DRUG PARAPH -> THREATS - I RPT,1,0.011363636
1,11364 HS POSS DRUG PARAPH -> TOWED/STORED VEHICLE,1,0.011363636
1,11377(A)HS POSS AMPHETAMINES -> 10851(A)VC TAKE VEH W/O OWNER,1,0.011363636
1,12022.1 PC COMMIT FEL ON BAIL -> 242 PC  BATTERY CIVILIAN,1,0.011363636
1,12022.1 PC COMMIT FEL ON BAIL -> 487(A) PC GRAND THEFT,1,0.011363636
1,12025(A)2)CNCLD GUN ON PER/FEL -> 12022.1 PC COMMIT FEL ON BAIL,1,0.011363636
1,12025(A)2)CNCLD GUN ON PER/FEL -> 242 PC  BATTERY CIVILIAN,1,0.011363636
1,148.1(A)PC FALSE REPT OF BOMB -> 459 PC  BURGLARY RESIDENCE,1,0.011363636
1,148.1(A)PC FALSE REPT OF BOMB -> LOST PROPERTY - I RPT,1,0.011363636
1,148.1(A)PC FALSE REPT OF BOMB -> MISCELLANEOUS I RPT (ZMISC),1,0.011363636
1,1708 US   THEFT OF MAIL -> 20002(A) HIT/RUN,1,0.011363636
1,1708 US   THEFT OF MAIL -> 459 PC  BURGLARY VEHICLE,1,0.011363636
1,1708 US   THEFT OF MAIL -> 484J PC PUBLISH CARD INFO,1,0.011363636
1,20001(A) VC HIT/RUN INJ/DEATH -> 10851(A)VC TAKE VEH W/O OWNER,1,0.011363636
1,20001(A) VC HIT/RUN INJ/DEATH -> 459 PC  BURGLARY VEHICLE,1,0.011363636
1,20002(A) HIT/RUN -> 10851 VC AUTO THEFT LOCATE,1,0.011363636
1,20002(A) HIT/RUN -> 212.5(A)ROBBERY-INHAB DWELLING,1,0.011363636
1,20002(A) HIT/RUN -> 215(A) PC    CARJACKING,1,0.011363636
1,20002(A) HIT/RUN -> 459 PC  BURGLARY VEHICLE,1,0.011363636
1,20002(A) HIT/RUN -> 594(B)(2)(A) VANDALISM/ -$400,1,0.011363636
1,20002(A) HIT/RUN -> ROBBERY - I RPT,1,0.011363636
1,211 PC  ROBBERY UNSPECIFIED -> 10851(A)VC TAKE VEH W/O OWNER,1,0.011363636
1,211 PC  ROBBERY UNSPECIFIED -> 11351 HS POSS/SALE OPIATE/NARC,1,0.011363636
1,211 PC  ROBBERY UNSPECIFIED -> 211 PC ROBBERY-PURSE SNATCH,1,0.011363636
1,211 PC  ROBBERY UNSPECIFIED -> 215(A) PC    CARJACKING,1,0.011363636
1,211 PC  ROBBERY UNSPECIFIED -> 246 PC SHOOT OCCUP DWELL/VEH,1,0.011363636
1,211 PC  ROBBERY UNSPECIFIED -> 594(B)(1)PC  VANDALISM +$400,1,0.011363636
1,211 PC  ROBBERY UNSPECIFIED -> CASUALTY REPORT,1,0.011363636
1,211 PC ROBBERY- BUSINESS -> 245(A)(1)AWDW/NO FIREARM/CIVIL,1,0.011363636
1,211 PC ROBBERY- BUSINESS -> ACCIDENTAL FIRES/ARSON -I RPT,1,0.011363636
1,211 PC ROBBERY- BUSINESS -> SUSP PERS-NO CRIME - I RPT,1,0.011363636
1,211 PC ROBBERY- BUSINESS -> TOWED/STORED VEHICLE,1,0.011363636
1,211 PC ROBBERY-PURSE SNATCH -> 11377(A)HS POSS AMPHETAMINES,1,0.011363636
1,211 PC ROBBERY-PURSE SNATCH -> 23152(A) VC DUI-ALCOHOL/DRUGS,1,0.011363636
1,211 PC ROBBERY-PURSE SNATCH -> 459 PC  BURGLARY RESIDENCE,1,0.011363636
1,211 PC ROBBERY-PURSE SNATCH -> 594(B)(2)(A) VANDALISM/ -$400,1,0.011363636
1,211 PC ROBBERY-PURSE SNATCH -> POSSIBLE MENTAL - I RPT,1,0.011363636
1,215(A) PC    CARJACKING -> 10851(A)VC TAKE VEH W/O OWNER,1,0.011363636
1,215(A) PC    CARJACKING -> 20002(A) HIT/RUN,1,0.011363636
1,215(A) PC    CARJACKING -> 246 PC SHOOT OCCUP DWELL/VEH,1,0.011363636
1,215(A) PC    CARJACKING -> 459 PC  BURGLARY VEHICLE,1,0.011363636
1,215(A) PC    CARJACKING -> 5150 WI DANGER SELF/OTHERS,1,0.011363636
1,23152(A) VC DUI-ALCOHOL/DRUGS -> 459 PC  BURGLARY RESIDENCE,1,0.011363636
1,23152(A) VC DUI-ALCOHOL/DRUGS -> 459 PC  BURGLARY VEHICLE,1,0.011363636
1,23152(A) VC DUI-ALCOHOL/DRUGS -> TOWED/STORED VEHICLE,1,0.011363636
1,23153(A) VC DUI CAUSE INJURY -> 10851(A)VC TAKE VEH W/O OWNER,1,0.011363636
1,23153(A) VC DUI CAUSE INJURY -> NON INJ HR/MAIL OUT REPORT,1,0.011363636
1,23222(B)POSSESS MARIJ IN VEH -> 10851 VC AUTO THEFT LOCATE,1,0.011363636
1,23222(B)POSSESS MARIJ IN VEH -> 10851(A)VC TAKE VEH W/O OWNER,1,0.011363636
1,240 PC ASSAULT/SIMPLE-CIVILIAN -> LOST PROPERTY - I RPT,1,0.011363636
1,242 PC  BATTERY CIVILIAN -> 10851 VC AUTO THEFT LOCATE,1,0.011363636
1,242 PC  BATTERY CIVILIAN -> 11364 HS POSS DRUG PARAPH,1,0.011363636
1,242 PC  BATTERY CIVILIAN -> 20002(A) HIT/RUN,1,0.011363636
1,242 PC  BATTERY CIVILIAN -> 417(A)2) PC BRANDISH FIREARM,1,0.011363636
1,242 PC  BATTERY CIVILIAN -> 459 PC  BURGLARY RESIDENCE,1,0.011363636
1,242 PC  BATTERY CIVILIAN -> 459 PC  BURGLARY VEHICLE,1,0.011363636
1,242 PC  BATTERY CIVILIAN -> 530.5 PC USE PERSONAL ID INFO,1,0.011363636
1,242 PC  BATTERY CIVILIAN -> BATTERY - I RPT,1,0.011363636
1,242 PC  BATTERY CIVILIAN -> BURGLARY - I RPT,1,0.011363636
1,242 PC  BATTERY CIVILIAN -> FOUND PROPERTY - I RPT,1,0.011363636
1,242 PC  BATTERY CIVILIAN -> FRAUD OR BUNCO - I RPT,1,0.011363636
1,242 PC  BATTERY CIVILIAN -> MISCELLANEOUS I RPT (ZMISC),1,0.011363636
1,242 PC  BATTERY CIVILIAN -> MISSING PERSON LOCATE O/S ASSI,1,0.011363636
1,242 PC  BATTERY CIVILIAN -> NON INJ HR/MAIL OUT REPORT,1,0.011363636
1,242 PC  BATTERY CIVILIAN -> PROB VIOLA/FEL-MISD - I RPT,1,0.011363636
1,243(E)1 BATTERY NONCOHAB SPOUS -> 10851(A)VC TAKE VEH W/O OWNER,1,0.011363636
1,243(E)1 BATTERY NONCOHAB SPOUS -> 11357(B)HS POSS -28.5GR MARIJ,1,0.011363636
1,243(E)1 BATTERY NONCOHAB SPOUS -> 242 PC  BATTERY CIVILIAN,1,0.011363636
1,243(E)1 BATTERY NONCOHAB SPOUS -> 484 PC  PETTY THEFT AUTO PART,1,0.011363636
1,243(E)1 BATTERY NONCOHAB SPOUS -> 594(B)(1)PC  VANDALISM +$400,1,0.011363636
1,243(E)1 BATTERY NONCOHAB SPOUS -> 594(B)(2)(A) VANDALISM/ -$400,1,0.011363636
1,243(E)1 BATTERY NONCOHAB SPOUS -> 647(F) PC DIP - DISORDERLY,1,0.011363636
1,243(E)1 BATTERY NONCOHAB SPOUS -> MISSING PERSON LOCATE O/S ASSI,1,0.011363636
1,243(E)1 BATTERY NONCOHAB SPOUS -> TRAFFIC-ACCIDENT-NON INJURY,1,0.011363636
1,243.2(A)(1) BATT/SCHOOL INJURY -> 10851 VC AUTO THEFT LOCATE,1,0.011363636
1,243.2(A)(1) BATT/SCHOOL INJURY -> 308(B) PC MINOR POSS TOBACCO,1,0.011363636
1,243.2(A)(1) BATT/SCHOOL INJURY -> 484 PC PETTY THEFT,1,0.011363636
1,243.2(A)(1) BATT/SCHOOL INJURY -> FOUND PROPERTY - I RPT,1,0.011363636
1,243.2(A)(1) BATT/SCHOOL INJURY -> GANG ACTIVITY - I RPT,1,0.011363636
1,243.2(A)(1) BATT/SCHOOL INJURY -> MISCELLANEOUS I RPT (ZMISC),1,0.011363636
1,245(A)(1)AWDW/NO FIREARM/CIVIL -> 12025(A)2)CNCLD GUN ON PER/FEL,1,0.011363636
1,245(A)(1)AWDW/NO FIREARM/CIVIL -> MISSING PERSON,1,0.011363636
1,245(A)(1)AWDW/NO FIREARM/CIVIL -> NARCOTICS SUSP/EVID/ACT- I RPT,1,0.011363636
1,245(A)(2) AWDW/FIREARM/CIVILIA -> 10851(A)VC TAKE VEH W/O OWNER,1,0.011363636
1,245(A)(2) AWDW/FIREARM/CIVILIA -> 594(B)(1)PC  VANDALISM +$400,1,0.011363636
1,246 PC SHOOT OCCUP DWELL/VEH -> 10851 VC AUTO THEFT LOCATE,1,0.011363636
1,246 PC SHOOT OCCUP DWELL/VEH -> TOWED/STORED VEHICLE,1,0.011363636
1,247(B) PC SHOOT UNOCC BLDG/VEH -> 211 PC  ROBBERY UNSPECIFIED,1,0.011363636
1,247(B) PC SHOOT UNOCC BLDG/VEH -> 459 PC  BURGLARY VEHICLE,1,0.011363636
1,247(B) PC SHOOT UNOCC BLDG/VEH -> TOWED/STORED VEH-14602.6,1,0.011363636
1,273.6(A) PC VIO DV COURT ORDER -> 594(B)(2)(A) VANDALISM/ -$400,1,0.011363636
1,273.6(A) PC VIO DV COURT ORDER -> CHILD CUSTODY - I RPT,1,0.011363636
1,273.6(A) PC VIO DV COURT ORDER -> SUSP PERS-NO CRIME - I RPT,1,0.011363636
1,273.6(A) PC VIO DV COURT ORDER -> TOWED/STORED VEHICLE,1,0.011363636
1,417(A)2) PC BRANDISH FIREARM -> 10851(A)VC TAKE VEH W/O OWNER,1,0.011363636
1,417.4 PC BRANDISH IMIT FIREARM -> FRAUD OR BUNCO - I RPT,1,0.011363636
1,417.4 PC BRANDISH IMIT FIREARM -> TRAFFIC-ACCIDENT INJURY,1,0.011363636
1,422 PC THREAT/INTENT TO TERROR -> 484 PC   PETTY THEFT/INSIDE,1,0.011363636
1,451(B) PC ARSON OF INHAB STRUC -> 459 PC  BURGLARY RESIDENCE,1,0.011363636
1,459 PC  BURGLARY BUSINESS -> 211 PC  ROBBERY UNSPECIFIED,1,0.011363636
1,459 PC  BURGLARY BUSINESS -> 451(B) PC ARSON OF INHAB STRUC,1,0.011363636
1,459 PC  BURGLARY BUSINESS -> 459 PC  BURGLARY BUSINESS,1,0.011363636
1,459 PC  BURGLARY BUSINESS -> 666 PC PETTY THEFT W/PRI CONV,1,0.011363636
1,459 PC  BURGLARY BUSINESS -> TOWED/STORED VEHICLE,1,0.011363636
1,459 PC  BURGLARY BUSINESS -> TRAFFIC-ACCIDENT INJURY,1,0.011363636
1,459 PC  BURGLARY BUSINESS -> TRAFFIC-ACCIDENT-NON INJURY,1,0.011363636
1,459 PC  BURGLARY BUSINESS -> VANDALISM - I RPT,1,0.011363636
1,459 PC  BURGLARY RESIDENCE -> 242 PC  BATTERY CIVILIAN,1,0.011363636
1,459 PC  BURGLARY RESIDENCE -> 459 PC  BURGLARY VEHICLE,1,0.011363636
1,459 PC  BURGLARY RESIDENCE -> 484 PETTY THEFT/LICENSE PLATE,1,0.011363636
1,459 PC  BURGLARY RESIDENCE -> 496(A) RECEIVE STOLEN PROPERTY,1,0.011363636
1,459 PC  BURGLARY RESIDENCE -> MISCELLANEOUS I RPT (ZMISC),1,0.011363636
1,459 PC  BURGLARY RESIDENCE -> NON INJ HR/MAIL OUT REPORT,1,0.011363636
1,459 PC  BURGLARY VEHICLE -> 166(A)(4) WILFUL DISOBEY CT OR,1,0.011363636
1,459 PC  BURGLARY VEHICLE -> 20001(A) VC HIT/RUN INJ/DEATH,1,0.011363636
1,459 PC  BURGLARY VEHICLE -> 20002(A) HIT/RUN,1,0.011363636
1,459 PC  BURGLARY VEHICLE -> 211 PC ROBBERY-PURSE SNATCH,1,0.011363636
1,459 PC  BURGLARY VEHICLE -> 23152(A) VC DUI-ALCOHOL/DRUGS,1,0.011363636
1,459 PC  BURGLARY VEHICLE -> 243(E)1 BATTERY NONCOHAB SPOUS,1,0.011363636
1,459 PC  BURGLARY VEHICLE -> 247(B) PC SHOOT UNOCC BLDG/VEH,1,0.011363636
1,459 PC  BURGLARY VEHICLE -> 422 PC THREAT/INTENT TO TERROR,1,0.011363636
1,459 PC  BURGLARY VEHICLE -> 459 PC  BURGLARY BUSINESS,1,0.011363636
1,459 PC  BURGLARY VEHICLE -> 459 PC  BURGLARY RESIDENCE,1,0.011363636
1,459 PC  BURGLARY VEHICLE -> 484 PC PETTY THEFT,1,0.011363636
1,459 PC  BURGLARY VEHICLE -> 484 PC-PETTY THEFT-COIN MACHIN,1,0.011363636
1,459 PC  BURGLARY VEHICLE -> 484 PETTY THEFT CLOUT UNLOCKED,1,0.011363636
1,459 PC  BURGLARY VEHICLE -> 487(A) GRAND THEFT-CLOUT-UNLOC,1,0.011363636
1,459 PC  BURGLARY VEHICLE -> 5150 WI DANGER SELF/OTHERS,1,0.011363636
1,459 PC  BURGLARY VEHICLE -> 530.5 PC USE PERSONAL ID INFO,1,0.011363636
1,459 PC  BURGLARY VEHICLE -> 647(F) PC DIP - DISORDERLY,1,0.011363636
1,459 PC  BURGLARY VEHICLE -> ABC LICENSE VIO/INFO - I RPT,1,0.011363636
1,459 PC  BURGLARY VEHICLE -> CHILD WELFARE - I RPT,1,0.011363636
1,459 PC  BURGLARY VEHICLE -> FOUND PROPERTY - I RPT,1,0.011363636
1,459 PC  BURGLARY VEHICLE -> LOST PROPERTY - I RPT,1,0.011363636
1,459 PC  BURGLARY VEHICLE -> MISCELLANEOUS I RPT (ZMISC),1,0.011363636
1,459 PC  BURGLARY VEHICLE -> MISSING PERSON LOCATE O/S ASSI,1,0.011363636
1,459 PC  BURGLARY VEHICLE -> NON INJ HR/MAIL OUT REPORT,1,0.011363636
1,459 PC  BURGLARY VEHICLE -> PROB VIOLA/FEL-MISD - I RPT,1,0.011363636
1,459 PC  BURGLARY VEHICLE -> SUSP PERS-NO CRIME - I RPT,1,0.011363636
1,459 PC  BURGLARY VEHICLE -> THREATS - I RPT,1,0.011363636
1,459 PC  BURGLARY VEHICLE -> TOWED/STORED VEH-14602.6,1,0.011363636
1,459 PC  BURGLARY VEHICLE -> TRAFFIC-ACCIDENT INJURY,1,0.011363636
1,459 PC  BURGLARY VEHICLE -> TRAFFIC-ACCIDENT-NON INJURY,1,0.011363636
1,475(A)PC POSS FORGED CHK/NOTE -> 10851(A)VC TAKE VEH W/O OWNER,1,0.011363636
1,475(C) PASS FORGED NOTE -> 594(B)(1)PC  VANDALISM +$400,1,0.011363636
1,475(C) PASS FORGED NOTE -> POSSIBLE MENTAL - I RPT,1,0.011363636
1,484 PC   PETTY THEFT/INSIDE -> 211 PC  ROBBERY UNSPECIFIED,1,0.011363636
1,484 PC   PETTY THEFT/INSIDE -> 484 PC PETTY THEFT,1,0.011363636
1,484 PC   PETTY THEFT/INSIDE -> 594(B)(2)(A)VANDALISM GRAF-400,1,0.011363636
1,484 PC   PETTY THEFT/INSIDE -> LOST PROPERTY - I RPT,1,0.011363636
1,484 PC   PETTY THEFT/INSIDE -> TRAFFIC - I RPT,1,0.011363636
1,484 PC   PETTY THEFT/INSIDE -> TRAFFIC-ACCIDENT INJURY,1,0.011363636
1,484 PC  PETTY THEFT AUTO PART -> 10851(A)VC TAKE VEH W/O OWNER,1,0.011363636
1,484 PC  PETTY THEFT AUTO PART -> POSSIBLE FINANCIAL CRIME-I RPT,1,0.011363636
1,484 PC  PETTY THEFT/ OUTSIDE -> 23103(A) RECKLESS ON HIGHWAY,1,0.011363636
1,484 PC  PETTY THEFT/ OUTSIDE -> 243.2(A)(1) BATT/SCHOOL INJURY,1,0.011363636
1,484 PC  PETTY THEFT/ OUTSIDE -> 459 PC  BURGLARY RESIDENCE,1,0.011363636
1,484 PC  PETTY THEFT/ OUTSIDE -> 459 PC  BURGLARY VEHICLE,1,0.011363636
1,484 PC  PETTY THEFT/ OUTSIDE -> FOUND PROPERTY - I RPT,1,0.011363636
1,484 PC  PETTY THEFT/ OUTSIDE -> TOWED/STORED VEH-14602.6,1,0.011363636
1,484 PC PETTY THEFT -> 10851(A)VC TAKE VEH W/O OWNER,1,0.011363636
1,484 PC PETTY THEFT -> 211 PC  ROBBERY UNSPECIFIED,1,0.011363636
1,484 PC PETTY THEFT -> 242 PC  BATTERY CIVILIAN,1,0.011363636
1,484 PC PETTY THEFT -> 459 PC  BURGLARY RESIDENCE,1,0.011363636
1,484 PC PETTY THEFT -> 487(A) GRAND THEFT-AUTO PARTS,1,0.011363636
1,484 PC PETTY THEFT -> 5150 WI DANGER SELF/OTHERS,1,0.011363636
1,484 PC PETTY THEFT -> 594(B)(2)(A)VANDALISM GRAF-400,1,0.011363636
1,484 PC PETTY THEFT -> LOST PROPERTY - I RPT,1,0.011363636
1,484 PC PETTY THEFT -> PERSON INFORMATION - I RPT,1,0.011363636
1,484 PC PETTY THEFT -> TOWED/STORED VEH-14602.6,1,0.011363636
1,484 PC PETTY THEFT -> TRAFFIC-ACCIDENT INJURY,1,0.011363636
1,484 PC PETTY THEFT -> TRESPASS OR PROWLER- I RPT,1,0.011363636
1,484 PETTY THEFT CLOUT UNLOCKED -> 10851(A)VC TAKE VEH W/O OWNER,1,0.011363636
1,484 PETTY THEFT CLOUT UNLOCKED -> 594(B)(1)PC  VANDALISM +$400,1,0.011363636
1,484 PETTY THEFT CLOUT UNLOCKED -> MISSING PERSON,1,0.011363636
1,484 PETTY THEFT-SHOPLIFT -> 10851 VC AUTO THEFT LOCATE,1,0.011363636
1,484 PETTY THEFT-SHOPLIFT -> 459 PC  BURGLARY RESIDENCE,1,0.011363636
1,484 PETTY THEFT-SHOPLIFT -> 459 PC  BURGLARY VEHICLE,1,0.011363636
1,484 PETTY THEFT-SHOPLIFT -> 476 PC PASS FICTICIOUS CHECK,1,0.011363636
1,484 PETTY THEFT-SHOPLIFT -> 484 PETTY THEFT/LICENSE PLATE,1,0.011363636
1,484 PETTY THEFT-SHOPLIFT -> THREATS - I RPT,1,0.011363636
1,484 PETTY THEFT/LICENSE PLATE -> 20002(A) HIT/RUN,1,0.011363636
1,484 PETTY THEFT/LICENSE PLATE -> 23153(A) VC DUI CAUSE INJURY,1,0.011363636
1,484 PETTY THEFT/LICENSE PLATE -> 594(B)(1)PC  VANDALISM +$400,1,0.011363636
1,484 PETTY THEFT/LICENSE PLATE -> 594(B)(2)(A) VANDALISM/ -$400,1,0.011363636
1,484 PETTY THEFT/LICENSE PLATE -> CASUALTY REPORT,1,0.011363636
1,484 PETTY THEFT/LICENSE PLATE -> GANG ACTIVITY - I RPT,1,0.011363636
1,484 PETTY THEFT/LICENSE PLATE -> LOST PROPERTY - I RPT,1,0.011363636
1,484 PETTY THEFT/LICENSE PLATE -> POSS STOLEN VEHICLE- I RPT,1,0.011363636
1,484E(A)PC THEFT OF CREDIT CARD -> 484 PETTY THEFT/LICENSE PLATE,1,0.011363636
1,484G(A)PC USE FORGED CARD -> 10851(A)VC TAKE VEH W/O OWNER,1,0.011363636
1,484G(A)PC USE FORGED CARD -> 459 PC  BURGLARY VEHICLE,1,0.011363636
1,484G(A)PC USE FORGED CARD -> 484 PETTY THEFT/LICENSE PLATE,1,0.011363636
1,484G(B) PC ACCESS CARD FRAUD -> 10851 VC AUTO THEFT LOCATE,1,0.011363636
1,484G(B) PC ACCESS CARD FRAUD -> 10851(A)VC TAKE VEH W/O OWNER,1,0.011363636
1,484G(B) PC ACCESS CARD FRAUD -> 11364 HS POSS DRUG PARAPH,1,0.011363636
1,484G(B) PC ACCESS CARD FRAUD -> 484 PC  PETTY THEFT/ OUTSIDE,1,0.011363636
1,484G(B) PC ACCESS CARD FRAUD -> 594(B)(1)PC  VANDALISM +$400,1,0.011363636
1,484G(B) PC ACCESS CARD FRAUD -> LOST PROPERTY - I RPT,1,0.011363636
1,484G(B) PC ACCESS CARD FRAUD -> TOWED/STORED VEHICLE,1,0.011363636
1,484J PC PUBLISH CARD INFO -> 10851(A)VC TAKE VEH W/O OWNER,1,0.011363636
1,484J PC PUBLISH CARD INFO -> 459 PC  BURGLARY RESIDENCE,1,0.011363636
1,484J PC PUBLISH CARD INFO -> 459 PC  BURGLARY VEHICLE,1,0.011363636
1,484J PC PUBLISH CARD INFO -> 653M(A) PC OBSCENE/THREAT CALL,1,0.011363636
1,484J PC PUBLISH CARD INFO -> PETTY THEFT - I RPT,1,0.011363636
1,487(A) GRAND THEFT-AUTO PARTS -> 484G(A)PC USE FORGED CARD,1,0.011363636
1,487(A) GRAND THEFT-AUTO PARTS -> 484G(B) PC ACCESS CARD FRAUD,1,0.011363636
1,487(A) GRAND THEFT-AUTO PARTS -> 487(A) PC GRAND THEFT-SHOPLIFT,1,0.011363636
1,487(A) GRAND THEFT-AUTO PARTS -> TOWED/STORED VEHICLE,1,0.011363636
1,487(A) GRAND THEFT-CLOUT-UNLOC -> 484 PETTY THEFT-SHOPLIFT,1,0.011363636
1,487(A) GRAND THEFT-CLOUT-UNLOC -> ABC LICENSE VIO/INFO - I RPT,1,0.011363636
1,487(A) GRAND THEFT-CLOUT-UNLOC -> TOWED/STORED VEH-14602.6,1,0.011363636
1,487(A) GRAND THEFT-INSIDE -> 459 PC  BURGLARY VEHICLE,1,0.011363636
1,487(A) GRAND THEFT-INSIDE -> 594(B)(1)PC  VANDALISM +$400,1,0.011363636
1,487(A) GRAND THEFT-INSIDE -> CASUALTY REPORT,1,0.011363636
1,487(A) PC GRAND THEFT -> 10851(A)VC TAKE VEH W/O OWNER,1,0.011363636
1,487(A) PC GRAND THEFT -> 245(A)(2) AWDW/FIREARM/CIVILIA,1,0.011363636
1,487(A) PC GRAND THEFT -> 459 PC  BURGLARY BUSINESS,1,0.011363636
1,487(A) PC GRAND THEFT -> 484 PETTY THEFT-SHOPLIFT,1,0.011363636
1,487(A) PC GRAND THEFT -> 487(A) GRAND THEFT-CLOUT-UNLOC,1,0.011363636
1,487(A) PC GRAND THEFT -> 487(A) GRAND THEFT-INSIDE,1,0.011363636
1,487(A) PC GRAND THEFT -> 496(A) RECEIVE STOLEN PROPERTY,1,0.011363636
1,487(A) PC GRAND THEFT -> 653M(B) PC ANNOY/RPT CALL HOME,1,0.011363636
1,487(A) PC GRAND THEFT -> ABC LICENSE VIO/INFO - I RPT,1,0.011363636
1,487(A) PC GRAND THEFT -> MISSING PERSON,1,0.011363636
1,487(A) PC GRAND THEFT -> SUSP PERS-NO CRIME - I RPT,1,0.011363636
1,487(A) PC GRAND THEFT-SHOPLIFT -> 459 PC  BURGLARY VEHICLE,1,0.011363636
1,487(A) PC GRAND THEFT-SHOPLIFT -> 484 PETTY THEFT/LICENSE PLATE,1,0.011363636
1,487(A) PC GRAND THEFT-SHOPLIFT -> 594(B)(2)(A) VANDALISM/ -$400,1,0.011363636
1,487(A) PC GRAND THEFT-SHOPLIFT -> TOWED/STORED VEHICLE,1,0.011363636
1,496(A) RECEIVE STOLEN PROPERTY -> 484 PETTY THEFT/LICENSE PLATE,1,0.011363636
1,496(A) RECEIVE STOLEN PROPERTY -> FOUND PROPERTY - I RPT,1,0.011363636
1,5150 WI DANGER SELF/OTHERS -> 484 PC PETTY THEFT,1,0.011363636
1,5150 WI DANGER SELF/OTHERS -> 5150 WI DANGER SELF/OTHERS,1,0.011363636
1,5150 WI DANGER SELF/OTHERS -> VANDALISM - I RPT,1,0.011363636
1,530 PC FALSE PERS. REC PROP -> 242 PC  BATTERY CIVILIAN,1,0.011363636
1,530.5 PC USE PERSONAL ID INFO -> 10851(A)VC TAKE VEH W/O OWNER,1,0.011363636
1,530.5 PC USE PERSONAL ID INFO -> 11364 HS POSS DRUG PARAPH,1,0.011363636
1,530.5 PC USE PERSONAL ID INFO -> 247(B) PC SHOOT UNOCC BLDG/VEH,1,0.011363636
1,530.5 PC USE PERSONAL ID INFO -> 459 PC  BURGLARY BUSINESS,1,0.011363636
1,530.5 PC USE PERSONAL ID INFO -> 484 PC   PETTY THEFT/INSIDE,1,0.011363636
1,530.5 PC USE PERSONAL ID INFO -> 484 PC  PETTY THEFT/ OUTSIDE,1,0.011363636
1,530.5 PC USE PERSONAL ID INFO -> 484 PETTY THEFT-SHOPLIFT,1,0.011363636
1,530.5 PC USE PERSONAL ID INFO -> 484 PETTY THEFT/LICENSE PLATE,1,0.011363636
1,530.5 PC USE PERSONAL ID INFO -> 484G(A)PC USE FORGED CARD,1,0.011363636
1,530.5 PC USE PERSONAL ID INFO -> 484G(B) PC ACCESS CARD FRAUD,1,0.011363636
1,530.5 PC USE PERSONAL ID INFO -> 487(A) PC GRAND THEFT,1,0.011363636
1,530.5 PC USE PERSONAL ID INFO -> 602(L)(1)TRESPASS REFUSE TO LV,1,0.011363636
1,530.5 PC USE PERSONAL ID INFO -> 653M(A) PC OBSCENE/THREAT CALL,1,0.011363636
1,530.5 PC USE PERSONAL ID INFO -> 653M(B) PC ANNOY/RPT CALL HOME,1,0.011363636
1,530.5 PC USE PERSONAL ID INFO -> MISSING PERSON,1,0.011363636
1,530.5 PC USE PERSONAL ID INFO -> PETTY THEFT - I RPT,1,0.011363636
1,530.5 PC USE PERSONAL ID INFO -> TOWED/STORED VEHICLE,1,0.011363636
1,532 PC FRAUD OBTAIN MONEY ETC -> 10851(A)VC TAKE VEH W/O OWNER,1,0.011363636
1,537(A)(1) DEFRAUD INKEEP/-$400 -> MISSING PERSON,1,0.011363636
1,594(B)(1)PC  VANDALISM +$400 -> 273.6(A) PC VIO DV COURT ORDER,1,0.011363636
1,594(B)(1)PC  VANDALISM +$400 -> 417(A)2) PC BRANDISH FIREARM,1,0.011363636
1,594(B)(1)PC  VANDALISM +$400 -> 484 PC-PETTY THEFT-COIN MACHIN,1,0.011363636
1,594(B)(1)PC  VANDALISM +$400 -> 594(B)(2)(A) VANDALISM/ -$400,1,0.011363636
1,594(B)(1)PC  VANDALISM +$400 -> 647(F) PC DIP - DISORDERLY,1,0.011363636
1,594(B)(1)PC  VANDALISM +$400 -> MISSING PERSON,1,0.011363636
1,594(B)(1)PC  VANDALISM +$400 -> TELEPEST -I RPT,1,0.011363636
1,594(B)(1)VANDALISM GRAF +$400 -> 484 PETTY THEFT/LICENSE PLATE,1,0.011363636
1,594(B)(2)(A) VANDALISM/ -$400 -> 11377(A)HS POSS AMPHETAMINES,1,0.011363636
1,594(B)(2)(A) VANDALISM/ -$400 -> 247(B) PC SHOOT UNOCC BLDG/VEH,1,0.011363636
1,594(B)(2)(A) VANDALISM/ -$400 -> 487(A) GRAND THEFT-AUTO PARTS,1,0.011363636
1,594(B)(2)(A) VANDALISM/ -$400 -> 487(A) GRAND THEFT-CLOUT-UNLOC,1,0.011363636
1,594(B)(2)(A) VANDALISM/ -$400 -> 487(A) GRAND THEFT-INSIDE,1,0.011363636
1,594(B)(2)(A) VANDALISM/ -$400 -> 594(B)(1)PC  VANDALISM +$400,1,0.011363636
1,594(B)(2)(A) VANDALISM/ -$400 -> FOUND PROPERTY - I RPT,1,0.011363636
1,594(B)(2)(A) VANDALISM/ -$400 -> JUVENILE DISURBANCE - I RPT,1,0.011363636
1,594(B)(2)(A) VANDALISM/ -$400 -> MISSING PERSON,1,0.011363636
1,594(B)(2)(A) VANDALISM/ -$400 -> NARCOTICS SUSP/EVID/ACT- I RPT,1,0.011363636
1,594(B)(2)(A) VANDALISM/ -$400 -> NON INJ HR/MAIL OUT REPORT,1,0.011363636
1,594(B)(2)(A) VANDALISM/ -$400 -> POSSIBLE FINANCIAL CRIME-I RPT,1,0.011363636
1,594(B)(2)(A) VANDALISM/ -$400 -> TOWED/STORED VEH-14602.6,1,0.011363636
1,594(B)(2)(A) VANDALISM/ -$400 -> TRAFFIC-ACCIDENT INJURY,1,0.011363636
1,602(L)(1)TRESPASS REFUSE TO LV -> 10851(A)VC TAKE VEH W/O OWNER,1,0.011363636
1,602(L)(1)TRESPASS REFUSE TO LV -> 459 PC  BURGLARY VEHICLE,1,0.011363636
1,647(F) PC DIP - DISORDERLY -> 417(A)2) PC BRANDISH FIREARM,1,0.011363636
1,653M(A) PC OBSCENE/THREAT CALL -> 459 PC  BURGLARY RESIDENCE,1,0.011363636
1,653M(A) PC OBSCENE/THREAT CALL -> 459 PC  BURGLARY VEHICLE,1,0.011363636
1,653M(A) PC OBSCENE/THREAT CALL -> FOUND PROPERTY - I RPT,1,0.011363636
1,653M(B) PC ANNOY/RPT CALL HOME -> 245(A)(2) AWDW/FIREARM/CIVILIA,1,0.011363636
1,653M(B) PC ANNOY/RPT CALL HOME -> 459 PC  BURGLARY BUSINESS,1,0.011363636
1,653M(B) PC ANNOY/RPT CALL HOME -> 594(B)(1)PC  VANDALISM +$400,1,0.011363636
1,666 PC PETTY THEFT W/PRI CONV -> 10851(A)VC TAKE VEH W/O OWNER,1,0.011363636
1,666 PC PETTY THEFT W/PRI CONV -> 242 PC  BATTERY CIVILIAN,1,0.011363636
1,666 PC PETTY THEFT W/PRI CONV -> 459 PC  BURGLARY BUSINESS,1,0.011363636
1,ACCIDENTAL FIRES/ARSON -I RPT -> 211 PC  ROBBERY UNSPECIFIED,1,0.011363636
1,ACCIDENTAL FIRES/ARSON -I RPT -> 247(B) PC SHOOT UNOCC BLDG/VEH,1,0.011363636
1,ACCIDENTAL FIRES/ARSON -I RPT -> BATTERY - I RPT,1,0.011363636
1,ACCIDENTAL FIRES/ARSON -I RPT -> TOWED/STORED VEHICLE,1,0.011363636
1,ASSAULT WITH WEAPON - I RPT -> 10851 VC AUTO THEFT LOCATE,1,0.011363636
1,BATTERY - I RPT -> 459 PC  BURGLARY VEHICLE,1,0.011363636
1,BATTERY - I RPT -> 487(A) PC GRAND THEFT,1,0.011363636
1,BATTERY - I RPT -> MISSING PERSON,1,0.011363636
1,BOMBS/THREATS/EXPLOSIV- I RPT -> 10851(A)VC TAKE VEH W/O OWNER,1,0.011363636
1,BOMBS/THREATS/EXPLOSIV- I RPT -> 20001(A) VC HIT/RUN INJ/DEATH,1,0.011363636
1,BURGLARY - I RPT -> MISSING PERSON,1,0.011363636
1,BURGLARY - I RPT -> TOWED/STORED VEHICLE,1,0.011363636
1,BUSINESS PERMITS - I RPT -> 459 PC  BURGLARY RESIDENCE,1,0.011363636
1,CASUALTY REPORT -> 242 PC  BATTERY CIVILIAN,1,0.011363636
1,CASUALTY REPORT -> 487(A) PC GRAND THEFT,1,0.011363636
1,CASUALTY REPORT -> ABC LICENSE VIO/INFO - I RPT,1,0.011363636
1,CASUALTY REPORT -> THREATS - I RPT,1,0.011363636
1,CASUALTY REPORT -> TOWED/STORED VEHICLE,1,0.011363636
1,CHILD CUSTODY - I RPT -> 459 PC  BURGLARY VEHICLE,1,0.011363636
1,CHILD CUSTODY - I RPT -> TOWED/STORED VEHICLE,1,0.011363636
1,CHILD WELFARE - I RPT -> 459 PC  BURGLARY VEHICLE,1,0.011363636
1,FOUND PROPERTY - I RPT -> 20002(A) HIT/RUN,1,0.011363636
1,FOUND PROPERTY - I RPT -> 459 PC  BURGLARY BUSINESS,1,0.011363636
1,FOUND PROPERTY - I RPT -> 459 PC  BURGLARY VEHICLE,1,0.011363636
1,FOUND PROPERTY - I RPT -> 484 PETTY THEFT CLOUT UNLOCKED,1,0.011363636
1,FOUND PROPERTY - I RPT -> SUSP PERS-NO CRIME - I RPT,1,0.011363636
1,FOUND PROPERTY - I RPT -> TOWED/STORED VEH-14602.6,1,0.011363636
1,FOUND PROPERTY - I RPT -> TRAFFIC-ACCIDENT-NON INJURY,1,0.011363636
1,FRAUD OR BUNCO - I RPT -> 242 PC  BATTERY CIVILIAN,1,0.011363636
1,FRAUD OR BUNCO - I RPT -> PERSON INFORMATION - I RPT,1,0.011363636
1,GANG ACTIVITY - I RPT -> 166(A)(4) WILFUL DISOBEY CT OR,1,0.011363636
1,GANG ACTIVITY - I RPT -> 459 PC  BURGLARY RESIDENCE,1,0.011363636
1,GANG ACTIVITY - I RPT -> 594(B)(2)(A) VANDALISM/ -$400,1,0.011363636
1,GANG ACTIVITY - I RPT -> GANG ACTIVITY - I RPT,1,0.011363636
1,GANG ACTIVITY - I RPT -> NARCOTICS SUSP/EVID/ACT- I RPT,1,0.011363636
1,GANG ACTIVITY - I RPT -> PERSON INFORMATION - I RPT,1,0.011363636
1,GANG ACTIVITY - I RPT -> TOWED/STORED VEH-14602.6,1,0.011363636
1,GANG ACTIVITY - I RPT -> TRAFFIC-ACCIDENT-NON INJURY,1,0.011363636
1,HARASSMENT - I RPT -> THREATS - I RPT,1,0.011363636
1,HARASSMENT - I RPT -> TOWED/STORED VEHICLE,1,0.011363636
1,HIT AND RUN /SUSPECTS- I RPT -> 10851(A)VC TAKE VEH W/O OWNER,1,0.011363636
1,HIT AND RUN /SUSPECTS- I RPT -> 23222(B)POSSESS MARIJ IN VEH,1,0.011363636
1,JUVENILE DISURBANCE - I RPT -> 10851(A)VC TAKE VEH W/O OWNER,1,0.011363636
1,JUVENILE DISURBANCE - I RPT -> CASUALTY REPORT,1,0.011363636
1,LOST PROPERTY - I RPT -> 242 PC  BATTERY CIVILIAN,1,0.011363636
1,LOST PROPERTY - I RPT -> 459 PC  BURGLARY VEHICLE,1,0.011363636
1,LOST PROPERTY - I RPT -> 484 PC  PETTY THEFT/ OUTSIDE,1,0.011363636
1,LOST PROPERTY - I RPT -> 484 PETTY THEFT/LICENSE PLATE,1,0.011363636
1,LOST PROPERTY - I RPT -> 506 PC EMBEZZLEMENT/CONTRACTOR,1,0.011363636
1,LOST PROPERTY - I RPT -> NON INJ HR/MAIL OUT REPORT,1,0.011363636
1,MISCELLANEOUS I RPT (ZMISC) -> 242 PC  BATTERY CIVILIAN,1,0.011363636
1,MISCELLANEOUS I RPT (ZMISC) -> 459 PC  BURGLARY VEHICLE,1,0.011363636
1,MISCELLANEOUS I RPT (ZMISC) -> CHILD WELFARE - I RPT,1,0.011363636
1,MISCELLANEOUS I RPT (ZMISC) -> LOST PROPERTY - I RPT,1,0.011363636
1,MISSING PERSON -> 10851(A)VC TAKE VEH W/O OWNER,1,0.011363636
1,MISSING PERSON -> 11364 HS POSS DRUG PARAPH,1,0.011363636
1,MISSING PERSON -> 20002(A) HIT/RUN,1,0.011363636
1,MISSING PERSON -> 212.5(A)ROBBERY-INHAB DWELLING,1,0.011363636
1,MISSING PERSON -> 273.6(A) PC VIO DV COURT ORDER,1,0.011363636
1,MISSING PERSON -> 4463(A)(1) VC ALTER REG,1,0.011363636
1,MISSING PERSON -> 484G(B) PC ACCESS CARD FRAUD,1,0.011363636
1,MISSING PERSON -> 530.5 PC USE PERSONAL ID INFO,1,0.011363636
1,MISSING PERSON -> 594(B)(1)PC  VANDALISM +$400,1,0.011363636
1,MISSING PERSON -> NON INJ HR/MAIL OUT REPORT,1,0.011363636
1,NARCOTICS SUSP/EVID/ACT- I RPT -> 215(A) PC    CARJACKING,1,0.011363636
1,NARCOTICS SUSP/EVID/ACT- I RPT -> 242 PC  BATTERY CIVILIAN,1,0.011363636
1,NARCOTICS SUSP/EVID/ACT- I RPT -> 594(B)(2)(A) VANDALISM/ -$400,1,0.011363636
1,NON INJ HR/MAIL OUT REPORT -> 459 PC  BURGLARY RESIDENCE,1,0.011363636
1,NON INJ HR/MAIL OUT REPORT -> 484 PC PETTY THEFT,1,0.011363636
1,NON INJ HR/MAIL OUT REPORT -> 484 PETTY THEFT/LICENSE PLATE,1,0.011363636
1,NON INJ HR/MAIL OUT REPORT -> 530.5 PC USE PERSONAL ID INFO,1,0.011363636
1,NON INJ HR/MAIL OUT REPORT -> FOUND PROPERTY - I RPT,1,0.011363636
1,NON INJ HR/MAIL OUT REPORT -> MISSING PERSON,1,0.011363636
1,NON INJ HR/MAIL OUT REPORT -> TRAFFIC-ACCIDENT-NON INJURY,1,0.011363636
1,NON INJ HR/MAIL OUT REPORT -> WARRANT SERVED - I RPT,1,0.011363636
1,O/S AGENCY -ASSISTANCE- I RPT -> TOWED/STORED VEH-14602.6,1,0.011363636
1,PERSON INFORMATION - I RPT -> 10851 VC AUTO THEFT LOCATE,1,0.011363636
1,PERSON INFORMATION - I RPT -> 530 PC FALSE PERS. REC PROP,1,0.011363636
1,PERSON INFORMATION - I RPT -> ACCIDENTAL FIRES/ARSON -I RPT,1,0.011363636
1,PETTY THEFT - I RPT -> 459 PC  BURGLARY VEHICLE,1,0.011363636
1,PETTY THEFT - I RPT -> 484 PC   PETTY THEFT/INSIDE,1,0.011363636
1,PETTY THEFT - I RPT -> 653M(A) PC OBSCENE/THREAT CALL,1,0.011363636
1,POSS STOLEN VEHICLE- I RPT -> 245(A)(2) AWDW/FIREARM/CIVILIA,1,0.011363636
1,POSSIBLE FINANCIAL CRIME-I RPT -> 10851 VC AUTO THEFT LOCATE,1,0.011363636
1,POSSIBLE FINANCIAL CRIME-I RPT -> 484 PC PETTY THEFT,1,0.011363636
1,POSSIBLE FINANCIAL CRIME-I RPT -> 594(B)(2)(A)VANDALISM GRAF-400,1,0.011363636
1,POSSIBLE FINANCIAL CRIME-I RPT -> ABC LICENSE VIO/INFO - I RPT,1,0.011363636
1,POSSIBLE MENTAL - I RPT -> 10851(A)VC TAKE VEH W/O OWNER,1,0.011363636
1,POSSIBLE MENTAL - I RPT -> MISCELLANEOUS I RPT (ZMISC),1,0.011363636
1,PROB VIOLA/FEL-MISD - I RPT -> BURGLARY - I RPT,1,0.011363636
1,PROB VIOLA/FEL-MISD - I RPT -> TOWED/STORED VEHICLE,1,0.011363636
1,PROTECTIVE CUSTODY-I RPT -> 211 PC  ROBBERY UNSPECIFIED,1,0.011363636
1,ROBBERY - I RPT -> 484 PC  PETTY THEFT/ OUTSIDE,1,0.011363636
1,ROBBERY - I RPT -> 487(A) GRAND THEFT-INSIDE,1,0.011363636
1,ROBBERY - I RPT -> 594(B)(2)(A) VANDALISM/ -$400,1,0.011363636
1,ROBBERY - I RPT -> MISSING PERSON,1,0.011363636
1,SUSP PERS-NO CRIME - I RPT -> 242 PC  BATTERY CIVILIAN,1,0.011363636
1,SUSP PERS-NO CRIME - I RPT -> 484 PETTY THEFT/LICENSE PLATE,1,0.011363636
1,SUSP PERS-NO CRIME - I RPT -> 487(A) GRAND THEFT-CLOUT-UNLOC,1,0.011363636
1,SUSP PERS-NO CRIME - I RPT -> 594(B)(2)(A) VANDALISM/ -$400,1,0.011363636
1,SUSP PERS-NO CRIME - I RPT -> POSSIBLE FINANCIAL CRIME-I RPT,1,0.011363636
1,SUSP PERS-NO CRIME - I RPT -> TRAFFIC-ACCIDENT-NON INJURY,1,0.011363636
1,THREATS - I RPT -> 166(A)(4) WILFUL DISOBEY CT OR,1,0.011363636
1,THREATS - I RPT -> 20001(A) VC HIT/RUN INJ/DEATH,1,0.011363636
1,THREATS - I RPT -> 243(E)1 BATTERY NONCOHAB SPOUS,1,0.011363636
1,THREATS - I RPT -> 417(A)1) PC BRANDISH NON-GUN,1,0.011363636
1,THREATS - I RPT -> 4463(A)(1) VC ALTER REG,1,0.011363636
1,THREATS - I RPT -> 459 PC  BURGLARY RESIDENCE,1,0.011363636
1,THREATS - I RPT -> 484 PC-PETTY THEFT-COIN MACHIN,1,0.011363636
1,THREATS - I RPT -> 487(A) GRAND THEFT-CLOUT-UNLOC,1,0.011363636
1,THREATS - I RPT -> 487(A) PC GRAND THEFT,1,0.011363636
1,THREATS - I RPT -> 594(B)(2)(A) VANDALISM/ -$400,1,0.011363636
1,THREATS - I RPT -> ABC LICENSE VIO/INFO - I RPT,1,0.011363636
1,THREATS - I RPT -> MISSING PERSON,1,0.011363636
1,THREATS - I RPT -> TOWED/STORED VEH-14602.6,1,0.011363636
1,THREATS - I RPT -> TOWED/STORED VEHICLE,1,0.011363636
1,TOWED/STORED VEH-14602.6 -> 10851(A)VC TAKE VEH W/O OWNER,1,0.011363636
1,TOWED/STORED VEH-14602.6 -> 215(A) PC    CARJACKING,1,0.011363636
1,TOWED/STORED VEH-14602.6 -> 23103(A) RECKLESS ON HIGHWAY,1,0.011363636
1,TOWED/STORED VEH-14602.6 -> 243(E)1 BATTERY NONCOHAB SPOUS,1,0.011363636
1,TOWED/STORED VEH-14602.6 -> 243.2(A)(1) BATT/SCHOOL INJURY,1,0.011363636
1,TOWED/STORED VEH-14602.6 -> 246 PC SHOOT OCCUP DWELL/VEH,1,0.011363636
1,TOWED/STORED VEH-14602.6 -> 273.6(A) PC VIO DV COURT ORDER,1,0.011363636
1,TOWED/STORED VEH-14602.6 -> 308(B) PC MINOR POSS TOBACCO,1,0.011363636
1,TOWED/STORED VEH-14602.6 -> 417(A)1) PC BRANDISH NON-GUN,1,0.011363636
1,TOWED/STORED VEH-14602.6 -> 484 PETTY THEFT-SHOPLIFT,1,0.011363636
1,TOWED/STORED VEH-14602.6 -> MISSING PERSON,1,0.011363636
1,TOWED/STORED VEHICLE -> 10851 VC AUTO THEFT LOCATE,1,0.011363636
1,TOWED/STORED VEHICLE -> 11364 HS POSS DRUG PARAPH,1,0.011363636
1,TOWED/STORED VEHICLE -> 23103(A) RECKLESS ON HIGHWAY,1,0.011363636
1,TOWED/STORED VEHICLE -> 484 PC  PETTY THEFT/ OUTSIDE,1,0.011363636
1,TOWED/STORED VEHICLE -> 506 PC EMBEZZLEMENT/CONTRACTOR,1,0.011363636
1,TOWED/STORED VEHICLE -> 594(B)(1)PC  VANDALISM +$400,1,0.011363636
1,TOWED/STORED VEHICLE -> ACCIDENTAL FIRES/ARSON -I RPT,1,0.011363636
1,TOWED/STORED VEHICLE -> CASUALTY REPORT,1,0.011363636
1,TOWED/STORED VEHICLE -> FOUND PROPERTY - I RPT,1,0.011363636
1,TOWED/STORED VEHICLE -> FRAUD OR BUNCO - I RPT,1,0.011363636
1,TOWED/STORED VEHICLE -> GANG ACTIVITY - I RPT,1,0.011363636
1,TOWED/STORED VEHICLE -> SUSP PERS-NO CRIME - I RPT,1,0.011363636
1,TOWED/STORED VEHICLE -> TELEPEST -I RPT,1,0.011363636
1,TOWED/STORED VEHICLE -> THREATS - I RPT,1,0.011363636
1,TRAFFIC - I RPT -> 10851(A)VC TAKE VEH W/O OWNER,1,0.011363636
1,TRAFFIC-ACCIDENT INJURY -> 10851(A)VC TAKE VEH W/O OWNER,1,0.011363636
1,TRAFFIC-ACCIDENT INJURY -> 459 PC  BURGLARY VEHICLE,1,0.011363636
1,TRAFFIC-ACCIDENT INJURY -> 484 PC PETTY THEFT,1,0.011363636
1,TRAFFIC-ACCIDENT INJURY -> 484 PETTY THEFT CLOUT UNLOCKED,1,0.011363636
1,TRAFFIC-ACCIDENT INJURY -> 484G(B) PC ACCESS CARD FRAUD,1,0.011363636
1,TRAFFIC-ACCIDENT INJURY -> 487(A) GRAND THEFT-AUTO PARTS,1,0.011363636
1,TRAFFIC-ACCIDENT INJURY -> 487(A) PC GRAND THEFT,1,0.011363636
1,TRAFFIC-ACCIDENT INJURY -> NARCOTICS SUSP/EVID/ACT- I RPT,1,0.011363636
1,TRAFFIC-ACCIDENT INJURY -> TELEPEST -I RPT,1,0.011363636
1,TRAFFIC-ACCIDENT-NON INJURY -> 10851(A)VC TAKE VEH W/O OWNER,1,0.011363636
1,TRAFFIC-ACCIDENT-NON INJURY -> 166(A)(4) WILFUL DISOBEY CT OR,1,0.011363636
1,TRAFFIC-ACCIDENT-NON INJURY -> 273.6(A) PC VIO DV COURT ORDER,1,0.011363636
1,TRAFFIC-ACCIDENT-NON INJURY -> BUSINESS PERMITS - I RPT,1,0.011363636
1,TRAFFIC-ACCIDENT-NON INJURY -> CASUALTY REPORT,1,0.011363636
1,TRAFFIC-ACCIDENT-NON INJURY -> POSSIBLE FINANCIAL CRIME-I RPT,1,0.011363636
1,TRAFFIC-ACCIDENT-NON INJURY -> SUSP PERS-NO CRIME - I RPT,1,0.011363636
1,TRAFFIC-ACCIDENT-NON INJURY -> TOWED/STORED VEHICLE,1,0.011363636
1,VANDALISM - I RPT -> 20002(A) HIT/RUN,1,0.011363636
1,VANDALISM - I RPT -> 23153(A) VC DUI CAUSE INJURY,1,0.011363636
1,VANDALISM - I RPT -> 484 PETTY THEFT/LICENSE PLATE,1,0.011363636
1,VANDALISM - I RPT -> 594(B)(1)PC  VANDALISM +$400,1,0.011363636
1,VANDALISM - I RPT -> 594(B)(2)(A) VANDALISM/ -$400,1,0.011363636
1,VANDALISM - I RPT -> NARCOTICS SUSP/EVID/ACT- I RPT,1,0.011363636
1,VANDALISM - I RPT -> NON INJ HR/MAIL OUT REPORT,1,0.011363636
1,VANDALISM - I RPT -> TRAFFIC-ACCIDENT INJURY,1,0.011363636
1,VANDALISM - I RPT -> TRAFFIC-ACCIDENT-NON INJURY,1,0.011363636
1,VANDALISM - I RPT -> VANDALISM - I RPT,1,0.011363636
1,WARRANT SERVED - I RPT -> 10851(A)VC TAKE VEH W/O OWNER,1,0.011363636
2,TOWED/STORED VEH-14602.6 -> TOWED/STORED VEH-14602.6,17,0.17
2,10851(A)VC TAKE VEH W/O OWNER -> 10851(A)VC TAKE VEH W/O OWNER,16,0.16
2,TOWED/STORED VEHICLE -> TOWED/STORED VEHICLE,16,0.16
2,10851(A)VC TAKE VEH W/O OWNER -> 459 PC  BURGLARY VEHICLE,11,0.11
2,TOWED/STORED VEH-14602.6 -> 10851(A)VC TAKE VEH W/O OWNER,11,0.11
2,10851 VC AUTO THEFT LOCATE -> 10851 VC AUTO THEFT LOCATE,10,0.1
2,TOWED/STORED VEH-14602.6 -> TOWED/STORED VEHICLE,10,0.1
2,10851(A)VC TAKE VEH W/O OWNER -> 459 PC  BURGLARY BUSINESS,9,0.09
2,TOWED/STORED VEH-14602.6 -> 10851 VC AUTO THEFT LOCATE,9,0.09
2,TOWED/STORED VEHICLE -> 10851(A)VC TAKE VEH W/O OWNER,9,0.09
2,10851(A)VC TAKE VEH W/O OWNER -> 459 PC  BURGLARY RESIDENCE,8,0.08
2,10851(A)VC TAKE VEH W/O OWNER -> MISSING PERSON,8,0.08
2,TOWED/STORED VEHICLE -> TOWED/STORED VEH-14602.6,8,0.08
2,10851(A)VC TAKE VEH W/O OWNER -> 10851 VC AUTO THEFT LOCATE,7,0.07
2,10851(A)VC TAKE VEH W/O OWNER -> 242 PC  BATTERY CIVILIAN,7,0.07
2,459 PC  BURGLARY RESIDENCE -> TOWED/STORED VEH-14602.6,7,0.07
2,MISSING PERSON -> 10851(A)VC TAKE VEH W/O OWNER,7,0.07
2,MISSING PERSON -> 459 PC  BURGLARY RESIDENCE,7,0.07
2,TOWED/STORED VEHICLE -> 10851 VC AUTO THEFT LOCATE,7,0.07
2,10851 VC AUTO THEFT LOCATE -> 10851(A)VC TAKE VEH W/O OWNER,6,0.06
2,10851 VC AUTO THEFT LOCATE -> 459 PC  BURGLARY VEHICLE,6,0.06
2,10851 VC AUTO THEFT LOCATE -> MISSING PERSON,6,0.06
2,10851(A)VC TAKE VEH W/O OWNER -> TOWED/STORED VEH-14602.6,6,0.06
2,459 PC  BURGLARY RESIDENCE -> 10851(A)VC TAKE VEH W/O OWNER,6,0.06
2,459 PC  BURGLARY VEHICLE -> 10851(A)VC TAKE VEH W/O OWNER,6,0.06
2,TOWED/STORED VEHICLE -> 459 PC  BURGLARY BUSINESS,6,0.06
2,TOWED/STORED VEHICLE -> 594(B)(2)(A) VANDALISM/ -$400,6,0.06
2,10851 VC AUTO THEFT LOCATE -> 484 PC PETTY THEFT,5,0.05
2,10851 VC AUTO THEFT LOCATE -> 484 PETTY THEFT-SHOPLIFT,5,0.05
2,10851 VC AUTO THEFT LOCATE -> TOWED/STORED VEHICLE,5,0.05
2,10851(A)VC TAKE VEH W/O OWNER -> 20002(A) HIT/RUN,5,0.05
2,10851(A)VC TAKE VEH W/O OWNER -> TOWED/STORED VEHICLE,5,0.05
2,459 PC  BURGLARY RESIDENCE -> 459 PC  BURGLARY BUSINESS,5,0.05
2,459 PC  BURGLARY RESIDENCE -> MISSING PERSON,5,0.05
2,484 PETTY THEFT/LICENSE PLATE -> 459 PC  BURGLARY VEHICLE,5,0.05
2,MISSING PERSON -> 10851 VC AUTO THEFT LOCATE,5,0.05
2,MISSING PERSON -> 459 PC  BURGLARY VEHICLE,5,0.05
2,MISSING PERSON -> 484 PETTY THEFT-SHOPLIFT,5,0.05
2,MISSING PERSON -> CASUALTY REPORT,5,0.05
2,MISSING PERSON -> MISSING PERSON,5,0.05
2,MISSING PERSON -> TOWED/STORED VEHICLE,5,0.05
2,TOWED/STORED VEH-14602.6 -> MISSING PERSON,5,0.05
2,TOWED/STORED VEHICLE -> MISSING PERSON,5,0.05
2,TOWED/STORED VEHICLE -> TRAFFIC-ACCIDENT-NON INJURY,5,0.05
2,10851 VC AUTO THEFT LOCATE -> 459 PC  BURGLARY BUSINESS,4,0.04
2,10851 VC AUTO THEFT LOCATE -> 5150 WI DANGER SELF/OTHERS,4,0.04
2,10851 VC AUTO THEFT LOCATE -> TOWED/STORED VEH-14602.6,4,0.04
2,10851(A)VC TAKE VEH W/O OWNER -> 11350(A)HS POSS CNTRL SUBST,4,0.04
2,10851(A)VC TAKE VEH W/O OWNER -> 11364 HS POSS DRUG PARAPH,4,0.04
2,10851(A)VC TAKE VEH W/O OWNER -> 11377(A)HS POSS AMPHETAMINES,4,0.04
2,10851(A)VC TAKE VEH W/O OWNER -> 245(A)(1)AWDW/NO FIREARM/CIVIL,4,0.04
2,10851(A)VC TAKE VEH W/O OWNER -> 484 PETTY THEFT/LICENSE PLATE,4,0.04
2,10851(A)VC TAKE VEH W/O OWNER -> THREATS - I RPT,4,0.04
2,11377(A)HS POSS AMPHETAMINES -> 10851 VC AUTO THEFT LOCATE,4,0.04
2,245(A)(1)AWDW/NO FIREARM/CIVIL -> 10851 VC AUTO THEFT LOCATE,4,0.04
2,245(A)(1)AWDW/NO FIREARM/CIVIL -> 10851(A)VC TAKE VEH W/O OWNER,4,0.04
2,459 PC  BURGLARY RESIDENCE -> TOWED/STORED VEHICLE,4,0.04
2,459 PC  BURGLARY VEHICLE -> 459 PC  BURGLARY VEHICLE,4,0.04
2,459 PC  BURGLARY VEHICLE -> 484 PC PETTY THEFT,4,0.04
2,5150 WI DANGER SELF/OTHERS -> 459 PC  BURGLARY RESIDENCE,4,0.04
2,5150 WI DANGER SELF/OTHERS -> MISSING PERSON,4,0.04
2,594(B)(2)(A) VANDALISM/ -$400 -> 10851(A)VC TAKE VEH W/O OWNER,4,0.04
2,CASUALTY REPORT -> 243(E)1 BATTERY NONCOHAB SPOUS,4,0.04
2,FOUND PROPERTY - I RPT -> 484 PETTY THEFT-SHOPLIFT,4,0.04
2,MISSING PERSON -> 484 PETTY THEFT/LICENSE PLATE,4,0.04
2,NON INJ HR/MAIL OUT REPORT -> 242 PC  BATTERY CIVILIAN,4,0.04
2,TOWED/STORED VEH-14602.6 -> 484 PETTY THEFT-SHOPLIFT,4,0.04
2,TOWED/STORED VEH-14602.6 -> 653.22(A) LOITER PROSTITUTION,4,0.04
2,TOWED/STORED VEHICLE -> 484 PC   PETTY THEFT/INSIDE,4,0.04
2,TRAFFIC-ACCIDENT INJURY -> 484 PETTY THEFT-SHOPLIFT,4,0.04
2,TRAFFIC-ACCIDENT-NON INJURY -> 484 PETTY THEFT-SHOPLIFT,4,0.04
2,10851 VC AUTO THEFT LOCATE -> 11377(A)HS POSS AMPHETAMINES,3,0.03
2,10851 VC AUTO THEFT LOCATE -> 242 PC  BATTERY CIVILIAN,3,0.03
2,10851 VC AUTO THEFT LOCATE -> 459 PC  BURGLARY RESIDENCE,3,0.03
2,10851 VC AUTO THEFT LOCATE -> BATTERY - I RPT,3,0.03
2,10851(A)VC TAKE VEH W/O OWNER -> 466 PC   POSS OF BURG TOOLS,3,0.03
2,10851(A)VC TAKE VEH W/O OWNER -> 484 PC  PETTY THEFT/ OUTSIDE,3,0.03
2,10851(A)VC TAKE VEH W/O OWNER -> 484 PC PETTY THEFT,3,0.03
2,10851(A)VC TAKE VEH W/O OWNER -> 487(A) PC GRAND THEFT,3,0.03
2,10851(A)VC TAKE VEH W/O OWNER -> 594(B)(2)(A) VANDALISM/ -$400,3,0.03
2,10851(A)VC TAKE VEH W/O OWNER -> LOST PROPERTY - I RPT,3,0.03
2,242 PC  BATTERY CIVILIAN -> 10851 VC AUTO THEFT LOCATE,3,0.03
2,242 PC  BATTERY CIVILIAN -> 10851(A)VC TAKE VEH W/O OWNER,3,0.03
2,243(E)1 BATTERY NONCOHAB SPOUS -> 10851(A)VC TAKE VEH W/O OWNER,3,0.03
2,245(A)(1)AWDW/NO FIREARM/CIVIL -> 459 PC  BURGLARY VEHICLE,3,0.03
2,459 PC  BURGLARY BUSINESS -> MISSING PERSON,3,0.03
2,459 PC  BURGLARY RESIDENCE -> 10851 VC AUTO THEFT LOCATE,3,0.03
2,459 PC  BURGLARY RESIDENCE -> 459 PC  BURGLARY RESIDENCE,3,0.03
2,459 PC  BURGLARY RESIDENCE -> 484 PETTY THEFT-SHOPLIFT,3,0.03
2,484 PETTY THEFT/LICENSE PLATE -> 10851 VC AUTO THEFT LOCATE,3,0.03
2,484 PETTY THEFT/LICENSE PLATE -> 459 PC  BURGLARY RESIDENCE,3,0.03
2,484G(B) PC ACCESS CARD FRAUD -> 10851 VC AUTO THEFT LOCATE,3,0.03
2,484G(B) PC ACCESS CARD FRAUD -> 10851(A)VC TAKE VEH W/O OWNER,3,0.03
2,5150 WI DANGER SELF/OTHERS -> 10851 VC AUTO THEFT LOCATE,3,0.03
2,530.5 PC USE PERSONAL ID INFO -> 10851 VC AUTO THEFT LOCATE,3,0.03
2,594(B)(2)(A) VANDALISM/ -$400 -> 459 PC  BURGLARY BUSINESS,3,0.03
2,CASUALTY REPORT -> 10851(A)VC TAKE VEH W/O OWNER,3,0.03
2,CASUALTY REPORT -> 459 PC  BURGLARY BUSINESS,3,0.03
2,CASUALTY REPORT -> LOST PROPERTY - I RPT,3,0.03
2,LOST PROPERTY - I RPT -> TOWED/STORED VEHICLE,3,0.03
2,MISCELLANEOUS I RPT (ZMISC) -> 10851(A)VC TAKE VEH W/O OWNER,3,0.03
2,MISSING PERSON -> 11377(A)HS POSS AMPHETAMINES,3,0.03
2,MISSING PERSON -> 242 PC  BATTERY CIVILIAN,3,0.03
2,MISSING PERSON -> 243(E)1 BATTERY NONCOHAB SPOUS,3,0.03
2,MISSING PERSON -> ASSAULT WITH WEAPON - I RPT,3,0.03
2,MISSING PERSON -> MISCELLANEOUS I RPT (ZMISC),3,0.03
2,MISSING PERSON -> TOWED/STORED VEH-14602.6,3,0.03
2,NON INJ HR/MAIL OUT REPORT -> 484 PETTY THEFT-SHOPLIFT,3,0.03
2,TOWED/STORED VEH-14602.6 -> TRAFFIC - I RPT,3,0.03
2,TOWED/STORED VEH-14602.6 -> TRAFFIC-ACCIDENT-NON INJURY,3,0.03
2,TOWED/STORED VEHICLE -> 290(A)(1)(D) FAIL TO REG-5 DAY,3,0.03
2,TOWED/STORED VEHICLE -> 459 PC  BURGLARY RESIDENCE,3,0.03
2,TOWED/STORED VEHICLE -> 459 PC  BURGLARY VEHICLE,3,0.03
2,TOWED/STORED VEHICLE -> 484 PETTY THEFT-SHOPLIFT,3,0.03
2,TOWED/STORED VEHICLE -> 647(B) PC   PROSTITUTION,3,0.03
2,TOWED/STORED VEHICLE -> ASSAULT WITH WEAPON - I RPT,3,0.03
2,TRAFFIC-ACCIDENT INJURY -> 10851 VC AUTO THEFT LOCATE,3,0.03
2,TRAFFIC-ACCIDENT-NON INJURY -> 10851 VC AUTO THEFT LOCATE,3,0.03
2,TRAFFIC-ACCIDENT-NON INJURY -> MISSING PERSON,3,0.03
2,10851 VC AUTO THEFT LOCATE -> 211 PC ROBBERY- BUSINESS,2,0.02
2,10851 VC AUTO THEFT LOCATE -> 484 PC   PETTY THEFT/INSIDE,2,0.02
2,10851 VC AUTO THEFT LOCATE -> 594(B)(1)PC  VANDALISM +$400,2,0.02
2,10851 VC AUTO THEFT LOCATE -> MISCELLANEOUS I RPT (ZMISC),2,0.02
2,10851 VC AUTO THEFT LOCATE -> THREATS - I RPT,2,0.02
2,10851 VC AUTO THEFT LOCATE -> TRAFFIC-ACCIDENT-NON INJURY,2,0.02
2,10851(A)VC TAKE VEH W/O OWNER -> 11359 HS POSS FOR SALE MARIJ,2,0.02
2,10851(A)VC TAKE VEH W/O OWNER -> 243(E)1 BATTERY NONCOHAB SPOUS,2,0.02
2,10851(A)VC TAKE VEH W/O OWNER -> 246 PC SHOOT OCCUP DWELL/VEH,2,0.02
2,10851(A)VC TAKE VEH W/O OWNER -> 451(D) PC  ARSON OF PROPERTY,2,0.02
2,10851(A)VC TAKE VEH W/O OWNER -> 484 PETTY THEFT-SHOPLIFT,2,0.02
2,10851(A)VC TAKE VEH W/O OWNER -> 5150 WI DANGER SELF/OTHERS,2,0.02
2,10851(A)VC TAKE VEH W/O OWNER -> 594(B)(1)PC  VANDALISM +$400,2,0.02
2,10851(A)VC TAKE VEH W/O OWNER -> 653M(B) PC ANNOY/RPT CALL HOME,2,0.02
2,10851(A)VC TAKE VEH W/O OWNER -> ELDER ABUSE/PHYS/MENTAL-I RPT,2,0.02
2,10851(A)VC TAKE VEH W/O OWNER -> FOUND PROPERTY - I RPT,2,0.02
2,10851(A)VC TAKE VEH W/O OWNER -> HIT AND RUN /SUSPECTS- I RPT,2,0.02
2,10851(A)VC TAKE VEH W/O OWNER -> MISCELLANEOUS I RPT (ZMISC),2,0.02
2,10851(A)VC TAKE VEH W/O OWNER -> TRAFFIC-ACCIDENT INJURY,2,0.02
2,11357(B)HS POSS -28.5GR MARIJ -> 10851 VC AUTO THEFT LOCATE,2,0.02
2,11357(B)HS POSS -28.5GR MARIJ -> 10851(A)VC TAKE VEH W/O OWNER,2,0.02
2,11357(B)HS POSS -28.5GR MARIJ -> 11364 HS POSS DRUG PARAPH,2,0.02
2,11357(B)HS POSS -28.5GR MARIJ -> 23152(A) VC DUI-ALCOHOL/DRUGS,2,0.02
2,11364 HS POSS DRUG PARAPH -> 10851 VC AUTO THEFT LOCATE,2,0.02
2,11364 HS POSS DRUG PARAPH -> 10851(A)VC TAKE VEH W/O OWNER,2,0.02
2,11377(A)HS POSS AMPHETAMINES -> 10851(A)VC TAKE VEH W/O OWNER,2,0.02
2,11377(A)HS POSS AMPHETAMINES -> 5150 WI DANGER SELF/OTHERS,2,0.02
2,1203.2 PC VIOLATION OF PROBATI -> 647(B) PC   PROSTITUTION,2,0.02
2,20002(A) HIT/RUN -> 10851 VC AUTO THEFT LOCATE,2,0.02
2,20002(A) HIT/RUN -> 459 PC  BURGLARY VEHICLE,2,0.02
2,20002(A) HIT/RUN -> 484 PETTY THEFT-SHOPLIFT,2,0.02
2,20002(A) HIT/RUN -> 594(B)(1)PC  VANDALISM +$400,2,0.02
2,20002(A) HIT/RUN -> 594(B)(2)(A) VANDALISM/ -$400,2,0.02
2,211 PC  ROBBERY UNSPECIFIED -> 417(A)1) PC BRANDISH NON-GUN,2,0.02
2,211 PC  ROBBERY UNSPECIFIED -> 459 PC  BURGLARY RESIDENCE,2,0.02
2,211 PC  ROBBERY UNSPECIFIED -> 459 PC  BURGLARY VEHICLE,2,0.02
2,211 PC ROBBERY- BUSINESS -> 11364 HS POSS DRUG PARAPH,2,0.02
2,211 PC ROBBERY- BUSINESS -> 484 PC PETTY THEFT,2,0.02
2,23152(A) VC DUI-ALCOHOL/DRUGS -> 10851 VC AUTO THEFT LOCATE,2,0.02
2,23152(A) VC DUI-ALCOHOL/DRUGS -> 10851(A)VC TAKE VEH W/O OWNER,2,0.02
2,23152(A) VC DUI-ALCOHOL/DRUGS -> 11364 HS POSS DRUG PARAPH,2,0.02
2,23153(A) VC DUI CAUSE INJURY -> 10851(A)VC TAKE VEH W/O OWNER,2,0.02
2,243(E)1 BATTERY NONCOHAB SPOUS -> 484 PC PETTY THEFT,2,0.02
2,245(A)(1)AWDW/NO FIREARM/CIVIL -> 459 PC  BURGLARY RESIDENCE,2,0.02
2,245(A)(1)AWDW/NO FIREARM/CIVIL -> 484 PC PETTY THEFT,2,0.02
2,245(A)(1)AWDW/NO FIREARM/CIVIL -> MISSING PERSON,2,0.02
2,245(A)(1)AWDW/NO FIREARM/CIVIL -> TOWED/STORED VEH-14602.6,2,0.02
2,245(A)(1)AWDW/NO FIREARM/CIVIL -> TRAFFIC-ACCIDENT-NON INJURY,2,0.02
2,290(F)1 W/I 5 DAYS ADD CHANGE -> TRAFFIC-ACCIDENT INJURY,2,0.02
2,3056 PAROLE VIO - I RPT -> 10851(A)VC TAKE VEH W/O OWNER,2,0.02
2,3056 PAROLE VIO - I RPT -> 459 PC  BURGLARY VEHICLE,2,0.02
2,417(A)1) PC BRANDISH NON-GUN -> 459 PC  BURGLARY RESIDENCE,2,0.02
2,451(D) PC  ARSON OF PROPERTY -> 10851(A)VC TAKE VEH W/O OWNER,2,0.02
2,459 PC  BURGLARY BUSINESS -> 10851 VC AUTO THEFT LOCATE,2,0.02
2,459 PC  BURGLARY BUSINESS -> 594(B)(2)(A) VANDALISM/ -$400,2,0.02
2,459 PC  BURGLARY BUSINESS -> CASUALTY REPORT,2,0.02
2,459 PC  BURGLARY BUSINESS -> NON INJ HR/MAIL OUT REPORT,2,0.02
2,459 PC  BURGLARY RESIDENCE -> 11350(A)HS POSS CNTRL SUBST,2,0.02
2,459 PC  BURGLARY RESIDENCE -> 211 PC ROBBERY- BUSINESS,2,0.02
2,459 PC  BURGLARY RESIDENCE -> 242 PC  BATTERY CIVILIAN,2,0.02
2,459 PC  BURGLARY RESIDENCE -> 245(A)(1)AWDW/NO FIREARM/CIVIL,2,0.02
2,459 PC  BURGLARY RESIDENCE -> 3056 PC PAROLE VIOLATION,2,0.02
2,459 PC  BURGLARY RESIDENCE -> 459 PC  BURGLARY VEHICLE,2,0.02
2,459 PC  BURGLARY RESIDENCE -> 484 PC PETTY THEFT,2,0.02
2,459 PC  BURGLARY RESIDENCE -> 487(A) PC GRAND THEFT,2,0.02
2,459 PC  BURGLARY RESIDENCE -> 594(B)(2)(A) VANDALISM/ -$400,2,0.02
2,459 PC  BURGLARY RESIDENCE -> 647(B) PC   PROSTITUTION,2,0.02
2,459 PC  BURGLARY RESIDENCE -> LOST PROPERTY - I RPT,2,0.02
2,459 PC  BURGLARY RESIDENCE -> TRAFFIC-ACCIDENT-NON INJURY,2,0.02
2,459 PC  BURGLARY VEHICLE -> 10851 VC AUTO THEFT LOCATE,2,0.02
2,459 PC  BURGLARY VEHICLE -> 451(D) PC  ARSON OF PROPERTY,2,0.02
2,459 PC  BURGLARY VEHICLE -> 459 PC  BURGLARY BUSINESS,2,0.02
2,459 PC  BURGLARY VEHICLE -> 459 PC  BURGLARY RESIDENCE,2,0.02
2,459 PC  BURGLARY VEHICLE -> 503 PC   EMBEZZLEMENT,2,0.02
2,459 PC  BURGLARY VEHICLE -> 594(B)(1)PC  VANDALISM +$400,2,0.02
2,459 PC  BURGLARY VEHICLE -> TOWED/STORED VEH-14602.6,2,0.02
2,484 PC   PETTY THEFT/INSIDE -> 20002(A) HIT/RUN,2,0.02
2,484 PC   PETTY THEFT/INSIDE -> 243(E)1 BATTERY NONCOHAB SPOUS,2,0.02
2,484 PC   PETTY THEFT/INSIDE -> 459 PC  BURGLARY VEHICLE,2,0.02
2,484 PC   PETTY THEFT/INSIDE -> 484 PC PETTY THEFT,2,0.02
2,484 PC   PETTY THEFT/INSIDE -> 647(B) PC   PROSTITUTION,2,0.02
2,484 PC   PETTY THEFT/INSIDE -> MISSING PERSON,2,0.02
2,484 PETTY THEFT-SHOPLIFT -> 459 PC  BURGLARY VEHICLE,2,0.02
2,484 PETTY THEFT-SHOPLIFT -> 484 PC PETTY THEFT,2,0.02
2,484 PETTY THEFT-SHOPLIFT -> 484 PETTY THEFT-SHOPLIFT,2,0.02
2,484 PETTY THEFT-SHOPLIFT -> NON INJ HR/MAIL OUT REPORT,2,0.02
2,484 PETTY THEFT/LICENSE PLATE -> 10851(A)VC TAKE VEH W/O OWNER,2,0.02
2,484 PETTY THEFT/LICENSE PLATE -> 484 PC PETTY THEFT,2,0.02
2,484 PETTY THEFT/LICENSE PLATE -> CASUALTY REPORT,2,0.02
2,484 PETTY THEFT/LICENSE PLATE -> MISSING PERSON,2,0.02
2,484G(B) PC ACCESS CARD FRAUD -> 459 PC  BURGLARY BUSINESS,2,0.02
2,487(A) GRAND THEFT-INSIDE -> TOWED/STORED VEHICLE,2,0.02
2,487(A) PC GRAND THEFT -> 10851(A)VC TAKE VEH W/O OWNER,2,0.02
2,487(A) PC GRAND THEFT -> 211 PC ROBBERY- BUSINESS,2,0.02
2,5150 WI DANGER SELF/OTHERS -> 10851(A)VC TAKE VEH W/O OWNER,2,0.02
2,5150 WI DANGER SELF/OTHERS -> 245(A)(1)AWDW/NO FIREARM/CIVIL,2,0.02
2,5150 WI DANGER SELF/OTHERS -> 484 PETTY THEFT-SHOPLIFT,2,0.02
2,5150 WI DANGER SELF/OTHERS -> 647(B) PC   PROSTITUTION,2,0.02
2,5150 WI DANGER SELF/OTHERS -> TOWED/STORED VEH-14602.6,2,0.02
2,529 PC FALSE PERSONATION -> 245(A)(1)AWDW/NO FIREARM/CIVIL,2,0.02
2,529 PC FALSE PERSONATION -> 459 PC  BURGLARY VEHICLE,2,0.02
2,530.5 PC USE PERSONAL ID INFO -> TOWED/STORED VEH-14602.6,2,0.02
2,530.5 PC USE PERSONAL ID INFO -> TOWED/STORED VEHICLE,2,0.02
2,594(B)(1)PC  VANDALISM +$400 -> 10851(A)VC TAKE VEH W/O OWNER,2,0.02
2,594(B)(1)PC  VANDALISM +$400 -> 242 PC  BATTERY CIVILIAN,2,0.02
2,594(B)(1)PC  VANDALISM +$400 -> 459 PC  BURGLARY RESIDENCE,2,0.02
2,594(B)(1)PC  VANDALISM +$400 -> 487(A) GRAND THEFT-INSIDE,2,0.02
2,594(B)(1)PC  VANDALISM +$400 -> 594(B)(2)(A) VANDALISM/ -$400,2,0.02
2,594(B)(1)PC  VANDALISM +$400 -> TOWED/STORED VEHICLE,2,0.02
2,594(B)(2)(A) VANDALISM/ -$400 -> 10851 VC AUTO THEFT LOCATE,2,0.02
2,594(B)(2)(A) VANDALISM/ -$400 -> 459 PC  BURGLARY VEHICLE,2,0.02
2,594(B)(2)(A) VANDALISM/ -$400 -> 594(B)(1)PC  VANDALISM +$400,2,0.02
2,594(B)(2)(A) VANDALISM/ -$400 -> LOST PROPERTY - I RPT,2,0.02
2,666 PC PETTY THEFT W/PRI CONV -> 459 PC  BURGLARY RESIDENCE,2,0.02
2,ASSAULT WITH WEAPON - I RPT -> 10851(A)VC TAKE VEH W/O OWNER,2,0.02
2,CASUALTY REPORT -> 20002(A) HIT/RUN,2,0.02
2,CASUALTY REPORT -> 459 PC  BURGLARY VEHICLE,2,0.02
2,CASUALTY REPORT -> 594(B)(2)(A) VANDALISM/ -$400,2,0.02
2,CASUALTY REPORT -> FOUND PROPERTY - I RPT,2,0.02
2,CASUALTY REPORT -> MISCELLANEOUS I RPT (ZMISC),2,0.02
2,CASUALTY REPORT -> TOWED/STORED VEHICLE,2,0.02
2,ELDER ABUSE/PHYS/MENTAL-I RPT -> TOWED/STORED VEHICLE,2,0.02
2,FOUND PROPERTY - I RPT -> 10851 VC AUTO THEFT LOCATE,2,0.02
2,FOUND PROPERTY - I RPT -> 10851(A)VC TAKE VEH W/O OWNER,2,0.02
2,FOUND PROPERTY - I RPT -> MISCELLANEOUS I RPT (ZMISC),2,0.02
2,FOUND PROPERTY - I RPT -> TOWED/STORED VEH-14602.6,2,0.02
2,FOUND PROPERTY - I RPT -> TOWED/STORED VEHICLE,2,0.02
2,HAZARDOUS SITUATION - I RPT -> 10851 VC AUTO THEFT LOCATE,2,0.02
2,MISCELLANEOUS I RPT (ZMISC) -> 459 PC  BURGLARY VEHICLE,2,0.02
2,MISCELLANEOUS I RPT (ZMISC) -> TOWED/STORED VEHICLE,2,0.02
2,MISSING PERSON -> 11364 HS POSS DRUG PARAPH,2,0.02
2,MISSING PERSON -> 245(A)(1)AWDW/NO FIREARM/CIVIL,2,0.02
2,MISSING PERSON -> 3056 PAROLE VIO - I RPT,2,0.02
2,MISSING PERSON -> 459 PC  BURGLARY BUSINESS,2,0.02
2,MISSING PERSON -> 484 PC  PETTY THEFT/ OUTSIDE,2,0.02
2,MISSING PERSON -> 484 PC PETTY THEFT,2,0.02
2,MISSING PERSON -> ACCIDENTAL FIRES/ARSON -I RPT,2,0.02
2,MISSING PERSON -> FOUND PROPERTY - I RPT,2,0.02
2,MISSING PERSON -> SUSP PERS-NO CRIME - I RPT,2,0.02
2,MISSING PERSON -> TRAFFIC-ACCIDENT INJURY,2,0.02
2,MISSING PERSON I RPT -> 459 PC  BURGLARY RESIDENCE,2,0.02
2,NARCOTICS SUSP/EVID/ACT- I RPT -> TOWED/STORED VEHICLE,2,0.02
2,NON INJ HR/MAIL OUT REPORT -> 10851(A)VC TAKE VEH W/O OWNER,2,0.02
2,NON INJ HR/MAIL OUT REPORT -> 484 PC PETTY THEFT,2,0.02
2,THREATS - I RPT -> 459 PC  BURGLARY VEHICLE,2,0.02
2,TOWED/STORED VEH-14602.6 -> 20001(A) VC HIT/RUN INJ/DEATH,2,0.02
2,TOWED/STORED VEH-14602.6 -> 23222(B)POSSESS MARIJ IN VEH,2,0.02
2,TOWED/STORED VEH-14602.6 -> 242 PC  BATTERY CIVILIAN,2,0.02
2,TOWED/STORED VEH-14602.6 -> 290(A)(1)(D) FAIL TO REG-5 DAY,2,0.02
2,TOWED/STORED VEH-14602.6 -> 459 PC  BURGLARY RESIDENCE,2,0.02
2,TOWED/STORED VEH-14602.6 -> 484 PC PETTY THEFT,2,0.02
2,TOWED/STORED VEH-14602.6 -> 484 PETTY THEFT/LICENSE PLATE,2,0.02
2,TOWED/STORED VEH-14602.6 -> 484G(B) PC ACCESS CARD FRAUD,2,0.02
2,TOWED/STORED VEH-14602.6 -> 487(A) PC GRAND THEFT,2,0.02
2,TOWED/STORED VEH-14602.6 -> BOMBS/THREATS/EXPLOSIV- I RPT,2,0.02
2,TOWED/STORED VEH-14602.6 -> FOUND PROPERTY - I RPT,2,0.02
2,TOWED/STORED VEH-14602.6 -> NON INJ HR/MAIL OUT REPORT,2,0.02
2,TOWED/STORED VEH-14602.6 -> PETTY THEFT - I RPT,2,0.02
2,TOWED/STORED VEHICLE -> 11364 HS POSS DRUG PARAPH,2,0.02
2,TOWED/STORED VEHICLE -> 11377(A)HS POSS AMPHETAMINES,2,0.02
2,TOWED/STORED VEHICLE -> 20002(A) HIT/RUN,2,0.02
2,TOWED/STORED VEHICLE -> 246 PC SHOOT OCCUP DWELL/VEH,2,0.02
2,TOWED/STORED VEHICLE -> 3056 PAROLE VIO - I RPT,2,0.02
2,TOWED/STORED VEHICLE -> 484 PETTY THEFT/LICENSE PLATE,2,0.02
2,TOWED/STORED VEHICLE -> 487(A) PC GRAND THEFT,2,0.02
2,TOWED/STORED VEHICLE -> 530.5 PC USE PERSONAL ID INFO,2,0.02
2,TOWED/STORED VEHICLE -> FOUND PROPERTY - I RPT,2,0.02
2,TOWED/STORED VEHICLE -> PETTY THEFT - I RPT,2,0.02
2,TOWED/STORED VEHICLE -> TRAFFIC-ACCIDENT INJURY,2,0.02
2,TRAFFIC-ACCIDENT INJURY -> 10851(A)VC TAKE VEH W/O OWNER,2,0.02
2,TRAFFIC-ACCIDENT INJURY -> 459 PC  BURGLARY RESIDENCE,2,0.02
2,TRAFFIC-ACCIDENT INJURY -> 508 PC   EMBEZZLEMENT/EMPLOYEE,2,0.02
2,TRAFFIC-ACCIDENT INJURY -> 594(B)(2)(A) VANDALISM/ -$400,2,0.02
2,TRAFFIC-ACCIDENT INJURY -> NON INJ HR/MAIL OUT REPORT,2,0.02
2,TRAFFIC-ACCIDENT INJURY -> TOWED/STORED VEH-14602.6,2,0.02
2,TRAFFIC-ACCIDENT-NON INJURY -> 10851(A)VC TAKE VEH W/O OWNER,2,0.02
2,TRAFFIC-ACCIDENT-NON INJURY -> NON INJ HR/MAIL OUT REPORT,2,0.02
2,TRAFFIC-ACCIDENT-NON INJURY -> TOWED/STORED VEH-14602.6,2,0.02
2,10851 VC AUTO THEFT LOCATE -> 11351.5 HS POSS SALE RCK COCAI,1,0.01
2,10851 VC AUTO THEFT LOCATE -> 12021(A)(1)PC FELON POSS FRARM,1,0.01
2,10851 VC AUTO THEFT LOCATE -> 1203.2 PC VIOLATION OF PROBATI,1,0.01
2,10851 VC AUTO THEFT LOCATE -> 148.9 PC FALSE ID TO OFFICER,1,0.01
2,10851 VC AUTO THEFT LOCATE -> 20001(A) VC HIT/RUN INJ/DEATH,1,0.01
2,10851 VC AUTO THEFT LOCATE -> 20002(A) HIT/RUN,1,0.01
2,10851 VC AUTO THEFT LOCATE -> 243(E)1 BATTERY NONCOHAB SPOUS,1,0.01
2,10851 VC AUTO THEFT LOCATE -> 290(A)(1)(D) FAIL TO REG-5 DAY,1,0.01
2,10851 VC AUTO THEFT LOCATE -> 3056 PAROLE VIO - I RPT,1,0.01
2,10851 VC AUTO THEFT LOCATE -> 466 PC   POSS OF BURG TOOLS,1,0.01
2,10851 VC AUTO THEFT LOCATE -> 484 PETTY THEFT-PURSE SNATCH,1,0.01
2,10851 VC AUTO THEFT LOCATE -> 484 PETTY THEFT/LICENSE PLATE,1,0.01
2,10851 VC AUTO THEFT LOCATE -> 484G(B) PC ACCESS CARD FRAUD,1,0.01
2,10851 VC AUTO THEFT LOCATE -> 487(A) PC GRAND THEFT,1,0.01
2,10851 VC AUTO THEFT LOCATE -> 496(A) PC REC STOLEN AUTO PART,1,0.01
2,10851 VC AUTO THEFT LOCATE -> 594(B)(2)(A) VANDALISM/ -$400,1,0.01
2,10851 VC AUTO THEFT LOCATE -> 647(B) PC   PROSTITUTION,1,0.01
2,10851 VC AUTO THEFT LOCATE -> 666 PC PETTY THEFT W/PRI CONV,1,0.01
2,10851 VC AUTO THEFT LOCATE -> ACCIDENTAL FIRES/ARSON -I RPT,1,0.01
2,10851 VC AUTO THEFT LOCATE -> CHILD WELFARE - I RPT,1,0.01
2,10851 VC AUTO THEFT LOCATE -> FOUND PROPERTY - I RPT,1,0.01
2,10851 VC AUTO THEFT LOCATE -> LOST PROPERTY - I RPT,1,0.01
2,10851 VC AUTO THEFT LOCATE -> MISSING PERSON LOCATE O/S ASSI,1,0.01
2,10851 VC AUTO THEFT LOCATE -> NON INJ HR/MAIL OUT REPORT,1,0.01
2,10851 VC AUTO THEFT LOCATE -> PETTY THEFT - I RPT,1,0.01
2,10851 VC AUTO THEFT LOCATE -> RECOVERED PROPERTY - I RPT,1,0.01
2,10851 VC AUTO THEFT LOCATE -> TRAFFIC ARREST FOR DA-I RPT,1,0.01
2,10851 VC AUTO THEFT LOCATE -> TRAFFIC-ACCIDENT INJURY,1,0.01
2,10851 VC AUTO THEFT LOCATE -> WARRANT SERVED - I RPT,1,0.01
2,10851(A)VC TAKE VEH W/O OWNER -> 12.72.060I ADULT LOITER PLYGRD,1,0.01
2,10851(A)VC TAKE VEH W/O OWNER -> 12020(A)(4) PC DIRK/DAGGER,1,0.01
2,10851(A)VC TAKE VEH W/O OWNER -> 12020(A)1) PROHIBITED FIREARM,1,0.01
2,10851(A)VC TAKE VEH W/O OWNER -> 20001(A) VC HIT/RUN INJ/DEATH,1,0.01
2,10851(A)VC TAKE VEH W/O OWNER -> 211 PC ROBBERY-PURSE SNATCH,1,0.01
2,10851(A)VC TAKE VEH W/O OWNER -> 3056 PAROLE VIO - I RPT,1,0.01
2,10851(A)VC TAKE VEH W/O OWNER -> 3056 PC PAROLE VIOLATION,1,0.01
2,10851(A)VC TAKE VEH W/O OWNER -> 459 PC  BURGLARY-UNSPECIFIED,1,0.01
2,10851(A)VC TAKE VEH W/O OWNER -> 484 PC   THEFT-LIC PLATE TABS,1,0.01
2,10851(A)VC TAKE VEH W/O OWNER -> 484 PETTY THEFT CLOUT UNLOCKED,1,0.01
2,10851(A)VC TAKE VEH W/O OWNER -> 484G(B) PC ACCESS CARD FRAUD,1,0.01
2,10851(A)VC TAKE VEH W/O OWNER -> 487(A) GRAND THEFT-INSIDE,1,0.01
2,10851(A)VC TAKE VEH W/O OWNER -> 487(A) PC GRAND THEFT-SHOPLIFT,1,0.01
2,10851(A)VC TAKE VEH W/O OWNER -> 496(A) RECEIVE STOLEN PROPERTY,1,0.01
2,10851(A)VC TAKE VEH W/O OWNER -> 530.5 PC USE PERSONAL ID INFO,1,0.01
2,10851(A)VC TAKE VEH W/O OWNER -> 647(F) PC DIP - DISORDERLY,1,0.01
2,10851(A)VC TAKE VEH W/O OWNER -> 653.22(A) LOITER PROSTITUTION,1,0.01
2,10851(A)VC TAKE VEH W/O OWNER -> 9.40.020(A) JUVENILE CURFEW,1,0.01
2,10851(A)VC TAKE VEH W/O OWNER -> ACCIDENTAL FIRES/ARSON -I RPT,1,0.01
2,10851(A)VC TAKE VEH W/O OWNER -> CASUALTY REPORT,1,0.01
2,10851(A)VC TAKE VEH W/O OWNER -> CHILD WELFARE - I RPT,1,0.01
2,10851(A)VC TAKE VEH W/O OWNER -> NARCOTICS SUSP/EVID/ACT- I RPT,1,0.01
2,10851(A)VC TAKE VEH W/O OWNER -> O/S AGENCY -ASSISTANCE- I RPT,1,0.01
2,10851(A)VC TAKE VEH W/O OWNER -> SUSP PERS-NO CRIME - I RPT,1,0.01
2,10851(A)VC TAKE VEH W/O OWNER -> TRAFFIC-ACCIDENT-NON INJURY,1,0.01
2,10853 VC MALIC MISCHIEF TO VEH -> 1203.2 PC VIOLATION OF PROBATI,1,0.01
2,10853 VC MALIC MISCHIEF TO VEH -> 242 PC  BATTERY CIVILIAN,1,0.01
2,10853 VC MALIC MISCHIEF TO VEH -> 484 PETTY THEFT-SHOPLIFT,1,0.01
2,10855 VC LSE/RENT NOT RETURNED -> 459 PC  BURGLARY VEHICLE,1,0.01
2,10855 VC LSE/RENT NOT RETURNED -> MISCELLANEOUS I RPT (ZMISC),1,0.01
2,11350(A)HS POSS CNTRL SUBST -> 10851 VC AUTO THEFT LOCATE,1,0.01
2,11350(A)HS POSS CNTRL SUBST -> 10851(A)VC TAKE VEH W/O OWNER,1,0.01
2,11350(A)HS POSS CNTRL SUBST -> 484 PC   PETTY THEFT/INSIDE,1,0.01
2,11350(A)HS POSS CNTRL SUBST -> 484 PC PETTY THEFT,1,0.01
2,11350(A)HS POSS CNTRL SUBST -> 594(B)(2)(A) VANDALISM/ -$400,1,0.01
2,11350(A)HS POSS CNTRL SUBST -> CHILD CUSTODY - I RPT,1,0.01
2,11350(A)HS POSS CNTRL SUBST -> POSS STOLEN VEHICLE- I RPT,1,0.01
2,11350(A)HS POSS CNTRL SUBST -> TRAFFIC-ACCIDENT INJURY,1,0.01
2,11350(B)HS POSSESS QUAALUDES -> 10851(A)VC TAKE VEH W/O OWNER,1,0.01
2,11351.5 HS POSS SALE RCK COCAI -> 243(E)1 BATTERY NONCOHAB SPOUS,1,0.01
2,11357(B)HS POSS -28.5GR MARIJ -> 12021(A)(1)PC FELON POSS FRARM,1,0.01
2,11357(B)HS POSS -28.5GR MARIJ -> 212.5(A)ROBBERY-INHAB DWELLING,1,0.01
2,11357(B)HS POSS -28.5GR MARIJ -> 242 PC  BATTERY CIVILIAN,1,0.01
2,11357(B)HS POSS -28.5GR MARIJ -> 273.6(A) PC VIO DV COURT ORDER,1,0.01
2,11357(B)HS POSS -28.5GR MARIJ -> 459 PC  BURGLARY BUSINESS,1,0.01
2,11357(B)HS POSS -28.5GR MARIJ -> 487(A) GRAND THEFT-INSIDE,1,0.01
2,11357(B)HS POSS -28.5GR MARIJ -> 594(B)(1)PC  VANDALISM +$400,1,0.01
2,11357(B)HS POSS -28.5GR MARIJ -> 594(B)(2)(A) VANDALISM/ -$400,1,0.01
2,11357(B)HS POSS -28.5GR MARIJ -> ELDER ABUSE/PHYS/MENTAL-I RPT,1,0.01
2,11357(B)HS POSS -28.5GR MARIJ -> MISSING PERSON,1,0.01
2,11357(B)HS POSS -28.5GR MARIJ -> NARCOTICS SUSP/EVID/ACT- I RPT,1,0.01
2,11357(B)HS POSS -28.5GR MARIJ -> NON INJ HR/MAIL OUT REPORT,1,0.01
2,11357(B)HS POSS -28.5GR MARIJ -> O/S AGENCY -ASSISTANCE- I RPT,1,0.01
2,11357(B)HS POSS -28.5GR MARIJ -> TOWED/STORED VEH-14602.6,1,0.01
2,11357(B)HS POSS -28.5GR MARIJ -> TOWED/STORED VEHICLE,1,0.01
2,11357(B)HS POSS -28.5GR MARIJ -> TRAFFIC-ACCIDENT-NON INJURY,1,0.01
2,11359 HS POSS FOR SALE MARIJ -> 1203.2 PC VIOLATION OF PROBATI,1,0.01
2,11359 HS POSS FOR SALE MARIJ -> 245(A)(1)AWDW/NO FIREARM/CIVIL,1,0.01
2,11359 HS POSS FOR SALE MARIJ -> 459 PC  BURGLARY VEHICLE,1,0.01
2,11359 HS POSS FOR SALE MARIJ -> 484 PC   PETTY THEFT/INSIDE,1,0.01
2,11359 HS POSS FOR SALE MARIJ -> NON INJ HR/MAIL OUT REPORT,1,0.01
2,11359 HS POSS FOR SALE MARIJ -> TRAFFIC-ACCIDENT-NON INJURY,1,0.01
2,11364 HS POSS DRUG PARAPH -> 12021(A)(1)PC FELON POSS FRARM,1,0.01
2,11364 HS POSS DRUG PARAPH -> 1203.2 PC VIOLATION OF PROBATI,1,0.01
2,11364 HS POSS DRUG PARAPH -> 212.5(A)ROBBERY-INHAB DWELLING,1,0.01
2,11364 HS POSS DRUG PARAPH -> 242 PC  BATTERY CIVILIAN,1,0.01
2,11364 HS POSS DRUG PARAPH -> 290(A)(1)(D) FAIL TO REG-5 DAY,1,0.01
2,11364 HS POSS DRUG PARAPH -> 459 PC  BURGLARY RESIDENCE,1,0.01
2,11364 HS POSS DRUG PARAPH -> 459 PC  BURGLARY VEHICLE,1,0.01
2,11364 HS POSS DRUG PARAPH -> 5150 WI DANGER SELF/OTHERS,1,0.01
2,11364 HS POSS DRUG PARAPH -> 594(B)(1)VANDALISM GRAF +$400,1,0.01
2,11364 HS POSS DRUG PARAPH -> 594(B)(2)(A) VANDALISM/ -$400,1,0.01
2,11364 HS POSS DRUG PARAPH -> 666 PC PETTY THEFT W/PRI CONV,1,0.01
2,11364 HS POSS DRUG PARAPH -> CASUALTY REPORT,1,0.01
2,11364 HS POSS DRUG PARAPH -> IMPOUNDED VEHICLE,1,0.01
2,11364 HS POSS DRUG PARAPH -> MISSING PERSON,1,0.01
2,11364 HS POSS DRUG PARAPH -> TOWED/STORED VEHICLE,1,0.01
2,11364 HS POSS DRUG PARAPH -> TRAFFIC-ACCIDENT INJURY,1,0.01
2,11364 HS POSS DRUG PARAPH -> TRAFFIC-ACCIDENT-NON INJURY,1,0.01
2,11377(A)HS POSS AMPHETAMINES -> 11350(B)HS POSSESS QUAALUDES,1,0.01
2,11377(A)HS POSS AMPHETAMINES -> 20002(A) HIT/RUN,1,0.01
2,11377(A)HS POSS AMPHETAMINES -> 466 PC   POSS OF BURG TOOLS,1,0.01
2,11377(A)HS POSS AMPHETAMINES -> 484G(B) PC ACCESS CARD FRAUD,1,0.01
2,11377(A)HS POSS AMPHETAMINES -> 496(A) RECEIVE STOLEN PROPERTY,1,0.01
2,11377(A)HS POSS AMPHETAMINES -> 594(B)(2)(A) VANDALISM/ -$400,1,0.01
2,11377(A)HS POSS AMPHETAMINES -> ACCIDENTAL FIRES/ARSON -I RPT,1,0.01
2,11377(A)HS POSS AMPHETAMINES -> FAMILY DISTURBANCE - I RPT,1,0.01
2,11377(A)HS POSS AMPHETAMINES -> FOUND PROPERTY - I RPT,1,0.01
2,11377(A)HS POSS AMPHETAMINES -> NON INJ HR/MAIL OUT REPORT,1,0.01
2,11377(A)HS POSS AMPHETAMINES -> TOWED/STORED VEH-14602.6,1,0.01
2,11378 HS POSS CNTRL SUB/SALE -> 459 PC  BURGLARY VEHICLE,1,0.01
2,11378 HS POSS/SALE AMPHETAMINE -> 10851(A)VC TAKE VEH W/O OWNER,1,0.01
2,11378 HS POSS/SALE AMPHETAMINE -> 459 PC  BURGLARY VEHICLE,1,0.01
2,11532(A)HS LOITER DRG ACTIVITY -> 10851 VC AUTO THEFT LOCATE,1,0.01
2,11532(A)HS LOITER DRG ACTIVITY -> 11364 HS POSS DRUG PARAPH,1,0.01
2,12020(A)(4) PC DIRK/DAGGER -> 10851(A)VC TAKE VEH W/O OWNER,1,0.01
2,12020(A)(4) PC DIRK/DAGGER -> 11378 HS POSS CNTRL SUB/SALE,1,0.01
2,12020(A)(4) PC DIRK/DAGGER -> 484 PC   PETTY THEFT/INSIDE,1,0.01
2,12020(A)(4) PC DIRK/DAGGER -> 594(B)(2)(A) VANDALISM/ -$400,1,0.01
2,12020(A)(4) PC DIRK/DAGGER -> PROB VIOLA/FEL-MISD - I RPT,1,0.01
2,12020(A)(4) PC DIRK/DAGGER -> TRAFFIC - I RPT,1,0.01
2,12020(A)1) PROHIBITED FIREARM -> 245(A)(2) AWDW/FIREARM/CIVILIA,1,0.01
2,12020(A)1) PROHIBITED FIREARM -> 5150 WI DANGER SELF/OTHERS,1,0.01
2,12020(A)1) PROHIBITED FIREARM -> FOUND EVIDENCE-NON NARC -I RPT,1,0.01
2,12020(A)1) PROHIBITED FIREARM -> TERRORIST THREATS - I RPT,1,0.01
2,12020(A)1) PROHIBITED FIREARM -> TOWED/STORED VEHICLE,1,0.01
2,12021(A)(1)PC FELON POSS FRARM -> 484 PETTY THEFT-SHOPLIFT,1,0.01
2,12025(A)1)CONCLD GUN VEH/FEL -> 10851(A)VC TAKE VEH W/O OWNER,1,0.01
2,12025(A)1)CONCLD GUN VEH/FEL -> 484 PC PETTY THEFT,1,0.01
2,12025(A)1)CONCLD GUN VEH/FEL -> 484 PETTY THEFT-SHOPLIFT,1,0.01
2,12025(A)1)CONCLD GUN VEH/FEL -> NON INJ HR/MAIL OUT REPORT,1,0.01
2,12025(A)1)CONCLD GUN VEH/FEL -> SAFEKEEPING - I RPT,1,0.01
2,1203.2 PC VIOLATION OF PROBATI -> 10851 VC AUTO THEFT LOCATE,1,0.01
2,1203.2 PC VIOLATION OF PROBATI -> 242 PC  BATTERY CIVILIAN,1,0.01
2,1203.2 PC VIOLATION OF PROBATI -> 459 PC  BURGLARY VEHICLE,1,0.01
2,1203.2 PC VIOLATION OF PROBATI -> 484 PC PETTY THEFT,1,0.01
2,1203.2 PC VIOLATION OF PROBATI -> BATTERY - I RPT,1,0.01
2,1203.2 PC VIOLATION OF PROBATI -> PROTECTIVE CUSTODY-I RPT,1,0.01
2,12101(B)1)PC MINOR POSS AMMO -> 212.5(A)ROBBERY-INHAB DWELLING,1,0.01
2,12101(B)1)PC MINOR POSS AMMO -> 484 PC   PETTY THEFT/INSIDE,1,0.01
2,12303.3 PC DEST DVC INTENT INJ -> 10851(A)VC TAKE VEH W/O OWNER,1,0.01
2,12303.3 PC DEST DVC INTENT INJ -> 459 PC  BURGLARY-UNSPECIFIED,1,0.01
2,12303.3 PC DEST DVC INTENT INJ -> TOWED/STORED VEH-14602.6,1,0.01
2,12403.7(G) PC ILLGL POSS TRGAS -> 459 PC  BURGLARY VEHICLE,1,0.01
2,12403.7(G) PC ILLGL POSS TRGAS -> SUSPICIOUS VEHICLE - I RPT,1,0.01
2,13.10.200 SCC DUMP PUB PLACES -> 23152(A) VC DUI-ALCOHOL/DRUGS,1,0.01
2,13.10.200 SCC DUMP PUB PLACES -> 459 PC  BURGLARY VEHICLE,1,0.01
2,13.10.200 SCC DUMP PUB PLACES -> 484 PETTY THEFT-SHOPLIFT,1,0.01
2,14601.1(A) VC LIC SUSP OTHER -> 212.5(A)ROBBERY-INHAB DWELLING,1,0.01
2,148(A)(1)PC RESIST PEACE OFFCR -> 10851(A)VC TAKE VEH W/O OWNER,1,0.01
2,148(A)(1)PC RESIST PEACE OFFCR -> 23152(A) VC DUI-ALCOHOL/DRUGS,1,0.01
2,148(A)(1)PC RESIST PEACE OFFCR -> 459 PC  BURGLARY RESIDENCE,1,0.01
2,148(A)(1)PC RESIST PEACE OFFCR -> MISSING PERSON,1,0.01
2,148.9 PC FALSE ID TO OFFICER -> 484 PC PETTY THEFT,1,0.01
2,166(A)(4) WILFUL DISOBEY CT OR -> FOUND PROPERTY - I RPT,1,0.01
2,20001(A) VC HIT/RUN INJ/DEATH -> 10851 VC AUTO THEFT LOCATE,1,0.01
2,20001(A) VC HIT/RUN INJ/DEATH -> 10851(A)VC TAKE VEH W/O OWNER,1,0.01
2,20001(A) VC HIT/RUN INJ/DEATH -> 245(A)(1)AWDW/NO FIREARM/CIVIL,1,0.01
2,20001(A) VC HIT/RUN INJ/DEATH -> 459 PC  BURGLARY BUSINESS,1,0.01
2,20001(A) VC HIT/RUN INJ/DEATH -> 9.04.050 A DRINKING IN PUBLIC,1,0.01
2,20001(A) VC HIT/RUN INJ/DEATH -> MISSING PERSON,1,0.01
2,20002(A) HIT/RUN -> 10851(A)VC TAKE VEH W/O OWNER,1,0.01
2,20002(A) HIT/RUN -> 11350(A)HS POSS CNTRL SUBST,1,0.01
2,20002(A) HIT/RUN -> 459 PC  BURGLARY BUSINESS,1,0.01
2,20002(A) HIT/RUN -> 484 PETTY THEFT CLOUT UNLOCKED,1,0.01
2,20002(A) HIT/RUN -> 487(A) GRAND THEFT-INSIDE,1,0.01
2,20002(A) HIT/RUN -> 5150 WI DANGER SELF/OTHERS,1,0.01
2,20002(A) HIT/RUN -> BATTERY - I RPT,1,0.01
2,20002(A) HIT/RUN -> LOST PROPERTY - I RPT,1,0.01
2,20002(A) HIT/RUN -> MISCELLANEOUS I RPT (ZMISC),1,0.01
2,20002(A) HIT/RUN -> MISSING PERSON LOCATE O/S ASSI,1,0.01
2,20002(A) HIT/RUN -> SUSP PERS-NO CRIME - I RPT,1,0.01
2,20002(A) HIT/RUN -> TOWED/STORED VEH-14602.6,1,0.01
2,20002(A) HIT/RUN -> TOWED/STORED VEHICLE,1,0.01
2,20002(A) HIT/RUN -> TRAFFIC-ACCIDENT-NON INJURY,1,0.01
2,211 PC  ROBBERY UNSPECIFIED -> 11350(A)HS POSS CNTRL SUBST,1,0.01
2,211 PC  ROBBERY UNSPECIFIED -> 11377(A)HS POSS AMPHETAMINES,1,0.01
2,211 PC  ROBBERY UNSPECIFIED -> 211 PC  ROBBERY UNSPECIFIED,1,0.01
2,211 PC  ROBBERY UNSPECIFIED -> 484 PETTY THEFT/LICENSE PLATE,1,0.01
2,211 PC  ROBBERY UNSPECIFIED -> 529 PC FALSE PERSONATION,1,0.01
2,211 PC  ROBBERY UNSPECIFIED -> SUSPICIOUS VEHICLE - I RPT,1,0.01
2,211 PC  ROBBERY UNSPECIFIED -> TOWED/STORED VEH-14602.6,1,0.01
2,211 PC ROBBERY- BUSINESS -> 10851 VC AUTO THEFT LOCATE,1,0.01
2,211 PC ROBBERY- BUSINESS -> 23103(A) RECKLESS ON HIGHWAY,1,0.01
2,211 PC ROBBERY- BUSINESS -> 243.4(E)(1)TOUCH FOR SEX PLEAS,1,0.01
2,211 PC ROBBERY- BUSINESS -> 484 PC   PETTY THEFT/INSIDE,1,0.01
2,211 PC ROBBERY- BUSINESS -> 484 PETTY THEFT/LICENSE PLATE,1,0.01
2,211 PC ROBBERY- BUSINESS -> 487(A) PC GRAND THEFT,1,0.01
2,211 PC ROBBERY- BUSINESS -> THREATS - I RPT,1,0.01
2,211 PC ROBBERY- BUSINESS -> TOWED/STORED VEHICLE,1,0.01
2,211 PC ROBBERY-PURSE SNATCH -> MISSING PERSON,1,0.01
2,212.5(A)ROBBERY-INHAB DWELLING -> CASUALTY REPORT,1,0.01
2,215(A) PC    CARJACKING -> 10851(A)VC TAKE VEH W/O OWNER,1,0.01
2,215(A) PC    CARJACKING -> 20002(A) HIT/RUN,1,0.01
2,215(A) PC    CARJACKING -> 2800.2(A) VC EVADING/RECKLESS,1,0.01
2,215(A) PC    CARJACKING -> 459 PC  BURGLARY RESIDENCE,1,0.01
2,215(A) PC    CARJACKING -> 459 PC  BURGLARY VEHICLE,1,0.01
2,215(A) PC    CARJACKING -> ASSAULT WITH WEAPON - I RPT,1,0.01
2,215(A) PC    CARJACKING -> TOWED/STORED VEHICLE,1,0.01
2,23152(A) VC DUI-ALCOHOL/DRUGS -> 11350(A)HS POSS CNTRL SUBST,1,0.01
2,23152(A) VC DUI-ALCOHOL/DRUGS -> 11357(B)HS POSS -28.5GR MARIJ,1,0.01
2,23152(A) VC DUI-ALCOHOL/DRUGS -> 11377(A)HS POSS AMPHETAMINES,1,0.01
2,23152(A) VC DUI-ALCOHOL/DRUGS -> 1203.2 PC VIOLATION OF PROBATI,1,0.01
2,23152(A) VC DUI-ALCOHOL/DRUGS -> 212.5(A)ROBBERY-INHAB DWELLING,1,0.01
2,23152(A) VC DUI-ALCOHOL/DRUGS -> 242 PC  BATTERY CIVILIAN,1,0.01
2,23152(A) VC DUI-ALCOHOL/DRUGS -> 243(D) PC BATT/CIVILIAN W/INJ,1,0.01
2,23152(A) VC DUI-ALCOHOL/DRUGS -> 459 PC  BURGLARY BUSINESS,1,0.01
2,23152(A) VC DUI-ALCOHOL/DRUGS -> 459 PC  BURGLARY RESIDENCE,1,0.01
2,23152(A) VC DUI-ALCOHOL/DRUGS -> 484 PC  PETTY THEFT/ OUTSIDE,1,0.01
2,23152(A) VC DUI-ALCOHOL/DRUGS -> 484 PETTY THEFT-SHOPLIFT,1,0.01
2,23152(A) VC DUI-ALCOHOL/DRUGS -> 487(A) PC GRAND THEFT,1,0.01
2,23152(A) VC DUI-ALCOHOL/DRUGS -> 647(B) PC   PROSTITUTION,1,0.01
2,23152(A) VC DUI-ALCOHOL/DRUGS -> ASSAULT WITH WEAPON - I RPT,1,0.01
2,23152(A) VC DUI-ALCOHOL/DRUGS -> MISSING PERSON,1,0.01
2,23152(A) VC DUI-ALCOHOL/DRUGS -> TOWED/STORED VEHICLE,1,0.01
2,23153(A) VC DUI CAUSE INJURY -> 11359 HS POSS FOR SALE MARIJ,1,0.01
2,23153(A) VC DUI CAUSE INJURY -> 459 PC  BURGLARY VEHICLE,1,0.01
2,23153(A) VC DUI CAUSE INJURY -> 653M(B) PC ANNOY/RPT CALL HOME,1,0.01
2,23153(A) VC DUI CAUSE INJURY -> THREATS - I RPT,1,0.01
2,23153(A) VC DUI CAUSE INJURY -> TRAFFIC-ACCIDENT INJURY,1,0.01
2,23222(B)POSSESS MARIJ IN VEH -> 10851(A)VC TAKE VEH W/O OWNER,1,0.01
2,23222(B)POSSESS MARIJ IN VEH -> 530.5 PC USE PERSONAL ID INFO,1,0.01
2,23550.5 VC 4+DUI IN 10 YEARS -> 10851(A)VC TAKE VEH W/O OWNER,1,0.01
2,23550.5 VC 4+DUI IN 10 YEARS -> 594(B)(2)(A)VANDALISM GRAF-400,1,0.01
2,242 PC  BATTERY CIVILIAN -> 11350(A)HS POSS CNTRL SUBST,1,0.01
2,242 PC  BATTERY CIVILIAN -> 11377(A)HS POSS AMPHETAMINES,1,0.01
2,242 PC  BATTERY CIVILIAN -> 11378 HS POSS/SALE AMPHETAMINE,1,0.01
2,242 PC  BATTERY CIVILIAN -> 20002(A) HIT/RUN,1,0.01
2,242 PC  BATTERY CIVILIAN -> 211 PC ROBBERY- BUSINESS,1,0.01
2,242 PC  BATTERY CIVILIAN -> 242 PC  BATTERY CIVILIAN,1,0.01
2,242 PC  BATTERY CIVILIAN -> 243.4(E)(1)TOUCH FOR SEX PLEAS,1,0.01
2,242 PC  BATTERY CIVILIAN -> 2800.2(A) VC EVADING/RECKLESS,1,0.01
2,242 PC  BATTERY CIVILIAN -> 3056 PAROLE VIO - I RPT,1,0.01
2,242 PC  BATTERY CIVILIAN -> 459 PC  BURGLARY BUSINESS,1,0.01
2,242 PC  BATTERY CIVILIAN -> 459 PC  BURGLARY RESIDENCE,1,0.01
2,242 PC  BATTERY CIVILIAN -> 459 PC  BURGLARY VEHICLE,1,0.01
2,242 PC  BATTERY CIVILIAN -> 484 PC   PETTY THEFT/INSIDE,1,0.01
2,242 PC  BATTERY CIVILIAN -> 484 PC PETTY THEFT,1,0.01
2,242 PC  BATTERY CIVILIAN -> 484 PETTY THEFT-SHOPLIFT,1,0.01
2,242 PC  BATTERY CIVILIAN -> 484G(B) PC ACCESS CARD FRAUD,1,0.01
2,242 PC  BATTERY CIVILIAN -> 487(D)GRAND THEFT FIREARM/ANIM,1,0.01
2,242 PC  BATTERY CIVILIAN -> 594(B)(2)(A) VANDALISM/ -$400,1,0.01
2,242 PC  BATTERY CIVILIAN -> 647(B) PC   PROSTITUTION,1,0.01
2,242 PC  BATTERY CIVILIAN -> 653M(B) PC ANNOY/RPT CALL HOME,1,0.01
2,242 PC  BATTERY CIVILIAN -> 666 PC PETTY THEFT W/PRI CONV,1,0.01
2,242 PC  BATTERY CIVILIAN -> ASSAULT WITH WEAPON - I RPT,1,0.01
2,242 PC  BATTERY CIVILIAN -> BATTERY - I RPT,1,0.01
2,242 PC  BATTERY CIVILIAN -> HIT AND RUN /SUSPECTS- I RPT,1,0.01
2,242 PC  BATTERY CIVILIAN -> MISSING PERSON,1,0.01
2,242 PC  BATTERY CIVILIAN -> PROTECTIVE CUSTODY-I RPT,1,0.01
2,242 PC  BATTERY CIVILIAN -> TOWED/STORED VEHICLE,1,0.01
2,243(B) BATTERY DR/NURSE/EMERG -> 459 PC  BURGLARY VEHICLE,1,0.01
2,243(B) BATTERY DR/NURSE/EMERG -> 484 PC   THEFT-LIC PLATE TABS,1,0.01
2,243(B) BATTERY DR/NURSE/EMERG -> 594(B)(2)(A) VANDALISM/ -$400,1,0.01
2,243(B) BATTERY DR/NURSE/EMERG -> MISSING PERSON,1,0.01
2,243(B) PC  BATTERY - OFFICER -> 10851 VC AUTO THEFT LOCATE,1,0.01
2,243(B) PC  BATTERY - OFFICER -> 242 PC  BATTERY CIVILIAN,1,0.01
2,243(D) PC BATT/CIVILIAN W/INJ -> 10851 VC AUTO THEFT LOCATE,1,0.01
2,243(D) PC BATT/CIVILIAN W/INJ -> 484 PETTY THEFT-SHOPLIFT,1,0.01
2,243(D) PC BATT/CIVILIAN W/INJ -> 647(B) PC   PROSTITUTION,1,0.01
2,243(E)1 BATTERY NONCOHAB SPOUS -> 10851 VC AUTO THEFT LOCATE,1,0.01
2,243(E)1 BATTERY NONCOHAB SPOUS -> 211 PC ROBBERY- BUSINESS,1,0.01
2,243(E)1 BATTERY NONCOHAB SPOUS -> 459 PC  BURGLARY VEHICLE,1,0.01
2,243(E)1 BATTERY NONCOHAB SPOUS -> 459 PC  BURGLARY-UNSPECIFIED,1,0.01
2,243(E)1 BATTERY NONCOHAB SPOUS -> 484 PETTY THEFT-SHOPLIFT,1,0.01
2,243(E)1 BATTERY NONCOHAB SPOUS -> 487(A) GRAND THEFT-CLOUT-UNLOC,1,0.01
2,243(E)1 BATTERY NONCOHAB SPOUS -> ASSAULT WITH WEAPON - I RPT,1,0.01
2,243(E)1 BATTERY NONCOHAB SPOUS -> MISSING PERSON,1,0.01
2,243(E)1 BATTERY NONCOHAB SPOUS -> TOWED/STORED VEH-14602.6,1,0.01
2,243(E)1 BATTERY NONCOHAB SPOUS -> TRAFFIC-ACCIDENT-NON INJURY,1,0.01
2,245(A)(1)AWDW/NO FIREARM/CIVIL -> 11377(A)HS POSS AMPHETAMINES,1,0.01
2,245(A)(1)AWDW/NO FIREARM/CIVIL -> 242 PC  BATTERY CIVILIAN,1,0.01
2,245(A)(1)AWDW/NO FIREARM/CIVIL -> 246 PC SHOOT OCCUP DWELL/VEH,1,0.01
2,245(A)(1)AWDW/NO FIREARM/CIVIL -> 3056 PAROLE VIO - I RPT,1,0.01
2,245(A)(1)AWDW/NO FIREARM/CIVIL -> 459 PC  BURGLARY BUSINESS,1,0.01
2,245(A)(1)AWDW/NO FIREARM/CIVIL -> 484 PETTY THEFT/LICENSE PLATE,1,0.01
2,245(A)(1)AWDW/NO FIREARM/CIVIL -> 484G(B) PC ACCESS CARD FRAUD,1,0.01
2,245(A)(1)AWDW/NO FIREARM/CIVIL -> 530.5 PC USE PERSONAL ID INFO,1,0.01
2,245(A)(1)AWDW/NO FIREARM/CIVIL -> TOWED/STORED VEHICLE,1,0.01
2,245(A)(2) AWDW/FIREARM/CIVILIA -> 10851(A)VC TAKE VEH W/O OWNER,1,0.01
2,245(A)(2) AWDW/FIREARM/CIVILIA -> 459 PC  BURGLARY RESIDENCE,1,0.01
2,245(A)(2) AWDW/FIREARM/CIVILIA -> 459 PC  BURGLARY VEHICLE,1,0.01
2,245(A)(2) AWDW/FIREARM/CIVILIA -> TRAFFIC-ACCIDENT-NON INJURY,1,0.01
2,246 PC SHOOT OCCUP DWELL/VEH -> 10851(A)VC TAKE VEH W/O OWNER,1,0.01
2,246 PC SHOOT OCCUP DWELL/VEH -> 20002(A) HIT/RUN,1,0.01
2,246.3 PC NEGL DISCH FIREARM -> 11351.5 HS POSS SALE RCK COCAI,1,0.01
2,246.3 PC NEGL DISCH FIREARM -> 243(E)1 BATTERY NONCOHAB SPOUS,1,0.01
2,246.3 PC NEGL DISCH FIREARM -> CASUALTY REPORT,1,0.01
2,273.6(A) PC VIO DV COURT ORDER -> 10851(A)VC TAKE VEH W/O OWNER,1,0.01
2,273.6(A) PC VIO DV COURT ORDER -> 11364 HS POSS DRUG PARAPH,1,0.01
2,273.6(A) PC VIO DV COURT ORDER -> ACCIDENTAL FIRES/ARSON -I RPT,1,0.01
2,273.6(A) PC VIO DV COURT ORDER -> CHILD WELFARE - I RPT,1,0.01
2,273.6(A) PC VIO DV COURT ORDER -> MISSING PERSON,1,0.01
2,273.6(A) PC VIO DV COURT ORDER -> TOWED/STORED VEH-14602.6,1,0.01
2,273.6(A) PC VIO DV COURT ORDER -> TRAFFIC-ACCIDENT-NON INJURY,1,0.01
2,2800.2(A) VC EVADING/RECKLESS -> 10851(A)VC TAKE VEH W/O OWNER,1,0.01
2,2800.2(A) VC EVADING/RECKLESS -> 20002(A) HIT/RUN,1,0.01
2,2800.2(A) VC EVADING/RECKLESS -> 459 PC  BURGLARY RESIDENCE,1,0.01
2,2800.2(A) VC EVADING/RECKLESS -> 484 PETTY THEFT-SHOPLIFT,1,0.01
2,2800.2(A) VC EVADING/RECKLESS -> MISSING PERSON,1,0.01
2,290(A)(1)(D) FAIL TO REG-5 DAY -> MISSING PERSON,1,0.01
2,290(A)(1)(D) FAIL TO REG-5 DAY -> THREATS - I RPT,1,0.01
2,290(A)(1)(D) FAIL TO REG-5 DAY -> TOWED/STORED VEHICLE,1,0.01
2,290(F)1 W/I 5 DAYS ADD CHANGE -> 417(A)1) PC BRANDISH NON-GUN,1,0.01
2,290(F)1 W/I 5 DAYS ADD CHANGE -> 459 PC  BURGLARY RESIDENCE,1,0.01
2,290(F)1 W/I 5 DAYS ADD CHANGE -> 5150 WI DANGER SELF/OTHERS,1,0.01
2,3056 PAROLE VIO - I RPT -> 10851 VC AUTO THEFT LOCATE,1,0.01
2,3056 PAROLE VIO - I RPT -> 12020(A)1) PROHIBITED FIREARM,1,0.01
2,3056 PAROLE VIO - I RPT -> 211 PC  ROBBERY UNSPECIFIED,1,0.01
2,3056 PAROLE VIO - I RPT -> 211 PC ROBBERY- BUSINESS,1,0.01
2,3056 PAROLE VIO - I RPT -> 246 PC SHOOT OCCUP DWELL/VEH,1,0.01
2,3056 PAROLE VIO - I RPT -> 459 PC  BURGLARY BUSINESS,1,0.01
2,3056 PAROLE VIO - I RPT -> 594(B)(1)PC  VANDALISM +$400,1,0.01
2,3056 PAROLE VIO - I RPT -> ASSAULT WITH WEAPON - I RPT,1,0.01
2,3056 PAROLE VIO - I RPT -> NARCOTICS SUSP/EVID/ACT- I RPT,1,0.01
2,3056 PAROLE VIO - I RPT -> TOWED/STORED VEHICLE,1,0.01
2,368(D) THEFT-ELDER >400 -> 459 PC  BURGLARY RESIDENCE,1,0.01
2,4140 BP  POSS OF HYPO NEEDLE -> 10851(A)VC TAKE VEH W/O OWNER,1,0.01
2,4140 BP  POSS OF HYPO NEEDLE -> 245(A)(1)AWDW/NO FIREARM/CIVIL,1,0.01
2,4140 BP  POSS OF HYPO NEEDLE -> 476 PC PASS FICTICIOUS CHECK,1,0.01
2,4140 BP  POSS OF HYPO NEEDLE -> 508 PC   EMBEZZLEMENT/EMPLOYEE,1,0.01
2,4140 BP  POSS OF HYPO NEEDLE -> TRESPASS OR PROWLER- I RPT,1,0.01
2,417(A)1) PC BRANDISH NON-GUN -> 484 PC PETTY THEFT,1,0.01
2,417(A)1) PC BRANDISH NON-GUN -> 484 PETTY THEFT-SHOPLIFT,1,0.01
2,422 PC THREAT/INTENT TO TERROR -> 1203.2 PC VIOLATION OF PROBATI,1,0.01
2,422 PC THREAT/INTENT TO TERROR -> 4140 BP  POSS OF HYPO NEEDLE,1,0.01
2,422 PC THREAT/INTENT TO TERROR -> 476 PC PASS FICTICIOUS CHECK,1,0.01
2,422 PC THREAT/INTENT TO TERROR -> 484 PETTY THEFT-SHOPLIFT,1,0.01
2,422 PC THREAT/INTENT TO TERROR -> NON INJ HR/MAIL OUT REPORT,1,0.01
2,422 PC THREAT/INTENT TO TERROR -> TRAFFIC-ACCIDENT INJURY,1,0.01
2,451(B) PC ARSON OF INHAB STRUC -> MISSING PERSON,1,0.01
2,451(B) PC ARSON OF INHAB STRUC -> TOWED/STORED VEH-14602.6,1,0.01
2,451(D) PC  ARSON OF PROPERTY -> 10851 VC AUTO THEFT LOCATE,1,0.01
2,451(D) PC  ARSON OF PROPERTY -> 11377(A)HS POSS AMPHETAMINES,1,0.01
2,451(D) PC  ARSON OF PROPERTY -> 484 PC PETTY THEFT,1,0.01
2,451(D) PC  ARSON OF PROPERTY -> 484 PETTY THEFT/LICENSE PLATE,1,0.01
2,451(D) PC  ARSON OF PROPERTY -> 530.5 PC USE PERSONAL ID INFO,1,0.01
2,451(D) PC  ARSON OF PROPERTY -> PETTY THEFT - I RPT,1,0.01
2,451(D) PC  ARSON OF PROPERTY -> TOWED/STORED VEHICLE,1,0.01
2,459 PC  BURGLARY BUSINESS -> 10851(A)VC TAKE VEH W/O OWNER,1,0.01
2,459 PC  BURGLARY BUSINESS -> 11351.5 HS POSS SALE RCK COCAI,1,0.01
2,459 PC  BURGLARY BUSINESS -> 11357(B)HS POSS -28.5GR MARIJ,1,0.01
2,459 PC  BURGLARY BUSINESS -> 11377(A)HS POSS AMPHETAMINES,1,0.01
2,459 PC  BURGLARY BUSINESS -> 12020(A)(4) PC DIRK/DAGGER,1,0.01
2,459 PC  BURGLARY BUSINESS -> 459 PC  BURGLARY BUSINESS,1,0.01
2,459 PC  BURGLARY BUSINESS -> 459 PC  BURGLARY VEHICLE,1,0.01
2,459 PC  BURGLARY BUSINESS -> 484 PC   PETTY THEFT/INSIDE,1,0.01
2,459 PC  BURGLARY BUSINESS -> 484 PC PETTY THEFT,1,0.01
2,459 PC  BURGLARY BUSINESS -> 484 PETTY THEFT-SHOPLIFT,1,0.01
2,459 PC  BURGLARY BUSINESS -> 484G(B) PC ACCESS CARD FRAUD,1,0.01
2,459 PC  BURGLARY BUSINESS -> 487(A) PC GRAND THEFT,1,0.01
2,459 PC  BURGLARY BUSINESS -> 503 PC   EMBEZZLEMENT,1,0.01
2,459 PC  BURGLARY BUSINESS -> 647(A) PC LEWD CONDUCT,1,0.01
2,459 PC  BURGLARY BUSINESS -> O/S AGENCY -ASSISTANCE- I RPT,1,0.01
2,459 PC  BURGLARY BUSINESS -> SUSP PERS-NO CRIME - I RPT,1,0.01
2,459 PC  BURGLARY BUSINESS -> THREATS - I RPT,1,0.01
2,459 PC  BURGLARY BUSINESS -> TOWED/STORED VEH-14602.6,1,0.01
2,459 PC  BURGLARY BUSINESS -> TOWED/STORED VEHICLE,1,0.01
2,459 PC  BURGLARY RESIDENCE -> 11364 HS POSS DRUG PARAPH,1,0.01
2,459 PC  BURGLARY RESIDENCE -> 211 PC  ROBBERY UNSPECIFIED,1,0.01
2,459 PC  BURGLARY RESIDENCE -> 243(E)1 BATTERY NONCOHAB SPOUS,1,0.01
2,459 PC  BURGLARY RESIDENCE -> 243.4(E)(1)TOUCH FOR SEX PLEAS,1,0.01
2,459 PC  BURGLARY RESIDENCE -> 484 PC  PETTY THEFT/ OUTSIDE,1,0.01
2,459 PC  BURGLARY RESIDENCE -> 484 PETTY THEFT CLOUT UNLOCKED,1,0.01
2,459 PC  BURGLARY RESIDENCE -> 484 PETTY THEFT/LICENSE PLATE,1,0.01
2,459 PC  BURGLARY RESIDENCE -> 484J PC PUBLISH CARD INFO,1,0.01
2,459 PC  BURGLARY RESIDENCE -> 487(A) GRAND THEFT-AUTO PARTS,1,0.01
2,459 PC  BURGLARY RESIDENCE -> 496(A) RECEIVE STOLEN PROPERTY,1,0.01
2,459 PC  BURGLARY RESIDENCE -> 5150 WI DANGER SELF/OTHERS,1,0.01
2,459 PC  BURGLARY RESIDENCE -> 529 PC FALSE PERSONATION,1,0.01
2,459 PC  BURGLARY RESIDENCE -> 594(B)(1)PC  VANDALISM +$400,1,0.01
2,459 PC  BURGLARY RESIDENCE -> 647(F) PC DIP - DISORDERLY,1,0.01
2,459 PC  BURGLARY RESIDENCE -> BATTERY - I RPT,1,0.01
2,459 PC  BURGLARY RESIDENCE -> FOUND PROPERTY - I RPT,1,0.01
2,459 PC  BURGLARY RESIDENCE -> MISCELLANEOUS I RPT (ZMISC),1,0.01
2,459 PC  BURGLARY RESIDENCE -> MISSING PERSON I RPT,1,0.01
2,459 PC  BURGLARY RESIDENCE -> NARCOTICS SUSP/EVID/ACT- I RPT,1,0.01
2,459 PC  BURGLARY RESIDENCE -> PERSON INFORMATION - I RPT,1,0.01
2,459 PC  BURGLARY RESIDENCE -> SUSP PERS-NO CRIME - I RPT,1,0.01
2,459 PC  BURGLARY RESIDENCE -> TRAFFIC - I RPT,1,0.01
2,459 PC  BURGLARY RESIDENCE -> TRAFFIC-ACCIDENT INJURY,1,0.01
2,459 PC  BURGLARY VEHICLE -> 10853 VC MALIC MISCHIEF TO VEH,1,0.01
2,459 PC  BURGLARY VEHICLE -> 11377(A)HS POSS AMPHETAMINES,1,0.01
2,459 PC  BURGLARY VEHICLE -> 12020(A)(4) PC DIRK/DAGGER,1,0.01
2,459 PC  BURGLARY VEHICLE -> 20002(A) HIT/RUN,1,0.01
2,459 PC  BURGLARY VEHICLE -> 211 PC ROBBERY-PURSE SNATCH,1,0.01
2,459 PC  BURGLARY VEHICLE -> 243(E)1 BATTERY NONCOHAB SPOUS,1,0.01
2,459 PC  BURGLARY VEHICLE -> 4140 BP  POSS OF HYPO NEEDLE,1,0.01
2,459 PC  BURGLARY VEHICLE -> 417(A)1) PC BRANDISH NON-GUN,1,0.01
2,459 PC  BURGLARY VEHICLE -> 459 PC  BURGLARY-UNSPECIFIED,1,0.01
2,459 PC  BURGLARY VEHICLE -> 476 PC PASS FICTICIOUS CHECK,1,0.01
2,459 PC  BURGLARY VEHICLE -> 484 PC   PETTY THEFT/INSIDE,1,0.01
2,459 PC  BURGLARY VEHICLE -> 484 PETTY THEFT CLOUT UNLOCKED,1,0.01
2,459 PC  BURGLARY VEHICLE -> 487(A) GRAND THEFT-INSIDE,1,0.01
2,459 PC  BURGLARY VEHICLE -> 594(B)(2)(A) VANDALISM/ -$400,1,0.01
2,459 PC  BURGLARY VEHICLE -> 647(F) PC DIP - DISORDERLY,1,0.01
2,459 PC  BURGLARY VEHICLE -> 653M(B) PC ANNOY/RPT CALL HOME,1,0.01
2,459 PC  BURGLARY VEHICLE -> 9.04.050 A DRINKING IN PUBLIC,1,0.01
2,459 PC  BURGLARY VEHICLE -> 9.40.020(A) JUVENILE CURFEW,1,0.01
2,459 PC  BURGLARY VEHICLE -> BATTERY - I RPT,1,0.01
2,459 PC  BURGLARY VEHICLE -> FOUND PROPERTY - I RPT,1,0.01
2,459 PC  BURGLARY VEHICLE -> LOST PROPERTY - I RPT,1,0.01
2,459 PC  BURGLARY VEHICLE -> MISCELLANEOUS I RPT (ZMISC),1,0.01
2,459 PC  BURGLARY VEHICLE -> MISSING PERSON,1,0.01
2,459 PC  BURGLARY VEHICLE -> SUSP PERS-NO CRIME - I RPT,1,0.01
2,459 PC  BURGLARY VEHICLE -> TOWED/STORED VEHICLE,1,0.01
2,459 PC  BURGLARY VEHICLE -> TRAFFIC-ACCIDENT INJURY,1,0.01
2,459 PC  BURGLARY VEHICLE -> TRESPASS OR PROWLER- I RPT,1,0.01
2,459 PC  BURGLARY-UNSPECIFIED -> 11350(A)HS POSS CNTRL SUBST,1,0.01
2,459 PC  BURGLARY-UNSPECIFIED -> 484G(B) PC ACCESS CARD FRAUD,1,0.01
2,459 PC  BURGLARY-UNSPECIFIED -> 487(A) PC GRAND THEFT-SHOPLIFT,1,0.01
2,466 PC   POSS OF BURG TOOLS -> 10851(A)VC TAKE VEH W/O OWNER,1,0.01
2,466 PC   POSS OF BURG TOOLS -> 476 PC PASS FICTICIOUS CHECK,1,0.01
2,475(C) PASS FORGED NOTE -> NON INJ HR/MAIL OUT REPORT,1,0.01
2,475(C) PASS FORGED NOTE -> TRAFFIC-ACCIDENT INJURY,1,0.01
2,484 PC   PETTY THEFT/INSIDE -> 10851 VC AUTO THEFT LOCATE,1,0.01
2,484 PC   PETTY THEFT/INSIDE -> 10851(A)VC TAKE VEH W/O OWNER,1,0.01
2,484 PC   PETTY THEFT/INSIDE -> 11378 HS POSS CNTRL SUB/SALE,1,0.01
2,484 PC   PETTY THEFT/INSIDE -> 23152(A) VC DUI-ALCOHOL/DRUGS,1,0.01
2,484 PC   PETTY THEFT/INSIDE -> 368(D) THEFT-ELDER >400,1,0.01
2,484 PC   PETTY THEFT/INSIDE -> 451(B) PC ARSON OF INHAB STRUC,1,0.01
2,484 PC   PETTY THEFT/INSIDE -> 451(D) PC  ARSON OF PROPERTY,1,0.01
2,484 PC   PETTY THEFT/INSIDE -> 459 PC  BURGLARY RESIDENCE,1,0.01
2,484 PC   PETTY THEFT/INSIDE -> 484 PC   PETTY THEFT/INSIDE,1,0.01
2,484 PC   PETTY THEFT/INSIDE -> 484 PETTY THEFT-SHOPLIFT,1,0.01
2,484 PC   PETTY THEFT/INSIDE -> 484J PC PUBLISH CARD INFO,1,0.01
2,484 PC   PETTY THEFT/INSIDE -> 487(A) PC GRAND THEFT,1,0.01
2,484 PC   PETTY THEFT/INSIDE -> 666 PC PETTY THEFT W/PRI CONV,1,0.01
2,484 PC   PETTY THEFT/INSIDE -> CASUALTY REPORT,1,0.01
2,484 PC   PETTY THEFT/INSIDE -> TOWED/STORED VEH-14602.6,1,0.01
2,484 PC   THEFT-LIC PLATE TABS -> 10851(A)VC TAKE VEH W/O OWNER,1,0.01
2,484 PC   THEFT-LIC PLATE TABS -> 459 PC  BURGLARY BUSINESS,1,0.01
2,484 PC   THEFT-LIC PLATE TABS -> 594(B)(2)(A) VANDALISM/ -$400,1,0.01
2,484 PC   THEFT-LIC PLATE TABS -> 647(B) PC   PROSTITUTION,1,0.01
2,484 PC   THEFT-LIC PLATE TABS -> TRAFFIC-ACCIDENT INJURY,1,0.01
2,484 PC  PETTY THEFT AUTO PART -> 466 PC   POSS OF BURG TOOLS,1,0.01
2,484 PC  PETTY THEFT/ OUTSIDE -> 10851(A)VC TAKE VEH W/O OWNER,1,0.01
2,484 PC  PETTY THEFT/ OUTSIDE -> 23152(A) VC DUI-ALCOHOL/DRUGS,1,0.01
2,484 PC  PETTY THEFT/ OUTSIDE -> 459 PC  BURGLARY RESIDENCE,1,0.01
2,484 PC  PETTY THEFT/ OUTSIDE -> 484 PC PETTY THEFT,1,0.01
2,484 PC  PETTY THEFT/ OUTSIDE -> 496(A) RECEIVE STOLEN PROPERTY,1,0.01
2,484 PC  PETTY THEFT/ OUTSIDE -> CHILD WELFARE - I RPT,1,0.01
2,484 PC  PETTY THEFT/ OUTSIDE -> TOWED/STORED VEH-14602.6,1,0.01
2,484 PC  PETTY THEFT/ OUTSIDE -> TRAFFIC-ACCIDENT INJURY,1,0.01
2,484 PC PETTY THEFT -> 10851(A)VC TAKE VEH W/O OWNER,1,0.01
2,484 PC PETTY THEFT -> 12020(A)1) PROHIBITED FIREARM,1,0.01
2,484 PC PETTY THEFT -> 211 PC ROBBERY- BUSINESS,1,0.01
2,484 PC PETTY THEFT -> 368(D) THEFT-ELDER >400,1,0.01
2,484 PC PETTY THEFT -> 459 PC  BURGLARY BUSINESS,1,0.01
2,484 PC PETTY THEFT -> 459 PC  BURGLARY VEHICLE,1,0.01
2,484 PC PETTY THEFT -> 484 PC   PETTY THEFT/INSIDE,1,0.01
2,484 PC PETTY THEFT -> 484 PETTY THEFT-SHOPLIFT,1,0.01
2,484 PC PETTY THEFT -> 594(B)(2)(A) VANDALISM/ -$400,1,0.01
2,484 PC PETTY THEFT -> LOST PROPERTY - I RPT,1,0.01
2,484 PC PETTY THEFT -> MISSING PERSON,1,0.01
2,484 PC PETTY THEFT -> NON INJ HR/MAIL OUT REPORT,1,0.01
2,484 PETTY THEFT-SHOPLIFT -> 11378 HS POSS/SALE AMPHETAMINE,1,0.01
2,484 PETTY THEFT-SHOPLIFT -> 242 PC  BATTERY CIVILIAN,1,0.01
2,484 PETTY THEFT-SHOPLIFT -> 459 PC  BURGLARY BUSINESS,1,0.01
2,484 PETTY THEFT-SHOPLIFT -> 484 PC   PETTY THEFT/INSIDE,1,0.01
2,484 PETTY THEFT-SHOPLIFT -> 487(A) GRAND THEFT-INSIDE,1,0.01
2,484 PETTY THEFT-SHOPLIFT -> 594(B)(1)PC  VANDALISM +$400,1,0.01
2,484 PETTY THEFT-SHOPLIFT -> FOUND PROPERTY - I RPT,1,0.01
2,484 PETTY THEFT-SHOPLIFT -> LOST PROPERTY - I RPT,1,0.01
2,484 PETTY THEFT-SHOPLIFT -> PERSON INFORMATION - I RPT,1,0.01
2,484 PETTY THEFT-SHOPLIFT -> TOWED/STORED VEH-14602.6,1,0.01
2,484 PETTY THEFT-SHOPLIFT -> TOWED/STORED VEHICLE,1,0.01
2,484 PETTY THEFT/LICENSE PLATE -> 11350(A)HS POSS CNTRL SUBST,1,0.01
2,484 PETTY THEFT/LICENSE PLATE -> 11364 HS POSS DRUG PARAPH,1,0.01
2,484 PETTY THEFT/LICENSE PLATE -> 211 PC ROBBERY-PURSE SNATCH,1,0.01
2,484 PETTY THEFT/LICENSE PLATE -> 246 PC SHOOT OCCUP DWELL/VEH,1,0.01
2,484 PETTY THEFT/LICENSE PLATE -> 3056 PAROLE VIO - I RPT,1,0.01
2,484 PETTY THEFT/LICENSE PLATE -> 3056 PC PAROLE VIOLATION,1,0.01
2,484 PETTY THEFT/LICENSE PLATE -> 459 PC  BURGLARY BUSINESS,1,0.01
2,484 PETTY THEFT/LICENSE PLATE -> 484 PC   PETTY THEFT/INSIDE,1,0.01
2,484 PETTY THEFT/LICENSE PLATE -> 484 PETTY THEFT-SHOPLIFT,1,0.01
2,484 PETTY THEFT/LICENSE PLATE -> 503 PC   EMBEZZLEMENT,1,0.01
2,484 PETTY THEFT/LICENSE PLATE -> FOUND PROPERTY - I RPT,1,0.01
2,484 PETTY THEFT/LICENSE PLATE -> GANG ACTIVITY - I RPT,1,0.01
2,484 PETTY THEFT/LICENSE PLATE -> MISCELLANEOUS I RPT (ZMISC),1,0.01
2,484 PETTY THEFT/LICENSE PLATE -> NARCOTICS SUSP/EVID/ACT- I RPT,1,0.01
2,484 PETTY THEFT/LICENSE PLATE -> TOWED/STORED VEH-14602.6,1,0.01
2,484 PETTY THEFT/LICENSE PLATE -> TOWED/STORED VEHICLE,1,0.01
2,484E(A)PC THEFT OF CREDIT CARD -> 10851 VC AUTO THEFT LOCATE,1,0.01
2,484E(A)PC THEFT OF CREDIT CARD -> 20002(A) HIT/RUN,1,0.01
2,484E(A)PC THEFT OF CREDIT CARD -> MISCELLANEOUS I RPT (ZMISC),1,0.01
2,484G(B) PC ACCESS CARD FRAUD -> 11364 HS POSS DRUG PARAPH,1,0.01
2,484G(B) PC ACCESS CARD FRAUD -> 11377(A)HS POSS AMPHETAMINES,1,0.01
2,484G(B) PC ACCESS CARD FRAUD -> 459 PC  BURGLARY-UNSPECIFIED,1,0.01
2,484G(B) PC ACCESS CARD FRAUD -> 484 PC   PETTY THEFT/INSIDE,1,0.01
2,484G(B) PC ACCESS CARD FRAUD -> 594(B)(2)(A) VANDALISM/ -$400,1,0.01
2,484G(B) PC ACCESS CARD FRAUD -> 647(A) PC LEWD CONDUCT,1,0.01
2,484G(B) PC ACCESS CARD FRAUD -> HIT AND RUN /SUSPECTS- I RPT,1,0.01
2,484G(B) PC ACCESS CARD FRAUD -> LOST PROPERTY - I RPT,1,0.01
2,484G(B) PC ACCESS CARD FRAUD -> THREATS - I RPT,1,0.01
2,484G(B) PC ACCESS CARD FRAUD -> TOWED/STORED VEH-14602.6,1,0.01
2,484G(B) PC ACCESS CARD FRAUD -> TOWED/STORED VEHICLE,1,0.01
2,484J PC PUBLISH CARD INFO -> 459 PC  BURGLARY RESIDENCE,1,0.01
2,487(A) GRAND THEFT-AUTO PARTS -> 10851(A)VC TAKE VEH W/O OWNER,1,0.01
2,487(A) GRAND THEFT-AUTO PARTS -> TOWED/STORED VEH-14602.6,1,0.01
2,487(A) GRAND THEFT-INSIDE -> 10851(A)VC TAKE VEH W/O OWNER,1,0.01
2,487(A) GRAND THEFT-INSIDE -> 11364 HS POSS DRUG PARAPH,1,0.01
2,487(A) GRAND THEFT-INSIDE -> 23222(B)POSSESS MARIJ IN VEH,1,0.01
2,487(A) GRAND THEFT-INSIDE -> 484 PC   PETTY THEFT/INSIDE,1,0.01
2,487(A) GRAND THEFT-INSIDE -> 484 PETTY THEFT-SHOPLIFT,1,0.01
2,487(A) GRAND THEFT-INSIDE -> 594(B)(2)(A) VANDALISM/ -$400,1,0.01
2,487(A) GRAND THEFT-INSIDE -> 647(B) PC   PROSTITUTION,1,0.01
2,487(A) GRAND THEFT-INSIDE -> 666 PC PETTY THEFT W/PRI CONV,1,0.01
2,487(A) GRAND THEFT-INSIDE -> TOWED/STORED VEH-14602.6,1,0.01
2,487(A) GRAND THEFT-INSIDE -> TRAFFIC-ACCIDENT INJURY,1,0.01
2,487(A) PC GRAND THEFT -> 10851 VC AUTO THEFT LOCATE,1,0.01
2,487(A) PC GRAND THEFT -> 11364 HS POSS DRUG PARAPH,1,0.01
2,487(A) PC GRAND THEFT -> 242 PC  BATTERY CIVILIAN,1,0.01
2,487(A) PC GRAND THEFT -> 243.4(E)(1)TOUCH FOR SEX PLEAS,1,0.01
2,487(A) PC GRAND THEFT -> 459 PC  BURGLARY RESIDENCE,1,0.01
2,487(A) PC GRAND THEFT -> 594(B)(2)(A) VANDALISM/ -$400,1,0.01
2,487(A) PC GRAND THEFT -> LOST PROPERTY - I RPT,1,0.01
2,487(A) PC GRAND THEFT -> MISSING PERSON,1,0.01
2,487(A) PC GRAND THEFT -> TOWED/STORED VEH-14602.6,1,0.01
2,487(A) PC GRAND THEFT -> TOWED/STORED VEHICLE,1,0.01
2,487(A) PC GRAND THEFT -> TRAFFIC-ACCIDENT-NON INJURY,1,0.01
2,496(A) RECEIVE STOLEN PROPERTY -> 459 PC  BURGLARY RESIDENCE,1,0.01
2,496(A) RECEIVE STOLEN PROPERTY -> TOWED/STORED VEHICLE,1,0.01
2,5150 WI DANGER SELF/OTHERS -> 11377(A)HS POSS AMPHETAMINES,1,0.01
2,5150 WI DANGER SELF/OTHERS -> 12025(A)2)CONCL GUN ON PER/MSD,1,0.01
2,5150 WI DANGER SELF/OTHERS -> 1203.2 PC VIOLATION OF PROBATI,1,0.01
2,5150 WI DANGER SELF/OTHERS -> 20001(A) VC HIT/RUN INJ/DEATH,1,0.01
2,5150 WI DANGER SELF/OTHERS -> 23152(A) VC DUI-ALCOHOL/DRUGS,1,0.01
2,5150 WI DANGER SELF/OTHERS -> 243(E)1 BATTERY NONCOHAB SPOUS,1,0.01
2,5150 WI DANGER SELF/OTHERS -> 245(A)(2) AWDW/FIREARM/CIVILIA,1,0.01
2,5150 WI DANGER SELF/OTHERS -> 459 PC  BURGLARY BUSINESS,1,0.01
2,5150 WI DANGER SELF/OTHERS -> 459 PC  BURGLARY VEHICLE,1,0.01
2,5150 WI DANGER SELF/OTHERS -> 484 PC   PETTY THEFT/INSIDE,1,0.01
2,5150 WI DANGER SELF/OTHERS -> 484 PC  PETTY THEFT/ OUTSIDE,1,0.01
2,5150 WI DANGER SELF/OTHERS -> 484G(B) PC ACCESS CARD FRAUD,1,0.01
2,5150 WI DANGER SELF/OTHERS -> 484J PC PUBLISH CARD INFO,1,0.01
2,5150 WI DANGER SELF/OTHERS -> 5150 WI DANGER SELF/OTHERS,1,0.01
2,5150 WI DANGER SELF/OTHERS -> 594(B)(1)VANDALISM GRAF +$400,1,0.01
2,5150 WI DANGER SELF/OTHERS -> 647(F) PC DIP - DISORDERLY,1,0.01
2,5150 WI DANGER SELF/OTHERS -> ACCIDENTAL FIRES/ARSON -I RPT,1,0.01
2,5150 WI DANGER SELF/OTHERS -> FAMILY DISTURBANCE - I RPT,1,0.01
2,5150 WI DANGER SELF/OTHERS -> FOUND PROPERTY - I RPT,1,0.01
2,5150 WI DANGER SELF/OTHERS -> MISSING PERSON I RPT,1,0.01
2,5150 WI DANGER SELF/OTHERS -> NON INJ HR/MAIL OUT REPORT,1,0.01
2,5150 WI DANGER SELF/OTHERS -> TERRORIST THREATS - I RPT,1,0.01
2,5150 WI DANGER SELF/OTHERS -> TOWED/STORED VEHICLE,1,0.01
2,5150 WI DANGER SELF/OTHERS -> TRAFFIC - I RPT,1,0.01
2,5150 WI DANGER SELF/OTHERS -> TRESPASS OR PROWLER- I RPT,1,0.01
2,529 PC FALSE PERSONATION -> 1203.2 PC VIOLATION OF PROBATI,1,0.01
2,529 PC FALSE PERSONATION -> NON INJ HR/MAIL OUT REPORT,1,0.01
2,529 PC FALSE PERSONATION -> TRAFFIC - I RPT,1,0.01
2,530.5 PC USE PERSONAL ID INFO -> 10851(A)VC TAKE VEH W/O OWNER,1,0.01
2,530.5 PC USE PERSONAL ID INFO -> 11364 HS POSS DRUG PARAPH,1,0.01
2,530.5 PC USE PERSONAL ID INFO -> 451(B) PC ARSON OF INHAB STRUC,1,0.01
2,530.5 PC USE PERSONAL ID INFO -> 459 PC  BURGLARY BUSINESS,1,0.01
2,530.5 PC USE PERSONAL ID INFO -> 484 PC   PETTY THEFT/INSIDE,1,0.01
2,530.5 PC USE PERSONAL ID INFO -> 484 PETTY THEFT/LICENSE PLATE,1,0.01
2,530.5 PC USE PERSONAL ID INFO -> 530.5 PC USE PERSONAL ID INFO,1,0.01
2,530.5 PC USE PERSONAL ID INFO -> 647(A) PC LEWD CONDUCT,1,0.01
2,594(B)(1)PC  VANDALISM +$400 -> 10851 VC AUTO THEFT LOCATE,1,0.01
2,594(B)(1)PC  VANDALISM +$400 -> 484 PETTY THEFT-SHOPLIFT,1,0.01
2,594(B)(1)PC  VANDALISM +$400 -> 484G(B) PC ACCESS CARD FRAUD,1,0.01
2,594(B)(1)PC  VANDALISM +$400 -> 5150 WI DANGER SELF/OTHERS,1,0.01
2,594(B)(1)PC  VANDALISM +$400 -> 594(B)(1)PC  VANDALISM +$400,1,0.01
2,594(B)(1)PC  VANDALISM +$400 -> BATTERY - I RPT,1,0.01
2,594(B)(1)PC  VANDALISM +$400 -> FOUND EVIDENCE-NON NARC -I RPT,1,0.01
2,594(B)(1)PC  VANDALISM +$400 -> TRAFFIC-ACCIDENT INJURY,1,0.01
2,594(B)(1)VANDALISM GRAF +$400 -> 10851 VC AUTO THEFT LOCATE,1,0.01
2,594(B)(1)VANDALISM GRAF +$400 -> 20001(A) VC HIT/RUN INJ/DEATH,1,0.01
2,594(B)(1)VANDALISM GRAF +$400 -> 290(A)(1)(D) FAIL TO REG-5 DAY,1,0.01
2,594(B)(1)VANDALISM GRAF +$400 -> 3056 PAROLE VIO - I RPT,1,0.01
2,594(B)(1)VANDALISM GRAF +$400 -> MISSING PERSON,1,0.01
2,594(B)(1)VANDALISM GRAF +$400 -> THREATS - I RPT,1,0.01
2,594(B)(1)VANDALISM GRAF +$400 -> TRAFFIC-ACCIDENT-NON INJURY,1,0.01
2,594(B)(2)(A) VANDALISM/ -$400 -> 11350(B)HS POSSESS QUAALUDES,1,0.01
2,594(B)(2)(A) VANDALISM/ -$400 -> 211 PC  ROBBERY UNSPECIFIED,1,0.01
2,594(B)(2)(A) VANDALISM/ -$400 -> 476 PC PASS FICTICIOUS CHECK,1,0.01
2,594(B)(2)(A) VANDALISM/ -$400 -> 484 PC   PETTY THEFT/INSIDE,1,0.01
2,594(B)(2)(A) VANDALISM/ -$400 -> 529 PC FALSE PERSONATION,1,0.01
2,594(B)(2)(A) VANDALISM/ -$400 -> 594(B)(2)(A) VANDALISM/ -$400,1,0.01
2,594(B)(2)(A) VANDALISM/ -$400 -> 601(A) WI JUVENILE INCORRIGIBL,1,0.01
2,594(B)(2)(A) VANDALISM/ -$400 -> 647(F) PC DIP - DISORDERLY,1,0.01
2,594(B)(2)(A) VANDALISM/ -$400 -> 9.04.050 A DRINKING IN PUBLIC,1,0.01
2,594(B)(2)(A) VANDALISM/ -$400 -> CASUALTY REPORT,1,0.01
2,594(B)(2)(A) VANDALISM/ -$400 -> ELDER ABUSE/PHYS/MENTAL-I RPT,1,0.01
2,594(B)(2)(A) VANDALISM/ -$400 -> MISSING PERSON,1,0.01
2,594(B)(2)(A) VANDALISM/ -$400 -> NON INJ HR/MAIL OUT REPORT,1,0.01
2,594(B)(2)(A) VANDALISM/ -$400 -> O/S AGENCY -ASSISTANCE- I RPT,1,0.01
2,594(B)(2)(A) VANDALISM/ -$400 -> TOWED/STORED VEHICLE,1,0.01
2,594(B)(2)(A) VANDALISM/ -$400 -> TRAFFIC-ACCIDENT-NON INJURY,1,0.01
2,594(B)(2)(A)VANDALISM GRAF-400 -> 10851(A)VC TAKE VEH W/O OWNER,1,0.01
2,601(A) WI JUVENILE INCORRIGIBL -> LOST PROPERTY - I RPT,1,0.01
2,601(A) WI JUVENILE INCORRIGIBL -> MISSING PERSON,1,0.01
2,602.5 PC ENTRY OF PROPERTY -> 10851 VC AUTO THEFT LOCATE,1,0.01
2,602.5 PC ENTRY OF PROPERTY -> 484 PC PETTY THEFT,1,0.01
2,602.5 PC ENTRY OF PROPERTY -> HAZARDOUS SITUATION - I RPT,1,0.01
2,602.5 PC ENTRY OF PROPERTY -> NON INJ HR/MAIL OUT REPORT,1,0.01
2,602.5 PC ENTRY OF PROPERTY -> TRAFFIC-ACCIDENT INJURY,1,0.01
2,602.5 PC ENTRY OF PROPERTY -> TRAFFIC-ACCIDENT-NON INJURY,1,0.01
2,603  FORCED ENTRY/PROP DAMAGE -> 459 PC  BURGLARY RESIDENCE,1,0.01
2,647(B) PC   PROSTITUTION -> 10851 VC AUTO THEFT LOCATE,1,0.01
2,647(B) PC   PROSTITUTION -> 1203.2 PC VIOLATION OF PROBATI,1,0.01
2,647(B) PC   PROSTITUTION -> 459 PC  BURGLARY VEHICLE,1,0.01
2,647(B) PC   PROSTITUTION -> 484 PETTY THEFT-SHOPLIFT,1,0.01
2,647(B) PC   PROSTITUTION -> 666 PC PETTY THEFT W/PRI CONV,1,0.01
2,647(B) PC   PROSTITUTION -> MISCELLANEOUS I RPT (ZMISC),1,0.01
2,647(F) PC DIP - DISORDERLY -> 10851(A)VC TAKE VEH W/O OWNER,1,0.01
2,647(F) PC DIP - DISORDERLY -> 211 PC ROBBERY-PURSE SNATCH,1,0.01
2,647(F) PC DIP - DISORDERLY -> 459 PC  BURGLARY VEHICLE,1,0.01
2,647(F) PC DIP - DISORDERLY -> 530.5 PC USE PERSONAL ID INFO,1,0.01
2,647(F) PC DIP - DISORDERLY -> 594(B)(2)(A) VANDALISM/ -$400,1,0.01
2,647(F) PC DIP - DISORDERLY -> 9.04.050 A DRINKING IN PUBLIC,1,0.01
2,647(F) PC DIP - DISORDERLY -> MISCELLANEOUS I RPT (ZMISC),1,0.01
2,647(F) PC DIP - DISORDERLY -> PETTY THEFT - I RPT,1,0.01
2,653.22(A) LOITER PROSTITUTION -> TRAFFIC - I RPT,1,0.01
2,653K PC POSS/SELL SWITCHBLADE -> 10851 VC AUTO THEFT LOCATE,1,0.01
2,653M(A) PC OBSCENE/THREAT CALL -> 211 PC ROBBERY-PURSE SNATCH,1,0.01
2,666 PC PETTY THEFT W/PRI CONV -> 11350(B)HS POSSESS QUAALUDES,1,0.01
2,666 PC PETTY THEFT W/PRI CONV -> 11377(A)HS POSS AMPHETAMINES,1,0.01
2,666 PC PETTY THEFT W/PRI CONV -> 459 PC  BURGLARY VEHICLE,1,0.01
2,666 PC PETTY THEFT W/PRI CONV -> 594(B)(2)(A) VANDALISM/ -$400,1,0.01
2,666 PC PETTY THEFT W/PRI CONV -> 647(B) PC   PROSTITUTION,1,0.01
2,666 PC PETTY THEFT W/PRI CONV -> MISCELLANEOUS I RPT (ZMISC),1,0.01
2,666 PC PETTY THEFT W/PRI CONV -> TRAFFIC-ACCIDENT INJURY,1,0.01
2,9.04.050 A DRINKING IN PUBLIC -> 459 PC  BURGLARY BUSINESS,1,0.01
2,9.04.050 A DRINKING IN PUBLIC -> 530.5 PC USE PERSONAL ID INFO,1,0.01
2,9.04.050 A DRINKING IN PUBLIC -> 653.22(A) LOITER PROSTITUTION,1,0.01
2,9.04.050 A DRINKING IN PUBLIC -> PETTY THEFT - I RPT,1,0.01
2,ACCIDENTAL FIRES/ARSON -I RPT -> 10851 VC AUTO THEFT LOCATE,1,0.01
2,ACCIDENTAL FIRES/ARSON -I RPT -> 3056 PAROLE VIO - I RPT,1,0.01
2,ACCIDENTAL FIRES/ARSON -I RPT -> 466 PC   POSS OF BURG TOOLS,1,0.01
2,ASSAULT WITH WEAPON - I RPT -> 11364 HS POSS DRUG PARAPH,1,0.01
2,ASSAULT WITH WEAPON - I RPT -> 211 PC ROBBERY- BUSINESS,1,0.01
2,ASSAULT WITH WEAPON - I RPT -> 243(D) PC BATT/CIVILIAN W/INJ,1,0.01
2,ASSAULT WITH WEAPON - I RPT -> 484 PC   PETTY THEFT/INSIDE,1,0.01
2,ASSAULT WITH WEAPON - I RPT -> 487(A) PC GRAND THEFT,1,0.01
2,ASSAULT WITH WEAPON - I RPT -> MISCELLANEOUS I RPT (ZMISC),1,0.01
2,ASSAULT WITH WEAPON - I RPT -> THREATS - I RPT,1,0.01
2,BATTERY - I RPT -> 242 PC  BATTERY CIVILIAN,1,0.01
2,BATTERY - I RPT -> 459 PC  BURGLARY BUSINESS,1,0.01
2,BATTERY - I RPT -> 484 PETTY THEFT-SHOPLIFT,1,0.01
2,BATTERY - I RPT -> 594(B)(1)PC  VANDALISM +$400,1,0.01
2,BATTERY - I RPT -> 666 PC PETTY THEFT W/PRI CONV,1,0.01
2,BURGLARY - I RPT -> 484 PETTY THEFT-SHOPLIFT,1,0.01
2,BURGLARY - I RPT -> NON INJ HR/MAIL OUT REPORT,1,0.01
2,CASUALTY REPORT -> 11351.5 HS POSS SALE RCK COCAI,1,0.01
2,CASUALTY REPORT -> 211 PC ROBBERY- BUSINESS,1,0.01
2,CASUALTY REPORT -> 466 PC   POSS OF BURG TOOLS,1,0.01
2,CASUALTY REPORT -> 484 PC   PETTY THEFT/INSIDE,1,0.01
2,CASUALTY REPORT -> 484 PC PETTY THEFT,1,0.01
2,CASUALTY REPORT -> 484 PETTY THEFT CLOUT UNLOCKED,1,0.01
2,CASUALTY REPORT -> 484 PETTY THEFT-PURSE SNATCH,1,0.01
2,CASUALTY REPORT -> 484 PETTY THEFT/LICENSE PLATE,1,0.01
2,CASUALTY REPORT -> 594(B)(1)PC  VANDALISM +$400,1,0.01
2,CASUALTY REPORT -> 603  FORCED ENTRY/PROP DAMAGE,1,0.01
2,CASUALTY REPORT -> 647(A) PC LEWD CONDUCT,1,0.01
2,CASUALTY REPORT -> 653M(B) PC ANNOY/RPT CALL HOME,1,0.01
2,CASUALTY REPORT -> ASSAULT WITH WEAPON - I RPT,1,0.01
2,CASUALTY REPORT -> CASUALTY REPORT,1,0.01
2,CASUALTY REPORT -> MISSING PERSON,1,0.01
2,CASUALTY REPORT -> O/S AGENCY -ASSISTANCE- I RPT,1,0.01
2,CASUALTY REPORT -> SUSP PERS-NO CRIME - I RPT,1,0.01
2,CASUALTY REPORT -> THREATS - I RPT,1,0.01
2,CASUALTY REPORT -> TOWED/STORED VEH-14602.6,1,0.01
2,CHILD WELFARE - I RPT -> 459 PC  BURGLARY RESIDENCE,1,0.01
2,CHILD WELFARE - I RPT -> MISSING PERSON,1,0.01
2,CHILD WELFARE - I RPT -> TOWED/STORED VEHICLE,1,0.01
2,ELDER ABUSE/PHYS/MENTAL-I RPT -> 10851 VC AUTO THEFT LOCATE,1,0.01
2,ELDER ABUSE/PHYS/MENTAL-I RPT -> 459 PC  BURGLARY BUSINESS,1,0.01
2,ELDER ABUSE/PHYS/MENTAL-I RPT -> 484 PC   PETTY THEFT/INSIDE,1,0.01
2,ELDER ABUSE/PHYS/MENTAL-I RPT -> BURGLARY - I RPT,1,0.01
2,ELDER ABUSE/PHYS/MENTAL-I RPT -> TRAFFIC-ACCIDENT-NON INJURY,1,0.01
2,FAMILY DISTURBANCE - I RPT -> 243(E)1 BATTERY NONCOHAB SPOUS,1,0.01
2,FAMILY DISTURBANCE - I RPT -> 5150 WI DANGER SELF/OTHERS,1,0.01
2,FAMILY DISTURBANCE - I RPT -> 594(B)(2)(A) VANDALISM/ -$400,1,0.01
2,FAMILY DISTURBANCE - I RPT -> CASUALTY REPORT,1,0.01
2,FOUND EVIDENCE-NON NARC -I RPT -> 290(F)1 W/I 5 DAYS ADD CHANGE,1,0.01
2,FOUND EVIDENCE-NON NARC -I RPT -> TRAFFIC-ACCIDENT INJURY,1,0.01
2,FOUND PROPERTY - I RPT -> 11377(A)HS POSS CNTRL SUBST,1,0.01
2,FOUND PROPERTY - I RPT -> 12025(A)1)CONCLD GUN VEH/FEL,1,0.01
2,FOUND PROPERTY - I RPT -> 459 PC  BURGLARY BUSINESS,1,0.01
2,FOUND PROPERTY - I RPT -> 459 PC  BURGLARY RESIDENCE,1,0.01
2,FOUND PROPERTY - I RPT -> 475(C) PASS FORGED NOTE,1,0.01
2,FOUND PROPERTY - I RPT -> 484 PC   PETTY THEFT/INSIDE,1,0.01
2,FOUND PROPERTY - I RPT -> 484 PC PETTY THEFT,1,0.01
2,FOUND PROPERTY - I RPT -> 484 PETTY THEFT-PURSE SNATCH,1,0.01
2,FOUND PROPERTY - I RPT -> 666 PC PETTY THEFT W/PRI CONV,1,0.01
2,FOUND PROPERTY - I RPT -> FOUND PROPERTY - I RPT,1,0.01
2,FOUND PROPERTY - I RPT -> FRAUDULENT DOCUMENTS- I RPT,1,0.01
2,FOUND PROPERTY - I RPT -> MISSING PERSON,1,0.01
2,FOUND PROPERTY - I RPT -> MISSING PERSON I RPT,1,0.01
2,FOUND PROPERTY - I RPT -> NON INJ HR/MAIL OUT REPORT,1,0.01
2,FOUND PROPERTY - I RPT -> TRAFFIC-ACCIDENT INJURY,1,0.01
2,FRAUD OR BUNCO - I RPT -> 10851 VC AUTO THEFT LOCATE,1,0.01
2,FRAUD OR BUNCO - I RPT -> 10851(A)VC TAKE VEH W/O OWNER,1,0.01
2,FRAUD OR BUNCO - I RPT -> 11378 HS POSS/SALE AMPHETAMINE,1,0.01
2,FRAUD OR BUNCO - I RPT -> 242 PC  BATTERY CIVILIAN,1,0.01
2,FRAUD OR BUNCO - I RPT -> 5150 WI DANGER SELF/OTHERS,1,0.01
2,FRAUD OR BUNCO - I RPT -> FOUND PROPERTY - I RPT,1,0.01
2,FRAUD OR BUNCO - I RPT -> FRAUD OR BUNCO - I RPT,1,0.01
2,FRAUD OR BUNCO - I RPT -> NON INJ HR/MAIL OUT REPORT,1,0.01
2,FRAUD-SWINDLE -> 5150 WI DANGER SELF/OTHERS,1,0.01
2,FRAUD-SWINDLE -> TRAFFIC-ACCIDENT INJURY,1,0.01
2,FRAUDULENT DOCUMENTS- I RPT -> TRAFFIC-ACCIDENT INJURY,1,0.01
2,GANG ACTIVITY - I RPT -> 10851(A)VC TAKE VEH W/O OWNER,1,0.01
2,GANG ACTIVITY - I RPT -> 11377(A)HS POSS AMPHETAMINES,1,0.01
2,GANG ACTIVITY - I RPT -> 12020(A)(4) PC DIRK/DAGGER,1,0.01
2,GANG ACTIVITY - I RPT -> 459 PC  BURGLARY RESIDENCE,1,0.01
2,GANG ACTIVITY - I RPT -> 459 PC  BURGLARY VEHICLE,1,0.01
2,GANG ACTIVITY - I RPT -> 484 PC   PETTY THEFT/INSIDE,1,0.01
2,GANG ACTIVITY - I RPT -> TOWED/STORED VEHICLE,1,0.01
2,GRAND THEFT - I RPT -> 11378 HS POSS/SALE AMPHETAMINE,1,0.01
2,GRAND THEFT - I RPT -> PERSON INFORMATION - I RPT,1,0.01
2,HARASSMENT - I RPT -> 10851 VC AUTO THEFT LOCATE,1,0.01
2,HARASSMENT - I RPT -> 10853 VC MALIC MISCHIEF TO VEH,1,0.01
2,HARASSMENT - I RPT -> 1203.2 PC VIOLATION OF PROBATI,1,0.01
2,HARASSMENT - I RPT -> 422 PC THREAT/INTENT TO TERROR,1,0.01
2,HARASSMENT - I RPT -> 653.22(A) LOITER PROSTITUTION,1,0.01
2,HARASSMENT - I RPT -> NON INJ HR/MAIL OUT REPORT,1,0.01
2,HARASSMENT - I RPT -> TRAFFIC-ACCIDENT INJURY,1,0.01
2,HAZARDOUS SITUATION - I RPT -> 243(E)1 BATTERY NONCOHAB SPOUS,1,0.01
2,HAZARDOUS SITUATION - I RPT -> 484 PETTY THEFT-SHOPLIFT,1,0.01
2,HAZARDOUS SITUATION - I RPT -> NON INJ HR/MAIL OUT REPORT,1,0.01
2,HAZARDOUS SITUATION - I RPT -> TRAFFIC ARREST FOR DA-I RPT,1,0.01
2,HIT AND RUN /SUSPECTS- I RPT -> 10851 VC AUTO THEFT LOCATE,1,0.01
2,HIT AND RUN /SUSPECTS- I RPT -> THREATS - I RPT,1,0.01
2,IMPOUNDED VEHICLE -> 10851(A)VC TAKE VEH W/O OWNER,1,0.01
2,IMPOUNDED VEHICLE -> 20002(A) HIT/RUN,1,0.01
2,IMPOUNDED VEHICLE -> 459 PC  BURGLARY BUSINESS,1,0.01
2,IMPOUNDED VEHICLE -> 594(B)(2)(A) VANDALISM/ -$400,1,0.01
2,IMPOUNDED VEHICLE -> IMPOUNDED VEHICLE,1,0.01
2,IMPOUNDED VEHICLE -> MISCELLANEOUS I RPT (ZMISC),1,0.01
2,IMPOUNDED VEHICLE -> TOWED/STORED VEH-14602.6,1,0.01
2,LOST PROPERTY - I RPT -> 211 PC ROBBERY- BUSINESS,1,0.01
2,LOST PROPERTY - I RPT -> 459 PC  BURGLARY BUSINESS,1,0.01
2,LOST PROPERTY - I RPT -> 459 PC  BURGLARY VEHICLE,1,0.01
2,LOST PROPERTY - I RPT -> 484 PETTY THEFT CLOUT UNLOCKED,1,0.01
2,LOST PROPERTY - I RPT -> 594(B)(1)PC  VANDALISM +$400,1,0.01
2,LOST PROPERTY - I RPT -> 647(A) PC LEWD CONDUCT,1,0.01
2,LOST PROPERTY - I RPT -> FOUND PROPERTY - I RPT,1,0.01
2,MISCELLANEOUS I RPT (ZMISC) -> 10851 VC AUTO THEFT LOCATE,1,0.01
2,MISCELLANEOUS I RPT (ZMISC) -> 11377(A)HS POSS AMPHETAMINES,1,0.01
2,MISCELLANEOUS I RPT (ZMISC) -> 459 PC  BURGLARY RESIDENCE,1,0.01
2,MISCELLANEOUS I RPT (ZMISC) -> 484 PC PETTY THEFT,1,0.01
2,MISCELLANEOUS I RPT (ZMISC) -> 484 PETTY THEFT-PURSE SNATCH,1,0.01
2,MISCELLANEOUS I RPT (ZMISC) -> 594(B)(1)PC  VANDALISM +$400,1,0.01
2,MISCELLANEOUS I RPT (ZMISC) -> BATTERY - I RPT,1,0.01
2,MISCELLANEOUS I RPT (ZMISC) -> MISCELLANEOUS I RPT (ZMISC),1,0.01
2,MISCELLANEOUS I RPT (ZMISC) -> MISSING PERSON LOCATE O/S ASSI,1,0.01
2,MISCELLANEOUS I RPT (ZMISC) -> NON INJ HR/MAIL OUT REPORT,1,0.01
2,MISCELLANEOUS I RPT (ZMISC) -> THREATS - I RPT,1,0.01
2,MISSING PERSON -> 11351.5 HS POSS SALE RCK COCAI,1,0.01
2,MISSING PERSON -> 11357(B)HS POSS -28.5GR MARIJ,1,0.01
2,MISSING PERSON -> 11532(A)HS LOITER DRG ACTIVITY,1,0.01
2,MISSING PERSON -> 12020(A)(4) PC DIRK/DAGGER,1,0.01
2,MISSING PERSON -> 12403.7(G) PC ILLGL POSS TRGAS,1,0.01
2,MISSING PERSON -> 20002(A) HIT/RUN,1,0.01
2,MISSING PERSON -> 211 PC  ROBBERY UNSPECIFIED,1,0.01
2,MISSING PERSON -> 211 PC ROBBERY- BUSINESS,1,0.01
2,MISSING PERSON -> 23152(A) VC DUI-ALCOHOL/DRUGS,1,0.01
2,MISSING PERSON -> 243(D) PC BATT/CIVILIAN W/INJ,1,0.01
2,MISSING PERSON -> 290(F)1 W/I 5 DAYS ADD CHANGE,1,0.01
2,MISSING PERSON -> 417(A)1) PC BRANDISH NON-GUN,1,0.01
2,MISSING PERSON -> 476 PC PASS FICTICIOUS CHECK,1,0.01
2,MISSING PERSON -> 484 PC   PETTY THEFT/INSIDE,1,0.01
2,MISSING PERSON -> 484 PETTY THEFT-PURSE SNATCH,1,0.01
2,MISSING PERSON -> 484J PC PUBLISH CARD INFO,1,0.01
2,MISSING PERSON -> 487(A) GRAND THEFT-INSIDE,1,0.01
2,MISSING PERSON -> 5150 WI DANGER SELF/OTHERS,1,0.01
2,MISSING PERSON -> 594(B)(1)PC  VANDALISM +$400,1,0.01
2,MISSING PERSON -> 594(B)(2)(A) VANDALISM/ -$400,1,0.01
2,MISSING PERSON -> 647(A) PC LEWD CONDUCT,1,0.01
2,MISSING PERSON -> 647(B) PC   PROSTITUTION,1,0.01
2,MISSING PERSON -> 647(F) PC DIP - DISORDERLY,1,0.01
2,MISSING PERSON -> 653.22(A) LOITER PROSTITUTION,1,0.01
2,MISSING PERSON -> 666 PC PETTY THEFT W/PRI CONV,1,0.01
2,MISSING PERSON -> ELDER ABUSE/PHYS/MENTAL-I RPT,1,0.01
2,MISSING PERSON -> FAMILY DISTURBANCE - I RPT,1,0.01
2,MISSING PERSON -> FRAUD OR BUNCO - I RPT,1,0.01
2,MISSING PERSON -> GANG ACTIVITY - I RPT,1,0.01
2,MISSING PERSON -> LOST PROPERTY - I RPT,1,0.01
2,MISSING PERSON -> NON INJ HR/MAIL OUT REPORT,1,0.01
2,MISSING PERSON -> SUSPICIOUS VEHICLE - I RPT,1,0.01
2,MISSING PERSON -> THREATS - I RPT,1,0.01
2,MISSING PERSON -> TRAFFIC - I RPT,1,0.01
2,MISSING PERSON I RPT -> 459 PC  BURGLARY VEHICLE,1,0.01
2,MISSING PERSON I RPT -> 484 PC PETTY THEFT,1,0.01
2,MISSING PERSON I RPT -> NON INJ HR/MAIL OUT REPORT,1,0.01
2,MISSING PERSON LOCATE O/S ASSI -> 484 PETTY THEFT-SHOPLIFT,1,0.01
2,NARCOTICS SUSP/EVID/ACT- I RPT -> 10851(A)VC TAKE VEH W/O OWNER,1,0.01
2,NARCOTICS SUSP/EVID/ACT- I RPT -> 211 PC ROBBERY- BUSINESS,1,0.01
2,NARCOTICS SUSP/EVID/ACT- I RPT -> 459 PC  BURGLARY RESIDENCE,1,0.01
2,NARCOTICS SUSP/EVID/ACT- I RPT -> 484 PC   PETTY THEFT/INSIDE,1,0.01
2,NARCOTICS SUSP/EVID/ACT- I RPT -> 5150 WI DANGER SELF/OTHERS,1,0.01
2,NARCOTICS SUSP/EVID/ACT- I RPT -> 647(F) PC DIP - DISORDERLY,1,0.01
2,NARCOTICS SUSP/EVID/ACT- I RPT -> MISSING PERSON,1,0.01
2,NON INJ HR/MAIL OUT REPORT -> 1203.2 PC VIOLATION OF PROBATI,1,0.01
2,NON INJ HR/MAIL OUT REPORT -> 245(A)(1)AWDW/NO FIREARM/CIVIL,1,0.01
2,NON INJ HR/MAIL OUT REPORT -> 459 PC  BURGLARY BUSINESS,1,0.01
2,NON INJ HR/MAIL OUT REPORT -> 459 PC  BURGLARY RESIDENCE,1,0.01
2,NON INJ HR/MAIL OUT REPORT -> 459 PC  BURGLARY VEHICLE,1,0.01
2,NON INJ HR/MAIL OUT REPORT -> 484 PETTY THEFT/LICENSE PLATE,1,0.01
2,NON INJ HR/MAIL OUT REPORT -> LOST PROPERTY - I RPT,1,0.01
2,NON INJ HR/MAIL OUT REPORT -> MISSING PERSON,1,0.01
2,NON INJ HR/MAIL OUT REPORT -> TOWED/STORED VEH-14602.6,1,0.01
2,O/S AGENCY -ASSISTANCE- I RPT -> 647(A) PC LEWD CONDUCT,1,0.01
2,O/S AGENCY -ASSISTANCE- I RPT -> CASUALTY REPORT,1,0.01
2,O/S AGENCY -ASSISTANCE- I RPT -> TOWED/STORED VEH-14602.6,1,0.01
2,PERSON INFORMATION - I RPT -> 10851(A)VC TAKE VEH W/O OWNER,1,0.01
2,PERSON INFORMATION - I RPT -> 5150 WI DANGER SELF/OTHERS,1,0.01
2,PERSON INFORMATION - I RPT -> FOUND PROPERTY - I RPT,1,0.01
2,PETTY THEFT - I RPT -> 11364 HS POSS DRUG PARAPH,1,0.01
2,PETTY THEFT - I RPT -> 11377(A)HS POSS AMPHETAMINES,1,0.01
2,PETTY THEFT - I RPT -> TOWED/STORED VEHICLE,1,0.01
2,POSSIBLE FINANCIAL CRIME-I RPT -> 2800.2(A) VC EVADING/RECKLESS,1,0.01
2,POSSIBLE FINANCIAL CRIME-I RPT -> 484 PETTY THEFT-SHOPLIFT,1,0.01
2,POSSIBLE FINANCIAL CRIME-I RPT -> MISSING PERSON,1,0.01
2,POSSIBLE FINANCIAL CRIME-I RPT -> TRAFFIC-ACCIDENT-NON INJURY,1,0.01
2,PROB VIOLA/FEL-MISD - I RPT -> 594(B)(2)(A) VANDALISM/ -$400,1,0.01
2,PROB VIOLA/FEL-MISD - I RPT -> TRAFFIC - I RPT,1,0.01
2,SAFEKEEPING - I RPT -> 10851(A)VC TAKE VEH W/O OWNER,1,0.01
2,SAFEKEEPING - I RPT -> 484 PC  PETTY THEFT/ OUTSIDE,1,0.01
2,SAFEKEEPING - I RPT -> 484 PC PETTY THEFT,1,0.01
2,SUSP PERS-NO CRIME - I RPT -> 11364 HS POSS DRUG PARAPH,1,0.01
2,SUSP PERS-NO CRIME - I RPT -> 11532(A)HS LOITER DRG ACTIVITY,1,0.01
2,SUSP PERS-NO CRIME - I RPT -> 484G(B) PC ACCESS CARD FRAUD,1,0.01
2,SUSP PERS-NO CRIME - I RPT -> TOWED/STORED VEHICLE,1,0.01
2,SUSP PERS-NO CRIME - I RPT -> TRAFFIC-ACCIDENT INJURY,1,0.01
2,TELEPEST -I RPT -> 10851 VC AUTO THEFT LOCATE,1,0.01
2,TELEPEST -I RPT -> 459 PC  BURGLARY RESIDENCE,1,0.01
2,TELEPEST -I RPT -> 459 PC  BURGLARY-UNSPECIFIED,1,0.01
2,TELEPEST -I RPT -> 487(A) PC GRAND THEFT-SHOPLIFT,1,0.01
2,TELEPEST -I RPT -> MISSING PERSON,1,0.01
2,TELEPEST -I RPT -> TOWED/STORED VEH-14602.6,1,0.01
2,TERRORIST THREATS - I RPT -> 459 PC  BURGLARY VEHICLE,1,0.01
2,THREATS - I RPT -> 10851 VC AUTO THEFT LOCATE,1,0.01
2,THREATS - I RPT -> 10851(A)VC TAKE VEH W/O OWNER,1,0.01
2,THREATS - I RPT -> 11366 HS MAINTN PLACE TO SELL,1,0.01
2,THREATS - I RPT -> 23152(A) VC DUI-ALCOHOL/DRUGS,1,0.01
2,THREATS - I RPT -> 484 PC PETTY THEFT,1,0.01
2,THREATS - I RPT -> 487(A) PC GRAND THEFT,1,0.01
2,THREATS - I RPT -> 487(D)GRAND THEFT FIREARM/ANIM,1,0.01
2,THREATS - I RPT -> MISSING PERSON,1,0.01
2,THREATS - I RPT -> TOWED/STORED VEH-14602.6,1,0.01
2,THREATS - I RPT -> TOWED/STORED VEHICLE,1,0.01
2,THREATS - I RPT -> TRAFFIC-ACCIDENT INJURY,1,0.01
2,TOWED/STORED VEH-14602.6 -> 11364 HS POSS DRUG PARAPH,1,0.01
2,TOWED/STORED VEH-14602.6 -> 11366 HS MAINTN PLACE TO SELL,1,0.01
2,TOWED/STORED VEH-14602.6 -> 11377(A)HS POSS AMPHETAMINES,1,0.01
2,TOWED/STORED VEH-14602.6 -> 11378 HS POSS/SALE AMPHETAMINE,1,0.01
2,TOWED/STORED VEH-14602.6 -> 12020(A)(4) PC DIRK/DAGGER,1,0.01
2,TOWED/STORED VEH-14602.6 -> 12025(A)1)CONCLD GUN VEH/FEL,1,0.01
2,TOWED/STORED VEH-14602.6 -> 20002(A) HIT/RUN,1,0.01
2,TOWED/STORED VEH-14602.6 -> 211 PC ROBBERY- BUSINESS,1,0.01
2,TOWED/STORED VEH-14602.6 -> 243.4(E)(1)TOUCH FOR SEX PLEAS,1,0.01
2,TOWED/STORED VEH-14602.6 -> 245(A)(1)AWDW/NO FIREARM/CIVIL,1,0.01
2,TOWED/STORED VEH-14602.6 -> 273.6(A) PC VIO DV COURT ORDER,1,0.01
2,TOWED/STORED VEH-14602.6 -> 459 PC  BURGLARY BUSINESS,1,0.01
2,TOWED/STORED VEH-14602.6 -> 459 PC  BURGLARY VEHICLE,1,0.01
2,TOWED/STORED VEH-14602.6 -> 484 PC   PETTY THEFT/INSIDE,1,0.01
2,TOWED/STORED VEH-14602.6 -> 487(A) GRAND THEFT-INSIDE,1,0.01
2,TOWED/STORED VEH-14602.6 -> 5150 WI DANGER SELF/OTHERS,1,0.01
2,TOWED/STORED VEH-14602.6 -> 594(B)(2)(A) VANDALISM/ -$400,1,0.01
2,TOWED/STORED VEH-14602.6 -> 647(F) PC DIP - DISORDERLY,1,0.01
2,TOWED/STORED VEH-14602.6 -> ACCIDENTAL FIRES/ARSON -I RPT,1,0.01
2,TOWED/STORED VEH-14602.6 -> CASUALTY REPORT,1,0.01
2,TOWED/STORED VEH-14602.6 -> ELDER ABUSE/PHYS/MENTAL-I RPT,1,0.01
2,TOWED/STORED VEH-14602.6 -> LOST PROPERTY - I RPT,1,0.01
2,TOWED/STORED VEH-14602.6 -> MISCELLANEOUS I RPT (ZMISC),1,0.01
2,TOWED/STORED VEH-14602.6 -> NARCOTICS SUSP/EVID/ACT- I RPT,1,0.01
2,TOWED/STORED VEH-14602.6 -> SAFEKEEPING - I RPT,1,0.01
2,TOWED/STORED VEH-14602.6 -> SUSP PERS-NO CRIME - I RPT,1,0.01
2,TOWED/STORED VEH-14602.6 -> THREATS - I RPT,1,0.01
2,TOWED/STORED VEHICLE -> 11351.5 HS POSS SALE RCK COCAI,1,0.01
2,TOWED/STORED VEHICLE -> 11357(B)HS POSS -28.5GR MARIJ,1,0.01
2,TOWED/STORED VEHICLE -> 12025(A)1)CONCLD GUN VEH/FEL,1,0.01
2,TOWED/STORED VEHICLE -> 211 PC ROBBERY- BUSINESS,1,0.01
2,TOWED/STORED VEHICLE -> 23222(B)POSSESS MARIJ IN VEH,1,0.01
2,TOWED/STORED VEHICLE -> 243(B) BATTERY DR/NURSE/EMERG,1,0.01
2,TOWED/STORED VEHICLE -> 243(E)1 BATTERY NONCOHAB SPOUS,1,0.01
2,TOWED/STORED VEHICLE -> 245(A)(1)AWDW/NO FIREARM/CIVIL,1,0.01
2,TOWED/STORED VEHICLE -> 245(A)(2) AWDW/FIREARM/CIVILIA,1,0.01
2,TOWED/STORED VEHICLE -> 273.6(A) PC VIO DV COURT ORDER,1,0.01
2,TOWED/STORED VEHICLE -> 484 PC   THEFT-LIC PLATE TABS,1,0.01
2,TOWED/STORED VEHICLE -> 484 PC PETTY THEFT,1,0.01
2,TOWED/STORED VEHICLE -> 484G(B) PC ACCESS CARD FRAUD,1,0.01
2,TOWED/STORED VEHICLE -> 487(A) GRAND THEFT-INSIDE,1,0.01
2,TOWED/STORED VEHICLE -> 666 PC PETTY THEFT W/PRI CONV,1,0.01
2,TOWED/STORED VEHICLE -> ACCIDENTAL FIRES/ARSON -I RPT,1,0.01
2,TOWED/STORED VEHICLE -> CASUALTY REPORT,1,0.01
2,TOWED/STORED VEHICLE -> MISCELLANEOUS I RPT (ZMISC),1,0.01
2,TOWED/STORED VEHICLE -> NON INJ HR/MAIL OUT REPORT,1,0.01
2,TOWED/STORED VEHICLE -> O/S AGENCY -ASSISTANCE- I RPT,1,0.01
2,TOWED/STORED VEHICLE -> POSSIBLE FINANCIAL CRIME-I RPT,1,0.01
2,TOWED/STORED VEHICLE -> TERRORIST THREATS - I RPT,1,0.01
2,TOWED/STORED VEHICLE -> THREATS - I RPT,1,0.01
2,TRAFFIC - I RPT -> 11364 HS POSS DRUG PARAPH,1,0.01
2,TRAFFIC - I RPT -> 20002(A) HIT/RUN,1,0.01
2,TRAFFIC - I RPT -> 245(A)(1)AWDW/NO FIREARM/CIVIL,1,0.01
2,TRAFFIC - I RPT -> 459 PC  BURGLARY BUSINESS,1,0.01
2,TRAFFIC - I RPT -> 459 PC  BURGLARY VEHICLE,1,0.01
2,TRAFFIC - I RPT -> 647(F) PC DIP - DISORDERLY,1,0.01
2,TRAFFIC - I RPT -> 9.04.050 A DRINKING IN PUBLIC,1,0.01
2,TRAFFIC - I RPT -> TOWED/STORED VEH-14602.6,1,0.01
2,TRAFFIC - I RPT -> TRAFFIC-ACCIDENT-NON INJURY,1,0.01
2,TRAFFIC ARREST FOR DA-I RPT -> 484 PETTY THEFT-SHOPLIFT,1,0.01
2,TRAFFIC ARREST FOR DA-I RPT -> NON INJ HR/MAIL OUT REPORT,1,0.01
2,TRAFFIC-ACCIDENT INJURY -> 11350(B)HS POSSESS QUAALUDES,1,0.01
2,TRAFFIC-ACCIDENT INJURY -> 11364 HS POSS DRUG PARAPH,1,0.01
2,TRAFFIC-ACCIDENT INJURY -> 11377(A)HS POSS AMPHETAMINES,1,0.01
2,TRAFFIC-ACCIDENT INJURY -> 12101(B)1)PC MINOR POSS AMMO,1,0.01
2,TRAFFIC-ACCIDENT INJURY -> 14601.1(A) VC LIC SUSP OTHER,1,0.01
2,TRAFFIC-ACCIDENT INJURY -> 212.5(A)ROBBERY-INHAB DWELLING,1,0.01
2,TRAFFIC-ACCIDENT INJURY -> 243(E)1 BATTERY NONCOHAB SPOUS,1,0.01
2,TRAFFIC-ACCIDENT INJURY -> 4140 BP  POSS OF HYPO NEEDLE,1,0.01
2,TRAFFIC-ACCIDENT INJURY -> 459 PC  BURGLARY VEHICLE,1,0.01
2,TRAFFIC-ACCIDENT INJURY -> 484 PC PETTY THEFT,1,0.01
2,TRAFFIC-ACCIDENT INJURY -> 496(A) PC REC STOLEN AUTO PART,1,0.01
2,TRAFFIC-ACCIDENT INJURY -> 653.22(A) LOITER PROSTITUTION,1,0.01
2,TRAFFIC-ACCIDENT INJURY -> 666 PC PETTY THEFT W/PRI CONV,1,0.01
2,TRAFFIC-ACCIDENT INJURY -> ASSAULT WITH WEAPON - I RPT,1,0.01
2,TRAFFIC-ACCIDENT INJURY -> CASUALTY REPORT,1,0.01
2,TRAFFIC-ACCIDENT INJURY -> FOUND PROPERTY - I RPT,1,0.01
2,TRAFFIC-ACCIDENT INJURY -> HAZARDOUS SITUATION - I RPT,1,0.01
2,TRAFFIC-ACCIDENT INJURY -> LOST PROPERTY - I RPT,1,0.01
2,TRAFFIC-ACCIDENT INJURY -> MISSING PERSON,1,0.01
2,TRAFFIC-ACCIDENT INJURY -> TELEPEST -I RPT,1,0.01
2,TRAFFIC-ACCIDENT INJURY -> TOWED/STORED VEHICLE,1,0.01
2,TRAFFIC-ACCIDENT INJURY -> TRAFFIC - I RPT,1,0.01
2,TRAFFIC-ACCIDENT INJURY -> TRAFFIC-ACCIDENT INJURY,1,0.01
2,TRAFFIC-ACCIDENT INJURY -> TRAFFIC-ACCIDENT-NON INJURY,1,0.01
2,TRAFFIC-ACCIDENT-NON INJURY -> 11364 HS POSS DRUG PARAPH,1,0.01
2,TRAFFIC-ACCIDENT-NON INJURY -> 20002(A) HIT/RUN,1,0.01
2,TRAFFIC-ACCIDENT-NON INJURY -> 245(A)(1)AWDW/NO FIREARM/CIVIL,1,0.01
2,TRAFFIC-ACCIDENT-NON INJURY -> 3056 PC PAROLE VIOLATION,1,0.01
2,TRAFFIC-ACCIDENT-NON INJURY -> 459 PC  BURGLARY BUSINESS,1,0.01
2,TRAFFIC-ACCIDENT-NON INJURY -> 459 PC  BURGLARY VEHICLE,1,0.01
2,TRAFFIC-ACCIDENT-NON INJURY -> 484G(B) PC ACCESS CARD FRAUD,1,0.01
2,TRAFFIC-ACCIDENT-NON INJURY -> 594(B)(2)(A) VANDALISM/ -$400,1,0.01
2,TRAFFIC-ACCIDENT-NON INJURY -> 666 PC PETTY THEFT W/PRI CONV,1,0.01
2,TRAFFIC-ACCIDENT-NON INJURY -> BATTERY - I RPT,1,0.01
2,TRAFFIC-ACCIDENT-NON INJURY -> FOUND PROPERTY - I RPT,1,0.01
2,TRAFFIC-ACCIDENT-NON INJURY -> TOWED/STORED VEHICLE,1,0.01
2,TRAFFIC-ACCIDENT-NON INJURY -> TRAFFIC-ACCIDENT INJURY,1,0.01
2,TRESPASS OR PROWLER- I RPT -> 290(A)(1)(D) FAIL TO REG-5 DAY,1,0.01
2,TRESPASS OR PROWLER- I RPT -> 459 PC  BURGLARY RESIDENCE,1,0.01
2,TRESPASS OR PROWLER- I RPT -> 484 PETTY THEFT-SHOPLIFT,1,0.01
2,TRESPASS OR PROWLER- I RPT -> MISCELLANEOUS I RPT (ZMISC),1,0.01
2,TRESPASS OR PROWLER- I RPT -> MISSING PERSON,1,0.01
2,VANDALISM - I RPT -> 10851 VC AUTO THEFT LOCATE,1,0.01
2,VANDALISM - I RPT -> 10851(A)VC TAKE VEH W/O OWNER,1,0.01
2,VANDALISM - I RPT -> 11364 HS POSS DRUG PARAPH,1,0.01
2,VANDALISM - I RPT -> 484 PETTY THEFT/LICENSE PLATE,1,0.01
2,WARRANT SERVED - I RPT -> 10851 VC AUTO THEFT LOCATE,1,0.01
2,WARRANT SERVED - I RPT -> 459 PC  BURGLARY BUSINESS,1,0.01
2,WARRANT SERVED - I RPT -> 459 PC  BURGLARY VEHICLE,1,0.01
2,WARRANT SERVED - I RPT -> 484 PC   PETTY THEFT/INSIDE,1,0.01
2,WARRANT SERVED - I RPT -> 484 PETTY THEFT/LICENSE PLATE,1,0.01
2,WARRANT SERVED - I RPT -> ELDER ABUSE/PHYS/MENTAL-I RPT,1,0.01
2,WARRANT SERVED - I RPT -> MISCELLANEOUS I RPT (ZMISC),1,0.01
2,WARRANT SERVED - I RPT -> TOWED/STORED VEHICLE,1,0.01
3,459 PC  BURGLARY VEHICLE -> 459 PC  BURGLARY VEHICLE,22,0.183333333
3,10851(A)VC TAKE VEH W/O OWNER -> 459 PC  BURGLARY VEHICLE,12,0.1
3,TOWED/STORED VEHICLE -> TOWED/STORED VEHICLE,10,0.083333333
3,TOWED/STORED VEH-14602.6 -> TOWED/STORED VEH-14602.6,9,0.075
3,459 PC  BURGLARY VEHICLE -> 10851(A)VC TAKE VEH W/O OWNER,8,0.066666667
3,459 PC  BURGLARY VEHICLE -> 459 PC  BURGLARY BUSINESS,8,0.066666667
3,TOWED/STORED VEHICLE -> TRAFFIC-ACCIDENT-NON INJURY,8,0.066666667
3,TRAFFIC-ACCIDENT INJURY -> 459 PC  BURGLARY VEHICLE,8,0.066666667
3,TRAFFIC-ACCIDENT INJURY -> TRAFFIC-ACCIDENT INJURY,8,0.066666667
3,23152(A) VC DUI-ALCOHOL/DRUGS -> 459 PC  BURGLARY VEHICLE,7,0.058333333
3,459 PC  BURGLARY VEHICLE -> 211 PC  ROBBERY UNSPECIFIED,7,0.058333333
3,BATTERY - I RPT -> 10851(A)VC TAKE VEH W/O OWNER,7,0.058333333
3,CASUALTY REPORT -> 10851(A)VC TAKE VEH W/O OWNER,7,0.058333333
3,TOWED/STORED VEH-14602.6 -> 10851(A)VC TAKE VEH W/O OWNER,7,0.058333333
3,TOWED/STORED VEH-14602.6 -> 459 PC  BURGLARY VEHICLE,7,0.058333333
3,TOWED/STORED VEH-14602.6 -> TRAFFIC-ACCIDENT-NON INJURY,7,0.058333333
3,10851(A)VC TAKE VEH W/O OWNER -> TRAFFIC-ACCIDENT INJURY,6,0.05
3,459 PC  BURGLARY RESIDENCE -> 459 PC  BURGLARY VEHICLE,6,0.05
3,459 PC  BURGLARY VEHICLE -> 594(B)(2)(A) VANDALISM/ -$400,6,0.05
3,459 PC  BURGLARY VEHICLE -> CASUALTY REPORT,6,0.05
3,484 PETTY THEFT/LICENSE PLATE -> 459 PC  BURGLARY VEHICLE,6,0.05
3,594(B)(2)(A) VANDALISM/ -$400 -> 10851(A)VC TAKE VEH W/O OWNER,6,0.05
3,594(B)(2)(A) VANDALISM/ -$400 -> 459 PC  BURGLARY VEHICLE,6,0.05
3,CASUALTY REPORT -> 459 PC  BURGLARY VEHICLE,6,0.05
3,TOWED/STORED VEH-14602.6 -> TOWED/STORED VEHICLE,6,0.05
3,TRAFFIC-ACCIDENT INJURY -> TOWED/STORED VEH-14602.6,6,0.05
3,TRAFFIC-ACCIDENT INJURY -> TRAFFIC-ACCIDENT-NON INJURY,6,0.05
3,TRAFFIC-ACCIDENT-NON INJURY -> 459 PC  BURGLARY VEHICLE,6,0.05
3,10851(A)VC TAKE VEH W/O OWNER -> 10851(A)VC TAKE VEH W/O OWNER,5,0.041666667
3,5150 WI DANGER SELF/OTHERS -> 459 PC  BURGLARY VEHICLE,5,0.041666667
3,594(B)(2)(A) VANDALISM/ -$400 -> TRAFFIC-ACCIDENT INJURY,5,0.041666667
3,BATTERY - I RPT -> 459 PC  BURGLARY VEHICLE,5,0.041666667
3,TOWED/STORED VEHICLE -> 459 PC  BURGLARY VEHICLE,5,0.041666667
3,TOWED/STORED VEHICLE -> 484 PC PETTY THEFT,5,0.041666667
3,TOWED/STORED VEHICLE -> 484 PETTY THEFT-SHOPLIFT,5,0.041666667
3,TOWED/STORED VEHICLE -> 594(B)(2)(A) VANDALISM/ -$400,5,0.041666667
3,TOWED/STORED VEHICLE -> TOWED/STORED VEH-14602.6,5,0.041666667
3,TRAFFIC-ACCIDENT INJURY -> 5150 WI DANGER SELF/OTHERS,5,0.041666667
3,10851 VC AUTO THEFT LOCATE -> TOWED/STORED VEH-14602.6,4,0.033333333
3,10851(A)VC TAKE VEH W/O OWNER -> 594(B)(1)PC  VANDALISM +$400,4,0.033333333
3,10851(A)VC TAKE VEH W/O OWNER -> FOUND PROPERTY - I RPT,4,0.033333333
3,11364 HS POSS DRUG PARAPH -> 459 PC  BURGLARY VEHICLE,4,0.033333333
3,11377(A)HS POSS AMPHETAMINES -> 10851(A)VC TAKE VEH W/O OWNER,4,0.033333333
3,211 PC  ROBBERY UNSPECIFIED -> 10851(A)VC TAKE VEH W/O OWNER,4,0.033333333
3,242 PC  BATTERY CIVILIAN -> 459 PC  BURGLARY VEHICLE,4,0.033333333
3,243(D) PC BATT/CIVILIAN W/INJ -> 459 PC  BURGLARY VEHICLE,4,0.033333333
3,459 PC  BURGLARY BUSINESS -> 10851(A)VC TAKE VEH W/O OWNER,4,0.033333333
3,459 PC  BURGLARY RESIDENCE -> 10851(A)VC TAKE VEH W/O OWNER,4,0.033333333
3,459 PC  BURGLARY RESIDENCE -> 484 PETTY THEFT/LICENSE PLATE,4,0.033333333
3,459 PC  BURGLARY VEHICLE -> 11364 HS POSS DRUG PARAPH,4,0.033333333
3,459 PC  BURGLARY VEHICLE -> 20002(A) HIT/RUN,4,0.033333333
3,459 PC  BURGLARY VEHICLE -> 211 PC ROBBERY- BUSINESS,4,0.033333333
3,459 PC  BURGLARY VEHICLE -> 459 PC  BURGLARY RESIDENCE,4,0.033333333
3,459 PC  BURGLARY VEHICLE -> 484 PC  PETTY THEFT/ OUTSIDE,4,0.033333333
3,459 PC  BURGLARY VEHICLE -> 484 PC PETTY THEFT,4,0.033333333
3,459 PC  BURGLARY VEHICLE -> TOWED/STORED VEH-14602.6,4,0.033333333
3,594(B)(2)(A) VANDALISM/ -$400 -> 20002(A) HIT/RUN,4,0.033333333
3,594(B)(2)(A) VANDALISM/ -$400 -> 211 PC  ROBBERY UNSPECIFIED,4,0.033333333
3,CASUALTY REPORT -> 484 PETTY THEFT-SHOPLIFT,4,0.033333333
3,FOUND PROPERTY - I RPT -> 459 PC  BURGLARY VEHICLE,4,0.033333333
3,TOWED/STORED VEH-14602.6 -> 594(B)(1)PC  VANDALISM +$400,4,0.033333333
3,TOWED/STORED VEHICLE -> 459 PC  BURGLARY RESIDENCE,4,0.033333333
3,TOWED/STORED VEHICLE -> 484 PETTY THEFT/LICENSE PLATE,4,0.033333333
3,TRAFFIC-ACCIDENT INJURY -> 484 PETTY THEFT/LICENSE PLATE,4,0.033333333
3,TRAFFIC-ACCIDENT-NON INJURY -> TOWED/STORED VEHICLE,4,0.033333333
3,10851 VC AUTO THEFT LOCATE -> 10851(A)VC TAKE VEH W/O OWNER,3,0.025
3,10851 VC AUTO THEFT LOCATE -> 459 PC  BURGLARY VEHICLE,3,0.025
3,10851(A)VC TAKE VEH W/O OWNER -> 11350(A)HS POSS CNTRL SUBST,3,0.025
3,10851(A)VC TAKE VEH W/O OWNER -> 11364 HS POSS DRUG PARAPH,3,0.025
3,10851(A)VC TAKE VEH W/O OWNER -> 211 PC ROBBERY- BUSINESS,3,0.025
3,10851(A)VC TAKE VEH W/O OWNER -> 484 PC  PETTY THEFT/ OUTSIDE,3,0.025
3,10851(A)VC TAKE VEH W/O OWNER -> 484 PC PETTY THEFT,3,0.025
3,10851(A)VC TAKE VEH W/O OWNER -> 484 PETTY THEFT-SHOPLIFT,3,0.025
3,10851(A)VC TAKE VEH W/O OWNER -> 484 PETTY THEFT/LICENSE PLATE,3,0.025
3,10851(A)VC TAKE VEH W/O OWNER -> 594(B)(2)(A) VANDALISM/ -$400,3,0.025
3,10851(A)VC TAKE VEH W/O OWNER -> TOWED/STORED VEH-14602.6,3,0.025
3,10851(A)VC TAKE VEH W/O OWNER -> TOWED/STORED VEHICLE,3,0.025
3,10851(A)VC TAKE VEH W/O OWNER -> TRAFFIC-ACCIDENT-NON INJURY,3,0.025
3,11357(B)HS POSS -28.5GR MARIJ -> 10851(A)VC TAKE VEH W/O OWNER,3,0.025
3,11377(A)HS POSS AMPHETAMINES -> 459 PC  BURGLARY VEHICLE,3,0.025
3,20002(A) HIT/RUN -> 10851(A)VC TAKE VEH W/O OWNER,3,0.025
3,20002(A) HIT/RUN -> TRAFFIC-ACCIDENT INJURY,3,0.025
3,211 PC  ROBBERY UNSPECIFIED -> 459 PC  BURGLARY VEHICLE,3,0.025
3,211 PC  ROBBERY UNSPECIFIED -> 484 PC   PETTY THEFT/INSIDE,3,0.025
3,211 PC  ROBBERY UNSPECIFIED -> NON INJ HR/MAIL OUT REPORT,3,0.025
3,211 PC  ROBBERY UNSPECIFIED -> TRAFFIC-ACCIDENT-NON INJURY,3,0.025
3,243(D) PC BATT/CIVILIAN W/INJ -> 10851(A)VC TAKE VEH W/O OWNER,3,0.025
3,245(A)(1)AWDW/NO FIREARM/CIVIL -> 459 PC  BURGLARY VEHICLE,3,0.025
3,459 PC  BURGLARY BUSINESS -> TRAFFIC-ACCIDENT INJURY,3,0.025
3,459 PC  BURGLARY RESIDENCE -> 459 PC  BURGLARY RESIDENCE,3,0.025
3,459 PC  BURGLARY RESIDENCE -> 5150 WI DANGER SELF/OTHERS,3,0.025
3,459 PC  BURGLARY RESIDENCE -> TOWED/STORED VEHICLE,3,0.025
3,459 PC  BURGLARY VEHICLE -> 242 PC  BATTERY CIVILIAN,3,0.025
3,459 PC  BURGLARY VEHICLE -> 243(D) PC BATT/CIVILIAN W/INJ,3,0.025
3,459 PC  BURGLARY VEHICLE -> NON INJ HR/MAIL OUT REPORT,3,0.025
3,459 PC  BURGLARY VEHICLE -> TOWED/STORED VEHICLE,3,0.025
3,459 PC  BURGLARY VEHICLE -> TRAFFIC-ACCIDENT-NON INJURY,3,0.025
3,484 PC   PETTY THEFT/INSIDE -> 459 PC  BURGLARY VEHICLE,3,0.025
3,484 PC   PETTY THEFT/INSIDE -> TOWED/STORED VEH-14602.6,3,0.025
3,484 PC   PETTY THEFT/INSIDE -> TRAFFIC-ACCIDENT-NON INJURY,3,0.025
3,484 PC PETTY THEFT -> 530.5 PC USE PERSONAL ID INFO,3,0.025
3,484 PETTY THEFT-SHOPLIFT -> 459 PC  BURGLARY RESIDENCE,3,0.025
3,484 PETTY THEFT-SHOPLIFT -> CASUALTY REPORT,3,0.025
3,484 PETTY THEFT/LICENSE PLATE -> 10851(A)VC TAKE VEH W/O OWNER,3,0.025
3,487(A) GRAND THEFT-INSIDE -> 484 PETTY THEFT-SHOPLIFT,3,0.025
3,487(A) PC GRAND THEFT -> TOWED/STORED VEHICLE,3,0.025
3,5150 WI DANGER SELF/OTHERS -> 10851(A)VC TAKE VEH W/O OWNER,3,0.025
3,5150 WI DANGER SELF/OTHERS -> 23152(A) VC DUI-ALCOHOL/DRUGS,3,0.025
3,5150 WI DANGER SELF/OTHERS -> 459 PC  BURGLARY RESIDENCE,3,0.025
3,5150 WI DANGER SELF/OTHERS -> TRAFFIC-ACCIDENT-NON INJURY,3,0.025
3,530.5 PC USE PERSONAL ID INFO -> 459 PC  BURGLARY VEHICLE,3,0.025
3,594(B)(1)PC  VANDALISM +$400 -> TOWED/STORED VEHICLE,3,0.025
3,594(B)(1)PC  VANDALISM +$400 -> TRAFFIC-ACCIDENT INJURY,3,0.025
3,594(B)(2)(A) VANDALISM/ -$400 -> 484 PETTY THEFT/LICENSE PLATE,3,0.025
3,594(B)(2)(A) VANDALISM/ -$400 -> 594(B)(1)PC  VANDALISM +$400,3,0.025
3,CASUALTY REPORT -> 11364 HS POSS DRUG PARAPH,3,0.025
3,CASUALTY REPORT -> 459 PC  BURGLARY BUSINESS,3,0.025
3,CASUALTY REPORT -> 487(A) GRAND THEFT-INSIDE,3,0.025
3,CASUALTY REPORT -> TRAFFIC-ACCIDENT INJURY,3,0.025
3,CASUALTY REPORT -> TRAFFIC-ACCIDENT-NON INJURY,3,0.025
3,NON INJ HR/MAIL OUT REPORT -> 459 PC  BURGLARY VEHICLE,3,0.025
3,SAFEKEEPING - I RPT -> 484 PETTY THEFT-SHOPLIFT,3,0.025
3,SUSP PERS-NO CRIME - I RPT -> TOWED/STORED VEHICLE,3,0.025
3,TOWED/STORED VEH-14602.6 -> 10851 VC AUTO THEFT LOCATE,3,0.025
3,TOWED/STORED VEH-14602.6 -> 484 PC   PETTY THEFT/INSIDE,3,0.025
3,TOWED/STORED VEH-14602.6 -> 484 PC PETTY THEFT,3,0.025
3,TOWED/STORED VEH-14602.6 -> 484 PETTY THEFT-SHOPLIFT,3,0.025
3,TOWED/STORED VEH-14602.6 -> FOUND PROPERTY - I RPT,3,0.025
3,TOWED/STORED VEH-14602.6 -> LOST PROPERTY - I RPT,3,0.025
3,TOWED/STORED VEHICLE -> 10851(A)VC TAKE VEH W/O OWNER,3,0.025
3,TOWED/STORED VEHICLE -> 20002(A) HIT/RUN,3,0.025
3,TOWED/STORED VEHICLE -> 211 PC  ROBBERY UNSPECIFIED,3,0.025
3,TOWED/STORED VEHICLE -> 594(B)(1)PC  VANDALISM +$400,3,0.025
3,TOWED/STORED VEHICLE -> TRAFFIC-ACCIDENT INJURY,3,0.025
3,TRAFFIC-ACCIDENT INJURY -> 10851(A)VC TAKE VEH W/O OWNER,3,0.025
3,TRAFFIC-ACCIDENT INJURY -> 3056 PAROLE VIO - I RPT,3,0.025
3,TRAFFIC-ACCIDENT INJURY -> 594(B)(2)(A) VANDALISM/ -$400,3,0.025
3,TRAFFIC-ACCIDENT INJURY -> FOUND PROPERTY - I RPT,3,0.025
3,TRAFFIC-ACCIDENT INJURY -> TOWED/STORED VEHICLE,3,0.025
3,TRAFFIC-ACCIDENT-NON INJURY -> 10851(A)VC TAKE VEH W/O OWNER,3,0.025
3,TRAFFIC-ACCIDENT-NON INJURY -> 484 PETTY THEFT-SHOPLIFT,3,0.025
3,TRAFFIC-ACCIDENT-NON INJURY -> FOUND PROPERTY - I RPT,3,0.025
3,TRAFFIC-ACCIDENT-NON INJURY -> TRAFFIC-ACCIDENT INJURY,3,0.025
3,TRAFFIC-ACCIDENT-NON INJURY -> TRAFFIC-ACCIDENT-NON INJURY,3,0.025
3,10851 VC AUTO THEFT LOCATE -> 11364 HS POSS DRUG PARAPH,2,0.016666667
3,10851 VC AUTO THEFT LOCATE -> TRAFFIC-ACCIDENT INJURY,2,0.016666667
3,10851 VC AUTO THEFT LOCATE -> TRAFFIC-ACCIDENT-NON INJURY,2,0.016666667
3,10851(A)VC TAKE VEH W/O OWNER -> 11357(B)HS POSS -28.5GR MARIJ,2,0.016666667
3,10851(A)VC TAKE VEH W/O OWNER -> 459 PC  BURGLARY BUSINESS,2,0.016666667
3,10851(A)VC TAKE VEH W/O OWNER -> 484 PC   PETTY THEFT/INSIDE,2,0.016666667
3,10851(A)VC TAKE VEH W/O OWNER -> 5150 WI DANGER SELF/OTHERS,2,0.016666667
3,10851(A)VC TAKE VEH W/O OWNER -> 594(B)(2)(A)VANDALISM GRAF-400,2,0.016666667
3,10851(A)VC TAKE VEH W/O OWNER -> BATTERY - I RPT,2,0.016666667
3,10851(A)VC TAKE VEH W/O OWNER -> BURGLARY - I RPT,2,0.016666667
3,10851(A)VC TAKE VEH W/O OWNER -> CASUALTY REPORT,2,0.016666667
3,10851(A)VC TAKE VEH W/O OWNER -> FRAUD OR BUNCO - I RPT,2,0.016666667
3,10851(A)VC TAKE VEH W/O OWNER -> HARASSMENT - I RPT,2,0.016666667
3,10851(A)VC TAKE VEH W/O OWNER -> LOST PROPERTY - I RPT,2,0.016666667
3,10851(A)VC TAKE VEH W/O OWNER -> MISSING PERSON,2,0.016666667
3,10851(A)VC TAKE VEH W/O OWNER -> NEIGHBORHOOD DISTURBANCE-I RPT,2,0.016666667
3,10851(A)VC TAKE VEH W/O OWNER -> NON INJ HR/MAIL OUT REPORT,2,0.016666667
3,10851(A)VC TAKE VEH W/O OWNER -> THREATS - I RPT,2,0.016666667
3,11350(A)HS POSS CNTRL SUBST -> 11364 HS POSS DRUG PARAPH,2,0.016666667
3,11350(A)HS POSS CNTRL SUBST -> TRAFFIC-ACCIDENT INJURY,2,0.016666667
3,11357(B)HS POSS -28.5GR MARIJ -> 459 PC  BURGLARY BUSINESS,2,0.016666667
3,11364 HS POSS DRUG PARAPH -> 10851(A)VC TAKE VEH W/O OWNER,2,0.016666667
3,11377(A)HS POSS AMPHETAMINES -> 23152(A) VC DUI-ALCOHOL/DRUGS,2,0.016666667
3,11377(A)HS POSS AMPHETAMINES -> 459 PC  BURGLARY RESIDENCE,2,0.016666667
3,11377(A)HS POSS AMPHETAMINES -> 594(B)(2)(A) VANDALISM/ -$400,2,0.016666667
3,11377(A)HS POSS AMPHETAMINES -> CASUALTY REPORT,2,0.016666667
3,12.52.030 SCC UNLAWFUL CAMPING -> GRAND THEFT - I RPT,2,0.016666667
3,12020(A)1) PROHIBITED FIREARM -> 20002(A) HIT/RUN,2,0.016666667
3,148(A)(1)PC RESIST PEACE OFFCR -> 459 PC  BURGLARY VEHICLE,2,0.016666667
3,148.9 PC FALSE ID TO OFFICER -> 10851(A)VC TAKE VEH W/O OWNER,2,0.016666667
3,148.9 PC FALSE ID TO OFFICER -> 487(A) GRAND THEFT-INSIDE,2,0.016666667
3,1708 US   THEFT OF MAIL -> 11377(A)HS POSS AMPHETAMINES,2,0.016666667
3,1708 US   THEFT OF MAIL -> 594(B)(2)(A) VANDALISM/ -$400,2,0.016666667
3,1708 US   THEFT OF MAIL -> TOWED/STORED VEHICLE,2,0.016666667
3,20001(A) VC HIT/RUN INJ/DEATH -> 459 PC  BURGLARY VEHICLE,2,0.016666667
3,20002(A) HIT/RUN -> 23152(A) VC DUI-ALCOHOL/DRUGS,2,0.016666667
3,20002(A) HIT/RUN -> 484 PC   PETTY THEFT/INSIDE,2,0.016666667
3,211 PC  ROBBERY UNSPECIFIED -> 459 PC  BURGLARY BUSINESS,2,0.016666667
3,211 PC  ROBBERY UNSPECIFIED -> ABC LICENSE VIO/INFO - I RPT,2,0.016666667
3,211 PC  ROBBERY UNSPECIFIED -> CASUALTY REPORT,2,0.016666667
3,211 PC ROBBERY- BUSINESS -> 459 PC  BURGLARY VEHICLE,2,0.016666667
3,211 PC ROBBERY- BUSINESS -> 484 PETTY THEFT/LICENSE PLATE,2,0.016666667
3,211 PC ROBBERY- BUSINESS -> 594(B)(2)(A) VANDALISM/ -$400,2,0.016666667
3,23152(A) VC DUI-ALCOHOL/DRUGS -> 10851(A)VC TAKE VEH W/O OWNER,2,0.016666667
3,23152(A) VC DUI-ALCOHOL/DRUGS -> 459 PC  BURGLARY BUSINESS,2,0.016666667
3,23152(A) VC DUI-ALCOHOL/DRUGS -> 484 PC   PETTY THEFT/INSIDE,2,0.016666667
3,23152(A) VC DUI-ALCOHOL/DRUGS -> 487(A) PC GRAND THEFT,2,0.016666667
3,23152(A) VC DUI-ALCOHOL/DRUGS -> CASUALTY REPORT,2,0.016666667
3,23152(A) VC DUI-ALCOHOL/DRUGS -> INTOX REPORT/ADMIN PER - I RPT,2,0.016666667
3,23152(A) VC DUI-ALCOHOL/DRUGS -> TRAFFIC-ACCIDENT-NON INJURY,2,0.016666667
3,242 PC  BATTERY CIVILIAN -> 20001(A) VC HIT/RUN INJ/DEATH,2,0.016666667
3,242 PC  BATTERY CIVILIAN -> 242 PC  BATTERY CIVILIAN,2,0.016666667
3,242 PC  BATTERY CIVILIAN -> 484 PC   PETTY THEFT/INSIDE,2,0.016666667
3,242 PC  BATTERY CIVILIAN -> TOWED/STORED VEH-14602.6,2,0.016666667
3,242 PC  BATTERY CIVILIAN -> TRAFFIC-ACCIDENT INJURY,2,0.016666667
3,243(E)1 BATTERY NONCOHAB SPOUS -> 594(B)(2)(A) VANDALISM/ -$400,2,0.016666667
3,245(A)(1)AWDW/NO FIREARM/CIVIL -> 20002(A) HIT/RUN,2,0.016666667
3,3056 PAROLE VIO - I RPT -> 20001(A) VC HIT/RUN INJ/DEATH,2,0.016666667
3,459 PC  BURGLARY BUSINESS -> 11377(A)HS POSS AMPHETAMINES,2,0.016666667
3,459 PC  BURGLARY BUSINESS -> 211 PC  ROBBERY UNSPECIFIED,2,0.016666667
3,459 PC  BURGLARY BUSINESS -> 243(E)1 BATTERY NONCOHAB SPOUS,2,0.016666667
3,459 PC  BURGLARY BUSINESS -> 3056 PAROLE VIO - I RPT,2,0.016666667
3,459 PC  BURGLARY BUSINESS -> 459 PC  BURGLARY RESIDENCE,2,0.016666667
3,459 PC  BURGLARY BUSINESS -> 459 PC  BURGLARY VEHICLE,2,0.016666667
3,459 PC  BURGLARY BUSINESS -> 484 PC PETTY THEFT,2,0.016666667
3,459 PC  BURGLARY BUSINESS -> 594(B)(2)(A) VANDALISM/ -$400,2,0.016666667
3,459 PC  BURGLARY BUSINESS -> CASUALTY REPORT,2,0.016666667
3,459 PC  BURGLARY BUSINESS -> TOWED/STORED VEH-14602.6,2,0.016666667
3,459 PC  BURGLARY BUSINESS -> TOWED/STORED VEHICLE,2,0.016666667
3,459 PC  BURGLARY RESIDENCE -> 530.5 PC USE PERSONAL ID INFO,2,0.016666667
3,459 PC  BURGLARY RESIDENCE -> 594(B)(2)(A) VANDALISM/ -$400,2,0.016666667
3,459 PC  BURGLARY RESIDENCE -> LOST PROPERTY - I RPT,2,0.016666667
3,459 PC  BURGLARY RESIDENCE -> NARCOTICS SUSP/EVID/ACT- I RPT,2,0.016666667
3,459 PC  BURGLARY RESIDENCE -> NON INJ HR/MAIL OUT REPORT,2,0.016666667
3,459 PC  BURGLARY RESIDENCE -> TRAFFIC-ACCIDENT INJURY,2,0.016666667
3,459 PC  BURGLARY RESIDENCE -> WARRANT SERVED - I RPT,2,0.016666667
3,459 PC  BURGLARY VEHICLE -> 23152(A) VC DUI-ALCOHOL/DRUGS,2,0.016666667
3,459 PC  BURGLARY VEHICLE -> 243(E)1 BATTERY NONCOHAB SPOUS,2,0.016666667
3,459 PC  BURGLARY VEHICLE -> 484 PC   PETTY THEFT/INSIDE,2,0.016666667
3,459 PC  BURGLARY VEHICLE -> 484 PETTY THEFT/LICENSE PLATE,2,0.016666667
3,459 PC  BURGLARY VEHICLE -> 487(A) PC GRAND THEFT,2,0.016666667
3,459 PC  BURGLARY VEHICLE -> 594(B)(1)PC  VANDALISM +$400,2,0.016666667
3,459 PC  BURGLARY VEHICLE -> 594(B)(1)VANDALISM GRAF +$400,2,0.016666667
3,459 PC  BURGLARY VEHICLE -> ABC LICENSE VIO/INFO - I RPT,2,0.016666667
3,459 PC  BURGLARY VEHICLE -> NEIGHBORHOOD DISTURBANCE-I RPT,2,0.016666667
3,459 PC  BURGLARY VEHICLE -> TELEPEST -I RPT,2,0.016666667
3,459 PC  BURGLARY VEHICLE -> TRAFFIC-ACCIDENT INJURY,2,0.016666667
3,476 PC PASS FICTICIOUS CHECK -> 594(B)(2)(A) VANDALISM/ -$400,2,0.016666667
3,476 PC PASS FICTICIOUS CHECK -> TOWED/STORED VEH-14602.6,2,0.016666667
3,484 PC   PETTY THEFT/INSIDE -> 10851(A)VC TAKE VEH W/O OWNER,2,0.016666667
3,484 PC   PETTY THEFT/INSIDE -> 594(B)(2)(A) VANDALISM/ -$400,2,0.016666667
3,484 PC   PETTY THEFT/INSIDE -> TRAFFIC-ACCIDENT INJURY,2,0.016666667
3,484 PC  PETTY THEFT/ OUTSIDE -> 484 PC PETTY THEFT,2,0.016666667
3,484 PC PETTY THEFT -> 20002(A) HIT/RUN,2,0.016666667
3,484 PC PETTY THEFT -> TOWED/STORED VEHICLE,2,0.016666667
3,484 PC PETTY THEFT -> TRAFFIC-ACCIDENT INJURY,2,0.016666667
3,484 PC PETTY THEFT -> TRAFFIC-ACCIDENT-NON INJURY,2,0.016666667
3,484 PETTY THEFT-SHOPLIFT -> 459 PC  BURGLARY VEHICLE,2,0.016666667
3,484 PETTY THEFT-SHOPLIFT -> 484 PC PETTY THEFT,2,0.016666667
3,484 PETTY THEFT-SHOPLIFT -> 484 PETTY THEFT-SHOPLIFT,2,0.016666667
3,484 PETTY THEFT-SHOPLIFT -> FOUND PROPERTY - I RPT,2,0.016666667
3,484 PETTY THEFT-SHOPLIFT -> TOWED/STORED VEHICLE,2,0.016666667
3,484 PETTY THEFT-SHOPLIFT -> TRAFFIC-ACCIDENT INJURY,2,0.016666667
3,484 PETTY THEFT/LICENSE PLATE -> 211 PC  ROBBERY UNSPECIFIED,2,0.016666667
3,484 PETTY THEFT/LICENSE PLATE -> 484 PETTY THEFT/LICENSE PLATE,2,0.016666667
3,484 PETTY THEFT/LICENSE PLATE -> 5150 WI DANGER SELF/OTHERS,2,0.016666667
3,484 PETTY THEFT/LICENSE PLATE -> 594(B)(2)(A) VANDALISM/ -$400,2,0.016666667
3,484 PETTY THEFT/LICENSE PLATE -> CASUALTY REPORT,2,0.016666667
3,484G(B) PC ACCESS CARD FRAUD -> 594(B)(2)(A) VANDALISM/ -$400,2,0.016666667
3,487(A) GRAND THEFT-INSIDE -> 5150 WI DANGER SELF/OTHERS,2,0.016666667
3,487(A) GRAND THEFT-INSIDE -> CASUALTY REPORT,2,0.016666667
3,487(A) GRAND THEFT-INSIDE -> FOUND PROPERTY - I RPT,2,0.016666667
3,487(A) GRAND THEFT-INSIDE -> TRAFFIC-ACCIDENT INJURY,2,0.016666667
3,487(A) PC GRAND THEFT -> 459 PC  BURGLARY VEHICLE,2,0.016666667
3,487(A) PC GRAND THEFT -> TRAFFIC-ACCIDENT INJURY,2,0.016666667
3,5150 WI DANGER SELF/OTHERS -> 11357(B)HS POSS -28.5GR MARIJ,2,0.016666667
3,5150 WI DANGER SELF/OTHERS -> 20002(A) HIT/RUN,2,0.016666667
3,5150 WI DANGER SELF/OTHERS -> 211 PC  ROBBERY UNSPECIFIED,2,0.016666667
3,5150 WI DANGER SELF/OTHERS -> 459 PC  BURGLARY BUSINESS,2,0.016666667
3,5150 WI DANGER SELF/OTHERS -> HARASSMENT - I RPT,2,0.016666667
3,5150 WI DANGER SELF/OTHERS -> TOWED/STORED VEHICLE,2,0.016666667
3,5150 WI DANGER SELF/OTHERS -> TRAFFIC-ACCIDENT INJURY,2,0.016666667
3,594(B)(1)PC  VANDALISM +$400 -> 20002(A) HIT/RUN,2,0.016666667
3,594(B)(1)PC  VANDALISM +$400 -> 459 PC  BURGLARY RESIDENCE,2,0.016666667
3,594(B)(1)PC  VANDALISM +$400 -> 594(B)(2)(A) VANDALISM/ -$400,2,0.016666667
3,594(B)(1)PC  VANDALISM +$400 -> BURGLARY - I RPT,2,0.016666667
3,594(B)(1)PC  VANDALISM +$400 -> TOWED/STORED VEH-14602.6,2,0.016666667
3,594(B)(1)PC  VANDALISM +$400 -> TRAFFIC-ACCIDENT-NON INJURY,2,0.016666667
3,594(B)(2)(A) VANDALISM/ -$400 -> 23152(A) VC DUI-ALCOHOL/DRUGS,2,0.016666667
3,594(B)(2)(A) VANDALISM/ -$400 -> 459 PC  BURGLARY BUSINESS,2,0.016666667
3,594(B)(2)(A) VANDALISM/ -$400 -> 459 PC  BURGLARY RESIDENCE,2,0.016666667
3,594(B)(2)(A) VANDALISM/ -$400 -> 487(A) PC GRAND THEFT,2,0.016666667
3,594(B)(2)(A) VANDALISM/ -$400 -> 5150 WI DANGER SELF/OTHERS,2,0.016666667
3,594(B)(2)(A) VANDALISM/ -$400 -> 594(B)(2)(A) VANDALISM/ -$400,2,0.016666667
3,594(B)(2)(A) VANDALISM/ -$400 -> SUSP PERS-NO CRIME - I RPT,2,0.016666667
3,594(B)(2)(A)VANDALISM GRAF-400 -> 484 PC  PETTY THEFT/ OUTSIDE,2,0.016666667
3,594(B)(2)(A)VANDALISM GRAF-400 -> TOWED/STORED VEHICLE,2,0.016666667
3,647(F) PC DIP - DISORDERLY -> TRAFFIC-ACCIDENT-NON INJURY,2,0.016666667
3,666 PC PETTY THEFT W/PRI CONV -> 484 PC   PETTY THEFT/INSIDE,2,0.016666667
3,ABC LICENSE VIO/INFO - I RPT -> 459 PC  BURGLARY VEHICLE,2,0.016666667
3,CASUALTY REPORT -> 20002(A) HIT/RUN,2,0.016666667
3,CASUALTY REPORT -> 459 PC  BURGLARY RESIDENCE,2,0.016666667
3,CASUALTY REPORT -> 484 PETTY THEFT/LICENSE PLATE,2,0.016666667
3,CASUALTY REPORT -> 594(B)(1)PC  VANDALISM +$400,2,0.016666667
3,CASUALTY REPORT -> BURGLARY - I RPT,2,0.016666667
3,CASUALTY REPORT -> CASUALTY REPORT,2,0.016666667
3,CASUALTY REPORT -> TOWED/STORED VEH-14602.6,2,0.016666667
3,CASUALTY REPORT -> TOWED/STORED VEHICLE,2,0.016666667
3,FOUND PROPERTY - I RPT -> 10851(A)VC TAKE VEH W/O OWNER,2,0.016666667
3,FOUND PROPERTY - I RPT -> 211 PC ROBBERY- BUSINESS,2,0.016666667
3,FOUND PROPERTY - I RPT -> 23152(A) VC DUI-ALCOHOL/DRUGS,2,0.016666667
3,FOUND PROPERTY - I RPT -> 459 PC  BURGLARY RESIDENCE,2,0.016666667
3,FOUND PROPERTY - I RPT -> 594(B)(1)PC  VANDALISM +$400,2,0.016666667
3,FOUND PROPERTY - I RPT -> 594(B)(2)(A)VANDALISM GRAF-400,2,0.016666667
3,FOUND PROPERTY - I RPT -> FOUND PROPERTY - I RPT,2,0.016666667
3,FOUND PROPERTY - I RPT -> TOWED/STORED VEH-14602.6,2,0.016666667
3,FOUND PROPERTY - I RPT -> TRAFFIC-ACCIDENT-NON INJURY,2,0.016666667
3,GANG ACTIVITY - I RPT -> 459 PC  BURGLARY VEHICLE,2,0.016666667
3,HARASSMENT - I RPT -> 459 PC  BURGLARY VEHICLE,2,0.016666667
3,LOST PROPERTY - I RPT -> 211 PC  ROBBERY UNSPECIFIED,2,0.016666667
3,LOST PROPERTY - I RPT -> 5150 WI DANGER SELF/OTHERS,2,0.016666667
3,LOST PROPERTY - I RPT -> TRAFFIC-ACCIDENT-NON INJURY,2,0.016666667
3,MISCELLANEOUS I RPT (ZMISC) -> THREATS - I RPT,2,0.016666667
3,MISSING PERSON -> 11364 HS POSS DRUG PARAPH,2,0.016666667
3,MISSING PERSON -> 20002(A) HIT/RUN,2,0.016666667
3,NEIGHBORHOOD DISTURBANCE-I RPT -> 459 PC  BURGLARY VEHICLE,2,0.016666667
3,NON INJ HR/MAIL OUT REPORT -> 10851(A)VC TAKE VEH W/O OWNER,2,0.016666667
3,SAFEKEEPING - I RPT -> 10851(A)VC TAKE VEH W/O OWNER,2,0.016666667
3,SAFEKEEPING - I RPT -> 459 PC  BURGLARY VEHICLE,2,0.016666667
3,SAFEKEEPING - I RPT -> TOWED/STORED VEH-14602.6,2,0.016666667
3,SAFEKEEPING - I RPT -> TOWED/STORED VEHICLE,2,0.016666667
3,SAFEKEEPING - I RPT -> TRAFFIC-ACCIDENT INJURY,2,0.016666667
3,SUSP PERS-NO CRIME - I RPT -> 459 PC  BURGLARY VEHICLE,2,0.016666667
3,THREATS - I RPT -> 459 PC  BURGLARY VEHICLE,2,0.016666667
3,THREATS - I RPT -> TOWED/STORED VEHICLE,2,0.016666667
3,THREATS - I RPT -> TRAFFIC-ACCIDENT INJURY,2,0.016666667
3,TOWED/STORED VEH-14602.6 -> 11357(B)HS POSS -28.5GR MARIJ,2,0.016666667
3,TOWED/STORED VEH-14602.6 -> 1203.2 PC VIOLATION OF PROBATI,2,0.016666667
3,TOWED/STORED VEH-14602.6 -> 242 PC  BATTERY CIVILIAN,2,0.016666667
3,TOWED/STORED VEH-14602.6 -> 4140 BP  POSS OF HYPO NEEDLE,2,0.016666667
3,TOWED/STORED VEH-14602.6 -> 459 PC  BURGLARY BUSINESS,2,0.016666667
3,TOWED/STORED VEH-14602.6 -> 459 PC  BURGLARY RESIDENCE,2,0.016666667
3,TOWED/STORED VEH-14602.6 -> 476 PC PASS FICTICIOUS CHECK,2,0.016666667
3,TOWED/STORED VEH-14602.6 -> 487(A) GRAND THEFT-INSIDE,2,0.016666667
3,TOWED/STORED VEH-14602.6 -> 487(A) PC GRAND THEFT,2,0.016666667
3,TOWED/STORED VEH-14602.6 -> 594(B)(2)(A) VANDALISM/ -$400,2,0.016666667
3,TOWED/STORED VEH-14602.6 -> HIT AND RUN /SUSPECTS- I RPT,2,0.016666667
3,TOWED/STORED VEH-14602.6 -> TRAFFIC-ACCIDENT INJURY,2,0.016666667
3,TOWED/STORED VEHICLE -> 10851 VC AUTO THEFT LOCATE,2,0.016666667
3,TOWED/STORED VEHICLE -> 11364 HS POSS DRUG PARAPH,2,0.016666667
3,TOWED/STORED VEHICLE -> 215(A) PC    CARJACKING,2,0.016666667
3,TOWED/STORED VEHICLE -> 242 PC  BATTERY CIVILIAN,2,0.016666667
3,TOWED/STORED VEHICLE -> 243(E)1 BATTERY NONCOHAB SPOUS,2,0.016666667
3,TOWED/STORED VEHICLE -> 368(D) THEFT-ELDER >400,2,0.016666667
3,TOWED/STORED VEHICLE -> 4140 BP  POSS OF HYPO NEEDLE,2,0.016666667
3,TOWED/STORED VEHICLE -> 487(A) GRAND THEFT-INSIDE,2,0.016666667
3,TOWED/STORED VEHICLE -> 487(A) PC GRAND THEFT,2,0.016666667
3,TOWED/STORED VEHICLE -> 9.04.050 A DRINKING IN PUBLIC,2,0.016666667
3,TOWED/STORED VEHICLE -> BURGLARY - I RPT,2,0.016666667
3,TOWED/STORED VEHICLE -> NARCOTICS SUSP/EVID/ACT- I RPT,2,0.016666667
3,TOWED/STORED VEHICLE -> NEIGHBORHOOD DISTURBANCE-I RPT,2,0.016666667
3,TOWED/STORED VEHICLE -> POSSIBLE STOLEN PROPERTY-I RPT,2,0.016666667
3,TRAFFIC-ACCIDENT INJURY -> 20002(A) HIT/RUN,2,0.016666667
3,TRAFFIC-ACCIDENT INJURY -> 211 PC  ROBBERY UNSPECIFIED,2,0.016666667
3,TRAFFIC-ACCIDENT INJURY -> 242 PC  BATTERY CIVILIAN,2,0.016666667
3,TRAFFIC-ACCIDENT INJURY -> 243(D) PC BATT/CIVILIAN W/INJ,2,0.016666667
3,TRAFFIC-ACCIDENT INJURY -> 484 PC PETTY THEFT,2,0.016666667
3,TRAFFIC-ACCIDENT INJURY -> NEIGHBORHOOD DISTURBANCE-I RPT,2,0.016666667
3,TRAFFIC-ACCIDENT INJURY -> O/S AGENCY -ASSISTANCE- I RPT,2,0.016666667
3,TRAFFIC-ACCIDENT INJURY -> POSS STOLEN VEHICLE- I RPT,2,0.016666667
3,TRAFFIC-ACCIDENT-NON INJURY -> 148.9 PC FALSE ID TO OFFICER,2,0.016666667
3,TRAFFIC-ACCIDENT-NON INJURY -> 211 PC  ROBBERY UNSPECIFIED,2,0.016666667
3,TRAFFIC-ACCIDENT-NON INJURY -> 242 PC  BATTERY CIVILIAN,2,0.016666667
3,TRAFFIC-ACCIDENT-NON INJURY -> 459 PC  BURGLARY RESIDENCE,2,0.016666667
3,TRAFFIC-ACCIDENT-NON INJURY -> 484 PC   PETTY THEFT/INSIDE,2,0.016666667
3,TRAFFIC-ACCIDENT-NON INJURY -> 484 PETTY THEFT/LICENSE PLATE,2,0.016666667
3,TRAFFIC-ACCIDENT-NON INJURY -> 530.5 PC USE PERSONAL ID INFO,2,0.016666667
3,TRAFFIC-ACCIDENT-NON INJURY -> HARASSMENT - I RPT,2,0.016666667
3,WARRANT SERVED - I RPT -> TOWED/STORED VEHICLE,2,0.016666667
3,10.48.150 E FALSIFY PKG PERMIT -> 594(B)(1)PC  VANDALISM +$400,1,0.008333333
3,10851 VC AUTO THEFT LOCATE -> 10851 VC AUTO THEFT LOCATE,1,0.008333333
3,10851 VC AUTO THEFT LOCATE -> 11377(A)HS POSS AMPHETAMINES,1,0.008333333
3,10851 VC AUTO THEFT LOCATE -> 459 PC  BURGLARY BUSINESS,1,0.008333333
3,10851 VC AUTO THEFT LOCATE -> 476 PC PASS FICTICIOUS CHECK,1,0.008333333
3,10851 VC AUTO THEFT LOCATE -> 594(B)(1)PC  VANDALISM +$400,1,0.008333333
3,10851 VC AUTO THEFT LOCATE -> 647(F) PC DIP - DISORDERLY,1,0.008333333
3,10851 VC AUTO THEFT LOCATE -> SUSP PERS-NO CRIME - I RPT,1,0.008333333
3,10851 VC AUTO THEFT LOCATE -> TOWED/STORED VEHICLE,1,0.008333333
3,10851(A)VC TAKE VEH W/O OWNER -> 11352(A)HS SALE/TRANS CNTL SUB,1,0.008333333
3,10851(A)VC TAKE VEH W/O OWNER -> 12.52.030 SCC UNLAWFUL CAMPING,1,0.008333333
3,10851(A)VC TAKE VEH W/O OWNER -> 12022.1 PC COMMIT FEL ON BAIL,1,0.008333333
3,10851(A)VC TAKE VEH W/O OWNER -> 148.9 PC FALSE ID TO OFFICER,1,0.008333333
3,10851(A)VC TAKE VEH W/O OWNER -> 20002(A) HIT/RUN,1,0.008333333
3,10851(A)VC TAKE VEH W/O OWNER -> 211 PC  ROBBERY UNSPECIFIED,1,0.008333333
3,10851(A)VC TAKE VEH W/O OWNER -> 23152(A) VC DUI-ALCOHOL/DRUGS,1,0.008333333
3,10851(A)VC TAKE VEH W/O OWNER -> 23153(A) VC DUI CAUSE INJURY,1,0.008333333
3,10851(A)VC TAKE VEH W/O OWNER -> 243(E)1 BATTERY NONCOHAB SPOUS,1,0.008333333
3,10851(A)VC TAKE VEH W/O OWNER -> 4140 BP  POSS OF HYPO NEEDLE,1,0.008333333
3,10851(A)VC TAKE VEH W/O OWNER -> 484 PC-PETTY THEFT-COIN MACHIN,1,0.008333333
3,10851(A)VC TAKE VEH W/O OWNER -> 484 PETTY THEFT CLOUT UNLOCKED,1,0.008333333
3,10851(A)VC TAKE VEH W/O OWNER -> 484G(A)PC USE FORGED CARD,1,0.008333333
3,10851(A)VC TAKE VEH W/O OWNER -> 484G(B) PC ACCESS CARD FRAUD,1,0.008333333
3,10851(A)VC TAKE VEH W/O OWNER -> 487(A) GRAND THEFT-INSIDE,1,0.008333333
3,10851(A)VC TAKE VEH W/O OWNER -> 530 PC FALSE PERS. REC PROP,1,0.008333333
3,10851(A)VC TAKE VEH W/O OWNER -> 530.5 PC USE PERSONAL ID INFO,1,0.008333333
3,10851(A)VC TAKE VEH W/O OWNER -> 602(K)TRESPASS:INJURE PROPERTY,1,0.008333333
3,10851(A)VC TAKE VEH W/O OWNER -> 99170 PUBLIC UTILITIES CODE,1,0.008333333
3,10851(A)VC TAKE VEH W/O OWNER -> BUSINESS PERMITS - I RPT,1,0.008333333
3,10851(A)VC TAKE VEH W/O OWNER -> GRAND THEFT - I RPT,1,0.008333333
3,10851(A)VC TAKE VEH W/O OWNER -> NARCOTICS SUSP/EVID/ACT- I RPT,1,0.008333333
3,10851(A)VC TAKE VEH W/O OWNER -> PROTECTIVE CUSTODY-I RPT,1,0.008333333
3,10851(A)VC TAKE VEH W/O OWNER -> ROBBERY - I RPT,1,0.008333333
3,10851(A)VC TAKE VEH W/O OWNER -> RPT # CANCELLED- I RPT,1,0.008333333
3,10855 VC LSE/RENT NOT RETURNED -> 459 PC  BURGLARY BUSINESS,1,0.008333333
3,11350(A)HS POSS CNTRL SUBST -> 11351.5 HS POSS SALE RCK COCAI,1,0.008333333
3,11350(A)HS POSS CNTRL SUBST -> 11352(A)HS SALE/TRANS CNTL SUB,1,0.008333333
3,11350(A)HS POSS CNTRL SUBST -> 12021(A)(1)PC FELON POSS FRARM,1,0.008333333
3,11350(A)HS POSS CNTRL SUBST -> 20002(A) HIT/RUN,1,0.008333333
3,11350(A)HS POSS CNTRL SUBST -> 242 PC  BATTERY CIVILIAN,1,0.008333333
3,11350(A)HS POSS CNTRL SUBST -> 243(D) PC BATT/CIVILIAN W/INJ,1,0.008333333
3,11350(A)HS POSS CNTRL SUBST -> 308(B) PC MINOR POSS TOBACCO,1,0.008333333
3,11350(A)HS POSS CNTRL SUBST -> 459 PC  BURGLARY BUSINESS,1,0.008333333
3,11350(A)HS POSS CNTRL SUBST -> 459 PC  BURGLARY VEHICLE,1,0.008333333
3,11350(A)HS POSS CNTRL SUBST -> 484 PETTY THEFT-SHOPLIFT,1,0.008333333
3,11350(A)HS POSS CNTRL SUBST -> 594(B)(2)(A) VANDALISM/ -$400,1,0.008333333
3,11350(A)HS POSS CNTRL SUBST -> FOUND PROPERTY - I RPT,1,0.008333333
3,11350(A)HS POSS CNTRL SUBST -> NEIGHBORHOOD DISTURBANCE-I RPT,1,0.008333333
3,11350(A)HS POSS CNTRL SUBST -> NON INJ HR/MAIL OUT REPORT,1,0.008333333
3,11350(A)HS POSS CNTRL SUBST -> SAFEKEEPING - I RPT,1,0.008333333
3,11350(A)HS POSS CNTRL SUBST -> TOWED/STORED VEH-14602.6,1,0.008333333
3,11350(A)HS POSS CNTRL SUBST -> TOWED/STORED VEHICLE,1,0.008333333
3,11350(B)HS POSSESS QUAALUDES -> 243(E)1 BATTERY NONCOHAB SPOUS,1,0.008333333
3,11350(B)HS POSSESS QUAALUDES -> TOWED/STORED VEHICLE,1,0.008333333
3,11351.5 HS POSS SALE RCK COCAI -> 10851(A)VC TAKE VEH W/O OWNER,1,0.008333333
3,11351.5 HS POSS SALE RCK COCAI -> 3056 PAROLE VIO - I RPT,1,0.008333333
3,11351.5 HS POSS SALE RCK COCAI -> 459 PC  BURGLARY RESIDENCE,1,0.008333333
3,11351.5 HS POSS SALE RCK COCAI -> 484 PC PETTY THEFT,1,0.008333333
3,11351.5 HS POSS SALE RCK COCAI -> FOUND PROPERTY - I RPT,1,0.008333333
3,11352(A)HS SALE/TRANS CNTL SUB -> 11364 HS POSS DRUG PARAPH,1,0.008333333
3,11352(A)HS SALE/TRANS CNTL SUB -> 459 PC  BURGLARY VEHICLE,1,0.008333333
3,11352(A)HS SALE/TRANS CNTL SUB -> HIT AND RUN /SUSPECTS- I RPT,1,0.008333333
3,11352(A)HS SALE/TRANS CNTL SUB -> TOWED/STORED VEH-14602.6,1,0.008333333
3,11352(A)HS SALE/TRANS CNTL SUB -> TOWED/STORED VEHICLE,1,0.008333333
3,11357(B)HS POSS -28.5GR MARIJ -> 11350(A)HS POSS CNTRL SUBST,1,0.008333333
3,11357(B)HS POSS -28.5GR MARIJ -> 11364 HS POSS DRUG PARAPH,1,0.008333333
3,11357(B)HS POSS -28.5GR MARIJ -> 12020(A)(4) PC DIRK/DAGGER,1,0.008333333
3,11357(B)HS POSS -28.5GR MARIJ -> 211 PC  ROBBERY UNSPECIFIED,1,0.008333333
3,11357(B)HS POSS -28.5GR MARIJ -> 459 PC  BURGLARY VEHICLE,1,0.008333333
3,11357(B)HS POSS -28.5GR MARIJ -> 484 PC PETTY THEFT,1,0.008333333
3,11357(B)HS POSS -28.5GR MARIJ -> 484 PETTY THEFT-SHOPLIFT,1,0.008333333
3,11357(B)HS POSS -28.5GR MARIJ -> 484 PETTY THEFT/LICENSE PLATE,1,0.008333333
3,11357(B)HS POSS -28.5GR MARIJ -> 5150 WI DANGER SELF/OTHERS,1,0.008333333
3,11357(B)HS POSS -28.5GR MARIJ -> 537(A)(1) DEFRAUD INKEEP/-$400,1,0.008333333
3,11357(B)HS POSS -28.5GR MARIJ -> 594(B)(1)PC  VANDALISM +$400,1,0.008333333
3,11357(B)HS POSS -28.5GR MARIJ -> 594(B)(2)(A) VANDALISM/ -$400,1,0.008333333
3,11357(B)HS POSS -28.5GR MARIJ -> CASUALTY REPORT,1,0.008333333
3,11357(B)HS POSS -28.5GR MARIJ -> GANG ACTIVITY - I RPT,1,0.008333333
3,11357(B)HS POSS -28.5GR MARIJ -> HARASSMENT - I RPT,1,0.008333333
3,11357(B)HS POSS -28.5GR MARIJ -> LOST PROPERTY - I RPT,1,0.008333333
3,11357(B)HS POSS -28.5GR MARIJ -> MISSING PERSON I RPT,1,0.008333333
3,11357(B)HS POSS -28.5GR MARIJ -> NON INJ HR/MAIL OUT REPORT,1,0.008333333
3,11357(B)HS POSS -28.5GR MARIJ -> ROBBERY - I RPT,1,0.008333333
3,11357(B)HS POSS -28.5GR MARIJ -> THREATS - I RPT,1,0.008333333
3,11357(B)HS POSS -28.5GR MARIJ -> TOWED/STORED VEHICLE,1,0.008333333
3,11357(B)HS POSS -28.5GR MARIJ -> TRAFFIC-ACCIDENT INJURY,1,0.008333333
3,11357(B)HS POSS -28.5GR MARIJ -> TRAFFIC-ACCIDENT-NON INJURY,1,0.008333333
3,11359 HS POSS FOR SALE MARIJ -> TRAFFIC-ACCIDENT INJURY,1,0.008333333
3,11364 HS POSS DRUG PARAPH -> 11350(A)HS POSS CNTRL SUBST,1,0.008333333
3,11364 HS POSS DRUG PARAPH -> 11357(B)HS POSS -28.5GR MARIJ,1,0.008333333
3,11364 HS POSS DRUG PARAPH -> 12020(A)(4) PC DIRK/DAGGER,1,0.008333333
3,11364 HS POSS DRUG PARAPH -> 12021(A)(1)PC FELON POSS FRARM,1,0.008333333
3,11364 HS POSS DRUG PARAPH -> 20002(A) HIT/RUN,1,0.008333333
3,11364 HS POSS DRUG PARAPH -> 215(A) PC    CARJACKING,1,0.008333333
3,11364 HS POSS DRUG PARAPH -> 243.3 BATT TRANS PERS/PASS/INJ,1,0.008333333
3,11364 HS POSS DRUG PARAPH -> 459 PC  BURGLARY BUSINESS,1,0.008333333
3,11364 HS POSS DRUG PARAPH -> 459 PC  BURGLARY RESIDENCE,1,0.008333333
3,11364 HS POSS DRUG PARAPH -> 484 PC PETTY THEFT,1,0.008333333
3,11364 HS POSS DRUG PARAPH -> 484 PETTY THEFT-SHOPLIFT,1,0.008333333
3,11364 HS POSS DRUG PARAPH -> 484G(B) PC ACCESS CARD FRAUD,1,0.008333333
3,11364 HS POSS DRUG PARAPH -> 487(D)GRAND THEFT FIREARM/ANIM,1,0.008333333
3,11364 HS POSS DRUG PARAPH -> 530.5 PC USE PERSONAL ID INFO,1,0.008333333
3,11364 HS POSS DRUG PARAPH -> 594(B)(2)(A) VANDALISM/ -$400,1,0.008333333
3,11364 HS POSS DRUG PARAPH -> 666 PC PETTY THEFT W/PRI CONV,1,0.008333333
3,11364 HS POSS DRUG PARAPH -> 849(B)(1) CERTIFICATE OF RELEA,1,0.008333333
3,11364 HS POSS DRUG PARAPH -> ACCIDENTAL FIRES/ARSON -I RPT,1,0.008333333
3,11364 HS POSS DRUG PARAPH -> HARASSMENT - I RPT,1,0.008333333
3,11364 HS POSS DRUG PARAPH -> HIT AND RUN /SUSPECTS- I RPT,1,0.008333333
3,11364 HS POSS DRUG PARAPH -> LOST PROPERTY - I RPT,1,0.008333333
3,11364 HS POSS DRUG PARAPH -> NON INJ HR/MAIL OUT REPORT,1,0.008333333
3,11364 HS POSS DRUG PARAPH -> SUSP PERS-NO CRIME - I RPT,1,0.008333333
3,11364 HS POSS DRUG PARAPH -> TOWED/STORED VEH-14602.6,1,0.008333333
3,11364 HS POSS DRUG PARAPH -> TOWED/STORED VEHICLE,1,0.008333333
3,11377(A)HS POSS AMPHETAMINES -> 11364 HS POSS DRUG PARAPH,1,0.008333333
3,11377(A)HS POSS AMPHETAMINES -> 20002(A) HIT/RUN,1,0.008333333
3,11377(A)HS POSS AMPHETAMINES -> 245(A)(1)AWDW/NO FIREARM/CIVIL,1,0.008333333
3,11377(A)HS POSS AMPHETAMINES -> 314.1 PC   INDECENT EXPOSURE,1,0.008333333
3,11377(A)HS POSS AMPHETAMINES -> 484G(B) PC ACCESS CARD FRAUD,1,0.008333333
3,11377(A)HS POSS AMPHETAMINES -> CHILD WELFARE - I RPT,1,0.008333333
3,11377(A)HS POSS AMPHETAMINES -> FOUND PROPERTY - I RPT,1,0.008333333
3,11377(A)HS POSS AMPHETAMINES -> TOWED/STORED VEHICLE,1,0.008333333
3,11377(A)HS POSS AMPHETAMINES -> TRAFFIC-ACCIDENT INJURY,1,0.008333333
3,11378 HS POSS/SALE AMPHETAMINE -> SAFEKEEPING - I RPT,1,0.008333333
3,11378 HS POSS/SALE AMPHETAMINE -> TRAFFIC-ACCIDENT INJURY,1,0.008333333
3,11379(A)HS SELL/TRANSP AMPHET -> 10851(A)VC TAKE VEH W/O OWNER,1,0.008333333
3,11379(A)HS SELL/TRANSP AMPHET -> 459 PC  BURGLARY BUSINESS,1,0.008333333
3,11379(A)HS SELL/TRANSP AMPHET -> 459 PC  BURGLARY VEHICLE,1,0.008333333
3,11379(A)HS SELL/TRANSP AMPHET -> 484 PC PETTY THEFT,1,0.008333333
3,11379(A)HS SELL/TRANSP AMPHET -> 594(B)(2)(A) VANDALISM/ -$400,1,0.008333333
3,11379(A)HS SELL/TRANSP AMPHET -> 666 PC PETTY THEFT W/PRI CONV,1,0.008333333
3,11532(A)HS LOITER DRG ACTIVITY -> 11350(A)HS POSS CNTRL SUBST,1,0.008333333
3,11532(A)HS LOITER DRG ACTIVITY -> 211 PC  ROBBERY UNSPECIFIED,1,0.008333333
3,11532(A)HS LOITER DRG ACTIVITY -> 459 PC  BURGLARY BUSINESS,1,0.008333333
3,11532(A)HS LOITER DRG ACTIVITY -> 603  FORCED ENTRY/PROP DAMAGE,1,0.008333333
3,11532(A)HS LOITER DRG ACTIVITY -> SAFEKEEPING - I RPT,1,0.008333333
3,11550(A)HS UNDER INFL NARCOTIC -> 487(A) PC GRAND THEFT,1,0.008333333
3,12.52.030 SCC UNLAWFUL CAMPING -> 12.52.030 SCC UNLAWFUL CAMPING,1,0.008333333
3,12.52.030 SCC UNLAWFUL CAMPING -> 211 PC  ROBBERY UNSPECIFIED,1,0.008333333
3,12.52.030 SCC UNLAWFUL CAMPING -> 3056 PAROLE VIO - I RPT,1,0.008333333
3,12.52.030 SCC UNLAWFUL CAMPING -> 3056 PC PAROLE VIOLATION,1,0.008333333
3,12.52.030 SCC UNLAWFUL CAMPING -> 459 PC  BURGLARY BUSINESS,1,0.008333333
3,12.52.030 SCC UNLAWFUL CAMPING -> 594(B)(2)(A) VANDALISM/ -$400,1,0.008333333
3,12.52.030 SCC UNLAWFUL CAMPING -> POSSIBLE STOLEN PROPERTY-I RPT,1,0.008333333
3,12.52.030 SCC UNLAWFUL CAMPING -> TOWED/STORED VEHICLE,1,0.008333333
3,12.52.030 SCC UNLAWFUL CAMPING -> TRAFFIC-ACCIDENT INJURY,1,0.008333333
3,12.52.030 SCC UNLAWFUL CAMPING -> TRAFFIC-ACCIDENT-NON INJURY,1,0.008333333
3,12020(A)(4) PC DIRK/DAGGER -> 11357(B)HS POSS -28.5GR MARIJ,1,0.008333333
3,12020(A)(4) PC DIRK/DAGGER -> TOWED/STORED VEHICLE,1,0.008333333
3,12020(A)(4) PC DIRK/DAGGER -> TRAFFIC-ACCIDENT-NON INJURY,1,0.008333333
3,12020(A)1) PROHIBITED FIREARM -> 10851(A)VC TAKE VEH W/O OWNER,1,0.008333333
3,12020(A)1) PROHIBITED FIREARM -> 537(A)(1) DEFRAUD INKEEP/-$400,1,0.008333333
3,12020(A)1) PROHIBITED FIREARM -> 594(B)(2)(A) VANDALISM/ -$400,1,0.008333333
3,12020(A)1) PROHIBITED FIREARM -> SUSP PERS-NO CRIME - I RPT,1,0.008333333
3,12021(A)(1)PC FELON POSS FRARM -> 484 PETTY THEFT-SHOPLIFT,1,0.008333333
3,12021(A)(1)PC FELON POSS FRARM -> NON INJ HR/MAIL OUT REPORT,1,0.008333333
3,12022.1 PC COMMIT FEL ON BAIL -> 459 PC  BURGLARY VEHICLE,1,0.008333333
3,12022.1 PC COMMIT FEL ON BAIL -> 484 PETTY THEFT-SHOPLIFT,1,0.008333333
3,1203.2 PC VIOLATION OF PROBATI -> 10851 VC AUTO THEFT LOCATE,1,0.008333333
3,1203.2 PC VIOLATION OF PROBATI -> 484 PC   PETTY THEFT/INSIDE,1,0.008333333
3,1203.2 PC VIOLATION OF PROBATI -> 487(A) GRAND THEFT-INSIDE,1,0.008333333
3,136.1(C)(1) PC DISSUADE V/W -> TOWED/STORED VEH-14602.6,1,0.008333333
3,148(A)(1)PC RESIST PEACE OFFCR -> 242 PC  BATTERY CIVILIAN,1,0.008333333
3,148(A)(1)PC RESIST PEACE OFFCR -> 25661 BP FALSE EVIDENCE OF AGE,1,0.008333333
3,148(A)(1)PC RESIST PEACE OFFCR -> 484 PETTY THEFT-SHOPLIFT,1,0.008333333
3,148(A)(1)PC RESIST PEACE OFFCR -> 487(A) PC GRAND THEFT,1,0.008333333
3,148(A)(1)PC RESIST PEACE OFFCR -> CASUALTY REPORT,1,0.008333333
3,148(A)(1)PC RESIST PEACE OFFCR -> HARASSMENT - I RPT,1,0.008333333
3,148(A)(1)PC RESIST PEACE OFFCR -> POSSIBLE STOLEN PROPERTY-I RPT,1,0.008333333
3,148(A)(1)PC RESIST PEACE OFFCR -> ROBBERY - I RPT,1,0.008333333
3,148(A)(1)PC RESIST PEACE OFFCR -> TRAFFIC-ACCIDENT INJURY,1,0.008333333
3,148(A)(1)PC RESIST PEACE OFFCR -> TRAFFIC-ACCIDENT-NON INJURY,1,0.008333333
3,148(A)(1)PC RESIST PEACE OFFCR -> WARRANT SERVED - I RPT,1,0.008333333
3,148.9 PC FALSE ID TO OFFICER -> 498(B)(5) THEFT OF ELECTRICITY,1,0.008333333
3,148.9 PC FALSE ID TO OFFICER -> 647(F) PC DIP - DISORDERLY,1,0.008333333
3,148.9 PC FALSE ID TO OFFICER -> PROTECTIVE CUSTODY-I RPT,1,0.008333333
3,148.9 PC FALSE ID TO OFFICER -> TOWED/STORED VEHICLE,1,0.008333333
3,148.9 PC FALSE ID TO OFFICER -> TRAFFIC-ACCIDENT-NON INJURY,1,0.008333333
3,1551(A) FUGITIVE FROM JUSTICE -> 10851(A)VC TAKE VEH W/O OWNER,1,0.008333333
3,1551(A) FUGITIVE FROM JUSTICE -> 415(3) PC DIST PEACE OFF WORDS,1,0.008333333
3,1551(A) FUGITIVE FROM JUSTICE -> 484 PC   PETTY THEFT/INSIDE,1,0.008333333
3,1551(A) FUGITIVE FROM JUSTICE -> 484 PC PETTY THEFT,1,0.008333333
3,1551(A) FUGITIVE FROM JUSTICE -> LOST PROPERTY - I RPT,1,0.008333333
3,1551(A) FUGITIVE FROM JUSTICE -> MISCELLANEOUS I RPT (ZMISC),1,0.008333333
3,1551(A) FUGITIVE FROM JUSTICE -> TELEPEST -I RPT,1,0.008333333
3,1551(A) FUGITIVE FROM JUSTICE -> TRAFFIC-ACCIDENT INJURY,1,0.008333333
3,166(A)(4) WILFUL DISOBEY CT OR -> 11377(A)HS POSS AMPHETAMINES,1,0.008333333
3,166(A)(4) WILFUL DISOBEY CT OR -> 459 PC  BURGLARY BUSINESS,1,0.008333333
3,166(A)(4) WILFUL DISOBEY CT OR -> 459 PC  BURGLARY RESIDENCE,1,0.008333333
3,166(A)(4) WILFUL DISOBEY CT OR -> 459 PC  BURGLARY VEHICLE,1,0.008333333
3,166(A)(4) WILFUL DISOBEY CT OR -> 594(B)(2)(A) VANDALISM/ -$400,1,0.008333333
3,166(A)(4) WILFUL DISOBEY CT OR -> TRAFFIC - I RPT,1,0.008333333
3,1708 US   THEFT OF MAIL -> 10851(A)VC TAKE VEH W/O OWNER,1,0.008333333
3,1708 US   THEFT OF MAIL -> 243(E)1 BATTERY NONCOHAB SPOUS,1,0.008333333
3,1708 US   THEFT OF MAIL -> 530.5 PC USE PERSONAL ID INFO,1,0.008333333
3,1708 US   THEFT OF MAIL -> CASUALTY REPORT,1,0.008333333
3,1708 US   THEFT OF MAIL -> TOWED/STORED VEH-14602.6,1,0.008333333
3,1708 US   THEFT OF MAIL -> TRAFFIC-ACCIDENT-NON INJURY,1,0.008333333
3,197 JUSTIFIABLE HOMI-CIVILIAN -> MISCELLANEOUS I RPT (ZMISC),1,0.008333333
3,197 JUSTIFIABLE HOMI-CIVILIAN -> TRAFFIC-ACCIDENT-NON INJURY,1,0.008333333
3,20001(A) VC HIT/RUN INJ/DEATH -> 11351.5 HS POSS SALE RCK COCAI,1,0.008333333
3,20001(A) VC HIT/RUN INJ/DEATH -> 11352(A)HS SALE/TRANS CNTL SUB,1,0.008333333
3,20001(A) VC HIT/RUN INJ/DEATH -> 242 PC  BATTERY CIVILIAN,1,0.008333333
3,20001(A) VC HIT/RUN INJ/DEATH -> 3056 PAROLE VIO - I RPT,1,0.008333333
3,20001(A) VC HIT/RUN INJ/DEATH -> 5150 WI DANGER SELF/OTHERS,1,0.008333333
3,20001(A) VC HIT/RUN INJ/DEATH -> 594(B)(1)VANDALISM GRAF +$400,1,0.008333333
3,20001(A) VC HIT/RUN INJ/DEATH -> MISCELLANEOUS I RPT (ZMISC),1,0.008333333
3,20001(A) VC HIT/RUN INJ/DEATH -> MISSING PERSON I RPT,1,0.008333333
3,20001(A) VC HIT/RUN INJ/DEATH -> TRAFFIC-ACCIDENT INJURY,1,0.008333333
3,20002(A) HIT/RUN -> 1708 US   THEFT OF MAIL,1,0.008333333
3,20002(A) HIT/RUN -> 245(A)(1)AWDW/NO FIREARM/CIVIL,1,0.008333333
3,20002(A) HIT/RUN -> 25632 BP CONSM ALC AFT CLOSING,1,0.008333333
3,20002(A) HIT/RUN -> 314.1 PC   INDECENT EXPOSURE,1,0.008333333
3,20002(A) HIT/RUN -> 459 PC  BURGLARY RESIDENCE,1,0.008333333
3,20002(A) HIT/RUN -> 459 PC  BURGLARY VEHICLE,1,0.008333333
3,20002(A) HIT/RUN -> 484 PC PETTY THEFT,1,0.008333333
3,20002(A) HIT/RUN -> 487(D) PC GRAND THEFT AUTO,1,0.008333333
3,20002(A) HIT/RUN -> 9.40.020(A) JUVENILE CURFEW,1,0.008333333
3,20002(A) HIT/RUN -> SUSP PERS-NO CRIME - I RPT,1,0.008333333
3,20002(A) HIT/RUN -> TOWED/STORED VEH-14602.6,1,0.008333333
3,20002(A) HIT/RUN -> TOWED/STORED VEHICLE,1,0.008333333
3,20002(A) HIT/RUN -> TRAFFIC-ACCIDENT-NON INJURY,1,0.008333333
3,203 PC    MAYHEM -> 11357(B)HS POSS -28.5GR MARIJ,1,0.008333333
3,203 PC    MAYHEM -> 20002(A) HIT/RUN,1,0.008333333
3,203 PC    MAYHEM -> TOWED/STORED VEHICLE,1,0.008333333
3,203 PC    MAYHEM -> TRAFFIC-ACCIDENT-NON INJURY,1,0.008333333
3,211 PC  ROBBERY UNSPECIFIED -> 10855 VC LSE/RENT NOT RETURNED,1,0.008333333
3,211 PC  ROBBERY UNSPECIFIED -> 11350(A)HS POSS CNTRL SUBST,1,0.008333333
3,211 PC  ROBBERY UNSPECIFIED -> 12020(A)1) PROHIBITED FIREARM,1,0.008333333
3,211 PC  ROBBERY UNSPECIFIED -> 12021(A)(1)PC FELON POSS FRARM,1,0.008333333
3,211 PC  ROBBERY UNSPECIFIED -> 20002(A) HIT/RUN,1,0.008333333
3,211 PC  ROBBERY UNSPECIFIED -> 211 PC ROBBERY- BUSINESS,1,0.008333333
3,211 PC  ROBBERY UNSPECIFIED -> 211 PC ROBBERY-PURSE SNATCH,1,0.008333333
3,211 PC  ROBBERY UNSPECIFIED -> 215(A) PC    CARJACKING,1,0.008333333
3,211 PC  ROBBERY UNSPECIFIED -> 23152(A) VC DUI-ALCOHOL/DRUGS,1,0.008333333
3,211 PC  ROBBERY UNSPECIFIED -> 23153(A) VC DUI CAUSE INJURY,1,0.008333333
3,211 PC  ROBBERY UNSPECIFIED -> 242 PC  BATTERY CIVILIAN,1,0.008333333
3,211 PC  ROBBERY UNSPECIFIED -> 243(E)1 BATTERY NONCOHAB SPOUS,1,0.008333333
3,211 PC  ROBBERY UNSPECIFIED -> 25632 BP CONSM ALC AFT CLOSING,1,0.008333333
3,211 PC  ROBBERY UNSPECIFIED -> 3056 PAROLE VIO - I RPT,1,0.008333333
3,211 PC  ROBBERY UNSPECIFIED -> 475(C) PASS FORGED NOTE,1,0.008333333
3,211 PC  ROBBERY UNSPECIFIED -> 484 PETTY THEFT-SHOPLIFT,1,0.008333333
3,211 PC  ROBBERY UNSPECIFIED -> 487(A) GRAND THEFT-COIN MACHIN,1,0.008333333
3,211 PC  ROBBERY UNSPECIFIED -> 594(B)(1)PC  VANDALISM +$400,1,0.008333333
3,211 PC  ROBBERY UNSPECIFIED -> 653M(B) PC ANNOY/RPT CALL HOME,1,0.008333333
3,211 PC  ROBBERY UNSPECIFIED -> 666 PC PETTY THEFT W/PRI CONV,1,0.008333333
3,211 PC  ROBBERY UNSPECIFIED -> BATTERY - I RPT,1,0.008333333
3,211 PC  ROBBERY UNSPECIFIED -> FOUND PROPERTY - I RPT,1,0.008333333
3,211 PC  ROBBERY UNSPECIFIED -> LOST PROPERTY - I RPT,1,0.008333333
3,211 PC  ROBBERY UNSPECIFIED -> MISCELLANEOUS I RPT (ZMISC),1,0.008333333
3,211 PC  ROBBERY UNSPECIFIED -> TOWED/STORED VEH-14602.6,1,0.008333333
3,211 PC  ROBBERY UNSPECIFIED -> TOWED/STORED VEHICLE,1,0.008333333
3,211 PC  ROBBERY UNSPECIFIED -> TRAFFIC-ACCIDENT INJURY,1,0.008333333
3,211 PC  ROBBERY UNSPECIFIED -> WARRANT SERVED - I RPT,1,0.008333333
3,211 PC ROBBERY- BUSINESS -> 10851(A)VC TAKE VEH W/O OWNER,1,0.008333333
3,211 PC ROBBERY- BUSINESS -> 12020(A)1) PROHIBITED FIREARM,1,0.008333333
3,211 PC ROBBERY- BUSINESS -> 23152(A) VC DUI-ALCOHOL/DRUGS,1,0.008333333
3,211 PC ROBBERY- BUSINESS -> 484 PETTY THEFT CLOUT UNLOCKED,1,0.008333333
3,211 PC ROBBERY- BUSINESS -> DUI I RPT,1,0.008333333
3,211 PC ROBBERY- BUSINESS -> ELDER ABUSE/PHYS/MENTAL-I RPT,1,0.008333333
3,211 PC ROBBERY- BUSINESS -> TRAFFIC-ACCIDENT INJURY,1,0.008333333
3,211 PC ROBBERY-PURSE SNATCH -> 20001(A) VC HIT/RUN INJ/DEATH,1,0.008333333
3,211 PC ROBBERY-PURSE SNATCH -> 242 PC  BATTERY CIVILIAN,1,0.008333333
3,211 PC ROBBERY-PURSE SNATCH -> 3056 PAROLE VIO - I RPT,1,0.008333333
3,211 PC ROBBERY-PURSE SNATCH -> HARASSMENT - I RPT,1,0.008333333
3,211 PC ROBBERY-PURSE SNATCH -> MISSING PERSON I RPT,1,0.008333333
3,212.5(A)ROBBERY-INHAB DWELLING -> 10851(A)VC TAKE VEH W/O OWNER,1,0.008333333
3,212.5(A)ROBBERY-INHAB DWELLING -> 484 PC   PETTY THEFT/INSIDE,1,0.008333333
3,212.5(A)ROBBERY-INHAB DWELLING -> MISCELLANEOUS I RPT (ZMISC),1,0.008333333
3,215(A) PC    CARJACKING -> 10851(A)VC TAKE VEH W/O OWNER,1,0.008333333
3,215(A) PC    CARJACKING -> 594(B)(2)(A)VANDALISM GRAF-400,1,0.008333333
3,22435.2(A) BP POSS SHOP CART -> TOWED/STORED VEH-14602.6,1,0.008333333
3,22435.2(A) BP POSS SHOP CART -> TOWED/STORED VEHICLE,1,0.008333333
3,22435.2(A) BP POSS SHOP CART -> TRAFFIC-ACCIDENT-NON INJURY,1,0.008333333
3,23152(A) VC DUI-ALCOHOL/DRUGS -> 211 PC  ROBBERY UNSPECIFIED,1,0.008333333
3,23152(A) VC DUI-ALCOHOL/DRUGS -> 23152(A) VC DUI-ALCOHOL/DRUGS,1,0.008333333
3,23152(A) VC DUI-ALCOHOL/DRUGS -> 243(D) PC BATT/CIVILIAN W/INJ,1,0.008333333
3,23152(A) VC DUI-ALCOHOL/DRUGS -> 484 PETTY THEFT/LICENSE PLATE,1,0.008333333
3,23152(A) VC DUI-ALCOHOL/DRUGS -> 484G(B) PC ACCESS CARD FRAUD,1,0.008333333
3,23152(A) VC DUI-ALCOHOL/DRUGS -> 487(A) GRAND THEFT-INSIDE,1,0.008333333
3,23152(A) VC DUI-ALCOHOL/DRUGS -> 594(B)(2)(A) VANDALISM/ -$400,1,0.008333333
3,23152(A) VC DUI-ALCOHOL/DRUGS -> 653M(A) PC OBSCENE/THREAT CALL,1,0.008333333
3,23152(A) VC DUI-ALCOHOL/DRUGS -> BATTERY - I RPT,1,0.008333333
3,23152(A) VC DUI-ALCOHOL/DRUGS -> HARASSMENT - I RPT,1,0.008333333
3,23152(A) VC DUI-ALCOHOL/DRUGS -> JUVENILE OFFENDER-PROBATION,1,0.008333333
3,23152(A) VC DUI-ALCOHOL/DRUGS -> NARCOTICS SUSP/EVID/ACT- I RPT,1,0.008333333
3,23152(A) VC DUI-ALCOHOL/DRUGS -> NEIGHBORHOOD DISTURBANCE-I RPT,1,0.008333333
3,23152(A) VC DUI-ALCOHOL/DRUGS -> TOWED/STORED VEH-14602.6,1,0.008333333
3,23152(A) VC DUI-ALCOHOL/DRUGS -> TRAFFIC - I RPT,1,0.008333333
3,23222(B)POSSESS MARIJ IN VEH -> 10851(A)VC TAKE VEH W/O OWNER,1,0.008333333
3,23222(B)POSSESS MARIJ IN VEH -> 459 PC  BURGLARY RESIDENCE,1,0.008333333
3,23222(B)POSSESS MARIJ IN VEH -> 459 PC  BURGLARY VEHICLE,1,0.008333333
3,23222(B)POSSESS MARIJ IN VEH -> 5150 WI DANGER SELF/OTHERS,1,0.008333333
3,23222(B)POSSESS MARIJ IN VEH -> FOUND PROPERTY - I RPT,1,0.008333333
3,241(B) ASSAULT ON POLICE OFFIC -> 11350(A)HS POSS CNTRL SUBST,1,0.008333333
3,241(B) ASSAULT ON POLICE OFFIC -> 12021(A)(1)PC FELON POSS FRARM,1,0.008333333
3,241(B) ASSAULT ON POLICE OFFIC -> 211 PC  ROBBERY UNSPECIFIED,1,0.008333333
3,241(B) ASSAULT ON POLICE OFFIC -> 484 PETTY THEFT-SHOPLIFT,1,0.008333333
3,241(B) ASSAULT ON POLICE OFFIC -> NON INJ HR/MAIL OUT REPORT,1,0.008333333
3,242 PC  BATTERY CIVILIAN -> 10851 VC AUTO THEFT LOCATE,1,0.008333333
3,242 PC  BATTERY CIVILIAN -> 10851(A)VC TAKE VEH W/O OWNER,1,0.008333333
3,242 PC  BATTERY CIVILIAN -> 211 PC ROBBERY- BUSINESS,1,0.008333333
3,242 PC  BATTERY CIVILIAN -> 23152(A) VC DUI-ALCOHOL/DRUGS,1,0.008333333
3,242 PC  BATTERY CIVILIAN -> 3056 PAROLE VIO - I RPT,1,0.008333333
3,242 PC  BATTERY CIVILIAN -> 4140 BP  POSS OF HYPO NEEDLE,1,0.008333333
3,242 PC  BATTERY CIVILIAN -> 459 PC  BURGLARY BUSINESS,1,0.008333333
3,242 PC  BATTERY CIVILIAN -> 484 PETTY THEFT-SHOPLIFT,1,0.008333333
3,242 PC  BATTERY CIVILIAN -> 484G(B) PC ACCESS CARD FRAUD,1,0.008333333
3,242 PC  BATTERY CIVILIAN -> 487(A) PC GRAND THEFT,1,0.008333333
3,242 PC  BATTERY CIVILIAN -> ABC LICENSE VIO/INFO - I RPT,1,0.008333333
3,242 PC  BATTERY CIVILIAN -> HARASSMENT - I RPT,1,0.008333333
3,242 PC  BATTERY CIVILIAN -> HOMICIDE ASSAULT - I RPT,1,0.008333333
3,242 PC  BATTERY CIVILIAN -> MISSING PERSON I RPT,1,0.008333333
3,242 PC  BATTERY CIVILIAN -> O/S AGENCY -ASSISTANCE- I RPT,1,0.008333333
3,242 PC  BATTERY CIVILIAN -> POSSIBLE MENTAL - I RPT,1,0.008333333
3,242 PC  BATTERY CIVILIAN -> TOWED/STORED VEHICLE,1,0.008333333
3,242 PC  BATTERY CIVILIAN -> WARRANT SERVED - I RPT,1,0.008333333
3,243(C)(1)BATT EMERG PERSON-INJ -> 484 PC PETTY THEFT,1,0.008333333
3,243(D) PC BATT/CIVILIAN W/INJ -> 20002(A) HIT/RUN,1,0.008333333
3,243(D) PC BATT/CIVILIAN W/INJ -> 211 PC  ROBBERY UNSPECIFIED,1,0.008333333
3,243(D) PC BATT/CIVILIAN W/INJ -> 211 PC ROBBERY- BUSINESS,1,0.008333333
3,243(D) PC BATT/CIVILIAN W/INJ -> 242 PC  BATTERY CIVILIAN,1,0.008333333
3,243(D) PC BATT/CIVILIAN W/INJ -> 245(A)(1)AWDW/NO FIREARM/CIVIL,1,0.008333333
3,243(D) PC BATT/CIVILIAN W/INJ -> 484 PC  PETTY THEFT/ OUTSIDE,1,0.008333333
3,243(D) PC BATT/CIVILIAN W/INJ -> 487(A) PC GRAND THEFT,1,0.008333333
3,243(D) PC BATT/CIVILIAN W/INJ -> CASUALTY REPORT,1,0.008333333
3,243(D) PC BATT/CIVILIAN W/INJ -> NEIGHBORHOOD DISTURBANCE-I RPT,1,0.008333333
3,243(D) PC BATT/CIVILIAN W/INJ -> TOWED/STORED VEH-14602.6,1,0.008333333
3,243(E)1 BATTERY NONCOHAB SPOUS -> 10851(A)VC TAKE VEH W/O OWNER,1,0.008333333
3,243(E)1 BATTERY NONCOHAB SPOUS -> 11350(A)HS POSS CNTRL SUBST,1,0.008333333
3,243(E)1 BATTERY NONCOHAB SPOUS -> 11377(A)HS POSS AMPHETAMINES,1,0.008333333
3,243(E)1 BATTERY NONCOHAB SPOUS -> 215(A) PC    CARJACKING,1,0.008333333
3,243(E)1 BATTERY NONCOHAB SPOUS -> 242 PC  BATTERY CIVILIAN,1,0.008333333
3,243(E)1 BATTERY NONCOHAB SPOUS -> 459 PC  BURGLARY VEHICLE,1,0.008333333
3,243(E)1 BATTERY NONCOHAB SPOUS -> 484 PC   PETTY THEFT/INSIDE,1,0.008333333
3,243(E)1 BATTERY NONCOHAB SPOUS -> 484 PC PETTY THEFT,1,0.008333333
3,243(E)1 BATTERY NONCOHAB SPOUS -> 484 PETTY THEFT/LICENSE PLATE,1,0.008333333
3,243(E)1 BATTERY NONCOHAB SPOUS -> 484J PC PUBLISH CARD INFO,1,0.008333333
3,243(E)1 BATTERY NONCOHAB SPOUS -> TOWED/STORED VEHICLE,1,0.008333333
3,243.3 BATT TRANS PERS/PASS/INJ -> 215(A) PC    CARJACKING,1,0.008333333
3,243.6 BATTERY SCHOOL EMPLOYEE -> LOST PROPERTY - I RPT,1,0.008333333
3,245(A)(1)AWDW/NO FIREARM/CIVIL -> 211 PC  ROBBERY UNSPECIFIED,1,0.008333333
3,245(A)(1)AWDW/NO FIREARM/CIVIL -> 459 PC  BURGLARY BUSINESS,1,0.008333333
3,245(A)(1)AWDW/NO FIREARM/CIVIL -> 487(A) PC GRAND THEFT,1,0.008333333
3,245(A)(1)AWDW/NO FIREARM/CIVIL -> 530.5 PC USE PERSONAL ID INFO,1,0.008333333
3,245(A)(1)AWDW/NO FIREARM/CIVIL -> 594(B)(1)PC  VANDALISM +$400,1,0.008333333
3,245(A)(1)AWDW/NO FIREARM/CIVIL -> 594(B)(1)VANDALISM GRAF +$400,1,0.008333333
3,245(A)(1)AWDW/NO FIREARM/CIVIL -> ELDER ABUSE/PHYS/MENTAL-I RPT,1,0.008333333
3,245(A)(1)AWDW/NO FIREARM/CIVIL -> SUSP PERS-NO CRIME - I RPT,1,0.008333333
3,245(A)(1)AWDW/NO FIREARM/CIVIL -> THREATS - I RPT,1,0.008333333
3,245(A)(1)AWDW/NO FIREARM/CIVIL -> TOWED/STORED VEHICLE,1,0.008333333
3,245(A)(2) AWDW/FIREARM/CIVILIA -> 314.1 PC   INDECENT EXPOSURE,1,0.008333333
3,245(A)(2) AWDW/FIREARM/CIVILIA -> 459 PC  BURGLARY VEHICLE,1,0.008333333
3,25632 BP CONSM ALC AFT CLOSING -> 245(A)(1)AWDW/NO FIREARM/CIVIL,1,0.008333333
3,25632 BP CONSM ALC AFT CLOSING -> 594(B)(1)PC  VANDALISM +$400,1,0.008333333
3,25661 BP FALSE EVIDENCE OF AGE -> 242 PC  BATTERY CIVILIAN,1,0.008333333
3,25661 BP FALSE EVIDENCE OF AGE -> 459 PC  BURGLARY VEHICLE,1,0.008333333
3,25661 BP FALSE EVIDENCE OF AGE -> 459 PC  BURGLARY-UNSPECIFIED,1,0.008333333
3,25661 BP FALSE EVIDENCE OF AGE -> HARASSMENT - I RPT,1,0.008333333
3,25661 BP FALSE EVIDENCE OF AGE -> WARRANT SERVED - I RPT,1,0.008333333
3,25662(A)BP POSS ALC BY MINOR -> POSSIBLE MENTAL - I RPT,1,0.008333333
3,273.6(A) PC VIO DV COURT ORDER -> CASUALTY REPORT,1,0.008333333
3,273.6(A) PC VIO DV COURT ORDER -> SUSP PERS-NO CRIME - I RPT,1,0.008333333
3,2800.2(A) VC EVADING/RECKLESS -> 459 PC  BURGLARY VEHICLE,1,0.008333333
3,290(A)(1)(D) FAIL TO REG-5 DAY -> 211 PC  ROBBERY UNSPECIFIED,1,0.008333333
3,290(A)(1)(D) FAIL TO REG-5 DAY -> 459 PC  BURGLARY VEHICLE,1,0.008333333
3,290(A)(1)(D) FAIL TO REG-5 DAY -> 484 PC   PETTY THEFT/INSIDE,1,0.008333333
3,290(A)(1)(D) FAIL TO REG-5 DAY -> 484 PC PETTY THEFT,1,0.008333333
3,290(A)(1)(D) FAIL TO REG-5 DAY -> 484 PETTY THEFT CLOUT UNLOCKED,1,0.008333333
3,290(A)(1)(D) FAIL TO REG-5 DAY -> 487(A) PC GRAND THEFT,1,0.008333333
3,290(A)(1)(D) FAIL TO REG-5 DAY -> NON INJ HR/MAIL OUT REPORT,1,0.008333333
3,290(A)(1)(D) FAIL TO REG-5 DAY -> TOWED/STORED VEHICLE,1,0.008333333
3,3056 PAROLE VIO - I RPT -> 10851 VC AUTO THEFT LOCATE,1,0.008333333
3,3056 PAROLE VIO - I RPT -> 23152(A) VC DUI-ALCOHOL/DRUGS,1,0.008333333
3,3056 PAROLE VIO - I RPT -> 242 PC  BATTERY CIVILIAN,1,0.008333333
3,3056 PAROLE VIO - I RPT -> 484 PETTY THEFT-SHOPLIFT,1,0.008333333
3,3056 PAROLE VIO - I RPT -> 666 PC PETTY THEFT W/PRI CONV,1,0.008333333
3,3056 PAROLE VIO - I RPT -> CASUALTY REPORT,1,0.008333333
3,3056 PAROLE VIO - I RPT -> FOUND PROPERTY - I RPT,1,0.008333333
3,3056 PAROLE VIO - I RPT -> MISSING PERSON I RPT,1,0.008333333
3,3056 PAROLE VIO - I RPT -> TRAFFIC-ACCIDENT-NON INJURY,1,0.008333333
3,308(B) PC MINOR POSS TOBACCO -> 459 PC  BURGLARY VEHICLE,1,0.008333333
3,308(B) PC MINOR POSS TOBACCO -> NEIGHBORHOOD DISTURBANCE-I RPT,1,0.008333333
3,308(B) PC MINOR POSS TOBACCO -> TRAFFIC-ACCIDENT INJURY,1,0.008333333
3,314.1 PC   INDECENT EXPOSURE -> 459 PC  BURGLARY VEHICLE,1,0.008333333
3,314.1 PC   INDECENT EXPOSURE -> CASUALTY REPORT,1,0.008333333
3,368(D) THEFT-ELDER >400 -> 243.6 BATTERY SCHOOL EMPLOYEE,1,0.008333333
3,368(D) THEFT-ELDER >400 -> 459 PC  BURGLARY BUSINESS,1,0.008333333
3,368(D) THEFT-ELDER >400 -> 459 PC  BURGLARY VEHICLE,1,0.008333333
3,368(D) THEFT-ELDER >400 -> 484 PC PETTY THEFT,1,0.008333333
3,374.4(A) LITTERING -> 211 PC ROBBERY- BUSINESS,1,0.008333333
3,374.4(A) LITTERING -> 23152(A) VC DUI-ALCOHOL/DRUGS,1,0.008333333
3,374.4(A) LITTERING -> 459 PC  BURGLARY VEHICLE,1,0.008333333
3,374.4(A) LITTERING -> 530.5 PC USE PERSONAL ID INFO,1,0.008333333
3,374.4(A) LITTERING -> BATTERY - I RPT,1,0.008333333
3,4140 BP  POSS OF HYPO NEEDLE -> 459 PC  BURGLARY VEHICLE,1,0.008333333
3,4140 BP  POSS OF HYPO NEEDLE -> TRAFFIC-ACCIDENT-NON INJURY,1,0.008333333
3,415(3) PC DIST PEACE OFF WORDS -> 10851(A)VC TAKE VEH W/O OWNER,1,0.008333333
3,415(3) PC DIST PEACE OFF WORDS -> 459 PC  BURGLARY BUSINESS,1,0.008333333
3,451(D) PC  ARSON OF PROPERTY -> 459 PC  BURGLARY VEHICLE,1,0.008333333
3,451(D) PC  ARSON OF PROPERTY -> 99170 PUBLIC UTILITIES CODE,1,0.008333333
3,459 PC  BURGLARY BUSINESS -> 10851 VC AUTO THEFT LOCATE,1,0.008333333
3,459 PC  BURGLARY BUSINESS -> 11357(B)HS POSS -28.5GR MARIJ,1,0.008333333
3,459 PC  BURGLARY BUSINESS -> 11364 HS POSS DRUG PARAPH,1,0.008333333
3,459 PC  BURGLARY BUSINESS -> 11532(A)HS LOITER DRG ACTIVITY,1,0.008333333
3,459 PC  BURGLARY BUSINESS -> 12.52.030 SCC UNLAWFUL CAMPING,1,0.008333333
3,459 PC  BURGLARY BUSINESS -> 211 PC ROBBERY- BUSINESS,1,0.008333333
3,459 PC  BURGLARY BUSINESS -> 215(A) PC    CARJACKING,1,0.008333333
3,459 PC  BURGLARY BUSINESS -> 459 PC  BURGLARY BUSINESS,1,0.008333333
3,459 PC  BURGLARY BUSINESS -> 466 PC   POSS OF BURG TOOLS,1,0.008333333
3,459 PC  BURGLARY BUSINESS -> 484 PETTY THEFT CLOUT UNLOCKED,1,0.008333333
3,459 PC  BURGLARY BUSINESS -> 487(A) PC GRAND THEFT,1,0.008333333
3,459 PC  BURGLARY BUSINESS -> 666 PC PETTY THEFT W/PRI CONV,1,0.008333333
3,459 PC  BURGLARY BUSINESS -> HARASSMENT - I RPT,1,0.008333333
3,459 PC  BURGLARY BUSINESS -> HIT AND RUN /SUSPECTS- I RPT,1,0.008333333
3,459 PC  BURGLARY BUSINESS -> MISSING PERSON I RPT,1,0.008333333
3,459 PC  BURGLARY BUSINESS -> SAFEKEEPING - I RPT,1,0.008333333
3,459 PC  BURGLARY BUSINESS -> TELEPEST -I RPT,1,0.008333333
3,459 PC  BURGLARY BUSINESS -> THREATS - I RPT,1,0.008333333
3,459 PC  BURGLARY BUSINESS -> TRAFFIC-ACCIDENT-NON INJURY,1,0.008333333
3,459 PC  BURGLARY BUSINESS -> WARRANT SERVED - I RPT,1,0.008333333
3,459 PC  BURGLARY RESIDENCE -> 11364 HS POSS DRUG PARAPH,1,0.008333333
3,459 PC  BURGLARY RESIDENCE -> 11377(A)HS POSS AMPHETAMINES,1,0.008333333
3,459 PC  BURGLARY RESIDENCE -> 1551(A) FUGITIVE FROM JUSTICE,1,0.008333333
3,459 PC  BURGLARY RESIDENCE -> 211 PC  ROBBERY UNSPECIFIED,1,0.008333333
3,459 PC  BURGLARY RESIDENCE -> 23152(A) VC DUI-ALCOHOL/DRUGS,1,0.008333333
3,459 PC  BURGLARY RESIDENCE -> 459 PC  BURGLARY BUSINESS,1,0.008333333
3,459 PC  BURGLARY RESIDENCE -> 484 PC PETTY THEFT,1,0.008333333
3,459 PC  BURGLARY RESIDENCE -> 484G(B) PC ACCESS CARD FRAUD,1,0.008333333
3,459 PC  BURGLARY RESIDENCE -> 484J PC PUBLISH CARD INFO,1,0.008333333
3,459 PC  BURGLARY RESIDENCE -> 487(A) GRAND THEFT-COIN MACHIN,1,0.008333333
3,459 PC  BURGLARY RESIDENCE -> 487(A) PC GRAND THEFT,1,0.008333333
3,459 PC  BURGLARY RESIDENCE -> 594(B)(1)PC  VANDALISM +$400,1,0.008333333
3,459 PC  BURGLARY RESIDENCE -> 594(B)(1)VANDALISM GRAF +$400,1,0.008333333
3,459 PC  BURGLARY RESIDENCE -> 666 PC PETTY THEFT W/PRI CONV,1,0.008333333
3,459 PC  BURGLARY RESIDENCE -> ACCIDENTAL FIRES/ARSON -I RPT,1,0.008333333
3,459 PC  BURGLARY RESIDENCE -> CAR CLOUT -  I RPT,1,0.008333333
3,459 PC  BURGLARY RESIDENCE -> CASUALTY REPORT,1,0.008333333
3,459 PC  BURGLARY RESIDENCE -> MISCELLANEOUS I RPT (ZMISC),1,0.008333333
3,459 PC  BURGLARY RESIDENCE -> MISSING PERSON I RPT,1,0.008333333
3,459 PC  BURGLARY RESIDENCE -> NEIGHBORHOOD DISTURBANCE-I RPT,1,0.008333333
3,459 PC  BURGLARY RESIDENCE -> SUSP PERS-NO CRIME - I RPT,1,0.008333333
3,459 PC  BURGLARY RESIDENCE -> THREATS - I RPT,1,0.008333333
3,459 PC  BURGLARY RESIDENCE -> TOWED/STORED VEH-14602.6,1,0.008333333
3,459 PC  BURGLARY VEHICLE -> 10855 VC LSE/RENT NOT RETURNED,1,0.008333333
3,459 PC  BURGLARY VEHICLE -> 11350(A)HS POSS CNTRL SUBST,1,0.008333333
3,459 PC  BURGLARY VEHICLE -> 11377(A)HS POSS AMPHETAMINES,1,0.008333333
3,459 PC  BURGLARY VEHICLE -> 211 PC ROBBERY-PURSE SNATCH,1,0.008333333
3,459 PC  BURGLARY VEHICLE -> 215(A) PC    CARJACKING,1,0.008333333
3,459 PC  BURGLARY VEHICLE -> 243.3 BATT TRANS PERS/PASS/INJ,1,0.008333333
3,459 PC  BURGLARY VEHICLE -> 3056 PAROLE VIO - I RPT,1,0.008333333
3,459 PC  BURGLARY VEHICLE -> 314.1 PC   INDECENT EXPOSURE,1,0.008333333
3,459 PC  BURGLARY VEHICLE -> 475(A)PC POSS FORGED CHK/NOTE,1,0.008333333
3,459 PC  BURGLARY VEHICLE -> 475(C) PASS FORGED NOTE,1,0.008333333
3,459 PC  BURGLARY VEHICLE -> 476 PC PASS FICTICIOUS CHECK,1,0.008333333
3,459 PC  BURGLARY VEHICLE -> 484G(B) PC ACCESS CARD FRAUD,1,0.008333333
3,459 PC  BURGLARY VEHICLE -> 484J PC PUBLISH CARD INFO,1,0.008333333
3,459 PC  BURGLARY VEHICLE -> 487(A) PC GRAND THEFT-SHOPLIFT,1,0.008333333
3,459 PC  BURGLARY VEHICLE -> 5150 WI DANGER SELF/OTHERS,1,0.008333333
3,459 PC  BURGLARY VEHICLE -> 529 PC FALSE PERSONATION,1,0.008333333
3,459 PC  BURGLARY VEHICLE -> 530.5 PC USE PERSONAL ID INFO,1,0.008333333
3,459 PC  BURGLARY VEHICLE -> 594(B)(2)(A)VANDALISM GRAF-400,1,0.008333333
3,459 PC  BURGLARY VEHICLE -> 647(F) PC DIP - DISORDERLY,1,0.008333333
3,459 PC  BURGLARY VEHICLE -> 653M(B) PC ANNOY/RPT CALL HOME,1,0.008333333
3,459 PC  BURGLARY VEHICLE -> 666 PC PETTY THEFT W/PRI CONV,1,0.008333333
3,459 PC  BURGLARY VEHICLE -> ASSAULT WITH WEAPON - I RPT,1,0.008333333
3,459 PC  BURGLARY VEHICLE -> BATTERY - I RPT,1,0.008333333
3,459 PC  BURGLARY VEHICLE -> FOUND PROPERTY - I RPT,1,0.008333333
3,459 PC  BURGLARY VEHICLE -> FRAUD OR BUNCO - I RPT,1,0.008333333
3,459 PC  BURGLARY VEHICLE -> GANG ACTIVITY - I RPT,1,0.008333333
3,459 PC  BURGLARY VEHICLE -> HIT AND RUN /SUSPECTS- I RPT,1,0.008333333
3,459 PC  BURGLARY VEHICLE -> LOST PROPERTY - I RPT,1,0.008333333
3,459 PC  BURGLARY VEHICLE -> MISCELLANEOUS I RPT (ZMISC),1,0.008333333
3,459 PC  BURGLARY VEHICLE -> ROBBERY - I RPT,1,0.008333333
3,459 PC  BURGLARY VEHICLE -> SUSP PERS-NO CRIME - I RPT,1,0.008333333
3,459 PC  BURGLARY VEHICLE -> THREATS - I RPT,1,0.008333333
3,459 PC  BURGLARY-UNSPECIFIED -> 23152(A) VC DUI-ALCOHOL/DRUGS,1,0.008333333
3,466 PC   POSS OF BURG TOOLS -> 459 PC  BURGLARY BUSINESS,1,0.008333333
3,470 PC FORGERY -> 484 PC  PETTY THEFT/ OUTSIDE,1,0.008333333
3,475(A)PC POSS FORGED CHK/NOTE -> 10851(A)VC TAKE VEH W/O OWNER,1,0.008333333
3,475(A)PC POSS FORGED CHK/NOTE -> 459 PC  BURGLARY VEHICLE,1,0.008333333
3,475(C) PASS FORGED NOTE -> 484 PC   PETTY THEFT/INSIDE,1,0.008333333
3,475(C) PASS FORGED NOTE -> SAFEKEEPING - I RPT,1,0.008333333
3,475(C) PASS FORGED NOTE -> TOWED/STORED VEHICLE,1,0.008333333
3,475(C) PASS FORGED NOTE -> TRAFFIC-ACCIDENT INJURY,1,0.008333333
3,476 PC PASS FICTICIOUS CHECK -> 1203.2 PC VIOLATION OF PROBATI,1,0.008333333
3,476 PC PASS FICTICIOUS CHECK -> 484 PETTY THEFT/LICENSE PLATE,1,0.008333333
3,476 PC PASS FICTICIOUS CHECK -> 594(B)(1)PC  VANDALISM +$400,1,0.008333333
3,476 PC PASS FICTICIOUS CHECK -> 647(F) PC DIP - DISORDERLY,1,0.008333333
3,476 PC PASS FICTICIOUS CHECK -> TOWED/STORED VEHICLE,1,0.008333333
3,476 PC PASS FICTICIOUS CHECK -> TRAFFIC-ACCIDENT-NON INJURY,1,0.008333333
3,484 PC   PETTY THEFT/INSIDE -> 10851 VC AUTO THEFT LOCATE,1,0.008333333
3,484 PC   PETTY THEFT/INSIDE -> 11357(B)HS POSS -28.5GR MARIJ,1,0.008333333
3,484 PC   PETTY THEFT/INSIDE -> 197 JUSTIFIABLE HOMI-CIVILIAN,1,0.008333333
3,484 PC   PETTY THEFT/INSIDE -> 20001(A) VC HIT/RUN INJ/DEATH,1,0.008333333
3,484 PC   PETTY THEFT/INSIDE -> 211 PC ROBBERY- BUSINESS,1,0.008333333
3,484 PC   PETTY THEFT/INSIDE -> 23152(A) VC DUI-ALCOHOL/DRUGS,1,0.008333333
3,484 PC   PETTY THEFT/INSIDE -> 242 PC  BATTERY CIVILIAN,1,0.008333333
3,484 PC   PETTY THEFT/INSIDE -> 459 PC  BURGLARY BUSINESS,1,0.008333333
3,484 PC   PETTY THEFT/INSIDE -> 484 PC   PETTY THEFT/INSIDE,1,0.008333333
3,484 PC   PETTY THEFT/INSIDE -> 484 PETTY THEFT-SHOPLIFT,1,0.008333333
3,484 PC   PETTY THEFT/INSIDE -> 487(A) PC GRAND THEFT,1,0.008333333
3,484 PC   PETTY THEFT/INSIDE -> 666 PC PETTY THEFT W/PRI CONV,1,0.008333333
3,484 PC   PETTY THEFT/INSIDE -> BATTERY - I RPT,1,0.008333333
3,484 PC   PETTY THEFT/INSIDE -> CASUALTY REPORT,1,0.008333333
3,484 PC   PETTY THEFT/INSIDE -> FRAUD OR BUNCO - I RPT,1,0.008333333
3,484 PC   PETTY THEFT/INSIDE -> GANG ACTIVITY - I RPT,1,0.008333333
3,484 PC   PETTY THEFT/INSIDE -> NEIGHBORHOOD DISTURBANCE-I RPT,1,0.008333333
3,484 PC   PETTY THEFT/INSIDE -> NON INJ HR/MAIL OUT REPORT,1,0.008333333
3,484 PC   PETTY THEFT/INSIDE -> TELEPEST -I RPT,1,0.008333333
3,484 PC   PETTY THEFT/INSIDE -> THREATS - I RPT,1,0.008333333
3,484 PC   PETTY THEFT/INSIDE -> TOWED/STORED VEHICLE,1,0.008333333
3,484 PC   THEFT-LIC PLATE TABS -> 459 PC  BURGLARY VEHICLE,1,0.008333333
3,484 PC  PETTY THEFT/ OUTSIDE -> 10855 VC LSE/RENT NOT RETURNED,1,0.008333333
3,484 PC  PETTY THEFT/ OUTSIDE -> 459 PC  BURGLARY BUSINESS,1,0.008333333
3,484 PC  PETTY THEFT/ OUTSIDE -> 459 PC  BURGLARY VEHICLE,1,0.008333333
3,484 PC  PETTY THEFT/ OUTSIDE -> 475(C) PASS FORGED NOTE,1,0.008333333
3,484 PC  PETTY THEFT/ OUTSIDE -> 484 PC   PETTY THEFT/INSIDE,1,0.008333333
3,484 PC  PETTY THEFT/ OUTSIDE -> 484 PETTY THEFT/LICENSE PLATE,1,0.008333333
3,484 PC  PETTY THEFT/ OUTSIDE -> 484J PC PUBLISH CARD INFO,1,0.008333333
3,484 PC  PETTY THEFT/ OUTSIDE -> 529 PC FALSE PERSONATION,1,0.008333333
3,484 PC  PETTY THEFT/ OUTSIDE -> 594(B)(1)PC  VANDALISM +$400,1,0.008333333
3,484 PC  PETTY THEFT/ OUTSIDE -> 647(F) PC DIP - DISORDERLY,1,0.008333333
3,484 PC  PETTY THEFT/ OUTSIDE -> 666 PC PETTY THEFT W/PRI CONV,1,0.008333333
3,484 PC  PETTY THEFT/ OUTSIDE -> TOWED/STORED VEH-14602.6,1,0.008333333
3,484 PC PETTY THEFT -> 10855 VC LSE/RENT NOT RETURNED,1,0.008333333
3,484 PC PETTY THEFT -> 11357(B)HS POSS -28.5GR MARIJ,1,0.008333333
3,484 PC PETTY THEFT -> 459 PC  BURGLARY RESIDENCE,1,0.008333333
3,484 PC PETTY THEFT -> 459 PC  BURGLARY VEHICLE,1,0.008333333
3,484 PC PETTY THEFT -> 484 PC PETTY THEFT,1,0.008333333
3,484 PC PETTY THEFT -> 484 PETTY THEFT-SHOPLIFT,1,0.008333333
3,484 PC PETTY THEFT -> 484 PETTY THEFT/LICENSE PLATE,1,0.008333333
3,484 PC PETTY THEFT -> 594(B)(1)PC  VANDALISM +$400,1,0.008333333
3,484 PC PETTY THEFT -> 647(F) PC DIP - DISORDERLY,1,0.008333333
3,484 PC PETTY THEFT -> 9.04.050 A DRINKING IN PUBLIC,1,0.008333333
3,484 PC PETTY THEFT -> CASUALTY REPORT,1,0.008333333
3,484 PC PETTY THEFT -> FOUND PROPERTY - I RPT,1,0.008333333
3,484 PC PETTY THEFT -> NON INJ HR/MAIL OUT REPORT,1,0.008333333
3,484 PC PETTY THEFT -> POSSIBLE STOLEN PROPERTY-I RPT,1,0.008333333
3,484 PC PETTY THEFT -> TOWED/STORED VEH-14602.6,1,0.008333333
3,484 PC-PETTY THEFT-COIN MACHIN -> 459 PC  BURGLARY VEHICLE,1,0.008333333
3,484 PC-PETTY THEFT-COIN MACHIN -> NON INJ HR/MAIL OUT REPORT,1,0.008333333
3,484 PETTY THEFT CLOUT UNLOCKED -> TRAFFIC-ACCIDENT-NON INJURY,1,0.008333333
3,484 PETTY THEFT-SHOPLIFT -> 10.48.150 E FALSIFY PKG PERMIT,1,0.008333333
3,484 PETTY THEFT-SHOPLIFT -> 10851 VC AUTO THEFT LOCATE,1,0.008333333
3,484 PETTY THEFT-SHOPLIFT -> 10851(A)VC TAKE VEH W/O OWNER,1,0.008333333
3,484 PETTY THEFT-SHOPLIFT -> 20002(A) HIT/RUN,1,0.008333333
3,484 PETTY THEFT-SHOPLIFT -> 211 PC ROBBERY- BUSINESS,1,0.008333333
3,484 PETTY THEFT-SHOPLIFT -> 23152(A) VC DUI-ALCOHOL/DRUGS,1,0.008333333
3,484 PETTY THEFT-SHOPLIFT -> 242 PC  BATTERY CIVILIAN,1,0.008333333
3,484 PETTY THEFT-SHOPLIFT -> 3056 PAROLE VIO - I RPT,1,0.008333333
3,484 PETTY THEFT-SHOPLIFT -> 4140 BP  POSS OF HYPO NEEDLE,1,0.008333333
3,484 PETTY THEFT-SHOPLIFT -> 484 PC   PETTY THEFT/INSIDE,1,0.008333333
3,484 PETTY THEFT-SHOPLIFT -> 484 PC  PETTY THEFT/ OUTSIDE,1,0.008333333
3,484 PETTY THEFT-SHOPLIFT -> 484 PETTY THEFT CLOUT UNLOCKED,1,0.008333333
3,484 PETTY THEFT-SHOPLIFT -> 487(A) PC GRAND THEFT,1,0.008333333
3,484 PETTY THEFT-SHOPLIFT -> 487(D)GRAND THEFT FIREARM/ANIM,1,0.008333333
3,484 PETTY THEFT-SHOPLIFT -> 508 PC   EMBEZZLEMENT/EMPLOYEE,1,0.008333333
3,484 PETTY THEFT-SHOPLIFT -> 5150 WI DANGER SELF/OTHERS,1,0.008333333
3,484 PETTY THEFT-SHOPLIFT -> 530.5 PC USE PERSONAL ID INFO,1,0.008333333
3,484 PETTY THEFT-SHOPLIFT -> 594(B)(1)VANDALISM GRAF +$400,1,0.008333333
3,484 PETTY THEFT-SHOPLIFT -> 594(B)(2)(A) VANDALISM/ -$400,1,0.008333333
3,484 PETTY THEFT-SHOPLIFT -> 647(F) PC DIP - DISORDERLY,1,0.008333333
3,484 PETTY THEFT-SHOPLIFT -> 666 PC PETTY THEFT W/PRI CONV,1,0.008333333
3,484 PETTY THEFT-SHOPLIFT -> BURGLARY - I RPT,1,0.008333333
3,484 PETTY THEFT-SHOPLIFT -> GANG ACTIVITY - I RPT,1,0.008333333
3,484 PETTY THEFT-SHOPLIFT -> MISSING PERSON,1,0.008333333
3,484 PETTY THEFT-SHOPLIFT -> NON INJ HR/MAIL OUT REPORT,1,0.008333333
3,484 PETTY THEFT-SHOPLIFT -> SUSP PERS-NO CRIME - I RPT,1,0.008333333
3,484 PETTY THEFT-SHOPLIFT -> TELEPEST -I RPT,1,0.008333333
3,484 PETTY THEFT-SHOPLIFT -> TOWED/STORED VEH-14602.6,1,0.008333333
3,484 PETTY THEFT/LICENSE PLATE -> 11350(A)HS POSS CNTRL SUBST,1,0.008333333
3,484 PETTY THEFT/LICENSE PLATE -> 11364 HS POSS DRUG PARAPH,1,0.008333333
3,484 PETTY THEFT/LICENSE PLATE -> 11377(A)HS POSS AMPHETAMINES,1,0.008333333
3,484 PETTY THEFT/LICENSE PLATE -> 211 PC ROBBERY- BUSINESS,1,0.008333333
3,484 PETTY THEFT/LICENSE PLATE -> 212.5(A)ROBBERY-INHAB DWELLING,1,0.008333333
3,484 PETTY THEFT/LICENSE PLATE -> 459 PC  BURGLARY RESIDENCE,1,0.008333333
3,484 PETTY THEFT/LICENSE PLATE -> 484 PETTY THEFT CLOUT UNLOCKED,1,0.008333333
3,484 PETTY THEFT/LICENSE PLATE -> 487(A) PC GRAND THEFT,1,0.008333333
3,484 PETTY THEFT/LICENSE PLATE -> 594(B)(1)PC  VANDALISM +$400,1,0.008333333
3,484 PETTY THEFT/LICENSE PLATE -> ASSAULT WITH WEAPON - I RPT,1,0.008333333
3,484 PETTY THEFT/LICENSE PLATE -> FOUND PROPERTY - I RPT,1,0.008333333
3,484 PETTY THEFT/LICENSE PLATE -> LOST PROPERTY - I RPT,1,0.008333333
3,484 PETTY THEFT/LICENSE PLATE -> MISCELLANEOUS I RPT (ZMISC),1,0.008333333
3,484 PETTY THEFT/LICENSE PLATE -> MISSING PERSON I RPT,1,0.008333333
3,484 PETTY THEFT/LICENSE PLATE -> TOWED/STORED VEH-14602.6,1,0.008333333
3,484 PETTY THEFT/LICENSE PLATE -> TOWED/STORED VEHICLE,1,0.008333333
3,484 PETTY THEFT/LICENSE PLATE -> TRAFFIC-ACCIDENT INJURY,1,0.008333333
3,484 PETTY THEFT/LICENSE PLATE -> TRAFFIC-ACCIDENT-NON INJURY,1,0.008333333
3,484G(A)PC USE FORGED CARD -> 23152(A) VC DUI-ALCOHOL/DRUGS,1,0.008333333
3,484G(A)PC USE FORGED CARD -> FOUND PROPERTY - I RPT,1,0.008333333
3,484G(A)PC USE FORGED CARD -> TRAFFIC - I RPT,1,0.008333333
3,484G(B) PC ACCESS CARD FRAUD -> 10851(A)VC TAKE VEH W/O OWNER,1,0.008333333
3,484G(B) PC ACCESS CARD FRAUD -> 211 PC ROBBERY- BUSINESS,1,0.008333333
3,484G(B) PC ACCESS CARD FRAUD -> 459 PC  BURGLARY VEHICLE,1,0.008333333
3,484G(B) PC ACCESS CARD FRAUD -> 470 PC FORGERY,1,0.008333333
3,484G(B) PC ACCESS CARD FRAUD -> 484 PETTY THEFT/LICENSE PLATE,1,0.008333333
3,484G(B) PC ACCESS CARD FRAUD -> 487(A) PC GRAND THEFT,1,0.008333333
3,484G(B) PC ACCESS CARD FRAUD -> 594(B)(1)PC  VANDALISM +$400,1,0.008333333
3,484G(B) PC ACCESS CARD FRAUD -> TOWED/STORED VEHICLE,1,0.008333333
3,484J PC PUBLISH CARD INFO -> 212.5(A)ROBBERY-INHAB DWELLING,1,0.008333333
3,484J PC PUBLISH CARD INFO -> CASUALTY REPORT,1,0.008333333
3,484J PC PUBLISH CARD INFO -> MISCELLANEOUS I RPT (ZMISC),1,0.008333333
3,484J PC PUBLISH CARD INFO -> MISSING PERSON LOCATE O/S ASSI,1,0.008333333
3,484J PC PUBLISH CARD INFO -> TOWED/STORED VEH-14602.6,1,0.008333333
3,487(A) GRAND THEFT-COIN MACHIN -> 459 PC  BURGLARY VEHICLE,1,0.008333333
3,487(A) GRAND THEFT-COIN MACHIN -> MISCELLANEOUS I RPT (ZMISC),1,0.008333333
3,487(A) GRAND THEFT-INSIDE -> 10851 VC AUTO THEFT LOCATE,1,0.008333333
3,487(A) GRAND THEFT-INSIDE -> 10851(A)VC TAKE VEH W/O OWNER,1,0.008333333
3,487(A) GRAND THEFT-INSIDE -> 11350(A)HS POSS CNTRL SUBST,1,0.008333333
3,487(A) GRAND THEFT-INSIDE -> 11364 HS POSS DRUG PARAPH,1,0.008333333
3,487(A) GRAND THEFT-INSIDE -> 12021(A)(1)PC FELON POSS FRARM,1,0.008333333
3,487(A) GRAND THEFT-INSIDE -> 245(A)(1)AWDW/NO FIREARM/CIVIL,1,0.008333333
3,487(A) GRAND THEFT-INSIDE -> 459 PC  BURGLARY RESIDENCE,1,0.008333333
3,487(A) GRAND THEFT-INSIDE -> 459 PC  BURGLARY VEHICLE,1,0.008333333
3,487(A) GRAND THEFT-INSIDE -> 470 PC FORGERY,1,0.008333333
3,487(A) GRAND THEFT-INSIDE -> 484 PC PETTY THEFT,1,0.008333333
3,487(A) GRAND THEFT-INSIDE -> 484 PC-PETTY THEFT-COIN MACHIN,1,0.008333333
3,487(A) GRAND THEFT-INSIDE -> 484 PETTY THEFT/LICENSE PLATE,1,0.008333333
3,487(A) GRAND THEFT-INSIDE -> 484G(A)PC USE FORGED CARD,1,0.008333333
3,487(A) GRAND THEFT-INSIDE -> 594(B)(1)PC  VANDALISM +$400,1,0.008333333
3,487(A) GRAND THEFT-INSIDE -> 594(B)(2)(A) VANDALISM/ -$400,1,0.008333333
3,487(A) GRAND THEFT-INSIDE -> CAR CLOUT -  I RPT,1,0.008333333
3,487(A) GRAND THEFT-INSIDE -> LOST PROPERTY - I RPT,1,0.008333333
3,487(A) GRAND THEFT-INSIDE -> THREATS - I RPT,1,0.008333333
3,487(A) GRAND THEFT-INSIDE -> TOWED/STORED VEH-14602.6,1,0.008333333
3,487(A) PC GRAND THEFT -> 10851 VC AUTO THEFT LOCATE,1,0.008333333
3,487(A) PC GRAND THEFT -> 10851(A)VC TAKE VEH W/O OWNER,1,0.008333333
3,487(A) PC GRAND THEFT -> 11377(A)HS POSS AMPHETAMINES,1,0.008333333
3,487(A) PC GRAND THEFT -> 20002(A) HIT/RUN,1,0.008333333
3,487(A) PC GRAND THEFT -> 211 PC  ROBBERY UNSPECIFIED,1,0.008333333
3,487(A) PC GRAND THEFT -> 211 PC ROBBERY- BUSINESS,1,0.008333333
3,487(A) PC GRAND THEFT -> 242 PC  BATTERY CIVILIAN,1,0.008333333
3,487(A) PC GRAND THEFT -> 243(D) PC BATT/CIVILIAN W/INJ,1,0.008333333
3,487(A) PC GRAND THEFT -> 484 PC   PETTY THEFT/INSIDE,1,0.008333333
3,487(A) PC GRAND THEFT -> 537(A)(1) DEFRAUD INKEEP/-$400,1,0.008333333
3,487(A) PC GRAND THEFT -> 594(B)(2)(A) VANDALISM/ -$400,1,0.008333333
3,487(A) PC GRAND THEFT -> ABC LICENSE VIO/INFO - I RPT,1,0.008333333
3,487(A) PC GRAND THEFT -> NON INJ HR/MAIL OUT REPORT,1,0.008333333
3,487(A) PC GRAND THEFT -> TOWED/STORED VEH-14602.6,1,0.008333333
3,487(A) PC GRAND THEFT -> TRAFFIC-ACCIDENT-NON INJURY,1,0.008333333
3,487(D) PC GRAND THEFT AUTO -> 476 PC PASS FICTICIOUS CHECK,1,0.008333333
3,487(D) PC GRAND THEFT AUTO -> TRAFFIC-ACCIDENT INJURY,1,0.008333333
3,487(D)GRAND THEFT FIREARM/ANIM -> CASUALTY REPORT,1,0.008333333
3,487(D)GRAND THEFT FIREARM/ANIM -> MISSING PERSON LOCATE O/S ASSI,1,0.008333333
3,496(A) RECEIVE STOLEN PROPERTY -> 484 PC   PETTY THEFT/INSIDE,1,0.008333333
3,496(A) RECEIVE STOLEN PROPERTY -> 647(F) PC PUB INTOX-DETOX ONLY,1,0.008333333
3,496(A) RECEIVE STOLEN PROPERTY -> THREATS - I RPT,1,0.008333333
3,496(A) RECEIVE STOLEN PROPERTY -> TRAFFIC-ACCIDENT INJURY,1,0.008333333
3,498(B)(5) THEFT OF ELECTRICITY -> 487(A) GRAND THEFT-INSIDE,1,0.008333333
3,498(B)(5) THEFT OF ELECTRICITY -> 647(F) PC DIP - DISORDERLY,1,0.008333333
3,5.136.050 NO TAXICAB PERMIT -> 484 PETTY THEFT/LICENSE PLATE,1,0.008333333
3,5.136.050 NO TAXICAB PERMIT -> TRAFFIC-ACCIDENT-NON INJURY,1,0.008333333
3,503 PC   EMBEZZLEMENT -> 11357(B)HS POSS -28.5GR MARIJ,1,0.008333333
3,503 PC   EMBEZZLEMENT -> 459 PC  BURGLARY VEHICLE,1,0.008333333
3,503 PC   EMBEZZLEMENT -> 487(A) PC GRAND THEFT,1,0.008333333
3,508 PC   EMBEZZLEMENT/EMPLOYEE -> FOUND PROPERTY - I RPT,1,0.008333333
3,5150 WI DANGER SELF/OTHERS -> 11364 HS POSS DRUG PARAPH,1,0.008333333
3,5150 WI DANGER SELF/OTHERS -> 12.52.030 SCC UNLAWFUL CAMPING,1,0.008333333
3,5150 WI DANGER SELF/OTHERS -> 12020(A)(4) PC DIRK/DAGGER,1,0.008333333
3,5150 WI DANGER SELF/OTHERS -> 1708 US   THEFT OF MAIL,1,0.008333333
3,5150 WI DANGER SELF/OTHERS -> 245(A)(1)AWDW/NO FIREARM/CIVIL,1,0.008333333
3,5150 WI DANGER SELF/OTHERS -> 484 PC  PETTY THEFT/ OUTSIDE,1,0.008333333
3,5150 WI DANGER SELF/OTHERS -> 484 PETTY THEFT-SHOPLIFT,1,0.008333333
3,5150 WI DANGER SELF/OTHERS -> 487(A) GRAND THEFT-COIN MACHIN,1,0.008333333
3,5150 WI DANGER SELF/OTHERS -> 5150 WI DANGER SELF/OTHERS,1,0.008333333
3,5150 WI DANGER SELF/OTHERS -> 594(B)(1)VANDALISM GRAF +$400,1,0.008333333
3,5150 WI DANGER SELF/OTHERS -> 9.40.020(A) JUVENILE CURFEW,1,0.008333333
3,5150 WI DANGER SELF/OTHERS -> BATTERY - I RPT,1,0.008333333
3,5150 WI DANGER SELF/OTHERS -> FOUND PROPERTY - I RPT,1,0.008333333
3,5150 WI DANGER SELF/OTHERS -> GRAND THEFT - I RPT,1,0.008333333
3,5150 WI DANGER SELF/OTHERS -> IMPOUNDED VEHICLE,1,0.008333333
3,5150 WI DANGER SELF/OTHERS -> MISSING PERSON,1,0.008333333
3,5150 WI DANGER SELF/OTHERS -> THREATS - I RPT,1,0.008333333
3,530 PC FALSE PERS. REC PROP -> 211 PC ROBBERY- BUSINESS,1,0.008333333
3,530 PC FALSE PERS. REC PROP -> FOUND PROPERTY - I RPT,1,0.008333333
3,530.5 PC USE PERSONAL ID INFO -> 10851(A)VC TAKE VEH W/O OWNER,1,0.008333333
3,530.5 PC USE PERSONAL ID INFO -> 11364 HS POSS DRUG PARAPH,1,0.008333333
3,530.5 PC USE PERSONAL ID INFO -> 211 PC ROBBERY- BUSINESS,1,0.008333333
3,530.5 PC USE PERSONAL ID INFO -> 23152(A) VC DUI-ALCOHOL/DRUGS,1,0.008333333
3,530.5 PC USE PERSONAL ID INFO -> 242 PC  BATTERY CIVILIAN,1,0.008333333
3,530.5 PC USE PERSONAL ID INFO -> 459 PC  BURGLARY BUSINESS,1,0.008333333
3,530.5 PC USE PERSONAL ID INFO -> 459 PC  BURGLARY RESIDENCE,1,0.008333333
3,530.5 PC USE PERSONAL ID INFO -> 475(C) PASS FORGED NOTE,1,0.008333333
3,530.5 PC USE PERSONAL ID INFO -> 484 PC PETTY THEFT,1,0.008333333
3,530.5 PC USE PERSONAL ID INFO -> 5150 WI DANGER SELF/OTHERS,1,0.008333333
3,530.5 PC USE PERSONAL ID INFO -> 530.5 PC USE PERSONAL ID INFO,1,0.008333333
3,530.5 PC USE PERSONAL ID INFO -> 594(B)(1)PC  VANDALISM +$400,1,0.008333333
3,530.5 PC USE PERSONAL ID INFO -> 594(B)(2)(A) VANDALISM/ -$400,1,0.008333333
3,530.5 PC USE PERSONAL ID INFO -> ASSAULT WITH WEAPON - I RPT,1,0.008333333
3,530.5 PC USE PERSONAL ID INFO -> BATTERY - I RPT,1,0.008333333
3,530.5 PC USE PERSONAL ID INFO -> CASUALTY REPORT,1,0.008333333
3,530.5 PC USE PERSONAL ID INFO -> HIT AND RUN /SUSPECTS- I RPT,1,0.008333333
3,530.5 PC USE PERSONAL ID INFO -> TOWED/STORED VEH-14602.6,1,0.008333333
3,537(A)(1) DEFRAUD INKEEP/-$400 -> 20002(A) HIT/RUN,1,0.008333333
3,537(A)(1) DEFRAUD INKEEP/-$400 -> TRAFFIC-ACCIDENT INJURY,1,0.008333333
3,587C PC EVADE PAYMENT RAILFARE -> TOWED/STORED VEHICLE,1,0.008333333
3,594(B)(1)PC  VANDALISM +$400 -> 10851(A)VC TAKE VEH W/O OWNER,1,0.008333333
3,594(B)(1)PC  VANDALISM +$400 -> 11377(A)HS POSS AMPHETAMINES,1,0.008333333
3,594(B)(1)PC  VANDALISM +$400 -> 211 PC  ROBBERY UNSPECIFIED,1,0.008333333
3,594(B)(1)PC  VANDALISM +$400 -> 215(A) PC    CARJACKING,1,0.008333333
3,594(B)(1)PC  VANDALISM +$400 -> 23152(A) VC DUI-ALCOHOL/DRUGS,1,0.008333333
3,594(B)(1)PC  VANDALISM +$400 -> 242 PC  BATTERY CIVILIAN,1,0.008333333
3,594(B)(1)PC  VANDALISM +$400 -> 243(E)1 BATTERY NONCOHAB SPOUS,1,0.008333333
3,594(B)(1)PC  VANDALISM +$400 -> 459 PC  BURGLARY BUSINESS,1,0.008333333
3,594(B)(1)PC  VANDALISM +$400 -> 459 PC  BURGLARY VEHICLE,1,0.008333333
3,594(B)(1)PC  VANDALISM +$400 -> 484 PC   PETTY THEFT/INSIDE,1,0.008333333
3,594(B)(1)PC  VANDALISM +$400 -> 484 PETTY THEFT-SHOPLIFT,1,0.008333333
3,594(B)(1)PC  VANDALISM +$400 -> 484 PETTY THEFT/LICENSE PLATE,1,0.008333333
3,594(B)(1)PC  VANDALISM +$400 -> 484G(B) PC ACCESS CARD FRAUD,1,0.008333333
3,594(B)(1)PC  VANDALISM +$400 -> 487(A) GRAND THEFT-INSIDE,1,0.008333333
3,594(B)(1)PC  VANDALISM +$400 -> 530.5 PC USE PERSONAL ID INFO,1,0.008333333
3,594(B)(1)PC  VANDALISM +$400 -> 594(B)(1)PC  VANDALISM +$400,1,0.008333333
3,594(B)(1)PC  VANDALISM +$400 -> 9.04.050 A DRINKING IN PUBLIC,1,0.008333333
3,594(B)(1)PC  VANDALISM +$400 -> BATTERY - I RPT,1,0.008333333
3,594(B)(1)PC  VANDALISM +$400 -> CASUALTY REPORT,1,0.008333333
3,594(B)(1)PC  VANDALISM +$400 -> TRAFFIC OFFENSE,1,0.008333333
3,594(B)(1)VANDALISM GRAF +$400 -> 242 PC  BATTERY CIVILIAN,1,0.008333333
3,594(B)(1)VANDALISM GRAF +$400 -> 422 PC THREAT/INTENT TO TERROR,1,0.008333333
3,594(B)(1)VANDALISM GRAF +$400 -> 459 PC  BURGLARY BUSINESS,1,0.008333333
3,594(B)(1)VANDALISM GRAF +$400 -> 459 PC  BURGLARY RESIDENCE,1,0.008333333
3,594(B)(1)VANDALISM GRAF +$400 -> 594(B)(2)(A)VANDALISM GRAF-400,1,0.008333333
3,594(B)(1)VANDALISM GRAF +$400 -> TOWED/STORED VEHICLE,1,0.008333333
3,594(B)(1)VANDALISM GRAF +$400 -> TRAFFIC-ACCIDENT-NON INJURY,1,0.008333333
3,594(B)(2)(A) VANDALISM/ -$400 -> 11364 HS POSS DRUG PARAPH,1,0.008333333
3,594(B)(2)(A) VANDALISM/ -$400 -> 11377(A)HS POSS AMPHETAMINES,1,0.008333333
3,594(B)(2)(A) VANDALISM/ -$400 -> 211 PC ROBBERY- BUSINESS,1,0.008333333
3,594(B)(2)(A) VANDALISM/ -$400 -> 215(A) PC    CARJACKING,1,0.008333333
3,594(B)(2)(A) VANDALISM/ -$400 -> 243.6 BATTERY SCHOOL EMPLOYEE,1,0.008333333
3,594(B)(2)(A) VANDALISM/ -$400 -> 245(A)(1)AWDW/NO FIREARM/CIVIL,1,0.008333333
3,594(B)(2)(A) VANDALISM/ -$400 -> 25632 BP CONSM ALC AFT CLOSING,1,0.008333333
3,594(B)(2)(A) VANDALISM/ -$400 -> 290(A)(1)(D) FAIL TO REG-5 DAY,1,0.008333333
3,594(B)(2)(A) VANDALISM/ -$400 -> 459 PC  BURGLARY-UNSPECIFIED,1,0.008333333
3,594(B)(2)(A) VANDALISM/ -$400 -> 484 PC PETTY THEFT,1,0.008333333
3,594(B)(2)(A) VANDALISM/ -$400 -> 484 PETTY THEFT-SHOPLIFT,1,0.008333333
3,594(B)(2)(A) VANDALISM/ -$400 -> 487(A) GRAND THEFT-INSIDE,1,0.008333333
3,594(B)(2)(A) VANDALISM/ -$400 -> 487(D)GRAND THEFT FIREARM/ANIM,1,0.008333333
3,594(B)(2)(A) VANDALISM/ -$400 -> 508 PC   EMBEZZLEMENT/EMPLOYEE,1,0.008333333
3,594(B)(2)(A) VANDALISM/ -$400 -> 530.5 PC USE PERSONAL ID INFO,1,0.008333333
3,594(B)(2)(A) VANDALISM/ -$400 -> 602(K)TRESPASS:INJURE PROPERTY,1,0.008333333
3,594(B)(2)(A) VANDALISM/ -$400 -> 666 PC PETTY THEFT W/PRI CONV,1,0.008333333
3,594(B)(2)(A) VANDALISM/ -$400 -> 9.40.020(A) JUVENILE CURFEW,1,0.008333333
3,594(B)(2)(A) VANDALISM/ -$400 -> ABC LICENSE VIO/INFO - I RPT,1,0.008333333
3,594(B)(2)(A) VANDALISM/ -$400 -> MISCELLANEOUS I RPT (ZMISC),1,0.008333333
3,594(B)(2)(A) VANDALISM/ -$400 -> MISSING PERSON,1,0.008333333
3,594(B)(2)(A) VANDALISM/ -$400 -> NEIGHBORHOOD DISTURBANCE-I RPT,1,0.008333333
3,594(B)(2)(A) VANDALISM/ -$400 -> TOWED/STORED VEH-14602.6,1,0.008333333
3,594(B)(2)(A) VANDALISM/ -$400 -> TOWED/STORED VEHICLE,1,0.008333333
3,594(B)(2)(A) VANDALISM/ -$400 -> TRAFFIC-ACCIDENT-NON INJURY,1,0.008333333
3,594(B)(2)(A)VANDALISM GRAF-400 -> 10.48.150 E FALSIFY PKG PERMIT,1,0.008333333
3,594(B)(2)(A)VANDALISM GRAF-400 -> 10851(A)VC TAKE VEH W/O OWNER,1,0.008333333
3,594(B)(2)(A)VANDALISM GRAF-400 -> 422 PC THREAT/INTENT TO TERROR,1,0.008333333
3,594(B)(2)(A)VANDALISM GRAF-400 -> CASUALTY REPORT,1,0.008333333
3,594(B)(2)(A)VANDALISM GRAF-400 -> TOWED/STORED VEH-14602.6,1,0.008333333
3,594.3(A)VANDAL/PLACE OF WORSHI -> 10851(A)VC TAKE VEH W/O OWNER,1,0.008333333
3,594.3(A)VANDAL/PLACE OF WORSHI -> 20002(A) HIT/RUN,1,0.008333333
3,594.3(A)VANDAL/PLACE OF WORSHI -> 245(A)(1)AWDW/NO FIREARM/CIVIL,1,0.008333333
3,594.3(A)VANDAL/PLACE OF WORSHI -> 484 PETTY THEFT-SHOPLIFT,1,0.008333333
3,594.3(A)VANDAL/PLACE OF WORSHI -> 594(B)(2)(A) VANDALISM/ -$400,1,0.008333333
3,594.3(A)VANDAL/PLACE OF WORSHI -> NON INJ HR/MAIL OUT REPORT,1,0.008333333
3,602(K)TRESPASS:INJURE PROPERTY -> 25632 BP CONSM ALC AFT CLOSING,1,0.008333333
3,602(K)TRESPASS:INJURE PROPERTY -> ABC LICENSE VIO/INFO - I RPT,1,0.008333333
3,602(K)TRESPASS:INJURE PROPERTY -> SUSP PERS-NO CRIME - I RPT,1,0.008333333
3,602(K)TRESPASS:INJURE PROPERTY -> TOWED/STORED VEH-14602.6,1,0.008333333
3,602(K)TRESPASS:INJURE PROPERTY -> TOWED/STORED VEHICLE,1,0.008333333
3,602(K)TRESPASS:INJURE PROPERTY -> TRAFFIC-ACCIDENT INJURY,1,0.008333333
3,647(F) PC DIP - DISORDERLY -> 10851(A)VC TAKE VEH W/O OWNER,1,0.008333333
3,647(F) PC DIP - DISORDERLY -> 20001(A) VC HIT/RUN INJ/DEATH,1,0.008333333
3,647(F) PC DIP - DISORDERLY -> 211 PC  ROBBERY UNSPECIFIED,1,0.008333333
3,647(F) PC DIP - DISORDERLY -> 484 PETTY THEFT/LICENSE PLATE,1,0.008333333
3,647(F) PC DIP - DISORDERLY -> 487(A) GRAND THEFT-INSIDE,1,0.008333333
3,647(F) PC DIP - DISORDERLY -> 487(D) PC GRAND THEFT AUTO,1,0.008333333
3,647(F) PC DIP - DISORDERLY -> 5150 WI DANGER SELF/OTHERS,1,0.008333333
3,647(F) PC DIP - DISORDERLY -> 530.5 PC USE PERSONAL ID INFO,1,0.008333333
3,647(F) PC DIP - DISORDERLY -> 587C PC EVADE PAYMENT RAILFARE,1,0.008333333
3,647(F) PC DIP - DISORDERLY -> 594(B)(2)(A) VANDALISM/ -$400,1,0.008333333
3,647(F) PC DIP - DISORDERLY -> MISCELLANEOUS I RPT (ZMISC),1,0.008333333
3,647(F) PC DIP - DISORDERLY -> TOWED/STORED VEHICLE,1,0.008333333
3,647(F) PC PUB INTOX-DETOX ONLY -> 11357(B)HS POSS -28.5GR MARIJ,1,0.008333333
3,647(F) PC PUB INTOX-DETOX ONLY -> 484 PETTY THEFT-SHOPLIFT,1,0.008333333
3,647(F) PC PUB INTOX-DETOX ONLY -> 666 PC PETTY THEFT W/PRI CONV,1,0.008333333
3,647(F) PC PUB INTOX-DETOX ONLY -> THREATS - I RPT,1,0.008333333
3,647(F) PC PUB INTOX-DETOX ONLY -> TOWED/STORED VEHICLE,1,0.008333333
3,647(I) PEEPING TOM-INHAB DWELL -> 459 PC  BURGLARY RESIDENCE,1,0.008333333
3,647(I) PEEPING TOM-INHAB DWELL -> FOUND PROPERTY - I RPT,1,0.008333333
3,653K PC POSS/SELL SWITCHBLADE -> LOST PROPERTY - I RPT,1,0.008333333
3,653M(A) PC OBSCENE/THREAT CALL -> 242 PC  BATTERY CIVILIAN,1,0.008333333
3,653M(A) PC OBSCENE/THREAT CALL -> 459 PC  BURGLARY RESIDENCE,1,0.008333333
3,653M(A) PC OBSCENE/THREAT CALL -> 459 PC  BURGLARY VEHICLE,1,0.008333333
3,653M(A) PC OBSCENE/THREAT CALL -> HARASSMENT - I RPT,1,0.008333333
3,653M(A) PC OBSCENE/THREAT CALL -> THREATS - I RPT,1,0.008333333
3,653M(B) PC ANNOY/RPT CALL HOME -> 451(D) PC  ARSON OF PROPERTY,1,0.008333333
3,666 PC PETTY THEFT W/PRI CONV -> 484 PC PETTY THEFT,1,0.008333333
3,666 PC PETTY THEFT W/PRI CONV -> 484 PETTY THEFT-SHOPLIFT,1,0.008333333
3,666 PC PETTY THEFT W/PRI CONV -> 484J PC PUBLISH CARD INFO,1,0.008333333
3,666 PC PETTY THEFT W/PRI CONV -> 487(A) GRAND THEFT-COIN MACHIN,1,0.008333333
3,666 PC PETTY THEFT W/PRI CONV -> FOUND PROPERTY - I RPT,1,0.008333333
3,666 PC PETTY THEFT W/PRI CONV -> TRAFFIC-ACCIDENT-NON INJURY,1,0.008333333
3,666 PC PETTY THEFT W/PRI CONV -> WARRANT SERVED - I RPT,1,0.008333333
3,849(B)(1) CERTIFICATE OF RELEA -> 211 PC  ROBBERY UNSPECIFIED,1,0.008333333
3,849(B)(1) CERTIFICATE OF RELEA -> 594(B)(2)(A) VANDALISM/ -$400,1,0.008333333
3,849(B)(1) CERTIFICATE OF RELEA -> HARASSMENT - I RPT,1,0.008333333
3,849(B)(1) CERTIFICATE OF RELEA -> NON INJ HR/MAIL OUT REPORT,1,0.008333333
3,9.04.050 A DRINKING IN PUBLIC -> 242 PC  BATTERY CIVILIAN,1,0.008333333
3,9.04.050 A DRINKING IN PUBLIC -> 653M(A) PC OBSCENE/THREAT CALL,1,0.008333333
3,9.04.050 A DRINKING IN PUBLIC -> FOUND PROPERTY - I RPT,1,0.008333333
3,9.04.050 A DRINKING IN PUBLIC -> TOWED/STORED VEH-14602.6,1,0.008333333
3,9.04.050 A DRINKING IN PUBLIC -> TOWED/STORED VEHICLE,1,0.008333333
3,9.40.020(A) JUVENILE CURFEW -> 23152(A) VC DUI-ALCOHOL/DRUGS,1,0.008333333
3,ABC LICENSE VIO/INFO - I RPT -> 211 PC ROBBERY-PURSE SNATCH,1,0.008333333
3,ABC LICENSE VIO/INFO - I RPT -> 243(D) PC BATT/CIVILIAN W/INJ,1,0.008333333
3,ABC LICENSE VIO/INFO - I RPT -> 245(A)(1)AWDW/NO FIREARM/CIVIL,1,0.008333333
3,ABC LICENSE VIO/INFO - I RPT -> 25632 BP CONSM ALC AFT CLOSING,1,0.008333333
3,ABC LICENSE VIO/INFO - I RPT -> 459 PC  BURGLARY BUSINESS,1,0.008333333
3,ABC LICENSE VIO/INFO - I RPT -> 487(A) PC GRAND THEFT,1,0.008333333
3,ABC LICENSE VIO/INFO - I RPT -> HARASSMENT - I RPT,1,0.008333333
3,ABC LICENSE VIO/INFO - I RPT -> TOWED/STORED VEH-14602.6,1,0.008333333
3,ACCIDENTAL FIRES/ARSON -I RPT -> 243.3 BATT TRANS PERS/PASS/INJ,1,0.008333333
3,ACCIDENTAL FIRES/ARSON -I RPT -> 459 PC  BURGLARY VEHICLE,1,0.008333333
3,ACCIDENTAL FIRES/ARSON -I RPT -> CASUALTY REPORT,1,0.008333333
3,ACCIDENTAL FIRES/ARSON -I RPT -> WARRANT SERVED - I RPT,1,0.008333333
3,ASSAULT WITH WEAPON - I RPT -> 496(A) RECEIVE STOLEN PROPERTY,1,0.008333333
3,BATTERY - I RPT -> 1708 US   THEFT OF MAIL,1,0.008333333
3,BATTERY - I RPT -> 20002(A) HIT/RUN,1,0.008333333
3,BATTERY - I RPT -> 211 PC ROBBERY- BUSINESS,1,0.008333333
3,BATTERY - I RPT -> 211 PC ROBBERY-PURSE SNATCH,1,0.008333333
3,BATTERY - I RPT -> 23153(A) VC DUI CAUSE INJURY,1,0.008333333
3,BATTERY - I RPT -> 415(3) PC DIST PEACE OFF WORDS,1,0.008333333
3,BATTERY - I RPT -> 459 PC  BURGLARY RESIDENCE,1,0.008333333
3,BATTERY - I RPT -> 530.5 PC USE PERSONAL ID INFO,1,0.008333333
3,BATTERY - I RPT -> 594(B)(2)(A)VANDALISM GRAF-400,1,0.008333333
3,BATTERY - I RPT -> BATTERY - I RPT,1,0.008333333
3,BATTERY - I RPT -> CASUALTY REPORT,1,0.008333333
3,BATTERY - I RPT -> FOUND PROPERTY - I RPT,1,0.008333333
3,BATTERY - I RPT -> HARASSMENT - I RPT,1,0.008333333
3,BATTERY - I RPT -> JUVENILE DISURBANCE - I RPT,1,0.008333333
3,BATTERY - I RPT -> ROBBERY - I RPT,1,0.008333333
3,BATTERY - I RPT -> RPT # CANCELLED- I RPT,1,0.008333333
3,BATTERY - I RPT -> TOWED/STORED VEH-14602.6,1,0.008333333
3,BATTERY - I RPT -> TRAFFIC-ACCIDENT-NON INJURY,1,0.008333333
3,BURGLARY - I RPT -> 10851(A)VC TAKE VEH W/O OWNER,1,0.008333333
3,BURGLARY - I RPT -> 11350(A)HS POSS CNTRL SUBST,1,0.008333333
3,BURGLARY - I RPT -> 487(A) GRAND THEFT-INSIDE,1,0.008333333
3,BUSINESS PERMITS - I RPT -> 11377(A)HS POSS AMPHETAMINES,1,0.008333333
3,BUSINESS PERMITS - I RPT -> 23152(A) VC DUI-ALCOHOL/DRUGS,1,0.008333333
3,CAR CLOUT -  I RPT -> 594(B)(1)PC  VANDALISM +$400,1,0.008333333
3,CASUALTY REPORT -> 10851 VC AUTO THEFT LOCATE,1,0.008333333
3,CASUALTY REPORT -> 11350(A)HS POSS CNTRL SUBST,1,0.008333333
3,CASUALTY REPORT -> 11377(A)HS POSS AMPHETAMINES,1,0.008333333
3,CASUALTY REPORT -> 211 PC ROBBERY- BUSINESS,1,0.008333333
3,CASUALTY REPORT -> 23152(A) VC DUI-ALCOHOL/DRUGS,1,0.008333333
3,CASUALTY REPORT -> 243(D) PC BATT/CIVILIAN W/INJ,1,0.008333333
3,CASUALTY REPORT -> 243(E)1 BATTERY NONCOHAB SPOUS,1,0.008333333
3,CASUALTY REPORT -> 245(A)(2) AWDW/FIREARM/CIVILIA,1,0.008333333
3,CASUALTY REPORT -> 451(D) PC  ARSON OF PROPERTY,1,0.008333333
3,CASUALTY REPORT -> 475(A)PC POSS FORGED CHK/NOTE,1,0.008333333
3,CASUALTY REPORT -> 484 PC  PETTY THEFT/ OUTSIDE,1,0.008333333
3,CASUALTY REPORT -> 484 PC-PETTY THEFT-COIN MACHIN,1,0.008333333
3,CASUALTY REPORT -> 5150 WI DANGER SELF/OTHERS,1,0.008333333
3,CASUALTY REPORT -> 594(B)(1)VANDALISM GRAF +$400,1,0.008333333
3,CASUALTY REPORT -> 594(B)(2)(A) VANDALISM/ -$400,1,0.008333333
3,CASUALTY REPORT -> 653M(B) PC ANNOY/RPT CALL HOME,1,0.008333333
3,CASUALTY REPORT -> CAR CLOUT -  I RPT,1,0.008333333
3,CASUALTY REPORT -> MISSING PERSON,1,0.008333333
3,CASUALTY REPORT -> POSSIBLE STOLEN PROPERTY-I RPT,1,0.008333333
3,CASUALTY REPORT -> THREATS - I RPT,1,0.008333333
3,CHILD WELFARE - I RPT -> 245(A)(1)AWDW/NO FIREARM/CIVIL,1,0.008333333
3,CHILD WELFARE - I RPT -> FOUND PROPERTY - I RPT,1,0.008333333
3,DUI I RPT -> 211 PC  ROBBERY UNSPECIFIED,1,0.008333333
3,DUI I RPT -> 459 PC  BURGLARY VEHICLE,1,0.008333333
3,DUI I RPT -> 484 PETTY THEFT/LICENSE PLATE,1,0.008333333
3,FOUND PROPERTY - I RPT -> 20002(A) HIT/RUN,1,0.008333333
3,FOUND PROPERTY - I RPT -> 243(E)1 BATTERY NONCOHAB SPOUS,1,0.008333333
3,FOUND PROPERTY - I RPT -> 245(A)(1)AWDW/NO FIREARM/CIVIL,1,0.008333333
3,FOUND PROPERTY - I RPT -> 475(C) PASS FORGED NOTE,1,0.008333333
3,FOUND PROPERTY - I RPT -> 476 PC PASS FICTICIOUS CHECK,1,0.008333333
3,FOUND PROPERTY - I RPT -> 484 PETTY THEFT CLOUT UNLOCKED,1,0.008333333
3,FOUND PROPERTY - I RPT -> 484 PETTY THEFT-SHOPLIFT,1,0.008333333
3,FOUND PROPERTY - I RPT -> 487(A) GRAND THEFT-COIN MACHIN,1,0.008333333
3,FOUND PROPERTY - I RPT -> 487(A) PC GRAND THEFT,1,0.008333333
3,FOUND PROPERTY - I RPT -> 530.5 PC USE PERSONAL ID INFO,1,0.008333333
3,FOUND PROPERTY - I RPT -> 594(B)(1)VANDALISM GRAF +$400,1,0.008333333
3,FOUND PROPERTY - I RPT -> 647(F) PC DIP - DISORDERLY,1,0.008333333
3,FOUND PROPERTY - I RPT -> CASUALTY REPORT,1,0.008333333
3,FOUND PROPERTY - I RPT -> GANG ACTIVITY - I RPT,1,0.008333333
3,FOUND PROPERTY - I RPT -> HOMICIDE ASSAULT - I RPT,1,0.008333333
3,FOUND PROPERTY - I RPT -> LOST PROPERTY - I RPT,1,0.008333333
3,FOUND PROPERTY - I RPT -> MISCELLANEOUS I RPT (ZMISC),1,0.008333333
3,FOUND PROPERTY - I RPT -> TRAFFIC-ACCIDENT INJURY,1,0.008333333
3,FRAUD OR BUNCO - I RPT -> 10851(A)VC TAKE VEH W/O OWNER,1,0.008333333
3,GANG ACTIVITY - I RPT -> 484 PC PETTY THEFT,1,0.008333333
3,GANG ACTIVITY - I RPT -> 484 PETTY THEFT-SHOPLIFT,1,0.008333333
3,GANG ACTIVITY - I RPT -> 594(B)(1)VANDALISM GRAF +$400,1,0.008333333
3,GANG ACTIVITY - I RPT -> 594(B)(2)(A)VANDALISM GRAF-400,1,0.008333333
3,GANG ACTIVITY - I RPT -> TRAFFIC-ACCIDENT-NON INJURY,1,0.008333333
3,GRAND THEFT - I RPT -> 459 PC  BURGLARY VEHICLE,1,0.008333333
3,GRAND THEFT - I RPT -> 594(B)(2)(A) VANDALISM/ -$400,1,0.008333333
3,GRAND THEFT - I RPT -> TOWED/STORED VEH-14602.6,1,0.008333333
3,GRAND THEFT - I RPT -> TOWED/STORED VEHICLE,1,0.008333333
3,GRAND THEFT - I RPT -> TRAFFIC-ACCIDENT INJURY,1,0.008333333
3,HARASSMENT - I RPT -> 243(E)1 BATTERY NONCOHAB SPOUS,1,0.008333333
3,HARASSMENT - I RPT -> 2800.2(A) VC EVADING/RECKLESS,1,0.008333333
3,HARASSMENT - I RPT -> 475(A)PC POSS FORGED CHK/NOTE,1,0.008333333
3,HARASSMENT - I RPT -> 487(A) PC GRAND THEFT-SHOPLIFT,1,0.008333333
3,HARASSMENT - I RPT -> 487(D)GRAND THEFT FIREARM/ANIM,1,0.008333333
3,HARASSMENT - I RPT -> 530.5 PC USE PERSONAL ID INFO,1,0.008333333
3,HARASSMENT - I RPT -> 594(B)(2)(A) VANDALISM/ -$400,1,0.008333333
3,HARASSMENT - I RPT -> SUSP PERS-NO CRIME - I RPT,1,0.008333333
3,HARASSMENT - I RPT -> TRAFFIC-ACCIDENT-NON INJURY,1,0.008333333
3,HOMICIDE ASSAULT - I RPT -> 487(A) GRAND THEFT-COIN MACHIN,1,0.008333333
3,HOMICIDE ASSAULT - I RPT -> FOUND PROPERTY - I RPT,1,0.008333333
3,HOMICIDE ASSAULT - I RPT -> TRAFFIC-ACCIDENT-NON INJURY,1,0.008333333
3,INTOX REPORT/ADMIN PER - I RPT -> 459 PC  BURGLARY BUSINESS,1,0.008333333
3,INTOX REPORT/ADMIN PER - I RPT -> JUVENILE OFFENDER-PROBATION,1,0.008333333
3,JUVENILE DISURBANCE - I RPT -> RPT # CANCELLED- I RPT,1,0.008333333
3,LOST PROPERTY - I RPT -> 20001(A) VC HIT/RUN INJ/DEATH,1,0.008333333
3,LOST PROPERTY - I RPT -> 245(A)(1)AWDW/NO FIREARM/CIVIL,1,0.008333333
3,LOST PROPERTY - I RPT -> 290(A)(1)(D) FAIL TO REG-5 DAY,1,0.008333333
3,LOST PROPERTY - I RPT -> 475(C) PASS FORGED NOTE,1,0.008333333
3,LOST PROPERTY - I RPT -> 484 PC   PETTY THEFT/INSIDE,1,0.008333333
3,LOST PROPERTY - I RPT -> 484 PETTY THEFT/LICENSE PLATE,1,0.008333333
3,LOST PROPERTY - I RPT -> PETTY THEFT - I RPT,1,0.008333333
3,LOST PROPERTY - I RPT -> WANTED SUBJ-O/S WANT/ I RPT,1,0.008333333
3,MISCELLANEOUS I RPT (ZMISC) -> 10851(A)VC TAKE VEH W/O OWNER,1,0.008333333
3,MISCELLANEOUS I RPT (ZMISC) -> 11357(B)HS POSS -28.5GR MARIJ,1,0.008333333
3,MISCELLANEOUS I RPT (ZMISC) -> 20001(A) VC HIT/RUN INJ/DEATH,1,0.008333333
3,MISCELLANEOUS I RPT (ZMISC) -> 20002(A) HIT/RUN,1,0.008333333
3,MISCELLANEOUS I RPT (ZMISC) -> 459 PC  BURGLARY VEHICLE,1,0.008333333
3,MISCELLANEOUS I RPT (ZMISC) -> 484 PC   PETTY THEFT/INSIDE,1,0.008333333
3,MISCELLANEOUS I RPT (ZMISC) -> 484 PC PETTY THEFT,1,0.008333333
3,MISCELLANEOUS I RPT (ZMISC) -> 487(A) PC GRAND THEFT,1,0.008333333
3,MISCELLANEOUS I RPT (ZMISC) -> 5150 WI DANGER SELF/OTHERS,1,0.008333333
3,MISCELLANEOUS I RPT (ZMISC) -> 530.5 PC USE PERSONAL ID INFO,1,0.008333333
3,MISCELLANEOUS I RPT (ZMISC) -> 594(B)(2)(A) VANDALISM/ -$400,1,0.008333333
3,MISCELLANEOUS I RPT (ZMISC) -> BATTERY - I RPT,1,0.008333333
3,MISCELLANEOUS I RPT (ZMISC) -> CASUALTY REPORT,1,0.008333333
3,MISCELLANEOUS I RPT (ZMISC) -> FOUND PROPERTY - I RPT,1,0.008333333
3,MISCELLANEOUS I RPT (ZMISC) -> HARASSMENT - I RPT,1,0.008333333
3,MISCELLANEOUS I RPT (ZMISC) -> MISSING PERSON,1,0.008333333
3,MISCELLANEOUS I RPT (ZMISC) -> NON INJ HR/MAIL OUT REPORT,1,0.008333333
3,MISCELLANEOUS I RPT (ZMISC) -> SUSP PERS-NO CRIME - I RPT,1,0.008333333
3,MISCELLANEOUS I RPT (ZMISC) -> TELEPEST -I RPT,1,0.008333333
3,MISCELLANEOUS I RPT (ZMISC) -> TOWED/STORED VEH-14602.6,1,0.008333333
3,MISCELLANEOUS I RPT (ZMISC) -> TRAFFIC-ACCIDENT INJURY,1,0.008333333
3,MISSING PERSON -> 10851(A)VC TAKE VEH W/O OWNER,1,0.008333333
3,MISSING PERSON -> 11357(B)HS POSS -28.5GR MARIJ,1,0.008333333
3,MISSING PERSON -> 459 PC  BURGLARY VEHICLE,1,0.008333333
3,MISSING PERSON -> 459 PC  BURGLARY-UNSPECIFIED,1,0.008333333
3,MISSING PERSON -> 484 PETTY THEFT-SHOPLIFT,1,0.008333333
3,MISSING PERSON -> 484G(B) PC ACCESS CARD FRAUD,1,0.008333333
3,MISSING PERSON -> 487(D)GRAND THEFT FIREARM/ANIM,1,0.008333333
3,MISSING PERSON -> 496(A) RECEIVE STOLEN PROPERTY,1,0.008333333
3,MISSING PERSON -> 594(B)(2)(A) VANDALISM/ -$400,1,0.008333333
3,MISSING PERSON -> 849(B)(1) CERTIFICATE OF RELEA,1,0.008333333
3,MISSING PERSON -> CASUALTY REPORT,1,0.008333333
3,MISSING PERSON -> HARASSMENT - I RPT,1,0.008333333
3,MISSING PERSON -> MISCELLANEOUS I RPT (ZMISC),1,0.008333333
3,MISSING PERSON -> MISSING PERSON,1,0.008333333
3,MISSING PERSON -> NARCOTICS SUSP/EVID/ACT- I RPT,1,0.008333333
3,MISSING PERSON -> SUSP PERS-NO CRIME - I RPT,1,0.008333333
3,MISSING PERSON -> TRAFFIC-ACCIDENT INJURY,1,0.008333333
3,MISSING PERSON I RPT -> 10851(A)VC TAKE VEH W/O OWNER,1,0.008333333
3,MISSING PERSON I RPT -> 242 PC  BATTERY CIVILIAN,1,0.008333333
3,MISSING PERSON I RPT -> 459 PC  BURGLARY RESIDENCE,1,0.008333333
3,MISSING PERSON I RPT -> 459 PC  BURGLARY VEHICLE,1,0.008333333
3,MISSING PERSON I RPT -> 587C PC EVADE PAYMENT RAILFARE,1,0.008333333
3,MISSING PERSON I RPT -> NON INJ HR/MAIL OUT REPORT,1,0.008333333
3,MISSING PERSON I RPT -> TRAFFIC-ACCIDENT-NON INJURY,1,0.008333333
3,MISSING PERSON LOCATE O/S ASSI -> 10851(A)VC TAKE VEH W/O OWNER,1,0.008333333
3,MISSING PERSON LOCATE O/S ASSI -> 459 PC  BURGLARY VEHICLE,1,0.008333333
3,MISSING PERSON LOCATE O/S ASSI -> HARASSMENT - I RPT,1,0.008333333
3,MISSING PERSON LOCATE O/S ASSI -> MISSING PERSON,1,0.008333333
3,MISSING PERSON LOCATE O/S ASSI -> TRAFFIC-ACCIDENT-NON INJURY,1,0.008333333
3,NARCOTICS SUSP/EVID/ACT- I RPT -> 215(A) PC    CARJACKING,1,0.008333333
3,NEIGHBORHOOD DISTURBANCE-I RPT -> 243.6 BATTERY SCHOOL EMPLOYEE,1,0.008333333
3,NEIGHBORHOOD DISTURBANCE-I RPT -> 484 PC PETTY THEFT,1,0.008333333
3,NEIGHBORHOOD DISTURBANCE-I RPT -> ACCIDENTAL FIRES/ARSON -I RPT,1,0.008333333
3,NEIGHBORHOOD DISTURBANCE-I RPT -> CASUALTY REPORT,1,0.008333333
3,NEIGHBORHOOD DISTURBANCE-I RPT -> NARCOTICS SUSP/EVID/ACT- I RPT,1,0.008333333
3,NEIGHBORHOOD DISTURBANCE-I RPT -> NEIGHBORHOOD DISTURBANCE-I RPT,1,0.008333333
3,NEIGHBORHOOD DISTURBANCE-I RPT -> SUSP PERS-NO CRIME - I RPT,1,0.008333333
3,NEIGHBORHOOD DISTURBANCE-I RPT -> TOWED/STORED VEHICLE,1,0.008333333
3,NEIGHBORHOOD DISTURBANCE-I RPT -> TRAFFIC-ACCIDENT-NON INJURY,1,0.008333333
3,NON INJ HR/MAIL OUT REPORT -> 14601.1(A) VC LIC SUSP OTHER,1,0.008333333
3,NON INJ HR/MAIL OUT REPORT -> 197 JUSTIFIABLE HOMI-CIVILIAN,1,0.008333333
3,NON INJ HR/MAIL OUT REPORT -> 484 PETTY THEFT CLOUT UNLOCKED,1,0.008333333
3,NON INJ HR/MAIL OUT REPORT -> 484 PETTY THEFT-SHOPLIFT,1,0.008333333
3,NON INJ HR/MAIL OUT REPORT -> 530.5 PC USE PERSONAL ID INFO,1,0.008333333
3,NON INJ HR/MAIL OUT REPORT -> JUVENILE DISURBANCE - I RPT,1,0.008333333
3,NON INJ HR/MAIL OUT REPORT -> NON INJ HR/MAIL OUT REPORT,1,0.008333333
3,NON INJ HR/MAIL OUT REPORT -> RPT # CANCELLED- I RPT,1,0.008333333
3,NON INJ HR/MAIL OUT REPORT -> TRAFFIC-ACCIDENT-NON INJURY,1,0.008333333
3,O/S AGENCY -ASSISTANCE- I RPT -> 23222(B)POSSESS MARIJ IN VEH,1,0.008333333
3,O/S AGENCY -ASSISTANCE- I RPT -> 245(A)(1)AWDW/NO FIREARM/CIVIL,1,0.008333333
3,O/S AGENCY -ASSISTANCE- I RPT -> 459 PC  BURGLARY VEHICLE,1,0.008333333
3,O/S AGENCY -ASSISTANCE- I RPT -> 484 PETTY THEFT/LICENSE PLATE,1,0.008333333
3,O/S AGENCY -ASSISTANCE- I RPT -> 5150 WI DANGER SELF/OTHERS,1,0.008333333
3,O/S AGENCY -ASSISTANCE- I RPT -> FOUND PROPERTY - I RPT,1,0.008333333
3,O/S AGENCY -ASSISTANCE- I RPT -> TRAFFIC-ACCIDENT-NON INJURY,1,0.008333333
3,PERSON INFORMATION - I RPT -> 484 PC   PETTY THEFT/INSIDE,1,0.008333333
3,PERSON INFORMATION - I RPT -> TRAFFIC-ACCIDENT-NON INJURY,1,0.008333333
3,PETTY THEFT - I RPT -> 5150 WI DANGER SELF/OTHERS,1,0.008333333
3,POSS STOLEN VEHICLE- I RPT -> 484 PC PETTY THEFT,1,0.008333333
3,POSS STOLEN VEHICLE- I RPT -> 484 PETTY THEFT-SHOPLIFT,1,0.008333333
3,POSS STOLEN VEHICLE- I RPT -> TOWED/STORED VEHICLE,1,0.008333333
3,POSSIBLE STOLEN PROPERTY-I RPT -> NON INJ HR/MAIL OUT REPORT,1,0.008333333
3,PROTECTIVE CUSTODY-I RPT -> 10851(A)VC TAKE VEH W/O OWNER,1,0.008333333
3,PROTECTIVE CUSTODY-I RPT -> 11364 HS POSS DRUG PARAPH,1,0.008333333
3,PROTECTIVE CUSTODY-I RPT -> 459 PC  BURGLARY RESIDENCE,1,0.008333333
3,PROTECTIVE CUSTODY-I RPT -> 487(A) GRAND THEFT-INSIDE,1,0.008333333
3,PROTECTIVE CUSTODY-I RPT -> SAFEKEEPING - I RPT,1,0.008333333
3,RECOVERED PROPERTY - I RPT -> 10851(A)VC TAKE VEH W/O OWNER,1,0.008333333
3,ROBBERY - I RPT -> 10851(A)VC TAKE VEH W/O OWNER,1,0.008333333
3,ROBBERY - I RPT -> 10855 VC LSE/RENT NOT RETURNED,1,0.008333333
3,ROBBERY - I RPT -> 211 PC  ROBBERY UNSPECIFIED,1,0.008333333
3,ROBBERY - I RPT -> 243(E)1 BATTERY NONCOHAB SPOUS,1,0.008333333
3,ROBBERY - I RPT -> 459 PC  BURGLARY BUSINESS,1,0.008333333
3,ROBBERY - I RPT -> CASUALTY REPORT,1,0.008333333
3,ROBBERY - I RPT -> TRAFFIC-ACCIDENT INJURY,1,0.008333333
3,ROBBERY - I RPT -> TRAFFIC-ACCIDENT-NON INJURY,1,0.008333333
3,ROBBERY - I RPT -> WARRANT SERVED - I RPT,1,0.008333333
3,SAFEKEEPING - I RPT -> 10851 VC AUTO THEFT LOCATE,1,0.008333333
3,SAFEKEEPING - I RPT -> 11350(A)HS POSS CNTRL SUBST,1,0.008333333
3,SAFEKEEPING - I RPT -> 308(B) PC MINOR POSS TOBACCO,1,0.008333333
3,SAFEKEEPING - I RPT -> 484 PC  PETTY THEFT/ OUTSIDE,1,0.008333333
3,SAFEKEEPING - I RPT -> 484 PC PETTY THEFT,1,0.008333333
3,SAFEKEEPING - I RPT -> 5150 WI DANGER SELF/OTHERS,1,0.008333333
3,SAFEKEEPING - I RPT -> 594(B)(1)PC  VANDALISM +$400,1,0.008333333
3,SAFEKEEPING - I RPT -> 849(B)(1) CERTIFICATE OF RELEA,1,0.008333333
3,SAFEKEEPING - I RPT -> BURGLARY - I RPT,1,0.008333333
3,SAFEKEEPING - I RPT -> MISSING PERSON I RPT,1,0.008333333
3,SUSP PERS-NO CRIME - I RPT -> 10851(A)VC TAKE VEH W/O OWNER,1,0.008333333
3,SUSP PERS-NO CRIME - I RPT -> 20002(A) HIT/RUN,1,0.008333333
3,SUSP PERS-NO CRIME - I RPT -> 243(E)1 BATTERY NONCOHAB SPOUS,1,0.008333333
3,SUSP PERS-NO CRIME - I RPT -> 245(A)(1)AWDW/NO FIREARM/CIVIL,1,0.008333333
3,SUSP PERS-NO CRIME - I RPT -> 484 PC PETTY THEFT,1,0.008333333
3,SUSP PERS-NO CRIME - I RPT -> 594(B)(1)PC  VANDALISM +$400,1,0.008333333
3,SUSP PERS-NO CRIME - I RPT -> 647(F) PC DIP - DISORDERLY,1,0.008333333
3,SUSP PERS-NO CRIME - I RPT -> BATTERY - I RPT,1,0.008333333
3,SUSP PERS-NO CRIME - I RPT -> CASUALTY REPORT,1,0.008333333
3,SUSP PERS-NO CRIME - I RPT -> TOWED/STORED VEH-14602.6,1,0.008333333
3,SUSP PERS-NO CRIME - I RPT -> TRAFFIC-ACCIDENT INJURY,1,0.008333333
3,SUSPICIOUS VEHICLE - I RPT -> MISCELLANEOUS I RPT (ZMISC),1,0.008333333
3,SUSPICIOUS VEHICLE - I RPT -> SUSP PERS-NO CRIME - I RPT,1,0.008333333
3,TELEPEST -I RPT -> 20001(A) VC HIT/RUN INJ/DEATH,1,0.008333333
3,TELEPEST -I RPT -> 211 PC  ROBBERY UNSPECIFIED,1,0.008333333
3,TELEPEST -I RPT -> 242 PC  BATTERY CIVILIAN,1,0.008333333
3,TELEPEST -I RPT -> 459 PC  BURGLARY VEHICLE,1,0.008333333
3,TELEPEST -I RPT -> 594(B)(2)(A) VANDALISM/ -$400,1,0.008333333
3,THREATS - I RPT -> 10851 VC AUTO THEFT LOCATE,1,0.008333333
3,THREATS - I RPT -> 10851(A)VC TAKE VEH W/O OWNER,1,0.008333333
3,THREATS - I RPT -> 11357(B)HS POSS -28.5GR MARIJ,1,0.008333333
3,THREATS - I RPT -> 4140 BP  POSS OF HYPO NEEDLE,1,0.008333333
3,THREATS - I RPT -> 459 PC  BURGLARY BUSINESS,1,0.008333333
3,THREATS - I RPT -> 459 PC  BURGLARY RESIDENCE,1,0.008333333
3,THREATS - I RPT -> 484 PC  PETTY THEFT/ OUTSIDE,1,0.008333333
3,THREATS - I RPT -> 484 PETTY THEFT-SHOPLIFT,1,0.008333333
3,THREATS - I RPT -> 5150 WI DANGER SELF/OTHERS,1,0.008333333
3,THREATS - I RPT -> 666 PC PETTY THEFT W/PRI CONV,1,0.008333333
3,THREATS - I RPT -> FOUND PROPERTY - I RPT,1,0.008333333
3,THREATS - I RPT -> THREATS - I RPT,1,0.008333333
3,THREATS - I RPT -> TRAFFIC-ACCIDENT-NON INJURY,1,0.008333333
3,TOWED/STORED VEH-14602.6 -> 10.48.150 E FALSIFY PKG PERMIT,1,0.008333333
3,TOWED/STORED VEH-14602.6 -> 11377(A)HS POSS AMPHETAMINES,1,0.008333333
3,TOWED/STORED VEH-14602.6 -> 11532(A)HS LOITER DRG ACTIVITY,1,0.008333333
3,TOWED/STORED VEH-14602.6 -> 1551(A) FUGITIVE FROM JUSTICE,1,0.008333333
3,TOWED/STORED VEH-14602.6 -> 211 PC  ROBBERY UNSPECIFIED,1,0.008333333
3,TOWED/STORED VEH-14602.6 -> 23153(A) VC DUI CAUSE INJURY,1,0.008333333
3,TOWED/STORED VEH-14602.6 -> 484 PETTY THEFT CLOUT UNLOCKED,1,0.008333333
3,TOWED/STORED VEH-14602.6 -> 484 PETTY THEFT/LICENSE PLATE,1,0.008333333
3,TOWED/STORED VEH-14602.6 -> 5150 WI DANGER SELF/OTHERS,1,0.008333333
3,TOWED/STORED VEH-14602.6 -> 603  FORCED ENTRY/PROP DAMAGE,1,0.008333333
3,TOWED/STORED VEH-14602.6 -> BURGLARY - I RPT,1,0.008333333
3,TOWED/STORED VEH-14602.6 -> CASUALTY REPORT,1,0.008333333
3,TOWED/STORED VEH-14602.6 -> MISCELLANEOUS I RPT (ZMISC),1,0.008333333
3,TOWED/STORED VEH-14602.6 -> MISSING PERSON,1,0.008333333
3,TOWED/STORED VEH-14602.6 -> PETTY THEFT - I RPT,1,0.008333333
3,TOWED/STORED VEH-14602.6 -> POSS STOLEN VEHICLE- I RPT,1,0.008333333
3,TOWED/STORED VEH-14602.6 -> TELEPEST -I RPT,1,0.008333333
3,TOWED/STORED VEH-14602.6 -> THREATS - I RPT,1,0.008333333
3,TOWED/STORED VEHICLE -> 10.48.150 E FALSIFY PKG PERMIT,1,0.008333333
3,TOWED/STORED VEHICLE -> 11350(A)HS POSS CNTRL SUBST,1,0.008333333
3,TOWED/STORED VEHICLE -> 11357(B)HS POSS -28.5GR MARIJ,1,0.008333333
3,TOWED/STORED VEHICLE -> 12020(A)(4) PC DIRK/DAGGER,1,0.008333333
3,TOWED/STORED VEHICLE -> 1551(A) FUGITIVE FROM JUSTICE,1,0.008333333
3,TOWED/STORED VEHICLE -> 20001(A) VC HIT/RUN INJ/DEATH,1,0.008333333
3,TOWED/STORED VEHICLE -> 23152(A) VC DUI-ALCOHOL/DRUGS,1,0.008333333
3,TOWED/STORED VEHICLE -> 243(D) PC BATT/CIVILIAN W/INJ,1,0.008333333
3,TOWED/STORED VEHICLE -> 243.3 BATT TRANS PERS/PASS/INJ,1,0.008333333
3,TOWED/STORED VEHICLE -> 245(A)(1)AWDW/NO FIREARM/CIVIL,1,0.008333333
3,TOWED/STORED VEHICLE -> 459 PC  BURGLARY BUSINESS,1,0.008333333
3,TOWED/STORED VEHICLE -> 484 PC   PETTY THEFT/INSIDE,1,0.008333333
3,TOWED/STORED VEHICLE -> 487(A) GRAND THEFT-COIN MACHIN,1,0.008333333
3,TOWED/STORED VEHICLE -> 5.136.050 NO TAXICAB PERMIT,1,0.008333333
3,TOWED/STORED VEHICLE -> 5150 WI DANGER SELF/OTHERS,1,0.008333333
3,TOWED/STORED VEHICLE -> 594(B)(2)(A)VANDALISM GRAF-400,1,0.008333333
3,TOWED/STORED VEHICLE -> 602(N)TRESP DRIVE ON PRIVATE P,1,0.008333333
3,TOWED/STORED VEHICLE -> 647(F) PC DIP - DISORDERLY,1,0.008333333
3,TOWED/STORED VEHICLE -> 849(B)(1) CERTIFICATE OF RELEA,1,0.008333333
3,TOWED/STORED VEHICLE -> CASUALTY REPORT,1,0.008333333
3,TOWED/STORED VEHICLE -> FOUND PROPERTY - I RPT,1,0.008333333
3,TOWED/STORED VEHICLE -> HARASSMENT - I RPT,1,0.008333333
3,TOWED/STORED VEHICLE -> LOST PROPERTY - I RPT,1,0.008333333
3,TOWED/STORED VEHICLE -> O/S AGENCY -ASSISTANCE- I RPT,1,0.008333333
3,TOWED/STORED VEHICLE -> ROBBERY - I RPT,1,0.008333333
3,TOWED/STORED VEHICLE -> SUSP PERS-NO CRIME - I RPT,1,0.008333333
3,TOWED/STORED VEHICLE -> THREATS - I RPT,1,0.008333333
3,TRAFFIC - I RPT -> 10851(A)VC TAKE VEH W/O OWNER,1,0.008333333
3,TRAFFIC - I RPT -> 459 PC  BURGLARY VEHICLE,1,0.008333333
3,TRAFFIC - I RPT -> 484 PC   PETTY THEFT/INSIDE,1,0.008333333
3,TRAFFIC - I RPT -> 484 PETTY THEFT-SHOPLIFT,1,0.008333333
3,TRAFFIC - I RPT -> 594(B)(2)(A) VANDALISM/ -$400,1,0.008333333
3,TRAFFIC - I RPT -> FRAUD OR BUNCO - I RPT,1,0.008333333
3,TRAFFIC - I RPT -> MISSING PERSON,1,0.008333333
3,TRAFFIC - I RPT -> TRAFFIC-ACCIDENT INJURY,1,0.008333333
3,TRAFFIC-ACCIDENT INJURY -> 11357(B)HS POSS -28.5GR MARIJ,1,0.008333333
3,TRAFFIC-ACCIDENT INJURY -> 11377(A)HS POSS AMPHETAMINES,1,0.008333333
3,TRAFFIC-ACCIDENT INJURY -> 11550(A)HS UNDER INFL NARCOTIC,1,0.008333333
3,TRAFFIC-ACCIDENT INJURY -> 148(A)(1)PC RESIST PEACE OFFCR,1,0.008333333
3,TRAFFIC-ACCIDENT INJURY -> 20001(A) VC HIT/RUN INJ/DEATH,1,0.008333333
3,TRAFFIC-ACCIDENT INJURY -> 23152(A) VC DUI-ALCOHOL/DRUGS,1,0.008333333
3,TRAFFIC-ACCIDENT INJURY -> 23222(B)POSSESS MARIJ IN VEH,1,0.008333333
3,TRAFFIC-ACCIDENT INJURY -> 243(E)1 BATTERY NONCOHAB SPOUS,1,0.008333333
3,TRAFFIC-ACCIDENT INJURY -> 245(A)(1)AWDW/NO FIREARM/CIVIL,1,0.008333333
3,TRAFFIC-ACCIDENT INJURY -> 290(A)(1)(D) FAIL TO REG-5 DAY,1,0.008333333
3,TRAFFIC-ACCIDENT INJURY -> 4140 BP  POSS OF HYPO NEEDLE,1,0.008333333
3,TRAFFIC-ACCIDENT INJURY -> 459 PC  BURGLARY RESIDENCE,1,0.008333333
3,TRAFFIC-ACCIDENT INJURY -> 476 PC PASS FICTICIOUS CHECK,1,0.008333333
3,TRAFFIC-ACCIDENT INJURY -> 484 PC   PETTY THEFT/INSIDE,1,0.008333333
3,TRAFFIC-ACCIDENT INJURY -> 484 PETTY THEFT CLOUT UNLOCKED,1,0.008333333
3,TRAFFIC-ACCIDENT INJURY -> 496(A) RECEIVE STOLEN PROPERTY,1,0.008333333
3,TRAFFIC-ACCIDENT INJURY -> 594(B)(1)PC  VANDALISM +$400,1,0.008333333
3,TRAFFIC-ACCIDENT INJURY -> 594(B)(1)VANDALISM GRAF +$400,1,0.008333333
3,TRAFFIC-ACCIDENT INJURY -> 647(F) PC DIP - DISORDERLY,1,0.008333333
3,TRAFFIC-ACCIDENT INJURY -> 666 PC PETTY THEFT W/PRI CONV,1,0.008333333
3,TRAFFIC-ACCIDENT INJURY -> BATTERY - I RPT,1,0.008333333
3,TRAFFIC-ACCIDENT INJURY -> BURGLARY - I RPT,1,0.008333333
3,TRAFFIC-ACCIDENT INJURY -> DUI I RPT,1,0.008333333
3,TRAFFIC-ACCIDENT INJURY -> GANG ACTIVITY - I RPT,1,0.008333333
3,TRAFFIC-ACCIDENT INJURY -> LOST PROPERTY - I RPT,1,0.008333333
3,TRAFFIC-ACCIDENT INJURY -> MISCELLANEOUS I RPT (ZMISC),1,0.008333333
3,TRAFFIC-ACCIDENT INJURY -> NON INJ HR/MAIL OUT REPORT,1,0.008333333
3,TRAFFIC-ACCIDENT INJURY -> THREATS - I RPT,1,0.008333333
3,TRAFFIC-ACCIDENT INJURY -> WANTED SUBJ-O/S WANT/ I RPT,1,0.008333333
3,TRAFFIC-ACCIDENT-NON INJURY -> 11350(B)HS POSSESS QUAALUDES,1,0.008333333
3,TRAFFIC-ACCIDENT-NON INJURY -> 11364 HS POSS DRUG PARAPH,1,0.008333333
3,TRAFFIC-ACCIDENT-NON INJURY -> 20002(A) HIT/RUN,1,0.008333333
3,TRAFFIC-ACCIDENT-NON INJURY -> 243(E)1 BATTERY NONCOHAB SPOUS,1,0.008333333
3,TRAFFIC-ACCIDENT-NON INJURY -> 245(A)(1)AWDW/NO FIREARM/CIVIL,1,0.008333333
3,TRAFFIC-ACCIDENT-NON INJURY -> 4140 BP  POSS OF HYPO NEEDLE,1,0.008333333
3,TRAFFIC-ACCIDENT-NON INJURY -> 422 PC THREAT/INTENT TO TERROR,1,0.008333333
3,TRAFFIC-ACCIDENT-NON INJURY -> 451(D) PC  ARSON OF PROPERTY,1,0.008333333
3,TRAFFIC-ACCIDENT-NON INJURY -> 484G(B) PC ACCESS CARD FRAUD,1,0.008333333
3,TRAFFIC-ACCIDENT-NON INJURY -> 487(A) PC GRAND THEFT,1,0.008333333
3,TRAFFIC-ACCIDENT-NON INJURY -> 487(C) PC  GRAND THEFT-PERSON,1,0.008333333
3,TRAFFIC-ACCIDENT-NON INJURY -> 487(D) PC GRAND THEFT AUTO,1,0.008333333
3,TRAFFIC-ACCIDENT-NON INJURY -> 5150 WI DANGER SELF/OTHERS,1,0.008333333
3,TRAFFIC-ACCIDENT-NON INJURY -> 594(B)(1)PC  VANDALISM +$400,1,0.008333333
3,TRAFFIC-ACCIDENT-NON INJURY -> 594(B)(2)(A)VANDALISM GRAF-400,1,0.008333333
3,TRAFFIC-ACCIDENT-NON INJURY -> 594.3(A)VANDAL/PLACE OF WORSHI,1,0.008333333
3,TRAFFIC-ACCIDENT-NON INJURY -> 647(F) PC DIP - DISORDERLY,1,0.008333333
3,TRAFFIC-ACCIDENT-NON INJURY -> 647(I) PEEPING TOM-INHAB DWELL,1,0.008333333
3,TRAFFIC-ACCIDENT-NON INJURY -> 9.04.050 A DRINKING IN PUBLIC,1,0.008333333
3,TRAFFIC-ACCIDENT-NON INJURY -> ACCIDENTAL FIRES/ARSON -I RPT,1,0.008333333
3,TRAFFIC-ACCIDENT-NON INJURY -> CASUALTY REPORT,1,0.008333333
3,TRAFFIC-ACCIDENT-NON INJURY -> FRAUD OR BUNCO - I RPT,1,0.008333333
3,TRAFFIC-ACCIDENT-NON INJURY -> MISSING PERSON,1,0.008333333
3,TRAFFIC-ACCIDENT-NON INJURY -> NARCOTICS SUSP/EVID/ACT- I RPT,1,0.008333333
3,TRAFFIC-ACCIDENT-NON INJURY -> NON INJ HR/MAIL OUT REPORT,1,0.008333333
3,TRAFFIC-ACCIDENT-NON INJURY -> POSSIBLE STOLEN PROPERTY-I RPT,1,0.008333333
3,TRAFFIC-ACCIDENT-NON INJURY -> THREATS - I RPT,1,0.008333333
3,TRAFFIC-ACCIDENT-NON INJURY -> TOWED/STORED VEH-14602.6,1,0.008333333
3,TRAFFIC-ACCIDENT-NON INJURY -> WARRANT SERVED - I RPT,1,0.008333333
3,VANDALISM - I RPT -> 459 PC  BURGLARY VEHICLE,1,0.008333333
3,VANDALISM - I RPT -> TRAFFIC-ACCIDENT-NON INJURY,1,0.008333333
3,VICE/GAMBLING ACT - I RPT -> 20002(A) HIT/RUN,1,0.008333333
3,VICE/GAMBLING ACT - I RPT -> 459 PC  BURGLARY VEHICLE,1,0.008333333
3,WANTED SUBJ-O/S WANT/ I RPT -> 484 PETTY THEFT/LICENSE PLATE,1,0.008333333
3,WARRANT SERVED - I RPT -> 11364 HS POSS DRUG PARAPH,1,0.008333333
3,WARRANT SERVED - I RPT -> 243(E)1 BATTERY NONCOHAB SPOUS,1,0.008333333
3,WARRANT SERVED - I RPT -> 459 PC  BURGLARY VEHICLE,1,0.008333333
3,WARRANT SERVED - I RPT -> 484 PC   PETTY THEFT/INSIDE,1,0.008333333
3,WARRANT SERVED - I RPT -> 484 PETTY THEFT-SHOPLIFT,1,0.008333333
3,WARRANT SERVED - I RPT -> CASUALTY REPORT,1,0.008333333
3,WARRANT SERVED - I RPT -> FRAUD OR BUNCO - I RPT,1,0.008333333
3,WARRANT SERVED - I RPT -> HIT AND RUN /SUSPECTS- I RPT,1,0.008333333
3,WARRANT SERVED - I RPT -> MISSING PERSON,1,0.008333333
4,10851(A)VC TAKE VEH W/O OWNER -> 10851(A)VC TAKE VEH W/O OWNER,9,0.069767442
4,459 PC  BURGLARY RESIDENCE -> TOWED/STORED VEHICLE,8,0.062015504
4,459 PC  BURGLARY VEHICLE -> 459 PC  BURGLARY VEHICLE,8,0.062015504
4,TOWED/STORED VEHICLE -> TOWED/STORED VEHICLE,8,0.062015504
4,TOWED/STORED VEH-14602.6 -> TOWED/STORED VEH-14602.6,7,0.054263566
4,TOWED/STORED VEHICLE -> TOWED/STORED VEH-14602.6,7,0.054263566
4,459 PC  BURGLARY RESIDENCE -> TOWED/STORED VEH-14602.6,6,0.046511628
4,459 PC  BURGLARY VEHICLE -> TOWED/STORED VEHICLE,6,0.046511628
4,594(B)(2)(A) VANDALISM/ -$400 -> 459 PC  BURGLARY VEHICLE,6,0.046511628
4,TOWED/STORED VEHICLE -> 459 PC  BURGLARY VEHICLE,6,0.046511628
4,459 PC  BURGLARY RESIDENCE -> 10851(A)VC TAKE VEH W/O OWNER,5,0.03875969
4,459 PC  BURGLARY VEHICLE -> 10851(A)VC TAKE VEH W/O OWNER,5,0.03875969
4,459 PC  BURGLARY VEHICLE -> TOWED/STORED VEH-14602.6,5,0.03875969
4,TOWED/STORED VEH-14602.6 -> TOWED/STORED VEHICLE,5,0.03875969
4,10851 VC AUTO THEFT LOCATE -> TOWED/STORED VEH-14602.6,4,0.031007752
4,10851 VC AUTO THEFT LOCATE -> TOWED/STORED VEHICLE,4,0.031007752
4,10851(A)VC TAKE VEH W/O OWNER -> TRAFFIC-ACCIDENT INJURY,4,0.031007752
4,459 PC  BURGLARY RESIDENCE -> FOUND PROPERTY - I RPT,4,0.031007752
4,459 PC  BURGLARY RESIDENCE -> MISSING PERSON,4,0.031007752
4,459 PC  BURGLARY VEHICLE -> 459 PC  BURGLARY RESIDENCE,4,0.031007752
4,459 PC  BURGLARY VEHICLE -> 487(A) PC GRAND THEFT,4,0.031007752
4,459 PC  BURGLARY VEHICLE -> 594(B)(2)(A) VANDALISM/ -$400,4,0.031007752
4,MISSING PERSON -> 459 PC  BURGLARY VEHICLE,4,0.031007752
4,TRAFFIC-ACCIDENT INJURY -> 459 PC  BURGLARY VEHICLE,4,0.031007752
4,TRAFFIC-ACCIDENT-NON INJURY -> TOWED/STORED VEH-14602.6,4,0.031007752
4,10851 VC AUTO THEFT LOCATE -> 10851 VC AUTO THEFT LOCATE,3,0.023255814
4,10851(A)VC TAKE VEH W/O OWNER -> 459 PC  BURGLARY RESIDENCE,3,0.023255814
4,10851(A)VC TAKE VEH W/O OWNER -> 459 PC  BURGLARY VEHICLE,3,0.023255814
4,10851(A)VC TAKE VEH W/O OWNER -> 484 PC PETTY THEFT,3,0.023255814
4,10851(A)VC TAKE VEH W/O OWNER -> CHILD CUSTODY - I RPT,3,0.023255814
4,10851(A)VC TAKE VEH W/O OWNER -> FOUND PROPERTY - I RPT,3,0.023255814
4,10851(A)VC TAKE VEH W/O OWNER -> GANG ACTIVITY - I RPT,3,0.023255814
4,10851(A)VC TAKE VEH W/O OWNER -> NON INJ HR/MAIL OUT REPORT,3,0.023255814
4,10851(A)VC TAKE VEH W/O OWNER -> TOWED/STORED VEH-14602.6,3,0.023255814
4,243(E)1 BATTERY NONCOHAB SPOUS -> TOWED/STORED VEH-14602.6,3,0.023255814
4,459 PC  BURGLARY RESIDENCE -> 10851 VC AUTO THEFT LOCATE,3,0.023255814
4,459 PC  BURGLARY RESIDENCE -> 23152(A) VC DUI-ALCOHOL/DRUGS,3,0.023255814
4,459 PC  BURGLARY RESIDENCE -> 459 PC  BURGLARY VEHICLE,3,0.023255814
4,459 PC  BURGLARY RESIDENCE -> 594(B)(2)(A) VANDALISM/ -$400,3,0.023255814
4,459 PC  BURGLARY RESIDENCE -> TRAFFIC-ACCIDENT-NON INJURY,3,0.023255814
4,459 PC  BURGLARY VEHICLE -> 459 PC  BURGLARY BUSINESS,3,0.023255814
4,459 PC  BURGLARY VEHICLE -> TRAFFIC-ACCIDENT-NON INJURY,3,0.023255814
4,484 PC  PETTY THEFT/ OUTSIDE -> TOWED/STORED VEH-14602.6,3,0.023255814
4,5150 WI DANGER SELF/OTHERS -> TRAFFIC-ACCIDENT-NON INJURY,3,0.023255814
4,594(B)(1)PC  VANDALISM +$400 -> 459 PC  BURGLARY VEHICLE,3,0.023255814
4,594(B)(2)(A) VANDALISM/ -$400 -> TOWED/STORED VEH-14602.6,3,0.023255814
4,CASUALTY REPORT -> TOWED/STORED VEH-14602.6,3,0.023255814
4,CASUALTY REPORT -> TOWED/STORED VEHICLE,3,0.023255814
4,MISSING PERSON -> MISSING PERSON,3,0.023255814
4,MISSING PERSON -> TOWED/STORED VEH-14602.6,3,0.023255814
4,MISSING PERSON -> TRAFFIC-ACCIDENT INJURY,3,0.023255814
4,NON INJ HR/MAIL OUT REPORT -> 245(A)(1)AWDW/NO FIREARM/CIVIL,3,0.023255814
4,TOWED/STORED VEH-14602.6 -> 10851(A)VC TAKE VEH W/O OWNER,3,0.023255814
4,TOWED/STORED VEH-14602.6 -> 529 PC FALSE PERSONATION,3,0.023255814
4,TOWED/STORED VEHICLE -> 10851(A)VC TAKE VEH W/O OWNER,3,0.023255814
4,TOWED/STORED VEHICLE -> FOUND PROPERTY - I RPT,3,0.023255814
4,TOWED/STORED VEHICLE -> LOST PROPERTY - I RPT,3,0.023255814
4,TRAFFIC-ACCIDENT-NON INJURY -> TOWED/STORED VEHICLE,3,0.023255814
4,10851 VC AUTO THEFT LOCATE -> 594(B)(1)PC  VANDALISM +$400,2,0.015503876
4,10851 VC AUTO THEFT LOCATE -> 594(B)(2)(A) VANDALISM/ -$400,2,0.015503876
4,10851 VC AUTO THEFT LOCATE -> CASUALTY REPORT,2,0.015503876
4,10851(A)VC TAKE VEH W/O OWNER -> 10851 VC AUTO THEFT LOCATE,2,0.015503876
4,10851(A)VC TAKE VEH W/O OWNER -> 11377(A)HS POSS AMPHETAMINES,2,0.015503876
4,10851(A)VC TAKE VEH W/O OWNER -> 12021(A)(1)PC FELON POSS FRARM,2,0.015503876
4,10851(A)VC TAKE VEH W/O OWNER -> 166(A)(4) WILFUL DISOBEY CT OR,2,0.015503876
4,10851(A)VC TAKE VEH W/O OWNER -> 484 PC   PETTY THEFT/INSIDE,2,0.015503876
4,10851(A)VC TAKE VEH W/O OWNER -> 5150 WI DANGER SELF/OTHERS,2,0.015503876
4,10851(A)VC TAKE VEH W/O OWNER -> 594(B)(1)PC  VANDALISM +$400,2,0.015503876
4,10851(A)VC TAKE VEH W/O OWNER -> MISCELLANEOUS I RPT (ZMISC),2,0.015503876
4,10851(A)VC TAKE VEH W/O OWNER -> MISSING PERSON,2,0.015503876
4,11364 HS POSS DRUG PARAPH -> TOWED/STORED VEH-14602.6,2,0.015503876
4,11377(A)HS POSS AMPHETAMINES -> 459 PC  BURGLARY VEHICLE,2,0.015503876
4,1708 US   THEFT OF MAIL -> 594(B)(1)PC  VANDALISM +$400,2,0.015503876
4,1708 US   THEFT OF MAIL -> TOWED/STORED VEHICLE,2,0.015503876
4,20002(A) HIT/RUN -> TRAFFIC-ACCIDENT INJURY,2,0.015503876
4,211 PC  ROBBERY UNSPECIFIED -> TOWED/STORED VEH-14602.6,2,0.015503876
4,459 PC  BURGLARY BUSINESS -> 243(E)1 BATTERY NONCOHAB SPOUS,2,0.015503876
4,459 PC  BURGLARY BUSINESS -> 459 PC  BURGLARY VEHICLE,2,0.015503876
4,459 PC  BURGLARY BUSINESS -> MISSING PERSON,2,0.015503876
4,459 PC  BURGLARY BUSINESS -> TOWED/STORED VEH-14602.6,2,0.015503876
4,459 PC  BURGLARY RESIDENCE -> 11364 HS POSS DRUG PARAPH,2,0.015503876
4,459 PC  BURGLARY RESIDENCE -> 308(B) PC MINOR POSS TOBACCO,2,0.015503876
4,459 PC  BURGLARY RESIDENCE -> 459 PC  BURGLARY BUSINESS,2,0.015503876
4,459 PC  BURGLARY RESIDENCE -> GANG ACTIVITY - I RPT,2,0.015503876
4,459 PC  BURGLARY RESIDENCE -> SUSP PERS-NO CRIME - I RPT,2,0.015503876
4,459 PC  BURGLARY RESIDENCE -> TRAFFIC-ACCIDENT INJURY,2,0.015503876
4,459 PC  BURGLARY VEHICLE -> 211 PC ROBBERY- BUSINESS,2,0.015503876
4,459 PC  BURGLARY VEHICLE -> 484 PC   PETTY THEFT/INSIDE,2,0.015503876
4,459 PC  BURGLARY VEHICLE -> 496(A) RECEIVE STOLEN PROPERTY,2,0.015503876
4,459 PC  BURGLARY VEHICLE -> POSS STOLEN VEHICLE- I RPT,2,0.015503876
4,484 PC   PETTY THEFT/INSIDE -> 594(B)(2)(A) VANDALISM/ -$400,2,0.015503876
4,484 PC   PETTY THEFT/INSIDE -> MISSING PERSON,2,0.015503876
4,484 PC PETTY THEFT -> 11364 HS POSS DRUG PARAPH,2,0.015503876
4,484 PC PETTY THEFT -> 4140 BP  POSS OF HYPO NEEDLE,2,0.015503876
4,484 PC PETTY THEFT -> TOWED/STORED VEHICLE,2,0.015503876
4,484 PETTY THEFT-SHOPLIFT -> TOWED/STORED VEH-14602.6,2,0.015503876
4,484G(B) PC ACCESS CARD FRAUD -> 245(A)(1)AWDW/NO FIREARM/CIVIL,2,0.015503876
4,484G(B) PC ACCESS CARD FRAUD -> 459 PC  BURGLARY VEHICLE,2,0.015503876
4,484G(B) PC ACCESS CARD FRAUD -> TOWED/STORED VEH-14602.6,2,0.015503876
4,484G(B) PC ACCESS CARD FRAUD -> TOWED/STORED VEHICLE,2,0.015503876
4,484J PC PUBLISH CARD INFO -> TOWED/STORED VEHICLE,2,0.015503876
4,487(A) PC GRAND THEFT -> 211 PC  ROBBERY UNSPECIFIED,2,0.015503876
4,487(A) PC GRAND THEFT -> 459 PC  BURGLARY VEHICLE,2,0.015503876
4,5150 WI DANGER SELF/OTHERS -> 484 PC   PETTY THEFT/INSIDE,2,0.015503876
4,5150 WI DANGER SELF/OTHERS -> 5150 WI DANGER SELF/OTHERS,2,0.015503876
4,5150 WI DANGER SELF/OTHERS -> TOWED/STORED VEH-14602.6,2,0.015503876
4,5150 WI DANGER SELF/OTHERS -> TOWED/STORED VEHICLE,2,0.015503876
4,530.5 PC USE PERSONAL ID INFO -> 459 PC  BURGLARY VEHICLE,2,0.015503876
4,594(B)(1)PC  VANDALISM +$400 -> 10851(A)VC TAKE VEH W/O OWNER,2,0.015503876
4,594(B)(1)PC  VANDALISM +$400 -> 459 PC  BURGLARY RESIDENCE,2,0.015503876
4,594(B)(1)PC  VANDALISM +$400 -> MISSING PERSON,2,0.015503876
4,594(B)(2)(A) VANDALISM/ -$400 -> 496(A) RECEIVE STOLEN PROPERTY,2,0.015503876
4,594(B)(2)(A) VANDALISM/ -$400 -> TOWED/STORED VEHICLE,2,0.015503876
4,594(B)(2)(A)VANDALISM GRAF-400 -> TOWED/STORED VEHICLE,2,0.015503876
4,666 PC PETTY THEFT W/PRI CONV -> TOWED/STORED VEHICLE,2,0.015503876
4,FOUND PROPERTY - I RPT -> 484 PC   PETTY THEFT/INSIDE,2,0.015503876
4,FOUND PROPERTY - I RPT -> 529 PC FALSE PERSONATION,2,0.015503876
4,FOUND PROPERTY - I RPT -> GANG ACTIVITY - I RPT,2,0.015503876
4,GANG ACTIVITY - I RPT -> FOUND PROPERTY - I RPT,2,0.015503876
4,HARASSMENT - I RPT -> 459 PC  BURGLARY VEHICLE,2,0.015503876
4,MISSING PERSON -> 22435.2(A) BP POSS SHOP CART,2,0.015503876
4,MISSING PERSON -> 594(B)(1)PC  VANDALISM +$400,2,0.015503876
4,MISSING PERSON -> NON INJ HR/MAIL OUT REPORT,2,0.015503876
4,MISSING PERSON -> TOWED/STORED VEHICLE,2,0.015503876
4,NARCOTICS SUSP/EVID/ACT- I RPT -> 242 PC  BATTERY CIVILIAN,2,0.015503876
4,NARCOTICS SUSP/EVID/ACT- I RPT -> NON INJ HR/MAIL OUT REPORT,2,0.015503876
4,NARCOTICS SUSP/EVID/ACT- I RPT -> TOWED/STORED VEH-14602.6,2,0.015503876
4,NON INJ HR/MAIL OUT REPORT -> 459 PC  BURGLARY VEHICLE,2,0.015503876
4,THREATS - I RPT -> 211 PC ROBBERY- BUSINESS,2,0.015503876
4,TOWED/STORED VEH-14602.6 -> 23152(A) VC DUI-ALCOHOL/DRUGS,2,0.015503876
4,TOWED/STORED VEH-14602.6 -> 459 PC  BURGLARY VEHICLE,2,0.015503876
4,TOWED/STORED VEH-14602.6 -> 594(B)(2)(A) VANDALISM/ -$400,2,0.015503876
4,TOWED/STORED VEH-14602.6 -> LOST PROPERTY - I RPT,2,0.015503876
4,TOWED/STORED VEH-14602.6 -> MISSING PERSON,2,0.015503876
4,TOWED/STORED VEH-14602.6 -> TRAFFIC-ACCIDENT-NON INJURY,2,0.015503876
4,TOWED/STORED VEHICLE -> 10851 VC AUTO THEFT LOCATE,2,0.015503876
4,TOWED/STORED VEHICLE -> 23152(A) VC DUI-ALCOHOL/DRUGS,2,0.015503876
4,TOWED/STORED VEHICLE -> 459 PC  BURGLARY BUSINESS,2,0.015503876
4,TOWED/STORED VEHICLE -> 476 PC PASS FICTICIOUS CHECK,2,0.015503876
4,TOWED/STORED VEHICLE -> 484 PC   PETTY THEFT/INSIDE,2,0.015503876
4,TOWED/STORED VEHICLE -> 529 PC FALSE PERSONATION,2,0.015503876
4,TOWED/STORED VEHICLE -> 594(B)(2)(A) VANDALISM/ -$400,2,0.015503876
4,TOWED/STORED VEHICLE -> GANG ACTIVITY - I RPT,2,0.015503876
4,TOWED/STORED VEHICLE -> GRAFFITI PROBLEMS- I RPT,2,0.015503876
4,TOWED/STORED VEHICLE -> MISSING PERSON,2,0.015503876
4,TOWED/STORED VEHICLE -> TRAFFIC-ACCIDENT-NON INJURY,2,0.015503876
4,TRAFFIC - I RPT -> 10851(A)VC TAKE VEH W/O OWNER,2,0.015503876
4,TRAFFIC-ACCIDENT INJURY -> TOWED/STORED VEHICLE,2,0.015503876
4,TRAFFIC-ACCIDENT-NON INJURY -> 459 PC  BURGLARY VEHICLE,2,0.015503876
4,10851 VC AUTO THEFT LOCATE -> 10851(A)VC TAKE VEH W/O OWNER,1,0.007751938
4,10851 VC AUTO THEFT LOCATE -> 14601(A) VC LIC SUSP NEGLIGENT,1,0.007751938
4,10851 VC AUTO THEFT LOCATE -> 187(A)  HOMICIDE,1,0.007751938
4,10851 VC AUTO THEFT LOCATE -> 23152(A) VC DUI-ALCOHOL/DRUGS,1,0.007751938
4,10851 VC AUTO THEFT LOCATE -> 245(A)(1)AWDW/NO FIREARM/CIVIL,1,0.007751938
4,10851 VC AUTO THEFT LOCATE -> 422 PC THREAT/INTENT TO TERROR,1,0.007751938
4,10851 VC AUTO THEFT LOCATE -> 459 PC  BURGLARY VEHICLE,1,0.007751938
4,10851 VC AUTO THEFT LOCATE -> 484 PC   PETTY THEFT/INSIDE,1,0.007751938
4,10851 VC AUTO THEFT LOCATE -> 484 PETTY THEFT-SHOPLIFT,1,0.007751938
4,10851 VC AUTO THEFT LOCATE -> 487(A) GRAND THEFT-INSIDE,1,0.007751938
4,10851 VC AUTO THEFT LOCATE -> 9.04.070 URINATE/DEFECATE PUB,1,0.007751938
4,10851 VC AUTO THEFT LOCATE -> ACCIDENTAL FIRES/ARSON -I RPT,1,0.007751938
4,10851 VC AUTO THEFT LOCATE -> BURGLARY - I RPT,1,0.007751938
4,10851 VC AUTO THEFT LOCATE -> FOUND PROPERTY - I RPT,1,0.007751938
4,10851 VC AUTO THEFT LOCATE -> GANG ACTIVITY - I RPT,1,0.007751938
4,10851 VC AUTO THEFT LOCATE -> MISSING PERSON,1,0.007751938
4,10851 VC AUTO THEFT LOCATE -> MISSING PERSON LOCATE O/S ASSI,1,0.007751938
4,10851 VC AUTO THEFT LOCATE -> NON INJ HR/MAIL OUT REPORT,1,0.007751938
4,10851 VC AUTO THEFT LOCATE -> TRAFFIC-ACCIDENT INJURY,1,0.007751938
4,10851 VC AUTO THEFT LOCATE -> TRAFFIC-ACCIDENT-NON INJURY,1,0.007751938
4,10851(A)VC TAKE VEH W/O OWNER -> 11350(B)HS POSSESS QUAALUDES,1,0.007751938
4,10851(A)VC TAKE VEH W/O OWNER -> 148.1(A)PC FALSE REPT OF BOMB,1,0.007751938
4,10851(A)VC TAKE VEH W/O OWNER -> 1551(A) FUGITIVE FROM JUSTICE,1,0.007751938
4,10851(A)VC TAKE VEH W/O OWNER -> 211 PC  ROBBERY UNSPECIFIED,1,0.007751938
4,10851(A)VC TAKE VEH W/O OWNER -> 23152(A) VC DUI-ALCOHOL/DRUGS,1,0.007751938
4,10851(A)VC TAKE VEH W/O OWNER -> 273.6(A) PC VIO DV COURT ORDER,1,0.007751938
4,10851(A)VC TAKE VEH W/O OWNER -> 290(A)(1)(D) FAIL TO REG-5 DAY,1,0.007751938
4,10851(A)VC TAKE VEH W/O OWNER -> 308(B) PC MINOR POSS TOBACCO,1,0.007751938
4,10851(A)VC TAKE VEH W/O OWNER -> 459 PC  BURGLARY BUSINESS,1,0.007751938
4,10851(A)VC TAKE VEH W/O OWNER -> 459 PC  BURGLARY-UNSPECIFIED,1,0.007751938
4,10851(A)VC TAKE VEH W/O OWNER -> 475(C) PASS FORGED NOTE,1,0.007751938
4,10851(A)VC TAKE VEH W/O OWNER -> 484 PC  PETTY THEFT/ OUTSIDE,1,0.007751938
4,10851(A)VC TAKE VEH W/O OWNER -> 484 PETTY THEFT/LICENSE PLATE,1,0.007751938
4,10851(A)VC TAKE VEH W/O OWNER -> 594(B)(2)(A) VANDALISM/ -$400,1,0.007751938
4,10851(A)VC TAKE VEH W/O OWNER -> BURGLARY - I RPT,1,0.007751938
4,10851(A)VC TAKE VEH W/O OWNER -> CASUALTY REPORT,1,0.007751938
4,10851(A)VC TAKE VEH W/O OWNER -> FILE-UNABLE TO DEFINE - I RPT,1,0.007751938
4,10851(A)VC TAKE VEH W/O OWNER -> FRAUD OR BUNCO - I RPT,1,0.007751938
4,10851(A)VC TAKE VEH W/O OWNER -> MISSING PERSON I RPT,1,0.007751938
4,10851(A)VC TAKE VEH W/O OWNER -> SAFEKEEPING - I RPT,1,0.007751938
4,10851(A)VC TAKE VEH W/O OWNER -> SUSP PERS-NO CRIME - I RPT,1,0.007751938
4,10851(A)VC TAKE VEH W/O OWNER -> VANDALISM - I RPT,1,0.007751938
4,11350(A)HS POSS CNTRL SUBST -> 459 PC  BURGLARY VEHICLE,1,0.007751938
4,11350(A)HS POSS CNTRL SUBST -> 476 PC PASS FICTICIOUS CHECK,1,0.007751938
4,11350(A)HS POSS CNTRL SUBST -> 487(A) PC GRAND THEFT,1,0.007751938
4,11350(A)HS POSS CNTRL SUBST -> MISSING PERSON,1,0.007751938
4,11350(A)HS POSS CNTRL SUBST -> TOWED/STORED VEHICLE,1,0.007751938
4,11357(B)HS POSS -28.5GR MARIJ -> 10851 VC AUTO THEFT LOCATE,1,0.007751938
4,11357(B)HS POSS -28.5GR MARIJ -> 10851(A)VC TAKE VEH W/O OWNER,1,0.007751938
4,11357(B)HS POSS -28.5GR MARIJ -> 211 PC ROBBERY-PURSE SNATCH,1,0.007751938
4,11357(B)HS POSS -28.5GR MARIJ -> 476 PC PASS FICTICIOUS CHECK,1,0.007751938
4,11357(B)HS POSS -28.5GR MARIJ -> 5150 WI DANGER SELF/OTHERS,1,0.007751938
4,11357(B)HS POSS -28.5GR MARIJ -> ASSAULT WITH WEAPON - I RPT,1,0.007751938
4,11357(B)HS POSS -28.5GR MARIJ -> MISSING PERSON LOCATE O/S ASSI,1,0.007751938
4,11357(B)HS POSS -28.5GR MARIJ -> TOWED/STORED VEH-14602.6,1,0.007751938
4,11357(B)HS POSS -28.5GR MARIJ -> TOWED/STORED VEHICLE,1,0.007751938
4,11357(E) MNR POSS MARIJ SCHOOL -> GANG ACTIVITY - I RPT,1,0.007751938
4,11364 HS POSS DRUG PARAPH -> 1551(A) FUGITIVE FROM JUSTICE,1,0.007751938
4,11364 HS POSS DRUG PARAPH -> 242 PC  BATTERY CIVILIAN,1,0.007751938
4,11364 HS POSS DRUG PARAPH -> 459 PC  BURGLARY VEHICLE,1,0.007751938
4,11364 HS POSS DRUG PARAPH -> TOWED/STORED VEHICLE,1,0.007751938
4,11377(A)HS POSS AMPHETAMINES -> 211 PC ROBBERY- BUSINESS,1,0.007751938
4,11377(A)HS POSS AMPHETAMINES -> 487(A) PC GRAND THEFT,1,0.007751938
4,11377(A)HS POSS AMPHETAMINES -> HARASSMENT - I RPT,1,0.007751938
4,11378 HS POSS/SALE AMPHETAMINE -> 211 PC  ROBBERY UNSPECIFIED,1,0.007751938
4,12020(A)1) PROHIBITED FIREARM -> CASUALTY REPORT,1,0.007751938
4,12020(A)1) PROHIBITED FIREARM -> TOWED/STORED VEH-14602.6,1,0.007751938
4,12020(A)1) PROHIBITED FIREARM -> TOWED/STORED VEHICLE,1,0.007751938
4,12025(B)6 UNREG/CONCLED FIREAR -> THREATS - I RPT,1,0.007751938
4,12031(A)(1)PC LOADED GUN/PUB-M -> 487(A) GRAND THEFT-INSIDE,1,0.007751938
4,12500(A) VC UNLIC DRIVER -> 529 PC FALSE PERSONATION,1,0.007751938
4,148.1(A)PC FALSE REPT OF BOMB -> 10851(A)VC TAKE VEH W/O OWNER,1,0.007751938
4,1551(A) FUGITIVE FROM JUSTICE -> 1551(A) FUGITIVE FROM JUSTICE,1,0.007751938
4,166(A)(4) WILFUL DISOBEY CT OR -> 11350(B)HS POSSESS QUAALUDES,1,0.007751938
4,166(A)(4) WILFUL DISOBEY CT OR -> 211 PC  ROBBERY UNSPECIFIED,1,0.007751938
4,166(A)(4) WILFUL DISOBEY CT OR -> 243.2(A)(1) BATT/SCHOOL INJURY,1,0.007751938
4,166(A)(4) WILFUL DISOBEY CT OR -> 5150 WI DANGER SELF/OTHERS,1,0.007751938
4,166(A)(4) WILFUL DISOBEY CT OR -> TRAFFIC-ACCIDENT INJURY,1,0.007751938
4,1708 US   THEFT OF MAIL -> HARASSMENT - I RPT,1,0.007751938
4,187(A)  HOMICIDE -> ACCIDENTAL FIRES/ARSON -I RPT,1,0.007751938
4,20001(A) VC HIT/RUN INJ/DEATH -> 5150 WI DANGER SELF/OTHERS,1,0.007751938
4,20001(A) VC HIT/RUN INJ/DEATH -> 594(B)(2)(A) VANDALISM/ -$400,1,0.007751938
4,20001(A) VC HIT/RUN INJ/DEATH -> TOWED/STORED VEH-14602.6,1,0.007751938
4,20002(A) HIT/RUN -> 10851(A)VC TAKE VEH W/O OWNER,1,0.007751938
4,20002(A) HIT/RUN -> 243(E)1 BATTERY NONCOHAB SPOUS,1,0.007751938
4,20002(A) HIT/RUN -> 484 PETTY THEFT-SHOPLIFT,1,0.007751938
4,20002(A) HIT/RUN -> 487(A) PC GRAND THEFT,1,0.007751938
4,20002(A) HIT/RUN -> 5150 WI DANGER SELF/OTHERS,1,0.007751938
4,20002(A) HIT/RUN -> TOWED/STORED VEHICLE,1,0.007751938
4,211 PC  ROBBERY UNSPECIFIED -> 11364 HS POSS DRUG PARAPH,1,0.007751938
4,211 PC  ROBBERY UNSPECIFIED -> 11377(A)HS POSS AMPHETAMINES,1,0.007751938
4,211 PC  ROBBERY UNSPECIFIED -> 1551(A) FUGITIVE FROM JUSTICE,1,0.007751938
4,211 PC  ROBBERY UNSPECIFIED -> 23152(A) VC DUI-ALCOHOL/DRUGS,1,0.007751938
4,211 PC  ROBBERY UNSPECIFIED -> 243.2(A)(1) BATT/SCHOOL INJURY,1,0.007751938
4,211 PC  ROBBERY UNSPECIFIED -> 245(A)(1)AWDW/NO FIREARM/CIVIL,1,0.007751938
4,211 PC  ROBBERY UNSPECIFIED -> 459 PC  BURGLARY VEHICLE,1,0.007751938
4,211 PC  ROBBERY UNSPECIFIED -> 484 PETTY THEFT-SHOPLIFT,1,0.007751938
4,211 PC  ROBBERY UNSPECIFIED -> 487(C) PC  GRAND THEFT-PERSON,1,0.007751938
4,211 PC  ROBBERY UNSPECIFIED -> 594(B)(2)(A) VANDALISM/ -$400,1,0.007751938
4,211 PC  ROBBERY UNSPECIFIED -> 647(F) PC DIP - DISORDERLY,1,0.007751938
4,211 PC  ROBBERY UNSPECIFIED -> FOUND PROPERTY - I RPT,1,0.007751938
4,211 PC  ROBBERY UNSPECIFIED -> MISCELLANEOUS I RPT (ZMISC),1,0.007751938
4,211 PC  ROBBERY UNSPECIFIED -> TOWED/STORED VEHICLE,1,0.007751938
4,211 PC  ROBBERY UNSPECIFIED -> TRAFFIC - I RPT,1,0.007751938
4,211 PC  ROBBERY-BANK -> MISCELLANEOUS I RPT (ZMISC),1,0.007751938
4,211 PC ROBBERY- BUSINESS -> 1551(A) FUGITIVE FROM JUSTICE,1,0.007751938
4,211 PC ROBBERY- BUSINESS -> 211 PC  ROBBERY UNSPECIFIED,1,0.007751938
4,211 PC ROBBERY- BUSINESS -> CHILD CUSTODY - I RPT,1,0.007751938
4,211 PC ROBBERY- BUSINESS -> NARCOTICS SUSP/EVID/ACT- I RPT,1,0.007751938
4,211 PC ROBBERY- BUSINESS -> TELEPEST -I RPT,1,0.007751938
4,211 PC ROBBERY- BUSINESS -> TOWED/STORED VEH-14602.6,1,0.007751938
4,212.5(B) ROB-VICINITY OF ATM -> MISSING PERSON,1,0.007751938
4,22435.2(A) BP POSS SHOP CART -> 23152(A) VC DUI-ALCOHOL/DRUGS,1,0.007751938
4,23110(B) VC THROW AT VEH W/INT -> GANG ACTIVITY - I RPT,1,0.007751938
4,23152(A) VC DUI-ALCOHOL/DRUGS -> 11357(C)HS POSS +28.5GR MARIJ,1,0.007751938
4,23152(A) VC DUI-ALCOHOL/DRUGS -> 20002(A) HIT/RUN,1,0.007751938
4,23152(A) VC DUI-ALCOHOL/DRUGS -> 23152(A) VC DUI-ALCOHOL/DRUGS,1,0.007751938
4,23152(A) VC DUI-ALCOHOL/DRUGS -> 23222(B)POSSESS MARIJ IN VEH,1,0.007751938
4,23152(A) VC DUI-ALCOHOL/DRUGS -> 245(A)(2) AWDW/FIREARM/CIVILIA,1,0.007751938
4,23152(A) VC DUI-ALCOHOL/DRUGS -> 459 PC  BURGLARY BUSINESS,1,0.007751938
4,23152(A) VC DUI-ALCOHOL/DRUGS -> 459 PC  BURGLARY RESIDENCE,1,0.007751938
4,23152(A) VC DUI-ALCOHOL/DRUGS -> 459 PC  BURGLARY VEHICLE,1,0.007751938
4,23152(A) VC DUI-ALCOHOL/DRUGS -> TOWED/STORED VEH-14602.6,1,0.007751938
4,23222(B)POSSESS MARIJ IN VEH -> 11350(A)HS POSS CNTRL SUBST,1,0.007751938
4,23222(B)POSSESS MARIJ IN VEH -> 459 PC  BURGLARY RESIDENCE,1,0.007751938
4,23222(B)POSSESS MARIJ IN VEH -> 459 PC  BURGLARY VEHICLE,1,0.007751938
4,242 PC  BATTERY CIVILIAN -> 10851 VC AUTO THEFT LOCATE,1,0.007751938
4,242 PC  BATTERY CIVILIAN -> 459 PC  BURGLARY BUSINESS,1,0.007751938
4,242 PC  BATTERY CIVILIAN -> 666 PC PETTY THEFT W/PRI CONV,1,0.007751938
4,242 PC  BATTERY CIVILIAN -> ABANDONED VEHICLE - I RPT,1,0.007751938
4,242 PC  BATTERY CIVILIAN -> GANG ACTIVITY - I RPT,1,0.007751938
4,242 PC  BATTERY CIVILIAN -> MISSING PERSON,1,0.007751938
4,242 PC  BATTERY CIVILIAN -> TRAFFIC-ACCIDENT-NON INJURY,1,0.007751938
4,243(E)1 BATTERY NONCOHAB SPOUS -> 11550(A)HS UNDER INFL NARCOTIC,1,0.007751938
4,243(E)1 BATTERY NONCOHAB SPOUS -> 484 PC   PETTY THEFT/INSIDE,1,0.007751938
4,243(E)1 BATTERY NONCOHAB SPOUS -> 594(B)(2)(A) VANDALISM/ -$400,1,0.007751938
4,243(E)1 BATTERY NONCOHAB SPOUS -> CHILD WELFARE - I RPT,1,0.007751938
4,243(E)1 BATTERY NONCOHAB SPOUS -> TOWED/STORED VEHICLE,1,0.007751938
4,243.2(A)(1) BATT/SCHOOL INJURY -> 666 PC PETTY THEFT W/PRI CONV,1,0.007751938
4,243.2(A)(1) BATT/SCHOOL INJURY -> TOWED/STORED VEH-14602.6,1,0.007751938
4,243.2(A)(1) BATT/SCHOOL INJURY -> TOWED/STORED VEHICLE,1,0.007751938
4,243.6 BATTERY SCHOOL EMPLOYEE -> 415.5(A)(1) PC FIGHT SCHOOL GR,1,0.007751938
4,243.6 BATTERY SCHOOL EMPLOYEE -> TOWED/STORED VEH-14602.6,1,0.007751938
4,245(A)(1)AWDW/NO FIREARM/CIVIL -> 10851(A)VC TAKE VEH W/O OWNER,1,0.007751938
4,245(A)(1)AWDW/NO FIREARM/CIVIL -> 211 PC  ROBBERY UNSPECIFIED,1,0.007751938
4,245(A)(1)AWDW/NO FIREARM/CIVIL -> 242 PC  BATTERY CIVILIAN,1,0.007751938
4,245(A)(1)AWDW/NO FIREARM/CIVIL -> 487(A) GRAND THEFT-INSIDE,1,0.007751938
4,245(A)(1)AWDW/NO FIREARM/CIVIL -> 594(B)(1)PC  VANDALISM +$400,1,0.007751938
4,245(A)(1)AWDW/NO FIREARM/CIVIL -> MISSING PERSON,1,0.007751938
4,245(A)(1)AWDW/NO FIREARM/CIVIL -> NARCOTICS SUSP/EVID/ACT- I RPT,1,0.007751938
4,245(A)(1)AWDW/NO FIREARM/CIVIL -> TRAFFIC - I RPT,1,0.007751938
4,245(A)(1)AWDW/NO FIREARM/CIVIL -> TRAFFIC-ACCIDENT INJURY,1,0.007751938
4,246 PC SHOOT OCCUP DWELL/VEH -> 211 PC ROBBERY- BUSINESS,1,0.007751938
4,246 PC SHOOT OCCUP DWELL/VEH -> 594(B)(2)(A) VANDALISM/ -$400,1,0.007751938
4,273.6(A) PC VIO DV COURT ORDER -> 484 PETTY THEFT/LICENSE PLATE,1,0.007751938
4,273.6(A) PC VIO DV COURT ORDER -> 487(A) GRAND THEFT-COIN MACHIN,1,0.007751938
4,273.6(A) PC VIO DV COURT ORDER -> CHILD CUSTODY - I RPT,1,0.007751938
4,273.6(A) PC VIO DV COURT ORDER -> TRAFFIC-ACCIDENT-NON INJURY,1,0.007751938
4,290(A)(1)(A) FAIL REG-CHG ADD -> 653M(B) PC ANNOY/RPT CALL HOME,1,0.007751938
4,290(A)(1)(A) FAIL REG-CHG ADD -> FILE-UNABLE TO DEFINE - I RPT,1,0.007751938
4,290(A)(1)(A) FAIL REG-CHG ADD -> GANG ACTIVITY - I RPT,1,0.007751938
4,290(A)(1)(A) FAIL REG-CHG ADD -> TRAFFIC-ACCIDENT INJURY,1,0.007751938
4,290(F)1 W/I 5 DAYS ADD CHANGE -> 11364 HS POSS DRUG PARAPH,1,0.007751938
4,290(F)1 W/I 5 DAYS ADD CHANGE -> 459 PC  BURGLARY VEHICLE,1,0.007751938
4,290(F)1 W/I 5 DAYS ADD CHANGE -> TRAFFIC-ACCIDENT INJURY,1,0.007751938
4,290(G)(1) FAIL TO REG SEX OFFE -> 12022.1 PC COMMIT FEL ON BAIL,1,0.007751938
4,290(G)(1) FAIL TO REG SEX OFFE -> 245(A)(1)AWDW/NO FIREARM/CIVIL,1,0.007751938
4,3056 PAROLE VIO - I RPT -> 10851(A)VC TAKE VEH W/O OWNER,1,0.007751938
4,3056 PAROLE VIO - I RPT -> MISSING PERSON,1,0.007751938
4,3056 PC PAROLE VIOLATION -> TOWED/STORED VEH-14602.6,1,0.007751938
4,3056 PC PAROLE VIOLATION -> TOWED/STORED VEHICLE,1,0.007751938
4,308(B) PC MINOR POSS TOBACCO -> 1551(A) FUGITIVE FROM JUSTICE,1,0.007751938
4,308(B) PC MINOR POSS TOBACCO -> GANG ACTIVITY - I RPT,1,0.007751938
4,32210 EC WILFL DISTURB PUB SCH -> SUSP PERS-NO CRIME - I RPT,1,0.007751938
4,368(E) THEFT OF ELDER <$400 -> 5150 WI DANGER SELF/OTHERS,1,0.007751938
4,374.4(A) LITTERING -> 484 PETTY THEFT/LICENSE PLATE,1,0.007751938
4,4140 BP  POSS OF HYPO NEEDLE -> 23222(B)POSSESS MARIJ IN VEH,1,0.007751938
4,415(1) PC DISTURB PEACE/FIGHT -> 3056 PAROLE VIO - I RPT,1,0.007751938
4,415(1) PC DISTURB PEACE/FIGHT -> TOWED/STORED VEHICLE,1,0.007751938
4,415.5(A)(1) PC FIGHT SCHOOL GR -> 487(A) PC GRAND THEFT,1,0.007751938
4,451(D) PC  ARSON OF PROPERTY -> 459 PC  BURGLARY BUSINESS,1,0.007751938
4,451(D) PC  ARSON OF PROPERTY -> 484J PC PUBLISH CARD INFO,1,0.007751938
4,451(D) PC  ARSON OF PROPERTY -> 594(B)(2)(A) VANDALISM/ -$400,1,0.007751938
4,459 PC  BURGLARY BUSINESS -> 10851(A)VC TAKE VEH W/O OWNER,1,0.007751938
4,459 PC  BURGLARY BUSINESS -> 20002(A) HIT/RUN,1,0.007751938
4,459 PC  BURGLARY BUSINESS -> 23152(A) VC DUI-ALCOHOL/DRUGS,1,0.007751938
4,459 PC  BURGLARY BUSINESS -> 290(A)(1)(D) FAIL TO REG-5 DAY,1,0.007751938
4,459 PC  BURGLARY BUSINESS -> 3056 PAROLE VIO - I RPT,1,0.007751938
4,459 PC  BURGLARY BUSINESS -> 459 PC  BURGLARY BUSINESS,1,0.007751938
4,459 PC  BURGLARY BUSINESS -> 484 PC   PETTY THEFT/INSIDE,1,0.007751938
4,459 PC  BURGLARY BUSINESS -> 484J PC PUBLISH CARD INFO,1,0.007751938
4,459 PC  BURGLARY BUSINESS -> 487(A) GRAND THEFT-CLOUT-UNLOC,1,0.007751938
4,459 PC  BURGLARY BUSINESS -> 487(A) PC GRAND THEFT,1,0.007751938
4,459 PC  BURGLARY BUSINESS -> 496(A) RECEIVE STOLEN PROPERTY,1,0.007751938
4,459 PC  BURGLARY BUSINESS -> CHILD WELFARE - I RPT,1,0.007751938
4,459 PC  BURGLARY BUSINESS -> NARCOTICS SUSP/EVID/ACT- I RPT,1,0.007751938
4,459 PC  BURGLARY BUSINESS -> TOWED/STORED VEHICLE,1,0.007751938
4,459 PC  BURGLARY RESIDENCE -> 148.1(A)PC FALSE REPT OF BOMB,1,0.007751938
4,459 PC  BURGLARY RESIDENCE -> 211 PC ROBBERY- BUSINESS,1,0.007751938
4,459 PC  BURGLARY RESIDENCE -> 23110(B) VC THROW AT VEH W/INT,1,0.007751938
4,459 PC  BURGLARY RESIDENCE -> 243.6 BATTERY SCHOOL EMPLOYEE,1,0.007751938
4,459 PC  BURGLARY RESIDENCE -> 245(A)(1)AWDW/NO FIREARM/CIVIL,1,0.007751938
4,459 PC  BURGLARY RESIDENCE -> 290(F)1 W/I 5 DAYS ADD CHANGE,1,0.007751938
4,459 PC  BURGLARY RESIDENCE -> 32210 EC WILFL DISTURB PUB SCH,1,0.007751938
4,459 PC  BURGLARY RESIDENCE -> 451(D) PC  ARSON OF PROPERTY,1,0.007751938
4,459 PC  BURGLARY RESIDENCE -> 459 PC  BURGLARY RESIDENCE,1,0.007751938
4,459 PC  BURGLARY RESIDENCE -> 475(A)PC POSS FORGED CHK/NOTE,1,0.007751938
4,459 PC  BURGLARY RESIDENCE -> 484 PC   PETTY THEFT/INSIDE,1,0.007751938
4,459 PC  BURGLARY RESIDENCE -> 484 PC PETTY THEFT,1,0.007751938
4,459 PC  BURGLARY RESIDENCE -> 484G(B) PC ACCESS CARD FRAUD,1,0.007751938
4,459 PC  BURGLARY RESIDENCE -> 487(A) PC GRAND THEFT,1,0.007751938
4,459 PC  BURGLARY RESIDENCE -> 487(C) PC  GRAND THEFT-PERSON,1,0.007751938
4,459 PC  BURGLARY RESIDENCE -> 496(A) RECEIVE STOLEN PROPERTY,1,0.007751938
4,459 PC  BURGLARY RESIDENCE -> 666 PC PETTY THEFT W/PRI CONV,1,0.007751938
4,459 PC  BURGLARY RESIDENCE -> ABANDONED VEHICLE - I RPT,1,0.007751938
4,459 PC  BURGLARY RESIDENCE -> CHILD CUSTODY - I RPT,1,0.007751938
4,459 PC  BURGLARY RESIDENCE -> CHILD WELFARE - I RPT,1,0.007751938
4,459 PC  BURGLARY RESIDENCE -> JUVENILE PROBLEMS - I RPT,1,0.007751938
4,459 PC  BURGLARY RESIDENCE -> LOST PROPERTY - I RPT,1,0.007751938
4,459 PC  BURGLARY RESIDENCE -> MISCELLANEOUS I RPT (ZMISC),1,0.007751938
4,459 PC  BURGLARY RESIDENCE -> NON INJ HR/MAIL OUT REPORT,1,0.007751938
4,459 PC  BURGLARY RESIDENCE -> O/S AGENCY -ASSISTANCE- I RPT,1,0.007751938
4,459 PC  BURGLARY RESIDENCE -> POSS STOLEN VEHICLE- I RPT,1,0.007751938
4,459 PC  BURGLARY VEHICLE -> 11350(A)HS POSS CNTRL SUBST,1,0.007751938
4,459 PC  BURGLARY VEHICLE -> 12020(A)1) PROHIBITED FIREARM,1,0.007751938
4,459 PC  BURGLARY VEHICLE -> 1551(A) FUGITIVE FROM JUSTICE,1,0.007751938
4,459 PC  BURGLARY VEHICLE -> 20001(A) VC HIT/RUN INJ/DEATH,1,0.007751938
4,459 PC  BURGLARY VEHICLE -> 20002(A) HIT/RUN,1,0.007751938
4,459 PC  BURGLARY VEHICLE -> 211 PC  ROBBERY UNSPECIFIED,1,0.007751938
4,459 PC  BURGLARY VEHICLE -> 23152(A) VC DUI-ALCOHOL/DRUGS,1,0.007751938
4,459 PC  BURGLARY VEHICLE -> 243(E)1 BATTERY NONCOHAB SPOUS,1,0.007751938
4,459 PC  BURGLARY VEHICLE -> 245(A)(2) AWDW/FIREARM/CIVILIA,1,0.007751938
4,459 PC  BURGLARY VEHICLE -> 247(B) PC SHOOT UNOCC BLDG/VEH,1,0.007751938
4,459 PC  BURGLARY VEHICLE -> 290(A)(1)(D) FAIL TO REG-5 DAY,1,0.007751938
4,459 PC  BURGLARY VEHICLE -> 374.4(A) LITTERING,1,0.007751938
4,459 PC  BURGLARY VEHICLE -> 422 PC THREAT/INTENT TO TERROR,1,0.007751938
4,459 PC  BURGLARY VEHICLE -> 451(D) PC  ARSON OF PROPERTY,1,0.007751938
4,459 PC  BURGLARY VEHICLE -> 475(C) PASS FORGED NOTE,1,0.007751938
4,459 PC  BURGLARY VEHICLE -> 484G(B) PC ACCESS CARD FRAUD,1,0.007751938
4,459 PC  BURGLARY VEHICLE -> 484J PC PUBLISH CARD INFO,1,0.007751938
4,459 PC  BURGLARY VEHICLE -> 487(C) PC  GRAND THEFT-PERSON,1,0.007751938
4,459 PC  BURGLARY VEHICLE -> 529 PC FALSE PERSONATION,1,0.007751938
4,459 PC  BURGLARY VEHICLE -> ACCIDENTAL FIRES/ARSON -I RPT,1,0.007751938
4,459 PC  BURGLARY VEHICLE -> BOMBS/THREATS/EXPLOSIV- I RPT,1,0.007751938
4,459 PC  BURGLARY VEHICLE -> CASUALTY REPORT,1,0.007751938
4,459 PC  BURGLARY VEHICLE -> MISCELLANEOUS I RPT (ZMISC),1,0.007751938
4,459 PC  BURGLARY VEHICLE -> MISSING PERSON,1,0.007751938
4,459 PC  BURGLARY VEHICLE -> MISSING PERSON I RPT,1,0.007751938
4,459 PC  BURGLARY VEHICLE -> SHOOT INTO OCCUP DWELL - I RPT,1,0.007751938
4,459 PC  BURGLARY VEHICLE -> TRAFFIC-ACCIDENT INJURY,1,0.007751938
4,459 PC  BURGLARY VEHICLE -> WARRANT SERVED - I RPT,1,0.007751938
4,459 PC  BURGLARY-UNSPECIFIED -> 10851(A)VC TAKE VEH W/O OWNER,1,0.007751938
4,459 PC  BURGLARY-UNSPECIFIED -> 148.1(A)PC FALSE REPT OF BOMB,1,0.007751938
4,459 PC  BURGLARY-UNSPECIFIED -> 484 PC   PETTY THEFT/INSIDE,1,0.007751938
4,466 PC   POSS OF BURG TOOLS -> 1551(A) FUGITIVE FROM JUSTICE,1,0.007751938
4,475(A)PC POSS FORGED CHK/NOTE -> 12020(A)1) PROHIBITED FIREARM,1,0.007751938
4,475(A)PC POSS FORGED CHK/NOTE -> GANG ACTIVITY - I RPT,1,0.007751938
4,475(A)PC POSS FORGED CHK/NOTE -> TOWED/STORED VEH-14602.6,1,0.007751938
4,475(A)PC POSS FORGED CHK/NOTE -> TOWED/STORED VEHICLE,1,0.007751938
4,475(C) PASS FORGED NOTE -> 23103(A) RECKLESS ON HIGHWAY,1,0.007751938
4,475(C) PASS FORGED NOTE -> 594(B)(2)(A) VANDALISM/ -$400,1,0.007751938
4,476 PC PASS FICTICIOUS CHECK -> 11357(E) MNR POSS MARIJ SCHOOL,1,0.007751938
4,476 PC PASS FICTICIOUS CHECK -> 3056 PAROLE VIO - I RPT,1,0.007751938
4,476 PC PASS FICTICIOUS CHECK -> 459 PC  BURGLARY VEHICLE,1,0.007751938
4,476 PC PASS FICTICIOUS CHECK -> 594(B)(1)PC  VANDALISM +$400,1,0.007751938
4,476 PC PASS FICTICIOUS CHECK -> BOMBS/THREATS/EXPLOSIV- I RPT,1,0.007751938
4,484 PC   PETTY THEFT/INSIDE -> 10851(A)VC TAKE VEH W/O OWNER,1,0.007751938
4,484 PC   PETTY THEFT/INSIDE -> 11350(A)HS POSS CNTRL SUBST,1,0.007751938
4,484 PC   PETTY THEFT/INSIDE -> 14601(A) VC LIC SUSP NEGLIGENT,1,0.007751938
4,484 PC   PETTY THEFT/INSIDE -> 20001(A) VC HIT/RUN INJ/DEATH,1,0.007751938
4,484 PC   PETTY THEFT/INSIDE -> 212.5(B) ROB-VICINITY OF ATM,1,0.007751938
4,484 PC   PETTY THEFT/INSIDE -> 23152(A) VC DUI-ALCOHOL/DRUGS,1,0.007751938
4,484 PC   PETTY THEFT/INSIDE -> 459 PC  BURGLARY BUSINESS,1,0.007751938
4,484 PC   PETTY THEFT/INSIDE -> 459 PC  BURGLARY VEHICLE,1,0.007751938
4,484 PC   PETTY THEFT/INSIDE -> 484 PC   PETTY THEFT/INSIDE,1,0.007751938
4,484 PC   PETTY THEFT/INSIDE -> 487(A) GRAND THEFT-INSIDE,1,0.007751938
4,484 PC   PETTY THEFT/INSIDE -> 9.04.050C POSS OPEN CONTAINER,1,0.007751938
4,484 PC   PETTY THEFT/INSIDE -> TOWED/STORED VEH-14602.6,1,0.007751938
4,484 PC   PETTY THEFT/INSIDE -> TOWED/STORED VEHICLE,1,0.007751938
4,484 PC   THEFT-LIC PLATE TABS -> 459 PC  BURGLARY RESIDENCE,1,0.007751938
4,484 PC   THEFT-LIC PLATE TABS -> TOWED/STORED VEHICLE,1,0.007751938
4,484 PC  PETTY THEFT/ OUTSIDE -> 459 PC  BURGLARY RESIDENCE,1,0.007751938
4,484 PC  PETTY THEFT/ OUTSIDE -> 459 PC  BURGLARY VEHICLE,1,0.007751938
4,484 PC  PETTY THEFT/ OUTSIDE -> 484 PC  PETTY THEFT/ OUTSIDE,1,0.007751938
4,484 PC  PETTY THEFT/ OUTSIDE -> 484J PC PUBLISH CARD INFO,1,0.007751938
4,484 PC  PETTY THEFT/ OUTSIDE -> 594(B)(2)(A) VANDALISM/ -$400,1,0.007751938
4,484 PC  PETTY THEFT/ OUTSIDE -> FOUND PROPERTY - I RPT,1,0.007751938
4,484 PC  PETTY THEFT/ OUTSIDE -> MISSING PERSON,1,0.007751938
4,484 PC PETTY THEFT -> 10851(A)VC TAKE VEH W/O OWNER,1,0.007751938
4,484 PC PETTY THEFT -> 12.52.030 SCC UNLAWFUL CAMPING,1,0.007751938
4,484 PC PETTY THEFT -> 243(E)1 BATTERY NONCOHAB SPOUS,1,0.007751938
4,484 PC PETTY THEFT -> 459 PC  BURGLARY VEHICLE,1,0.007751938
4,484 PC PETTY THEFT -> 594(B)(1)VANDALISM GRAF +$400,1,0.007751938
4,484 PC PETTY THEFT -> TOWED/STORED VEH-14602.6,1,0.007751938
4,484 PC PETTY THEFT -> TRAFFIC-ACCIDENT-NON INJURY,1,0.007751938
4,484 PETTY THEFT-SHOPLIFT -> 11364 HS POSS DRUG PARAPH,1,0.007751938
4,484 PETTY THEFT-SHOPLIFT -> 12.52.030 SCC UNLAWFUL CAMPING,1,0.007751938
4,484 PETTY THEFT-SHOPLIFT -> 1551(A) FUGITIVE FROM JUSTICE,1,0.007751938
4,484 PETTY THEFT-SHOPLIFT -> 245(A)(1)AWDW/NO FIREARM/CIVIL,1,0.007751938
4,484 PETTY THEFT-SHOPLIFT -> 466 PC   POSS OF BURG TOOLS,1,0.007751938
4,484 PETTY THEFT-SHOPLIFT -> 484 PC PETTY THEFT,1,0.007751938
4,484 PETTY THEFT-SHOPLIFT -> 594(B)(1)VANDALISM GRAF +$400,1,0.007751938
4,484 PETTY THEFT-SHOPLIFT -> NARCOTICS SUSP/EVID/ACT- I RPT,1,0.007751938
4,484 PETTY THEFT-SHOPLIFT -> NON INJ HR/MAIL OUT REPORT,1,0.007751938
4,484 PETTY THEFT-SHOPLIFT -> TRAFFIC-ACCIDENT-NON INJURY,1,0.007751938
4,484 PETTY THEFT/LICENSE PLATE -> 23103(A) RECKLESS ON HIGHWAY,1,0.007751938
4,484 PETTY THEFT/LICENSE PLATE -> 459 PC  BURGLARY VEHICLE,1,0.007751938
4,484 PETTY THEFT/LICENSE PLATE -> 484 PC   PETTY THEFT/INSIDE,1,0.007751938
4,484 PETTY THEFT/LICENSE PLATE -> 594(B)(2)(A) VANDALISM/ -$400,1,0.007751938
4,484 PETTY THEFT/LICENSE PLATE -> 666 PC PETTY THEFT W/PRI CONV,1,0.007751938
4,484 PETTY THEFT/LICENSE PLATE -> CASUALTY REPORT,1,0.007751938
4,484 PETTY THEFT/LICENSE PLATE -> FOUND PROPERTY - I RPT,1,0.007751938
4,484 PETTY THEFT/LICENSE PLATE -> LOST PROPERTY - I RPT,1,0.007751938
4,484 PETTY THEFT/LICENSE PLATE -> TRAFFIC-ACCIDENT-NON INJURY,1,0.007751938
4,484G(B) PC ACCESS CARD FRAUD -> 1551(A) FUGITIVE FROM JUSTICE,1,0.007751938
4,484G(B) PC ACCESS CARD FRAUD -> 484J PC PUBLISH CARD INFO,1,0.007751938
4,484G(B) PC ACCESS CARD FRAUD -> 487(A) GRAND THEFT-INSIDE,1,0.007751938
4,484G(B) PC ACCESS CARD FRAUD -> 487(A) PC GRAND THEFT,1,0.007751938
4,484G(B) PC ACCESS CARD FRAUD -> BATTERY - I RPT,1,0.007751938
4,484G(B) PC ACCESS CARD FRAUD -> PERSON INFORMATION - I RPT,1,0.007751938
4,484G(B) PC ACCESS CARD FRAUD -> TRAFFIC-ACCIDENT INJURY,1,0.007751938
4,484J PC PUBLISH CARD INFO -> 10851(A)VC TAKE VEH W/O OWNER,1,0.007751938
4,484J PC PUBLISH CARD INFO -> 243(E)1 BATTERY NONCOHAB SPOUS,1,0.007751938
4,484J PC PUBLISH CARD INFO -> 484 PC  PETTY THEFT/ OUTSIDE,1,0.007751938
4,484J PC PUBLISH CARD INFO -> 484 PC PETTY THEFT,1,0.007751938
4,484J PC PUBLISH CARD INFO -> CHILD WELFARE - I RPT,1,0.007751938
4,484J PC PUBLISH CARD INFO -> LOST PROPERTY - I RPT,1,0.007751938
4,484J PC PUBLISH CARD INFO -> TELEPEST -I RPT,1,0.007751938
4,484J PC PUBLISH CARD INFO -> TOWED/STORED VEH-14602.6,1,0.007751938
4,484J PC PUBLISH CARD INFO -> VANDALISM - I RPT,1,0.007751938
4,487(A) GRAND THEFT-AUTO PARTS -> 10851 VC AUTO THEFT LOCATE,1,0.007751938
4,487(A) GRAND THEFT-AUTO PARTS -> 459 PC  BURGLARY BUSINESS,1,0.007751938
4,487(A) GRAND THEFT-AUTO PARTS -> 459 PC  BURGLARY VEHICLE,1,0.007751938
4,487(A) GRAND THEFT-AUTO PARTS -> IMPOUNDED VEHICLE,1,0.007751938
4,487(A) GRAND THEFT-AUTO PARTS -> TOWED/STORED VEH-14602.6,1,0.007751938
4,487(A) GRAND THEFT-CLOUT-UNLOC -> 12025(B)6 UNREG/CONCLED FIREAR,1,0.007751938
4,487(A) GRAND THEFT-CLOUT-UNLOC -> 459 PC  BURGLARY BUSINESS,1,0.007751938
4,487(A) GRAND THEFT-COIN MACHIN -> 484 PC   PETTY THEFT/INSIDE,1,0.007751938
4,487(A) GRAND THEFT-INSIDE -> 10851(A)VC TAKE VEH W/O OWNER,1,0.007751938
4,487(A) GRAND THEFT-INSIDE -> 5150 WI DANGER SELF/OTHERS,1,0.007751938
4,487(A) GRAND THEFT-INSIDE -> RECOVERED PROPERTY - I RPT,1,0.007751938
4,487(A) GRAND THEFT-INSIDE -> TOWED/STORED VEH-14602.6,1,0.007751938
4,487(A) GRAND THEFT-INSIDE -> VANDALISM - I RPT,1,0.007751938
4,487(A) PC GRAND THEFT -> 10851(A)VC TAKE VEH W/O OWNER,1,0.007751938
4,487(A) PC GRAND THEFT -> 22435.2(A) BP POSS SHOP CART,1,0.007751938
4,487(A) PC GRAND THEFT -> 245(A)(1)AWDW/NO FIREARM/CIVIL,1,0.007751938
4,487(A) PC GRAND THEFT -> 476 PC PASS FICTICIOUS CHECK,1,0.007751938
4,487(A) PC GRAND THEFT -> 484 PETTY THEFT-SHOPLIFT,1,0.007751938
4,487(A) PC GRAND THEFT -> 5150 WI DANGER SELF/OTHERS,1,0.007751938
4,487(A) PC GRAND THEFT -> 666 PC PETTY THEFT W/PRI CONV,1,0.007751938
4,487(A) PC GRAND THEFT -> ASSAULT WITH WEAPON - I RPT,1,0.007751938
4,487(A) PC GRAND THEFT -> CASUALTY REPORT,1,0.007751938
4,487(A) PC GRAND THEFT -> FAMILY DISTURBANCE - I RPT,1,0.007751938
4,487(A) PC GRAND THEFT -> MISSING PERSON,1,0.007751938
4,487(A) PC GRAND THEFT -> MISSING PERSON LOCATE O/S ASSI,1,0.007751938
4,487(A) PC GRAND THEFT -> NON INJ HR/MAIL OUT REPORT,1,0.007751938
4,487(A) PC GRAND THEFT -> TOWED/STORED VEHICLE,1,0.007751938
4,487(D)GRAND THEFT FIREARM/ANIM -> 476 PC PASS FICTICIOUS CHECK,1,0.007751938
4,496(A) RECEIVE STOLEN PROPERTY -> 243.2(A)(1) BATT/SCHOOL INJURY,1,0.007751938
4,496(A) RECEIVE STOLEN PROPERTY -> 415(1) PC DISTURB PEACE/FIGHT,1,0.007751938
4,496(A) RECEIVE STOLEN PROPERTY -> 459 PC  BURGLARY VEHICLE,1,0.007751938
4,496(A) RECEIVE STOLEN PROPERTY -> 487(D)GRAND THEFT FIREARM/ANIM,1,0.007751938
4,496(A) RECEIVE STOLEN PROPERTY -> MISSING PERSON,1,0.007751938
4,496(A) RECEIVE STOLEN PROPERTY -> TOWED/STORED VEHICLE,1,0.007751938
4,496(A) RECEIVE STOLEN PROPERTY -> TRAFFIC - I RPT,1,0.007751938
4,508 PC   EMBEZZLEMENT/EMPLOYEE -> TOWED/STORED VEH-14602.6,1,0.007751938
4,5150 WI DANGER SELF/OTHERS -> 10851(A)VC TAKE VEH W/O OWNER,1,0.007751938
4,5150 WI DANGER SELF/OTHERS -> 459 PC  BURGLARY BUSINESS,1,0.007751938
4,5150 WI DANGER SELF/OTHERS -> 459 PC  BURGLARY RESIDENCE,1,0.007751938
4,5150 WI DANGER SELF/OTHERS -> 459 PC  BURGLARY VEHICLE,1,0.007751938
4,5150 WI DANGER SELF/OTHERS -> BURGLARY - I RPT,1,0.007751938
4,5150 WI DANGER SELF/OTHERS -> CAR CLOUT -  I RPT,1,0.007751938
4,5150 WI DANGER SELF/OTHERS -> MISSING PERSON,1,0.007751938
4,5150 WI DANGER SELF/OTHERS -> VANDALISM - I RPT,1,0.007751938
4,529 PC FALSE PERSONATION -> 243(E)1 BATTERY NONCOHAB SPOUS,1,0.007751938
4,529 PC FALSE PERSONATION -> TOWED/STORED VEH-14602.6,1,0.007751938
4,529 PC FALSE PERSONATION -> TOWED/STORED VEHICLE,1,0.007751938
4,529 PC FALSE PERSONATION -> TRAFFIC-ACCIDENT INJURY,1,0.007751938
4,530.5 PC USE PERSONAL ID INFO -> 484 PC  PETTY THEFT/ OUTSIDE,1,0.007751938
4,530.5 PC USE PERSONAL ID INFO -> 594(B)(2)(A)VANDALISM GRAF-400,1,0.007751938
4,530.5 PC USE PERSONAL ID INFO -> MISSING PERSON,1,0.007751938
4,530.5 PC USE PERSONAL ID INFO -> NON INJ HR/MAIL OUT REPORT,1,0.007751938
4,530.5 PC USE PERSONAL ID INFO -> TOWED/STORED VEHICLE,1,0.007751938
4,594(B)(1)PC  VANDALISM +$400 -> 10851 VC AUTO THEFT LOCATE,1,0.007751938
4,594(B)(1)PC  VANDALISM +$400 -> 11364 HS POSS DRUG PARAPH,1,0.007751938
4,594(B)(1)PC  VANDALISM +$400 -> 148.1(A)PC FALSE REPT OF BOMB,1,0.007751938
4,594(B)(1)PC  VANDALISM +$400 -> 1551(A) FUGITIVE FROM JUSTICE,1,0.007751938
4,594(B)(1)PC  VANDALISM +$400 -> 187(A)  HOMICIDE,1,0.007751938
4,594(B)(1)PC  VANDALISM +$400 -> 23152(A) VC DUI-ALCOHOL/DRUGS,1,0.007751938
4,594(B)(1)PC  VANDALISM +$400 -> 422 PC THREAT/INTENT TO TERROR,1,0.007751938
4,594(B)(1)PC  VANDALISM +$400 -> 459 PC  BURGLARY-UNSPECIFIED,1,0.007751938
4,594(B)(1)PC  VANDALISM +$400 -> 484 PC  PETTY THEFT/ OUTSIDE,1,0.007751938
4,594(B)(1)PC  VANDALISM +$400 -> 484 PC PETTY THEFT,1,0.007751938
4,594(B)(1)PC  VANDALISM +$400 -> ACCIDENTAL FIRES/ARSON -I RPT,1,0.007751938
4,594(B)(1)PC  VANDALISM +$400 -> BOMBS/THREATS/EXPLOSIV- I RPT,1,0.007751938
4,594(B)(1)PC  VANDALISM +$400 -> POSSIBLE FINANCIAL CRIME-I RPT,1,0.007751938
4,594(B)(1)PC  VANDALISM +$400 -> THREATS - I RPT,1,0.007751938
4,594(B)(1)PC  VANDALISM +$400 -> TOWED/STORED VEHICLE,1,0.007751938
4,594(B)(2)(A) VANDALISM/ -$400 -> 10851 VC AUTO THEFT LOCATE,1,0.007751938
4,594(B)(2)(A) VANDALISM/ -$400 -> 10851(A)VC TAKE VEH W/O OWNER,1,0.007751938
4,594(B)(2)(A) VANDALISM/ -$400 -> 11364 HS POSS DRUG PARAPH,1,0.007751938
4,594(B)(2)(A) VANDALISM/ -$400 -> 20002(A) HIT/RUN,1,0.007751938
4,594(B)(2)(A) VANDALISM/ -$400 -> 211 PC ROBBERY- BUSINESS,1,0.007751938
4,594(B)(2)(A) VANDALISM/ -$400 -> 4140 BP  POSS OF HYPO NEEDLE,1,0.007751938
4,594(B)(2)(A) VANDALISM/ -$400 -> 484 PC   PETTY THEFT/INSIDE,1,0.007751938
4,594(B)(2)(A) VANDALISM/ -$400 -> 484 PC PETTY THEFT,1,0.007751938
4,594(B)(2)(A) VANDALISM/ -$400 -> 484 PETTY THEFT/LICENSE PLATE,1,0.007751938
4,594(B)(2)(A) VANDALISM/ -$400 -> 484J PC PUBLISH CARD INFO,1,0.007751938
4,594(B)(2)(A) VANDALISM/ -$400 -> 487(A) PC GRAND THEFT,1,0.007751938
4,594(B)(2)(A) VANDALISM/ -$400 -> 5150 WI DANGER SELF/OTHERS,1,0.007751938
4,594(B)(2)(A) VANDALISM/ -$400 -> 594(B)(1)PC  VANDALISM +$400,1,0.007751938
4,594(B)(2)(A) VANDALISM/ -$400 -> LOST PROPERTY - I RPT,1,0.007751938
4,594(B)(2)(A) VANDALISM/ -$400 -> MISSING PERSON,1,0.007751938
4,594(B)(2)(A) VANDALISM/ -$400 -> NARCOTICS SUSP/EVID/ACT- I RPT,1,0.007751938
4,594(B)(2)(A) VANDALISM/ -$400 -> POSS STOLEN VEHICLE- I RPT,1,0.007751938
4,594(B)(2)(A)VANDALISM GRAF-400 -> 5150 WI DANGER SELF/OTHERS,1,0.007751938
4,594(B)(2)(A)VANDALISM GRAF-400 -> 529 PC FALSE PERSONATION,1,0.007751938
4,594(B)(2)(A)VANDALISM GRAF-400 -> 594(B)(1)PC  VANDALISM +$400,1,0.007751938
4,594(B)(2)(A)VANDALISM GRAF-400 -> MISSING PERSON,1,0.007751938
4,594(B)(2)(A)VANDALISM GRAF-400 -> TOWED/STORED VEH-14602.6,1,0.007751938
4,594(B)(2)(A)VANDALISM GRAF-400 -> TRAFFIC-ACCIDENT-NON INJURY,1,0.007751938
4,601(A) WI JUVENILE INCORRIGIBL -> 242 PC  BATTERY CIVILIAN,1,0.007751938
4,602.1(A)TRES OBST BUSIN OPERAT -> TRAFFIC-ACCIDENT INJURY,1,0.007751938
4,626.10(A) PC POSS WPN SCHL ZN -> 1551(A) FUGITIVE FROM JUSTICE,1,0.007751938
4,626.10(A) PC POSS WPN SCHL ZN -> 594(B)(1)PC  VANDALISM +$400,1,0.007751938
4,626.2 PC UNAUTH ENTRY CAMPUS -> WARRANT SERVED - I RPT,1,0.007751938
4,647(F) PC DIP - DISORDERLY -> 10851(A)VC TAKE VEH W/O OWNER,1,0.007751938
4,647(F) PC DIP - DISORDERLY -> 487(A) GRAND THEFT-INSIDE,1,0.007751938
4,653M(B) PC ANNOY/RPT CALL HOME -> 10851(A)VC TAKE VEH W/O OWNER,1,0.007751938
4,653M(B) PC ANNOY/RPT CALL HOME -> NON INJ HR/MAIL OUT REPORT,1,0.007751938
4,653M(B) PC ANNOY/RPT CALL HOME -> PERSON INFORMATION - I RPT,1,0.007751938
4,653M(B) PC ANNOY/RPT CALL HOME -> TOWED/STORED VEHICLE,1,0.007751938
4,666 PC PETTY THEFT W/PRI CONV -> 10851 VC AUTO THEFT LOCATE,1,0.007751938
4,666 PC PETTY THEFT W/PRI CONV -> 529 PC FALSE PERSONATION,1,0.007751938
4,666 PC PETTY THEFT W/PRI CONV -> 626.10(A) PC POSS WPN SCHL ZN,1,0.007751938
4,666 PC PETTY THEFT W/PRI CONV -> 666 PC PETTY THEFT W/PRI CONV,1,0.007751938
4,666 PC PETTY THEFT W/PRI CONV -> TOWED/STORED VEH-14602.6,1,0.007751938
4,666 PC PETTY THEFT W/PRI CONV -> TRAFFIC-ACCIDENT INJURY,1,0.007751938
4,666 PC PETTY THEFT W/PRI CONV -> TRAFFIC-ACCIDENT-NON INJURY,1,0.007751938
4,9.04.050 A DRINKING IN PUBLIC -> 484 PETTY THEFT/LICENSE PLATE,1,0.007751938
4,9.04.050 A DRINKING IN PUBLIC -> 594(B)(1)PC  VANDALISM +$400,1,0.007751938
4,9.04.050C POSS OPEN CONTAINER -> 212.5(B) ROB-VICINITY OF ATM,1,0.007751938
4,9.04.050C POSS OPEN CONTAINER -> MISSING PERSON,1,0.007751938
4,ABANDONED VEHICLE - I RPT -> MISSING PERSON,1,0.007751938
4,ACCIDENTAL FIRES/ARSON -I RPT -> 594(B)(2)(A) VANDALISM/ -$400,1,0.007751938
4,ACCIDENTAL FIRES/ARSON -I RPT -> FOUND PROPERTY - I RPT,1,0.007751938
4,ASSAULT WITH WEAPON - I RPT -> MISSING PERSON LOCATE O/S ASSI,1,0.007751938
4,BATTERY - I RPT -> 1551(A) FUGITIVE FROM JUSTICE,1,0.007751938
4,BATTERY - I RPT -> 594(B)(1)PC  VANDALISM +$400,1,0.007751938
4,BATTERY - I RPT -> 666 PC PETTY THEFT W/PRI CONV,1,0.007751938
4,BATTERY - I RPT -> NARCOTICS SUSP/EVID/ACT- I RPT,1,0.007751938
4,BATTERY - I RPT -> TRAFFIC-ACCIDENT-NON INJURY,1,0.007751938
4,BURGLARY - I RPT -> 11357(C)HS POSS +28.5GR MARIJ,1,0.007751938
4,BURGLARY - I RPT -> GANG ACTIVITY - I RPT,1,0.007751938
4,BURGLARY - I RPT -> TOWED/STORED VEHICLE,1,0.007751938
4,CASUALTY REPORT -> 10851 VC AUTO THEFT LOCATE,1,0.007751938
4,CASUALTY REPORT -> 11350(A)HS POSS CNTRL SUBST,1,0.007751938
4,CASUALTY REPORT -> 11364 HS POSS DRUG PARAPH,1,0.007751938
4,CASUALTY REPORT -> 211 PC  ROBBERY-BANK,1,0.007751938
4,CASUALTY REPORT -> 23103(A) RECKLESS ON HIGHWAY,1,0.007751938
4,CASUALTY REPORT -> 242 PC  BATTERY CIVILIAN,1,0.007751938
4,CASUALTY REPORT -> 290(A)(1)(A) FAIL REG-CHG ADD,1,0.007751938
4,CASUALTY REPORT -> 459 PC  BURGLARY VEHICLE,1,0.007751938
4,CASUALTY REPORT -> 476 PC PASS FICTICIOUS CHECK,1,0.007751938
4,CASUALTY REPORT -> 529 PC FALSE PERSONATION,1,0.007751938
4,CASUALTY REPORT -> 594(B)(2)(A) VANDALISM/ -$400,1,0.007751938
4,CASUALTY REPORT -> 666 PC PETTY THEFT W/PRI CONV,1,0.007751938
4,CASUALTY REPORT -> FOUND PROPERTY - I RPT,1,0.007751938
4,CASUALTY REPORT -> GANG ACTIVITY - I RPT,1,0.007751938
4,CASUALTY REPORT -> SUSP PERS-NO CRIME - I RPT,1,0.007751938
4,CASUALTY REPORT -> TRAFFIC-ACCIDENT INJURY,1,0.007751938
4,CASUALTY REPORT -> TRAFFIC-ACCIDENT-NON INJURY,1,0.007751938
4,CHILD WELFARE - I RPT -> 484 PETTY THEFT-SHOPLIFT,1,0.007751938
4,CHILD WELFARE - I RPT -> NARCOTICS SUSP/EVID/ACT- I RPT,1,0.007751938
4,ELDER ABUSE/PHYS/MENTAL-I RPT -> 211 PC  ROBBERY UNSPECIFIED,1,0.007751938
4,ELDER ABUSE/PHYS/MENTAL-I RPT -> 459 PC  BURGLARY RESIDENCE,1,0.007751938
4,ELDER ABUSE/PHYS/MENTAL-I RPT -> TRAFFIC-ACCIDENT INJURY,1,0.007751938
4,FAMILY DISTURBANCE - I RPT -> 487(A) PC GRAND THEFT,1,0.007751938
4,FAMILY DISTURBANCE - I RPT -> 530 PC FALSE PERS. REC PROP,1,0.007751938
4,FOUND EVIDENCE-NON NARC -I RPT -> 459 PC  BURGLARY BUSINESS,1,0.007751938
4,FOUND PROPERTY - I RPT -> 211 PC ROBBERY- BUSINESS,1,0.007751938
4,FOUND PROPERTY - I RPT -> 459 PC  BURGLARY VEHICLE,1,0.007751938
4,FOUND PROPERTY - I RPT -> FOUND PROPERTY - I RPT,1,0.007751938
4,FOUND PROPERTY - I RPT -> LOST PROPERTY - I RPT,1,0.007751938
4,FOUND PROPERTY - I RPT -> NARCOTICS SUSP/EVID/ACT- I RPT,1,0.007751938
4,FOUND PROPERTY - I RPT -> TOWED/STORED VEHICLE,1,0.007751938
4,FRAUD OR BUNCO - I RPT -> 10851 VC AUTO THEFT LOCATE,1,0.007751938
4,FRAUD OR BUNCO - I RPT -> 484 PETTY THEFT-SHOPLIFT,1,0.007751938
4,FRAUD OR BUNCO - I RPT -> BURGLARY - I RPT,1,0.007751938
4,FRAUD OR BUNCO - I RPT -> TOWED/STORED VEHICLE,1,0.007751938
4,FRAUD-SWINDLE -> FILE-UNABLE TO DEFINE - I RPT,1,0.007751938
4,FRAUD-SWINDLE -> TRAFFIC-ACCIDENT INJURY,1,0.007751938
4,GANG ACTIVITY - I RPT -> 11357(C)HS POSS +28.5GR MARIJ,1,0.007751938
4,GANG ACTIVITY - I RPT -> 12020(A)1) PROHIBITED FIREARM,1,0.007751938
4,GANG ACTIVITY - I RPT -> 23103(A) RECKLESS ON HIGHWAY,1,0.007751938
4,GANG ACTIVITY - I RPT -> 459 PC  BURGLARY RESIDENCE,1,0.007751938
4,GANG ACTIVITY - I RPT -> 459 PC  BURGLARY VEHICLE,1,0.007751938
4,GANG ACTIVITY - I RPT -> 484 PC   PETTY THEFT/INSIDE,1,0.007751938
4,GANG ACTIVITY - I RPT -> 529 PC FALSE PERSONATION,1,0.007751938
4,GANG ACTIVITY - I RPT -> 594(B)(2)(A) VANDALISM/ -$400,1,0.007751938
4,GANG ACTIVITY - I RPT -> FILE-UNABLE TO DEFINE - I RPT,1,0.007751938
4,GANG ACTIVITY - I RPT -> GANG ACTIVITY - I RPT,1,0.007751938
4,GANG ACTIVITY - I RPT -> MISSING PERSON I RPT,1,0.007751938
4,GANG ACTIVITY - I RPT -> TOWED/STORED VEH-14602.6,1,0.007751938
4,GANG ACTIVITY - I RPT -> TOWED/STORED VEHICLE,1,0.007751938
4,GRAFFITI PROBLEMS- I RPT -> 11357(B)HS POSS -28.5GR MARIJ,1,0.007751938
4,GRAFFITI PROBLEMS- I RPT -> 211 PC ROBBERY-PURSE SNATCH,1,0.007751938
4,GRAFFITI PROBLEMS- I RPT -> TOWED/STORED VEH-14602.6,1,0.007751938
4,GRAND THEFT - I RPT -> MISSING PERSON LOCATE O/S ASSI,1,0.007751938
4,GRAND THEFT - I RPT -> ROBBERY - I RPT,1,0.007751938
4,HARASSMENT - I RPT -> 10851 VC AUTO THEFT LOCATE,1,0.007751938
4,HARASSMENT - I RPT -> 11350(A)HS POSS CNTRL SUBST,1,0.007751938
4,HARASSMENT - I RPT -> 1551(A) FUGITIVE FROM JUSTICE,1,0.007751938
4,HARASSMENT - I RPT -> 23222(B)POSSESS MARIJ IN VEH,1,0.007751938
4,HARASSMENT - I RPT -> 245(A)(1)AWDW/NO FIREARM/CIVIL,1,0.007751938
4,HARASSMENT - I RPT -> 475(C) PASS FORGED NOTE,1,0.007751938
4,HARASSMENT - I RPT -> 594(B)(1)PC  VANDALISM +$400,1,0.007751938
4,HARASSMENT - I RPT -> 666 PC PETTY THEFT W/PRI CONV,1,0.007751938
4,HARASSMENT - I RPT -> TOWED/STORED VEHICLE,1,0.007751938
4,IMPOUNDED VEHICLE -> 23152(A) VC DUI-ALCOHOL/DRUGS,1,0.007751938
4,IMPOUNDED VEHICLE -> 594(B)(2)(A) VANDALISM/ -$400,1,0.007751938
4,IMPOUNDED VEHICLE -> FOUND PROPERTY - I RPT,1,0.007751938
4,IMPOUNDED VEHICLE -> TOWED/STORED VEH-14602.6,1,0.007751938
4,JUVENILE PROBLEMS - I RPT -> FOUND PROPERTY - I RPT,1,0.007751938
4,LOST PROPERTY - I RPT -> 243(E)1 BATTERY NONCOHAB SPOUS,1,0.007751938
4,LOST PROPERTY - I RPT -> 459 PC  BURGLARY BUSINESS,1,0.007751938
4,LOST PROPERTY - I RPT -> 484 PC   PETTY THEFT/INSIDE,1,0.007751938
4,LOST PROPERTY - I RPT -> 496(A) RECEIVE STOLEN PROPERTY,1,0.007751938
4,LOST PROPERTY - I RPT -> FOUND PROPERTY - I RPT,1,0.007751938
4,LOST PROPERTY - I RPT -> GANG ACTIVITY - I RPT,1,0.007751938
4,LOST PROPERTY - I RPT -> NARCOTICS SUSP/EVID/ACT- I RPT,1,0.007751938
4,LOST PROPERTY - I RPT -> TOWED/STORED VEH-14602.6,1,0.007751938
4,LOST PROPERTY - I RPT -> TOWED/STORED VEHICLE,1,0.007751938
4,LOST PROPERTY - I RPT -> TRAFFIC-ACCIDENT INJURY,1,0.007751938
4,MISCELLANEOUS I RPT (ZMISC) -> 242 PC  BATTERY CIVILIAN,1,0.007751938
4,MISCELLANEOUS I RPT (ZMISC) -> 3056 PAROLE VIO - I RPT,1,0.007751938
4,MISCELLANEOUS I RPT (ZMISC) -> 459 PC  BURGLARY BUSINESS,1,0.007751938
4,MISCELLANEOUS I RPT (ZMISC) -> 459 PC  BURGLARY VEHICLE,1,0.007751938
4,MISCELLANEOUS I RPT (ZMISC) -> 487(A) PC GRAND THEFT,1,0.007751938
4,MISCELLANEOUS I RPT (ZMISC) -> 496(A) RECEIVE STOLEN PROPERTY,1,0.007751938
4,MISCELLANEOUS I RPT (ZMISC) -> 5150 WI DANGER SELF/OTHERS,1,0.007751938
4,MISCELLANEOUS I RPT (ZMISC) -> FOUND PROPERTY - I RPT,1,0.007751938
4,MISCELLANEOUS I RPT (ZMISC) -> LOST PROPERTY - I RPT,1,0.007751938
4,MISSING PERSON -> 10851 VC AUTO THEFT LOCATE,1,0.007751938
4,MISSING PERSON -> 10851(A)VC TAKE VEH W/O OWNER,1,0.007751938
4,MISSING PERSON -> 11350(A)HS POSS CNTRL SUBST,1,0.007751938
4,MISSING PERSON -> 11350(B)HS POSSESS QUAALUDES,1,0.007751938
4,MISSING PERSON -> 1551(A) FUGITIVE FROM JUSTICE,1,0.007751938
4,MISSING PERSON -> 20002(A) HIT/RUN,1,0.007751938
4,MISSING PERSON -> 211 PC  ROBBERY UNSPECIFIED,1,0.007751938
4,MISSING PERSON -> 23152(A) VC DUI-ALCOHOL/DRUGS,1,0.007751938
4,MISSING PERSON -> 243(E)1 BATTERY NONCOHAB SPOUS,1,0.007751938
4,MISSING PERSON -> 245(A)(1)AWDW/NO FIREARM/CIVIL,1,0.007751938
4,MISSING PERSON -> 422 PC THREAT/INTENT TO TERROR,1,0.007751938
4,MISSING PERSON -> 484 PC PETTY THEFT,1,0.007751938
4,MISSING PERSON -> 626.10(A) PC POSS WPN SCHL ZN,1,0.007751938
4,MISSING PERSON -> 666 PC PETTY THEFT W/PRI CONV,1,0.007751938
4,MISSING PERSON -> ACCIDENTAL FIRES/ARSON -I RPT,1,0.007751938
4,MISSING PERSON -> CASUALTY REPORT,1,0.007751938
4,MISSING PERSON -> SAFEKEEPING - I RPT,1,0.007751938
4,MISSING PERSON -> TRAFFIC-ACCIDENT-NON INJURY,1,0.007751938
4,MISSING PERSON -> WARRANT SERVED - I RPT,1,0.007751938
4,MISSING PERSON I RPT -> 243(E)1 BATTERY NONCOHAB SPOUS,1,0.007751938
4,MISSING PERSON I RPT -> 459 PC  BURGLARY BUSINESS,1,0.007751938
4,MISSING PERSON I RPT -> TOWED/STORED VEH-14602.6,1,0.007751938
4,MISSING PERSON LOCATE O/S ASSI -> 10851(A)VC TAKE VEH W/O OWNER,1,0.007751938
4,MISSING PERSON LOCATE O/S ASSI -> 459 PC  BURGLARY BUSINESS,1,0.007751938
4,NARCOTICS SUSP/EVID/ACT- I RPT -> 11350(A)HS POSS CNTRL SUBST,1,0.007751938
4,NARCOTICS SUSP/EVID/ACT- I RPT -> 211 PC ROBBERY- BUSINESS,1,0.007751938
4,NARCOTICS SUSP/EVID/ACT- I RPT -> 459 PC  BURGLARY VEHICLE,1,0.007751938
4,NARCOTICS SUSP/EVID/ACT- I RPT -> TRAFFIC-ACCIDENT INJURY,1,0.007751938
4,NON INJ HR/MAIL OUT REPORT -> 10851(A)VC TAKE VEH W/O OWNER,1,0.007751938
4,NON INJ HR/MAIL OUT REPORT -> 11350(B)HS POSSESS QUAALUDES,1,0.007751938
4,NON INJ HR/MAIL OUT REPORT -> 1551(A) FUGITIVE FROM JUSTICE,1,0.007751938
4,NON INJ HR/MAIL OUT REPORT -> 20002(A) HIT/RUN,1,0.007751938
4,NON INJ HR/MAIL OUT REPORT -> 211 PC  ROBBERY UNSPECIFIED,1,0.007751938
4,NON INJ HR/MAIL OUT REPORT -> 243(E)1 BATTERY NONCOHAB SPOUS,1,0.007751938
4,NON INJ HR/MAIL OUT REPORT -> 459 PC  BURGLARY BUSINESS,1,0.007751938
4,NON INJ HR/MAIL OUT REPORT -> 459 PC  BURGLARY RESIDENCE,1,0.007751938
4,NON INJ HR/MAIL OUT REPORT -> 476 PC PASS FICTICIOUS CHECK,1,0.007751938
4,NON INJ HR/MAIL OUT REPORT -> 484 PC   PETTY THEFT/INSIDE,1,0.007751938
4,NON INJ HR/MAIL OUT REPORT -> 487(A) PC GRAND THEFT,1,0.007751938
4,NON INJ HR/MAIL OUT REPORT -> 594(B)(1)PC  VANDALISM +$400,1,0.007751938
4,NON INJ HR/MAIL OUT REPORT -> 626.10(A) PC POSS WPN SCHL ZN,1,0.007751938
4,NON INJ HR/MAIL OUT REPORT -> CASUALTY REPORT,1,0.007751938
4,NON INJ HR/MAIL OUT REPORT -> CHILD CUSTODY - I RPT,1,0.007751938
4,NON INJ HR/MAIL OUT REPORT -> HARASSMENT - I RPT,1,0.007751938
4,NON INJ HR/MAIL OUT REPORT -> MISSING PERSON,1,0.007751938
4,NON INJ HR/MAIL OUT REPORT -> TOWED/STORED VEH-14602.6,1,0.007751938
4,NON INJ HR/MAIL OUT REPORT -> TRAFFIC-ACCIDENT-NON INJURY,1,0.007751938
4,O/S AGENCY -ASSISTANCE- I RPT -> 10851 VC AUTO THEFT LOCATE,1,0.007751938
4,O/S AGENCY -ASSISTANCE- I RPT -> NON INJ HR/MAIL OUT REPORT,1,0.007751938
4,O/S AGENCY -ASSISTANCE- I RPT -> TOWED/STORED VEHICLE,1,0.007751938
4,PERSON INFORMATION - I RPT -> NON INJ HR/MAIL OUT REPORT,1,0.007751938
4,POSSIBLE FINANCIAL CRIME-I RPT -> 459 PC  BURGLARY VEHICLE,1,0.007751938
4,POSSIBLE FINANCIAL CRIME-I RPT -> 484J PC PUBLISH CARD INFO,1,0.007751938
4,POSSIBLE FINANCIAL CRIME-I RPT -> 594(B)(2)(A) VANDALISM/ -$400,1,0.007751938
4,POSSIBLE FINANCIAL CRIME-I RPT -> TOWED/STORED VEH-14602.6,1,0.007751938
4,PROTECTIVE CUSTODY-I RPT -> 594(B)(2)(A) VANDALISM/ -$400,1,0.007751938
4,PROTECTIVE CUSTODY-I RPT -> TOWED/STORED VEH-14602.6,1,0.007751938
4,ROBBERY - I RPT -> 459 PC  BURGLARY BUSINESS,1,0.007751938
4,SAFEKEEPING - I RPT -> 487(A) GRAND THEFT-CLOUT-UNLOC,1,0.007751938
4,SAFEKEEPING - I RPT -> 594(B)(2)(A) VANDALISM/ -$400,1,0.007751938
4,SUSP PERS-NO CRIME - I RPT -> 211 PC ROBBERY- BUSINESS,1,0.007751938
4,SUSP PERS-NO CRIME - I RPT -> 243(E)1 BATTERY NONCOHAB SPOUS,1,0.007751938
4,SUSP PERS-NO CRIME - I RPT -> 308(B) PC MINOR POSS TOBACCO,1,0.007751938
4,SUSP PERS-NO CRIME - I RPT -> 484 PC  PETTY THEFT/ OUTSIDE,1,0.007751938
4,SUSP PERS-NO CRIME - I RPT -> 9.04.070 URINATE/DEFECATE PUB,1,0.007751938
4,SUSP PERS-NO CRIME - I RPT -> LOST PROPERTY - I RPT,1,0.007751938
4,SUSP PERS-NO CRIME - I RPT -> TELEPEST -I RPT,1,0.007751938
4,SUSP PERS-NO CRIME - I RPT -> TOWED/STORED VEH-14602.6,1,0.007751938
4,SUSP PERS-NO CRIME - I RPT -> TOWED/STORED VEHICLE,1,0.007751938
4,SUSPICIOUS VEHICLE - I RPT -> 459 PC  BURGLARY VEHICLE,1,0.007751938
4,SUSPICIOUS VEHICLE - I RPT -> BATTERY - I RPT,1,0.007751938
4,SUSPICIOUS VEHICLE - I RPT -> TOWED/STORED VEHICLE,1,0.007751938
4,TELEPEST -I RPT -> 243(E)1 BATTERY NONCOHAB SPOUS,1,0.007751938
4,TELEPEST -I RPT -> FOUND PROPERTY - I RPT,1,0.007751938
4,TELEPEST -I RPT -> TOWED/STORED VEH-14602.6,1,0.007751938
4,THREATS - I RPT -> 10851(A)VC TAKE VEH W/O OWNER,1,0.007751938
4,THREATS - I RPT -> 1551(A) FUGITIVE FROM JUSTICE,1,0.007751938
4,THREATS - I RPT -> 20002(A) HIT/RUN,1,0.007751938
4,THREATS - I RPT -> 243.6 BATTERY SCHOOL EMPLOYEE,1,0.007751938
4,THREATS - I RPT -> 459 PC  BURGLARY VEHICLE,1,0.007751938
4,THREATS - I RPT -> 484 PETTY THEFT/LICENSE PLATE,1,0.007751938
4,THREATS - I RPT -> 594(B)(2)(A) VANDALISM/ -$400,1,0.007751938
4,THREATS - I RPT -> BATTERY - I RPT,1,0.007751938
4,THREATS - I RPT -> FOUND PROPERTY - I RPT,1,0.007751938
4,THREATS - I RPT -> NON INJ HR/MAIL OUT REPORT,1,0.007751938
4,TOWED/STORED VEH-14602.6 -> 10851 VC AUTO THEFT LOCATE,1,0.007751938
4,TOWED/STORED VEH-14602.6 -> 11357(E) MNR POSS MARIJ SCHOOL,1,0.007751938
4,TOWED/STORED VEH-14602.6 -> 211 PC ROBBERY-PURSE SNATCH,1,0.007751938
4,TOWED/STORED VEH-14602.6 -> 243.2(A)(1) BATT/SCHOOL INJURY,1,0.007751938
4,TOWED/STORED VEH-14602.6 -> 3056 PAROLE VIO - I RPT,1,0.007751938
4,TOWED/STORED VEH-14602.6 -> 484 PC   PETTY THEFT/INSIDE,1,0.007751938
4,TOWED/STORED VEH-14602.6 -> 487(A) GRAND THEFT-INSIDE,1,0.007751938
4,TOWED/STORED VEH-14602.6 -> 5150 WI DANGER SELF/OTHERS,1,0.007751938
4,TOWED/STORED VEH-14602.6 -> BUSINESS PERMITS - I RPT,1,0.007751938
4,TOWED/STORED VEH-14602.6 -> CAR CLOUT -  I RPT,1,0.007751938
4,TOWED/STORED VEH-14602.6 -> CASUALTY REPORT,1,0.007751938
4,TOWED/STORED VEH-14602.6 -> CHILD CUSTODY - I RPT,1,0.007751938
4,TOWED/STORED VEH-14602.6 -> NARCOTICS SUSP/EVID/ACT- I RPT,1,0.007751938
4,TOWED/STORED VEHICLE -> 11350(A)HS POSS CNTRL SUBST,1,0.007751938
4,TOWED/STORED VEHICLE -> 11357(B)HS POSS -28.5GR MARIJ,1,0.007751938
4,TOWED/STORED VEHICLE -> 243.2(A)(1) BATT/SCHOOL INJURY,1,0.007751938
4,TOWED/STORED VEHICLE -> 290(F)1 W/I 5 DAYS ADD CHANGE,1,0.007751938
4,TOWED/STORED VEHICLE -> 459 PC  BURGLARY RESIDENCE,1,0.007751938
4,TOWED/STORED VEHICLE -> 484 PC  PETTY THEFT/ OUTSIDE,1,0.007751938
4,TOWED/STORED VEHICLE -> 484 PETTY THEFT/LICENSE PLATE,1,0.007751938
4,TOWED/STORED VEHICLE -> 496(A) RECEIVE STOLEN PROPERTY,1,0.007751938
4,TOWED/STORED VEHICLE -> 5150 WI DANGER SELF/OTHERS,1,0.007751938
4,TOWED/STORED VEHICLE -> 594(B)(1)PC  VANDALISM +$400,1,0.007751938
4,TOWED/STORED VEHICLE -> 666 PC PETTY THEFT W/PRI CONV,1,0.007751938
4,TOWED/STORED VEHICLE -> BATTERY - I RPT,1,0.007751938
4,TOWED/STORED VEHICLE -> BURGLARY - I RPT,1,0.007751938
4,TOWED/STORED VEHICLE -> FOUND EVIDENCE-NON NARC -I RPT,1,0.007751938
4,TOWED/STORED VEHICLE -> HARASSMENT - I RPT,1,0.007751938
4,TOWED/STORED VEHICLE -> JUVENILE PROBLEMS - I RPT,1,0.007751938
4,TOWED/STORED VEHICLE -> NON INJ HR/MAIL OUT REPORT,1,0.007751938
4,TOWED/STORED VEHICLE -> WARRANT SERVED - I RPT,1,0.007751938
4,TRAFFIC - I RPT -> 459 PC  BURGLARY BUSINESS,1,0.007751938
4,TRAFFIC - I RPT -> 459 PC  BURGLARY VEHICLE,1,0.007751938
4,TRAFFIC-ACCIDENT INJURY -> 11350(A)HS POSS CNTRL SUBST,1,0.007751938
4,TRAFFIC-ACCIDENT INJURY -> 11350(B)HS POSSESS QUAALUDES,1,0.007751938
4,TRAFFIC-ACCIDENT INJURY -> 192(C)(2)VEH MAN W/O GROSS NEG,1,0.007751938
4,TRAFFIC-ACCIDENT INJURY -> 20001(A) VC HIT/RUN INJ/DEATH,1,0.007751938
4,TRAFFIC-ACCIDENT INJURY -> 20002(A) HIT/RUN,1,0.007751938
4,TRAFFIC-ACCIDENT INJURY -> 23222(B)POSSESS MARIJ IN VEH,1,0.007751938
4,TRAFFIC-ACCIDENT INJURY -> 242 PC  BATTERY CIVILIAN,1,0.007751938
4,TRAFFIC-ACCIDENT INJURY -> 243(E)1 BATTERY NONCOHAB SPOUS,1,0.007751938
4,TRAFFIC-ACCIDENT INJURY -> 273.6(A) PC VIO DV COURT ORDER,1,0.007751938
4,TRAFFIC-ACCIDENT INJURY -> 459 PC  BURGLARY RESIDENCE,1,0.007751938
4,TRAFFIC-ACCIDENT INJURY -> 487(A) PC GRAND THEFT,1,0.007751938
4,TRAFFIC-ACCIDENT INJURY -> 5150 WI DANGER SELF/OTHERS,1,0.007751938
4,TRAFFIC-ACCIDENT INJURY -> 626.10(A) PC POSS WPN SCHL ZN,1,0.007751938
4,TRAFFIC-ACCIDENT INJURY -> CASUALTY REPORT,1,0.007751938
4,TRAFFIC-ACCIDENT INJURY -> FILE-UNABLE TO DEFINE - I RPT,1,0.007751938
4,TRAFFIC-ACCIDENT INJURY -> FOUND PROPERTY - I RPT,1,0.007751938
4,TRAFFIC-ACCIDENT INJURY -> HARASSMENT - I RPT,1,0.007751938
4,TRAFFIC-ACCIDENT INJURY -> MISCELLANEOUS I RPT (ZMISC),1,0.007751938
4,TRAFFIC-ACCIDENT INJURY -> NON INJ HR/MAIL OUT REPORT,1,0.007751938
4,TRAFFIC-ACCIDENT INJURY -> TOWED/STORED VEH-14602.6,1,0.007751938
4,TRAFFIC-ACCIDENT-NON INJURY -> 10851 VC AUTO THEFT LOCATE,1,0.007751938
4,TRAFFIC-ACCIDENT-NON INJURY -> 11364 HS POSS DRUG PARAPH,1,0.007751938
4,TRAFFIC-ACCIDENT-NON INJURY -> 12.52.030 SCC UNLAWFUL CAMPING,1,0.007751938
4,TRAFFIC-ACCIDENT-NON INJURY -> 211 PC  ROBBERY UNSPECIFIED,1,0.007751938
4,TRAFFIC-ACCIDENT-NON INJURY -> 245(A)(1)AWDW/NO FIREARM/CIVIL,1,0.007751938
4,TRAFFIC-ACCIDENT-NON INJURY -> 4140 BP  POSS OF HYPO NEEDLE,1,0.007751938
4,TRAFFIC-ACCIDENT-NON INJURY -> 484 PC PETTY THEFT,1,0.007751938
4,TRAFFIC-ACCIDENT-NON INJURY -> 484J PC PUBLISH CARD INFO,1,0.007751938
4,TRAFFIC-ACCIDENT-NON INJURY -> 529 PC FALSE PERSONATION,1,0.007751938
4,TRAFFIC-ACCIDENT-NON INJURY -> 530.5 PC USE PERSONAL ID INFO,1,0.007751938
4,TRAFFIC-ACCIDENT-NON INJURY -> 594(B)(1)VANDALISM GRAF +$400,1,0.007751938
4,TRAFFIC-ACCIDENT-NON INJURY -> BURGLARY - I RPT,1,0.007751938
4,TRAFFIC-ACCIDENT-NON INJURY -> FRAUD OR BUNCO - I RPT,1,0.007751938
4,TRAFFIC-ACCIDENT-NON INJURY -> GRAFFITI PROBLEMS- I RPT,1,0.007751938
4,TRAFFIC-ACCIDENT-NON INJURY -> POSSIBLE FINANCIAL CRIME-I RPT,1,0.007751938
4,TRAFFIC-ACCIDENT-NON INJURY -> SHOOT INTO OCCUP DWELL - I RPT,1,0.007751938
4,TRAFFIC-ACCIDENT-NON INJURY -> VANDALISM - I RPT,1,0.007751938
4,VANDALISM - I RPT -> 11357(B)HS POSS -28.5GR MARIJ,1,0.007751938
4,VANDALISM - I RPT -> 459 PC  BURGLARY RESIDENCE,1,0.007751938
4,VANDALISM - I RPT -> 484 PC PETTY THEFT,1,0.007751938
4,WARRANT SERVED - I RPT -> 12031(A)(1)PC LOADED GUN/PUB-M,1,0.007751938
4,WARRANT SERVED - I RPT -> TOWED/STORED VEH-14602.6,1,0.007751938
5,10851(A)VC TAKE VEH W/O OWNER -> 10851(A)VC TAKE VEH W/O OWNER,11,0.164179104
5,TOWED/STORED VEHICLE -> TOWED/STORED VEHICLE,11,0.164179104
5,TOWED/STORED VEH-14602.6 -> TOWED/STORED VEH-14602.6,9,0.134328358
5,10851(A)VC TAKE VEH W/O OWNER -> TOWED/STORED VEHICLE,8,0.119402985
5,459 PC  BURGLARY RESIDENCE -> TOWED/STORED VEHICLE,8,0.119402985
5,TOWED/STORED VEH-14602.6 -> 10851(A)VC TAKE VEH W/O OWNER,8,0.119402985
5,10851(A)VC TAKE VEH W/O OWNER -> TOWED/STORED VEH-14602.6,7,0.104477612
5,TOWED/STORED VEH-14602.6 -> 459 PC  BURGLARY RESIDENCE,7,0.104477612
5,TOWED/STORED VEHICLE -> 459 PC  BURGLARY RESIDENCE,7,0.104477612
5,TRAFFIC-ACCIDENT INJURY -> TOWED/STORED VEH-14602.6,7,0.104477612
5,10851(A)VC TAKE VEH W/O OWNER -> 594(B)(2)(A) VANDALISM/ -$400,6,0.089552239
5,23152(A) VC DUI-ALCOHOL/DRUGS -> 10851(A)VC TAKE VEH W/O OWNER,6,0.089552239
5,459 PC  BURGLARY RESIDENCE -> TOWED/STORED VEH-14602.6,6,0.089552239
5,TOWED/STORED VEH-14602.6 -> 245(A)(1)AWDW/NO FIREARM/CIVIL,6,0.089552239
5,10851 VC AUTO THEFT LOCATE -> 10851(A)VC TAKE VEH W/O OWNER,5,0.074626866
5,10851(A)VC TAKE VEH W/O OWNER -> 11364 HS POSS DRUG PARAPH,5,0.074626866
5,10851(A)VC TAKE VEH W/O OWNER -> 459 PC  BURGLARY VEHICLE,5,0.074626866
5,459 PC  BURGLARY RESIDENCE -> 10851(A)VC TAKE VEH W/O OWNER,5,0.074626866
5,459 PC  BURGLARY RESIDENCE -> 459 PC  BURGLARY VEHICLE,5,0.074626866
5,MISSING PERSON -> TOWED/STORED VEH-14602.6,5,0.074626866
5,MISSING PERSON -> TOWED/STORED VEHICLE,5,0.074626866
5,TRAFFIC-ACCIDENT INJURY -> 459 PC  BURGLARY RESIDENCE,5,0.074626866
5,10851(A)VC TAKE VEH W/O OWNER -> 23152(A) VC DUI-ALCOHOL/DRUGS,4,0.059701493
5,10851(A)VC TAKE VEH W/O OWNER -> 459 PC  BURGLARY RESIDENCE,4,0.059701493
5,10851(A)VC TAKE VEH W/O OWNER -> 529 PC FALSE PERSONATION,4,0.059701493
5,10851(A)VC TAKE VEH W/O OWNER -> MISSING PERSON,4,0.059701493
5,245(A)(1)AWDW/NO FIREARM/CIVIL -> TOWED/STORED VEH-14602.6,4,0.059701493
5,459 PC  BURGLARY RESIDENCE -> 11357(B)HS POSS -28.5GR MARIJ,4,0.059701493
5,MISSING PERSON -> 459 PC  BURGLARY RESIDENCE,4,0.059701493
5,MISSING PERSON -> TRAFFIC-ACCIDENT-NON INJURY,4,0.059701493
5,TOWED/STORED VEH-14602.6 -> TOWED/STORED VEHICLE,4,0.059701493
5,TOWED/STORED VEHICLE -> MISSING PERSON,4,0.059701493
5,TRAFFIC-ACCIDENT INJURY -> TOWED/STORED VEHICLE,4,0.059701493
5,TRAFFIC-ACCIDENT-NON INJURY -> 594(B)(1)PC  VANDALISM +$400,4,0.059701493
5,10851 VC AUTO THEFT LOCATE -> 211 PC  ROBBERY UNSPECIFIED,3,0.044776119
5,10851(A)VC TAKE VEH W/O OWNER -> 10851 VC AUTO THEFT LOCATE,3,0.044776119
5,10851(A)VC TAKE VEH W/O OWNER -> 484 PC  PETTY THEFT/ OUTSIDE,3,0.044776119
5,10851(A)VC TAKE VEH W/O OWNER -> 484 PC PETTY THEFT,3,0.044776119
5,10851(A)VC TAKE VEH W/O OWNER -> 487(A) PC GRAND THEFT,3,0.044776119
5,10851(A)VC TAKE VEH W/O OWNER -> 647(B) PC   PROSTITUTION,3,0.044776119
5,11357(B)HS POSS -28.5GR MARIJ -> 459 PC  BURGLARY VEHICLE,3,0.044776119
5,211 PC  ROBBERY UNSPECIFIED -> 10851(A)VC TAKE VEH W/O OWNER,3,0.044776119
5,23152(A) VC DUI-ALCOHOL/DRUGS -> 459 PC  BURGLARY VEHICLE,3,0.044776119
5,243(E)1 BATTERY NONCOHAB SPOUS -> 459 PC  BURGLARY RESIDENCE,3,0.044776119
5,246 PC SHOOT OCCUP DWELL/VEH -> 459 PC  BURGLARY RESIDENCE,3,0.044776119
5,459 PC  BURGLARY RESIDENCE -> 459 PC  BURGLARY RESIDENCE,3,0.044776119
5,459 PC  BURGLARY RESIDENCE -> MISSING PERSON,3,0.044776119
5,459 PC  BURGLARY VEHICLE -> 10851(A)VC TAKE VEH W/O OWNER,3,0.044776119
5,459 PC  BURGLARY VEHICLE -> 459 PC  BURGLARY RESIDENCE,3,0.044776119
5,459 PC  BURGLARY VEHICLE -> 484 PC   PETTY THEFT/INSIDE,3,0.044776119
5,484G(B) PC ACCESS CARD FRAUD -> 10851(A)VC TAKE VEH W/O OWNER,3,0.044776119
5,484G(B) PC ACCESS CARD FRAUD -> 211 PC  ROBBERY UNSPECIFIED,3,0.044776119
5,484G(B) PC ACCESS CARD FRAUD -> 459 PC  BURGLARY RESIDENCE,3,0.044776119
5,487(A) PC GRAND THEFT -> 10851(A)VC TAKE VEH W/O OWNER,3,0.044776119
5,594(B)(2)(A) VANDALISM/ -$400 -> TOWED/STORED VEH-14602.6,3,0.044776119
5,GANG ACTIVITY - I RPT -> 10851(A)VC TAKE VEH W/O OWNER,3,0.044776119
5,MISSING PERSON -> 10851(A)VC TAKE VEH W/O OWNER,3,0.044776119
5,THREATS - I RPT -> 459 PC  BURGLARY RESIDENCE,3,0.044776119
5,TOWED/STORED VEH-14602.6 -> 459 PC  BURGLARY BUSINESS,3,0.044776119
5,TOWED/STORED VEH-14602.6 -> MISCELLANEOUS I RPT (ZMISC),3,0.044776119
5,TOWED/STORED VEHICLE -> 10851 VC AUTO THEFT LOCATE,3,0.044776119
5,TOWED/STORED VEHICLE -> TOWED/STORED VEH-14602.6,3,0.044776119
5,TOWED/STORED VEHICLE -> TRAFFIC-ACCIDENT-NON INJURY,3,0.044776119
5,TRAFFIC-ACCIDENT-NON INJURY -> 459 PC  BURGLARY RESIDENCE,3,0.044776119
5,TRAFFIC-ACCIDENT-NON INJURY -> TOWED/STORED VEH-14602.6,3,0.044776119
5,VANDALISM - I RPT -> TRAFFIC-ACCIDENT-NON INJURY,3,0.044776119
5,10851 VC AUTO THEFT LOCATE -> TOWED/STORED VEHICLE,2,0.029850746
5,10851(A)VC TAKE VEH W/O OWNER -> 20002(A) HIT/RUN,2,0.029850746
5,10851(A)VC TAKE VEH W/O OWNER -> 243(E)1 BATTERY NONCOHAB SPOUS,2,0.029850746
5,10851(A)VC TAKE VEH W/O OWNER -> 245(A)(1)AWDW/NO FIREARM/CIVIL,2,0.029850746
5,10851(A)VC TAKE VEH W/O OWNER -> 484 PC   PETTY THEFT/INSIDE,2,0.029850746
5,10851(A)VC TAKE VEH W/O OWNER -> 653M(A) PC OBSCENE/THREAT CALL,2,0.029850746
5,11350(A)HS POSS CNTRL SUBST -> 10851(A)VC TAKE VEH W/O OWNER,2,0.029850746
5,11350(A)HS POSS CNTRL SUBST -> TOWED/STORED VEHICLE,2,0.029850746
5,11357(B)HS POSS -28.5GR MARIJ -> 10851(A)VC TAKE VEH W/O OWNER,2,0.029850746
5,11364 HS POSS DRUG PARAPH -> 459 PC  BURGLARY VEHICLE,2,0.029850746
5,11364 HS POSS DRUG PARAPH -> MISSING PERSON,2,0.029850746
5,11364 HS POSS DRUG PARAPH -> TRAFFIC-ACCIDENT INJURY,2,0.029850746
5,20001(A) VC HIT/RUN INJ/DEATH -> 11364 HS POSS DRUG PARAPH,2,0.029850746
5,20001(A) VC HIT/RUN INJ/DEATH -> MISSING PERSON,2,0.029850746
5,20002(A) HIT/RUN -> 20002(A) HIT/RUN,2,0.029850746
5,20002(A) HIT/RUN -> 459 PC  BURGLARY VEHICLE,2,0.029850746
5,20002(A) HIT/RUN -> 529 PC FALSE PERSONATION,2,0.029850746
5,23103(A) RECKLESS ON HIGHWAY -> 459 PC  BURGLARY RESIDENCE,2,0.029850746
5,23152(A) VC DUI-ALCOHOL/DRUGS -> 11364 HS POSS DRUG PARAPH,2,0.029850746
5,23152(A) VC DUI-ALCOHOL/DRUGS -> 23152(A) VC DUI-ALCOHOL/DRUGS,2,0.029850746
5,23152(A) VC DUI-ALCOHOL/DRUGS -> 594(B)(1)PC  VANDALISM +$400,2,0.029850746
5,23152(A) VC DUI-ALCOHOL/DRUGS -> MISSING PERSON,2,0.029850746
5,242 PC  BATTERY CIVILIAN -> 10851(A)VC TAKE VEH W/O OWNER,2,0.029850746
5,242 PC  BATTERY CIVILIAN -> 459 PC  BURGLARY RESIDENCE,2,0.029850746
5,242 PC  BATTERY CIVILIAN -> MISSING PERSON,2,0.029850746
5,243(E)1 BATTERY NONCOHAB SPOUS -> 10851(A)VC TAKE VEH W/O OWNER,2,0.029850746
5,243(E)1 BATTERY NONCOHAB SPOUS -> 243(E)1 BATTERY NONCOHAB SPOUS,2,0.029850746
5,243(E)1 BATTERY NONCOHAB SPOUS -> 594(B)(2)(A) VANDALISM/ -$400,2,0.029850746
5,243(E)1 BATTERY NONCOHAB SPOUS -> MISSING PERSON,2,0.029850746
5,245(A)(1)AWDW/NO FIREARM/CIVIL -> 484 PC   PETTY THEFT/INSIDE,2,0.029850746
5,245(A)(1)AWDW/NO FIREARM/CIVIL -> 594(B)(2)(A) VANDALISM/ -$400,2,0.029850746
5,246 PC SHOOT OCCUP DWELL/VEH -> 459 PC  BURGLARY VEHICLE,2,0.029850746
5,459 PC  BURGLARY BUSINESS -> 459 PC  BURGLARY RESIDENCE,2,0.029850746
5,459 PC  BURGLARY RESIDENCE -> 10851 VC AUTO THEFT LOCATE,2,0.029850746
5,459 PC  BURGLARY RESIDENCE -> 245(A)(1)AWDW/NO FIREARM/CIVIL,2,0.029850746
5,459 PC  BURGLARY RESIDENCE -> 459 PC  BURGLARY BUSINESS,2,0.029850746
5,459 PC  BURGLARY RESIDENCE -> 475(C) PASS FORGED NOTE,2,0.029850746
5,459 PC  BURGLARY RESIDENCE -> 484 PETTY THEFT/LICENSE PLATE,2,0.029850746
5,459 PC  BURGLARY RESIDENCE -> 594(B)(2)(A) VANDALISM/ -$400,2,0.029850746
5,459 PC  BURGLARY RESIDENCE -> LOST PROPERTY - I RPT,2,0.029850746
5,459 PC  BURGLARY RESIDENCE -> NON INJ HR/MAIL OUT REPORT,2,0.029850746
5,459 PC  BURGLARY RESIDENCE -> TELEPEST -I RPT,2,0.029850746
5,459 PC  BURGLARY RESIDENCE -> TRAFFIC-ACCIDENT-NON INJURY,2,0.029850746
5,459 PC  BURGLARY VEHICLE -> 422 PC THREAT/INTENT TO TERROR,2,0.029850746
5,459 PC  BURGLARY VEHICLE -> 459 PC  BURGLARY VEHICLE,2,0.029850746
5,459 PC  BURGLARY VEHICLE -> MISSING PERSON,2,0.029850746
5,459 PC  BURGLARY VEHICLE -> TOWED/STORED VEH-14602.6,2,0.029850746
5,484 PC   PETTY THEFT/INSIDE -> 459 PC  BURGLARY VEHICLE,2,0.029850746
5,484 PC   PETTY THEFT/INSIDE -> TOWED/STORED VEHICLE,2,0.029850746
5,484 PETTY THEFT/LICENSE PLATE -> 23152(A) VC DUI-ALCOHOL/DRUGS,2,0.029850746
5,484 PETTY THEFT/LICENSE PLATE -> TOWED/STORED VEHICLE,2,0.029850746
5,484G(B) PC ACCESS CARD FRAUD -> 10851 VC AUTO THEFT LOCATE,2,0.029850746
5,484G(B) PC ACCESS CARD FRAUD -> CASUALTY REPORT,2,0.029850746
5,484G(B) PC ACCESS CARD FRAUD -> MISSING PERSON,2,0.029850746
5,484G(B) PC ACCESS CARD FRAUD -> MISSING PERSON LOCATE O/S ASSI,2,0.029850746
5,484G(B) PC ACCESS CARD FRAUD -> TOWED/STORED VEH-14602.6,2,0.029850746
5,487(A) PC GRAND THEFT -> 10851 VC AUTO THEFT LOCATE,2,0.029850746
5,487(A) PC GRAND THEFT -> 459 PC  BURGLARY RESIDENCE,2,0.029850746
5,5150 WI DANGER SELF/OTHERS -> 11364 HS POSS DRUG PARAPH,2,0.029850746
5,5150 WI DANGER SELF/OTHERS -> 459 PC  BURGLARY RESIDENCE,2,0.029850746
5,5150 WI DANGER SELF/OTHERS -> 5150 WI DANGER SELF/OTHERS,2,0.029850746
5,529 PC FALSE PERSONATION -> 459 PC  BURGLARY VEHICLE,2,0.029850746
5,530.5 PC USE PERSONAL ID INFO -> CASUALTY REPORT,2,0.029850746
5,594(B)(1)PC  VANDALISM +$400 -> 10851(A)VC TAKE VEH W/O OWNER,2,0.029850746
5,594(B)(1)PC  VANDALISM +$400 -> CASUALTY REPORT,2,0.029850746
5,647(F) PC PUB INTOX-DETOX ONLY -> TOWED/STORED VEH-14602.6,2,0.029850746
5,653M(A) PC OBSCENE/THREAT CALL -> MISSING PERSON,2,0.029850746
5,GANG ACTIVITY - I RPT -> 1708 US   THEFT OF MAIL,2,0.029850746
5,GANG ACTIVITY - I RPT -> 484E(D)PC FRAUD POSS CARD INFO,2,0.029850746
5,GANG ACTIVITY - I RPT -> MISSING PERSON,2,0.029850746
5,GANG ACTIVITY - I RPT -> TOWED/STORED VEH-14602.6,2,0.029850746
5,LOST PROPERTY - I RPT -> 459 PC  BURGLARY RESIDENCE,2,0.029850746
5,MISCELLANEOUS I RPT (ZMISC) -> 10851(A)VC TAKE VEH W/O OWNER,2,0.029850746
5,MISCELLANEOUS I RPT (ZMISC) -> TOWED/STORED VEH-14602.6,2,0.029850746
5,MISSING PERSON -> 11364 HS POSS DRUG PARAPH,2,0.029850746
5,MISSING PERSON -> 211 PC  ROBBERY UNSPECIFIED,2,0.029850746
5,MISSING PERSON -> 211 PC ROBBERY-PURSE SNATCH,2,0.029850746
5,MISSING PERSON -> 5150 WI DANGER SELF/OTHERS,2,0.029850746
5,MISSING PERSON -> 653M(A) PC OBSCENE/THREAT CALL,2,0.029850746
5,MISSING PERSON -> MISSING PERSON,2,0.029850746
5,NON INJ HR/MAIL OUT REPORT -> 10851(A)VC TAKE VEH W/O OWNER,2,0.029850746
5,NON INJ HR/MAIL OUT REPORT -> NON INJ HR/MAIL OUT REPORT,2,0.029850746
5,TOWED/STORED VEH-14602.6 -> 11377(A)HS POSS AMPHETAMINES,2,0.029850746
5,TOWED/STORED VEH-14602.6 -> 20002(A) HIT/RUN,2,0.029850746
5,TOWED/STORED VEH-14602.6 -> 484 PC PETTY THEFT,2,0.029850746
5,TOWED/STORED VEH-14602.6 -> MISSING PERSON,2,0.029850746
5,TOWED/STORED VEHICLE -> 10851(A)VC TAKE VEH W/O OWNER,2,0.029850746
5,TOWED/STORED VEHICLE -> 459 PC  BURGLARY VEHICLE,2,0.029850746
5,TOWED/STORED VEHICLE -> 484 PETTY THEFT/LICENSE PLATE,2,0.029850746
5,TOWED/STORED VEHICLE -> 487(D)GRAND THEFT FIREARM/ANIM,2,0.029850746
5,TOWED/STORED VEHICLE -> 647(B) PC   PROSTITUTION,2,0.029850746
5,TOWED/STORED VEHICLE -> FOUND PROPERTY - I RPT,2,0.029850746
5,TOWED/STORED VEHICLE -> TRAFFIC-ACCIDENT INJURY,2,0.029850746
5,TRAFFIC-ACCIDENT INJURY -> 10851(A)VC TAKE VEH W/O OWNER,2,0.029850746
5,TRAFFIC-ACCIDENT INJURY -> 459 PC  BURGLARY VEHICLE,2,0.029850746
5,TRAFFIC-ACCIDENT INJURY -> 594(B)(2)(A) VANDALISM/ -$400,2,0.029850746
5,TRAFFIC-ACCIDENT INJURY -> MISSING PERSON,2,0.029850746
5,TRAFFIC-ACCIDENT-NON INJURY -> 10851 VC AUTO THEFT LOCATE,2,0.029850746
5,TRAFFIC-ACCIDENT-NON INJURY -> 23152(A) VC DUI-ALCOHOL/DRUGS,2,0.029850746
5,TRAFFIC-ACCIDENT-NON INJURY -> MISSING PERSON,2,0.029850746
5,10851 VC AUTO THEFT LOCATE -> 10851 VC AUTO THEFT LOCATE,1,0.014925373
5,10851 VC AUTO THEFT LOCATE -> 11378 HS POSS/SALE AMPHETAMINE,1,0.014925373
5,10851 VC AUTO THEFT LOCATE -> 20001(A) VC HIT/RUN INJ/DEATH,1,0.014925373
5,10851 VC AUTO THEFT LOCATE -> 211 PC ROBBERY-PURSE SNATCH,1,0.014925373
5,10851 VC AUTO THEFT LOCATE -> 22435.2(A) BP POSS SHOP CART,1,0.014925373
5,10851 VC AUTO THEFT LOCATE -> 243(D) PC BATT/CIVILIAN W/INJ,1,0.014925373
5,10851 VC AUTO THEFT LOCATE -> 245(A)(1)AWDW/NO FIREARM/CIVIL,1,0.014925373
5,10851 VC AUTO THEFT LOCATE -> 4463(A)(1) VC ALTER REG,1,0.014925373
5,10851 VC AUTO THEFT LOCATE -> 459 PC  BURGLARY RESIDENCE,1,0.014925373
5,10851 VC AUTO THEFT LOCATE -> 5150 WI DANGER SELF/OTHERS,1,0.014925373
5,10851 VC AUTO THEFT LOCATE -> 530.5 PC USE PERSONAL ID INFO,1,0.014925373
5,10851 VC AUTO THEFT LOCATE -> 594(B)(1)PC  VANDALISM +$400,1,0.014925373
5,10851 VC AUTO THEFT LOCATE -> 594(B)(2)(A) VANDALISM/ -$400,1,0.014925373
5,10851 VC AUTO THEFT LOCATE -> FAMILY DISTURBANCE - I RPT,1,0.014925373
5,10851 VC AUTO THEFT LOCATE -> MISSING PERSON,1,0.014925373
5,10851 VC AUTO THEFT LOCATE -> PROTECTIVE CUSTODY-I RPT,1,0.014925373
5,10851 VC AUTO THEFT LOCATE -> THREATS - I RPT,1,0.014925373
5,10851 VC AUTO THEFT LOCATE -> TOWED/STORED VEH-14602.6,1,0.014925373
5,10851 VC AUTO THEFT LOCATE -> TRAFFIC-ACCIDENT-NON INJURY,1,0.014925373
5,10851(A)VC TAKE VEH W/O OWNER -> 11357(B)HS POSS -28.5GR MARIJ,1,0.014925373
5,10851(A)VC TAKE VEH W/O OWNER -> 12021(A)(1)PC FELON POSS FRARM,1,0.014925373
5,10851(A)VC TAKE VEH W/O OWNER -> 1203.2 PC VIOLATION OF PROBATI,1,0.014925373
5,10851(A)VC TAKE VEH W/O OWNER -> 14601.1(A) VC LIC SUSP OTHER,1,0.014925373
5,10851(A)VC TAKE VEH W/O OWNER -> 148.9 PC FALSE ID TO OFFICER,1,0.014925373
5,10851(A)VC TAKE VEH W/O OWNER -> 211 PC  ROBBERY UNSPECIFIED,1,0.014925373
5,10851(A)VC TAKE VEH W/O OWNER -> 240 PC ASSAULT/SIMPLE-CIVILIAN,1,0.014925373
5,10851(A)VC TAKE VEH W/O OWNER -> 242 PC  BATTERY CIVILIAN,1,0.014925373
5,10851(A)VC TAKE VEH W/O OWNER -> 243(D) PC BATT/CIVILIAN W/INJ,1,0.014925373
5,10851(A)VC TAKE VEH W/O OWNER -> 246 PC SHOOT OCCUP DWELL/VEH,1,0.014925373
5,10851(A)VC TAKE VEH W/O OWNER -> 4140 BP  POSS OF HYPO NEEDLE,1,0.014925373
5,10851(A)VC TAKE VEH W/O OWNER -> 417(A)1) PC BRANDISH NON-GUN,1,0.014925373
5,10851(A)VC TAKE VEH W/O OWNER -> 4462.5 VC FALSE TAB/AVOID REG,1,0.014925373
5,10851(A)VC TAKE VEH W/O OWNER -> 459 PC  BURGLARY BUSINESS,1,0.014925373
5,10851(A)VC TAKE VEH W/O OWNER -> 475(C) PASS FORGED NOTE,1,0.014925373
5,10851(A)VC TAKE VEH W/O OWNER -> 487(A) GRAND THEFT-CLOUT-UNLOC,1,0.014925373
5,10851(A)VC TAKE VEH W/O OWNER -> 496(A) RECEIVE STOLEN PROPERTY,1,0.014925373
5,10851(A)VC TAKE VEH W/O OWNER -> 5150 WI DANGER SELF/OTHERS,1,0.014925373
5,10851(A)VC TAKE VEH W/O OWNER -> 530.5 PC USE PERSONAL ID INFO,1,0.014925373
5,10851(A)VC TAKE VEH W/O OWNER -> 594(B)(1)PC  VANDALISM +$400,1,0.014925373
5,10851(A)VC TAKE VEH W/O OWNER -> 602(L)(1)TRESPASS REFUSE TO LV,1,0.014925373
5,10851(A)VC TAKE VEH W/O OWNER -> BURGLARY - I RPT,1,0.014925373
5,10851(A)VC TAKE VEH W/O OWNER -> CASUALTY REPORT,1,0.014925373
5,10851(A)VC TAKE VEH W/O OWNER -> FAMILY DISTURBANCE - I RPT,1,0.014925373
5,10851(A)VC TAKE VEH W/O OWNER -> FRAUD OR BUNCO - I RPT,1,0.014925373
5,10851(A)VC TAKE VEH W/O OWNER -> JUVENILE DISURBANCE - I RPT,1,0.014925373
5,10851(A)VC TAKE VEH W/O OWNER -> LOST PROPERTY - I RPT,1,0.014925373
5,10851(A)VC TAKE VEH W/O OWNER -> MISCELLANEOUS I RPT (ZMISC),1,0.014925373
5,10851(A)VC TAKE VEH W/O OWNER -> MISSING PERSON LOCATE O/S ASSI,1,0.014925373
5,10851(A)VC TAKE VEH W/O OWNER -> NON INJ HR/MAIL OUT REPORT,1,0.014925373
5,10851(A)VC TAKE VEH W/O OWNER -> TRAFFIC-ACCIDENT-NON INJURY,1,0.014925373
5,11350(A)HS POSS CNTRL SUBST -> 11364 HS POSS DRUG PARAPH,1,0.014925373
5,11350(A)HS POSS CNTRL SUBST -> 20002(A) HIT/RUN,1,0.014925373
5,11350(A)HS POSS CNTRL SUBST -> 459 PC  BURGLARY VEHICLE,1,0.014925373
5,11350(A)HS POSS CNTRL SUBST -> BURGLARY - I RPT,1,0.014925373
5,11350(A)HS POSS CNTRL SUBST -> TRAFFIC-ACCIDENT INJURY,1,0.014925373
5,11350(B)HS POSSESS QUAALUDES -> 10851(A)VC TAKE VEH W/O OWNER,1,0.014925373
5,11350(B)HS POSSESS QUAALUDES -> 31 VC FALSE INFO TO OFFICER,1,0.014925373
5,11350(B)HS POSSESS QUAALUDES -> 459 PC  BURGLARY VEHICLE,1,0.014925373
5,11351.5 HS POSS SALE RCK COCAI -> 20002(A) HIT/RUN,1,0.014925373
5,11357(B)HS POSS -28.5GR MARIJ -> 148(A)(1)PC RESIST PEACE OFFCR,1,0.014925373
5,11357(B)HS POSS -28.5GR MARIJ -> 4140 BP  POSS OF HYPO NEEDLE,1,0.014925373
5,11357(B)HS POSS -28.5GR MARIJ -> 487(A) PC GRAND THEFT,1,0.014925373
5,11357(B)HS POSS -28.5GR MARIJ -> 487(D)GRAND THEFT FIREARM/ANIM,1,0.014925373
5,11357(B)HS POSS -28.5GR MARIJ -> 529 PC FALSE PERSONATION,1,0.014925373
5,11357(B)HS POSS -28.5GR MARIJ -> 594(B)(1)PC  VANDALISM +$400,1,0.014925373
5,11357(B)HS POSS -28.5GR MARIJ -> 653M(A) PC OBSCENE/THREAT CALL,1,0.014925373
5,11357(B)HS POSS -28.5GR MARIJ -> TRAFFIC-ACCIDENT-NON INJURY,1,0.014925373
5,11359 HS POSS FOR SALE MARIJ -> 242 PC  BATTERY CIVILIAN,1,0.014925373
5,11359 HS POSS FOR SALE MARIJ -> 459 PC  BURGLARY RESIDENCE,1,0.014925373
5,11360(A)HS SALE/TRANSP MARIJ -> 11379(A)HS SALE/TRAN CNTRL SUB,1,0.014925373
5,11364 HS POSS DRUG PARAPH -> 10851(A)VC TAKE VEH W/O OWNER,1,0.014925373
5,11364 HS POSS DRUG PARAPH -> 211 PC  ROBBERY UNSPECIFIED,1,0.014925373
5,11364 HS POSS DRUG PARAPH -> 23152(A) VC DUI-ALCOHOL/DRUGS,1,0.014925373
5,11364 HS POSS DRUG PARAPH -> 245(A)(1)AWDW/NO FIREARM/CIVIL,1,0.014925373
5,11364 HS POSS DRUG PARAPH -> 459 PC  BURGLARY RESIDENCE,1,0.014925373
5,11364 HS POSS DRUG PARAPH -> 484 PC  PETTY THEFT/ OUTSIDE,1,0.014925373
5,11364 HS POSS DRUG PARAPH -> 487(A) GRAND THEFT-INSIDE,1,0.014925373
5,11364 HS POSS DRUG PARAPH -> 647(B) PC   PROSTITUTION,1,0.014925373
5,11364 HS POSS DRUG PARAPH -> TRAFFIC-ACCIDENT-NON INJURY,1,0.014925373
5,11377(A)HS POSS AMPHETAMINES -> 10851(A)VC TAKE VEH W/O OWNER,1,0.014925373
5,11377(A)HS POSS AMPHETAMINES -> 10852 VC VEHICLE TAMPERING,1,0.014925373
5,11377(A)HS POSS AMPHETAMINES -> 459 PC  BURGLARY RESIDENCE,1,0.014925373
5,11377(A)HS POSS AMPHETAMINES -> 594(B)(1)PC  VANDALISM +$400,1,0.014925373
5,11377(A)HS POSS AMPHETAMINES -> 594(B)(2)(A)VANDALISM GRAF-400,1,0.014925373
5,11377(A)HS POSS CNTRL SUBST -> 475(A)PC POSS FORGED CHK/NOTE,1,0.014925373
5,11379(A)HS SALE/TRAN CNTRL SUB -> 484 PC  PETTY THEFT/ OUTSIDE,1,0.014925373
5,11550(A)HS UNDER INFL NARCOTIC -> 273.6(A) PC VIO DV COURT ORDER,1,0.014925373
5,11550(A)HS UNDER INFL NARCOTIC -> BURGLARY - I RPT,1,0.014925373
5,11550(A)HS UNDER INFL NARCOTIC -> TOWED/STORED VEHICLE,1,0.014925373
5,1203.2 PC VIOLATION OF PROBATI -> 10851(A)VC TAKE VEH W/O OWNER,1,0.014925373
5,1203.2 PC VIOLATION OF PROBATI -> 484 PC PETTY THEFT,1,0.014925373
5,12316(B)(1)FELON POSSESS AMMO -> 10851(A)VC TAKE VEH W/O OWNER,1,0.014925373
5,12316(B)(1)FELON POSSESS AMMO -> CHILD WELFARE - I RPT,1,0.014925373
5,12316(B)(1)FELON POSSESS AMMO -> FRAUD OR BUNCO - I RPT,1,0.014925373
5,12316(B)(1)FELON POSSESS AMMO -> JUVENILE DISURBANCE - I RPT,1,0.014925373
5,14601.1(A) VC LIC SUSP OTHER -> 10851(A)VC TAKE VEH W/O OWNER,1,0.014925373
5,14601.1(A) VC LIC SUSP OTHER -> 4463(A)(1) VC ALTER REG,1,0.014925373
5,14601.1(A) VC LIC SUSP OTHER -> 484 PC   PETTY THEFT/INSIDE,1,0.014925373
5,14601.1(A) VC LIC SUSP OTHER -> 487(A) GRAND THEFT-CLOUT-UNLOC,1,0.014925373
5,14601.1(A) VC LIC SUSP OTHER -> TRAFFIC-ACCIDENT-NON INJURY,1,0.014925373
5,148(A)(1)PC RESIST PEACE OFFCR -> 20002(A) HIT/RUN,1,0.014925373
5,148(A)(1)PC RESIST PEACE OFFCR -> 459 PC  BURGLARY BUSINESS,1,0.014925373
5,148.4(A)PC TAMPER FIRE PROT EQ -> 10851(A)VC TAKE VEH W/O OWNER,1,0.014925373
5,148.9 PC FALSE ID TO OFFICER -> 11364 HS POSS DRUG PARAPH,1,0.014925373
5,148.9 PC FALSE ID TO OFFICER -> 20001(A) VC HIT/RUN INJ/DEATH,1,0.014925373
5,148.9 PC FALSE ID TO OFFICER -> 211 PC ROBBERY-PURSE SNATCH,1,0.014925373
5,148.9 PC FALSE ID TO OFFICER -> 242 PC  BATTERY CIVILIAN,1,0.014925373
5,148.9 PC FALSE ID TO OFFICER -> 459 PC  BURGLARY VEHICLE,1,0.014925373
5,148.9 PC FALSE ID TO OFFICER -> 484 PC   PETTY THEFT/INSIDE,1,0.014925373
5,148.9 PC FALSE ID TO OFFICER -> SUSP PERS-NO CRIME - I RPT,1,0.014925373
5,148.9 PC FALSE ID TO OFFICER -> TRAFFIC-ACCIDENT-NON INJURY,1,0.014925373
5,166(A)(4) WILFUL DISOBEY CT OR -> 10851(A)VC TAKE VEH W/O OWNER,1,0.014925373
5,1708 US   THEFT OF MAIL -> 10851(A)VC TAKE VEH W/O OWNER,1,0.014925373
5,1708 US   THEFT OF MAIL -> 11364 HS POSS DRUG PARAPH,1,0.014925373
5,1708 US   THEFT OF MAIL -> 23152(A) VC DUI-ALCOHOL/DRUGS,1,0.014925373
5,1708 US   THEFT OF MAIL -> 459 PC  BURGLARY RESIDENCE,1,0.014925373
5,1708 US   THEFT OF MAIL -> 459 PC  BURGLARY VEHICLE,1,0.014925373
5,1708 US   THEFT OF MAIL -> GANG ACTIVITY - I RPT,1,0.014925373
5,1767.3 WI CYA PAROLE HOLD -> 1708 US   THEFT OF MAIL,1,0.014925373
5,1767.3 WI CYA PAROLE HOLD -> 484 PETTY THEFT/LICENSE PLATE,1,0.014925373
5,20001(A) VC HIT/RUN INJ/DEATH -> 459 PC  BURGLARY RESIDENCE,1,0.014925373
5,20001(A) VC HIT/RUN INJ/DEATH -> TOWED/STORED VEHICLE,1,0.014925373
5,20002(A) HIT/RUN -> 10851(A)VC TAKE VEH W/O OWNER,1,0.014925373
5,20002(A) HIT/RUN -> 242 PC  BATTERY CIVILIAN,1,0.014925373
5,20002(A) HIT/RUN -> 245(C) AWDW/NO FIREARM/OFFICER,1,0.014925373
5,20002(A) HIT/RUN -> 422 PC THREAT/INTENT TO TERROR,1,0.014925373
5,20002(A) HIT/RUN -> 459 PC  BURGLARY RESIDENCE,1,0.014925373
5,20002(A) HIT/RUN -> 484 PETTY THEFT-SHOPLIFT,1,0.014925373
5,20002(A) HIT/RUN -> THREATS - I RPT,1,0.014925373
5,20002(A) HIT/RUN -> TOWED/STORED VEHICLE,1,0.014925373
5,20002(A) HIT/RUN -> TRAFFIC-ACCIDENT INJURY,1,0.014925373
5,211 PC  ROBBERY UNSPECIFIED -> 11364 HS POSS DRUG PARAPH,1,0.014925373
5,211 PC  ROBBERY UNSPECIFIED -> 240 PC ASSAULT/SIMPLE-CIVILIAN,1,0.014925373
5,211 PC  ROBBERY UNSPECIFIED -> 245(A)(1)AWDW/NO FIREARM/CIVIL,1,0.014925373
5,211 PC  ROBBERY UNSPECIFIED -> LOST PROPERTY - I RPT,1,0.014925373
5,211 PC  ROBBERY UNSPECIFIED -> MISCELLANEOUS I RPT (ZMISC),1,0.014925373
5,211 PC  ROBBERY UNSPECIFIED -> MISSING PERSON,1,0.014925373
5,211 PC ROBBERY- BUSINESS -> 484J PC PUBLISH CARD INFO,1,0.014925373
5,211 PC ROBBERY- BUSINESS -> 594(B)(1)PC  VANDALISM +$400,1,0.014925373
5,211 PC ROBBERY- BUSINESS -> TRAFFIC-ACCIDENT-NON INJURY,1,0.014925373
5,211 PC ROBBERY-PURSE SNATCH -> 20001(A) VC HIT/RUN INJ/DEATH,1,0.014925373
5,211 PC ROBBERY-PURSE SNATCH -> 211 PC  ROBBERY UNSPECIFIED,1,0.014925373
5,211 PC ROBBERY-PURSE SNATCH -> 23152(B) VC DUI BA .08 OR MORE,1,0.014925373
5,211 PC ROBBERY-PURSE SNATCH -> 245(A)(1)AWDW/NO FIREARM/CIVIL,1,0.014925373
5,211 PC ROBBERY-PURSE SNATCH -> 459 PC  BURGLARY VEHICLE,1,0.014925373
5,211 PC ROBBERY-PURSE SNATCH -> MISSING PERSON,1,0.014925373
5,215(A) PC    CARJACKING -> TOWED/STORED VEH-14602.6,1,0.014925373
5,22435.2(A) BP POSS SHOP CART -> 11378 HS POSS/SALE AMPHETAMINE,1,0.014925373
5,23103(A) RECKLESS ON HIGHWAY -> 10851 VC AUTO THEFT LOCATE,1,0.014925373
5,23103(A) RECKLESS ON HIGHWAY -> 11359 HS POSS FOR SALE MARIJ,1,0.014925373
5,23103(A) RECKLESS ON HIGHWAY -> 594(B)(2)(A) VANDALISM/ -$400,1,0.014925373
5,23103(A) RECKLESS ON HIGHWAY -> TOWED/STORED VEHICLE,1,0.014925373
5,23152(A) VC DUI-ALCOHOL/DRUGS -> 1203.2 PC VIOLATION OF PROBATI,1,0.014925373
5,23152(A) VC DUI-ALCOHOL/DRUGS -> 211 PC ROBBERY-PURSE SNATCH,1,0.014925373
5,23152(A) VC DUI-ALCOHOL/DRUGS -> 23152(B) VC DUI BA .08 OR MORE,1,0.014925373
5,23152(A) VC DUI-ALCOHOL/DRUGS -> 245(A)(1)AWDW/NO FIREARM/CIVIL,1,0.014925373
5,23152(A) VC DUI-ALCOHOL/DRUGS -> 417(A)1) PC BRANDISH NON-GUN,1,0.014925373
5,23152(A) VC DUI-ALCOHOL/DRUGS -> 4462.5 VC FALSE TAB/AVOID REG,1,0.014925373
5,23152(A) VC DUI-ALCOHOL/DRUGS -> 484 PETTY THEFT/LICENSE PLATE,1,0.014925373
5,23152(A) VC DUI-ALCOHOL/DRUGS -> 484G(A)PC USE FORGED CARD,1,0.014925373
5,23152(A) VC DUI-ALCOHOL/DRUGS -> 487(A) PC GRAND THEFT,1,0.014925373
5,23152(A) VC DUI-ALCOHOL/DRUGS -> 5150 WI DANGER SELF/OTHERS,1,0.014925373
5,23152(A) VC DUI-ALCOHOL/DRUGS -> 647(B) PC   PROSTITUTION,1,0.014925373
5,23152(A) VC DUI-ALCOHOL/DRUGS -> BAIT CAR 10851 VC TAKE VEHICLE,1,0.014925373
5,23152(A) VC DUI-ALCOHOL/DRUGS -> JUVENILE DISURBANCE - I RPT,1,0.014925373
5,23152(A) VC DUI-ALCOHOL/DRUGS -> MISCELLANEOUS I RPT (ZMISC),1,0.014925373
5,23152(A) VC DUI-ALCOHOL/DRUGS -> POSSIBLE STOLEN PROPERTY-I RPT,1,0.014925373
5,23152(A) VC DUI-ALCOHOL/DRUGS -> TOWED/STORED VEH-14602.6,1,0.014925373
5,23152(A) VC DUI-ALCOHOL/DRUGS -> TRAFFIC-ACCIDENT INJURY,1,0.014925373
5,23152(B) VC DUI BA .08 OR MORE -> MISSING PERSON,1,0.014925373
5,23152(B) VC DUI BA .08 OR MORE -> TRAFFIC-ACCIDENT INJURY,1,0.014925373
5,23153(A) VC DUI CAUSE INJURY -> 10851 VC AUTO THEFT LOCATE,1,0.014925373
5,23153(A) VC DUI CAUSE INJURY -> 459 PC  BURGLARY RESIDENCE,1,0.014925373
5,23153(A) VC DUI CAUSE INJURY -> 484G(B) PC ACCESS CARD FRAUD,1,0.014925373
5,23222(B)POSSESS MARIJ IN VEH -> 11364 HS POSS DRUG PARAPH,1,0.014925373
5,23222(B)POSSESS MARIJ IN VEH -> 459 PC  BURGLARY RESIDENCE,1,0.014925373
5,23222(B)POSSESS MARIJ IN VEH -> 459 PC  BURGLARY VEHICLE,1,0.014925373
5,23222(B)POSSESS MARIJ IN VEH -> 484 PETTY THEFT/LICENSE PLATE,1,0.014925373
5,23222(B)POSSESS MARIJ IN VEH -> 647(B) PC   PROSTITUTION,1,0.014925373
5,23222(B)POSSESS MARIJ IN VEH -> HARASSMENT - I RPT,1,0.014925373
5,240 PC ASSAULT/SIMPLE-CIVILIAN -> 10851(A)VC TAKE VEH W/O OWNER,1,0.014925373
5,240 PC ASSAULT/SIMPLE-CIVILIAN -> 11357(B)HS POSS -28.5GR MARIJ,1,0.014925373
5,240 PC ASSAULT/SIMPLE-CIVILIAN -> 487(A) PC GRAND THEFT,1,0.014925373
5,242 PC  BATTERY CIVILIAN -> 243(E)1 BATTERY NONCOHAB SPOUS,1,0.014925373
5,242 PC  BATTERY CIVILIAN -> 243.4(E)(1)TOUCH FOR SEX PLEAS,1,0.014925373
5,242 PC  BATTERY CIVILIAN -> 4462.5 VC FALSE TAB/AVOID REG,1,0.014925373
5,242 PC  BATTERY CIVILIAN -> 459 PC  BURGLARY BUSINESS,1,0.014925373
5,242 PC  BATTERY CIVILIAN -> 484G(B) PC ACCESS CARD FRAUD,1,0.014925373
5,242 PC  BATTERY CIVILIAN -> 487(A) GRAND THEFT-INSIDE,1,0.014925373
5,242 PC  BATTERY CIVILIAN -> 5150 WI DANGER SELF/OTHERS,1,0.014925373
5,242 PC  BATTERY CIVILIAN -> 594(B)(1)PC  VANDALISM +$400,1,0.014925373
5,242 PC  BATTERY CIVILIAN -> 653M(B) PC ANNOY/RPT CALL HOME,1,0.014925373
5,242 PC  BATTERY CIVILIAN -> TRAFFIC-ACCIDENT INJURY,1,0.014925373
5,243(D) PC BATT/CIVILIAN W/INJ -> 10851(A)VC TAKE VEH W/O OWNER,1,0.014925373
5,243(D) PC BATT/CIVILIAN W/INJ -> MISCELLANEOUS I RPT (ZMISC),1,0.014925373
5,243(D) PC BATT/CIVILIAN W/INJ -> SUSPICIOUS VEHICLE - I RPT,1,0.014925373
5,243(E)1 BATTERY NONCOHAB SPOUS -> 459 PC  BURGLARY BUSINESS,1,0.014925373
5,243(E)1 BATTERY NONCOHAB SPOUS -> 459 PC  BURGLARY VEHICLE,1,0.014925373
5,243(E)1 BATTERY NONCOHAB SPOUS -> 475(A)PC POSS FORGED CHK/NOTE,1,0.014925373
5,243(E)1 BATTERY NONCOHAB SPOUS -> JUVENILE DISURBANCE - I RPT,1,0.014925373
5,243.2(A)(1) BATT/SCHOOL INJURY -> 10851(A)VC TAKE VEH W/O OWNER,1,0.014925373
5,243.2(A)(1) BATT/SCHOOL INJURY -> 243.2(A)(1) BATT/SCHOOL INJURY,1,0.014925373
5,243.2(A)(1) BATT/SCHOOL INJURY -> 245(A)(1)AWDW/NO FIREARM/CIVIL,1,0.014925373
5,243.2(A)(1) BATT/SCHOOL INJURY -> 594(B)(2)(A) VANDALISM/ -$400,1,0.014925373
5,243.2(A)(1) BATT/SCHOOL INJURY -> 647(F) PC DIP - DISORDERLY,1,0.014925373
5,243.4(A) SEXUAL BATTERY -> 10851(A)VC TAKE VEH W/O OWNER,1,0.014925373
5,243.4(A) SEXUAL BATTERY -> 246 PC SHOOT OCCUP DWELL/VEH,1,0.014925373
5,243.4(A) SEXUAL BATTERY -> 459 PC  BURGLARY VEHICLE,1,0.014925373
5,243.4(A) SEXUAL BATTERY -> 594(B)(2)(A) VANDALISM/ -$400,1,0.014925373
5,243.4(A) SEXUAL BATTERY -> TRAFFIC-ACCIDENT INJURY,1,0.014925373
5,243.4(E)(1)TOUCH FOR SEX PLEAS -> 10851(A)VC TAKE VEH W/O OWNER,1,0.014925373
5,243.4(E)(1)TOUCH FOR SEX PLEAS -> 5150 WI DANGER SELF/OTHERS,1,0.014925373
5,243.4(E)(1)TOUCH FOR SEX PLEAS -> MISSING PERSON,1,0.014925373
5,245(A)(1)AWDW/NO FIREARM/CIVIL -> 10851(A)VC TAKE VEH W/O OWNER,1,0.014925373
5,245(A)(1)AWDW/NO FIREARM/CIVIL -> 11364 HS POSS DRUG PARAPH,1,0.014925373
5,245(A)(1)AWDW/NO FIREARM/CIVIL -> 11377(A)HS POSS AMPHETAMINES,1,0.014925373
5,245(A)(1)AWDW/NO FIREARM/CIVIL -> 14601.1(A) VC LIC SUSP OTHER,1,0.014925373
5,245(A)(1)AWDW/NO FIREARM/CIVIL -> 1708 US   THEFT OF MAIL,1,0.014925373
5,245(A)(1)AWDW/NO FIREARM/CIVIL -> 20002(A) HIT/RUN,1,0.014925373
5,245(A)(1)AWDW/NO FIREARM/CIVIL -> 211 PC ROBBERY-PURSE SNATCH,1,0.014925373
5,245(A)(1)AWDW/NO FIREARM/CIVIL -> 23103(A) RECKLESS ON HIGHWAY,1,0.014925373
5,245(A)(1)AWDW/NO FIREARM/CIVIL -> 247(B) PC SHOOT UNOCC BLDG/VEH,1,0.014925373
5,245(A)(1)AWDW/NO FIREARM/CIVIL -> 459 PC  BURGLARY BUSINESS,1,0.014925373
5,245(A)(1)AWDW/NO FIREARM/CIVIL -> 459 PC  BURGLARY RESIDENCE,1,0.014925373
5,245(A)(1)AWDW/NO FIREARM/CIVIL -> 484 PETTY THEFT/LICENSE PLATE,1,0.014925373
5,245(A)(1)AWDW/NO FIREARM/CIVIL -> 484E(D)PC FRAUD POSS CARD INFO,1,0.014925373
5,245(A)(1)AWDW/NO FIREARM/CIVIL -> 487(A) PC GRAND THEFT,1,0.014925373
5,245(A)(1)AWDW/NO FIREARM/CIVIL -> 487(A) PC GRAND THEFT-SHOPLIFT,1,0.014925373
5,245(A)(1)AWDW/NO FIREARM/CIVIL -> 594(B)(1)PC  VANDALISM +$400,1,0.014925373
5,245(A)(1)AWDW/NO FIREARM/CIVIL -> ACCIDENTAL FIRES/ARSON -I RPT,1,0.014925373
5,245(A)(1)AWDW/NO FIREARM/CIVIL -> GANG ACTIVITY - I RPT,1,0.014925373
5,245(A)(1)AWDW/NO FIREARM/CIVIL -> TOWED/STORED VEHICLE,1,0.014925373
5,245(A)(2) AWDW/FIREARM/CIVILIA -> 11357(B)HS POSS -28.5GR MARIJ,1,0.014925373
5,245(A)(2) AWDW/FIREARM/CIVILIA -> 246 PC SHOOT OCCUP DWELL/VEH,1,0.014925373
5,245(A)(2) AWDW/FIREARM/CIVILIA -> TRAFFIC-ACCIDENT INJURY,1,0.014925373
5,246 PC SHOOT OCCUP DWELL/VEH -> 10851(A)VC TAKE VEH W/O OWNER,1,0.014925373
5,246 PC SHOOT OCCUP DWELL/VEH -> 20002(A) HIT/RUN,1,0.014925373
5,246 PC SHOOT OCCUP DWELL/VEH -> 243(D) PC BATT/CIVILIAN W/INJ,1,0.014925373
5,246 PC SHOOT OCCUP DWELL/VEH -> 475(C) PASS FORGED NOTE,1,0.014925373
5,246 PC SHOOT OCCUP DWELL/VEH -> 594(B)(2)(A) VANDALISM/ -$400,1,0.014925373
5,246 PC SHOOT OCCUP DWELL/VEH -> TOWED/STORED VEHICLE,1,0.014925373
5,246 PC SHOOT OCCUP DWELL/VEH -> TRAFFIC-ACCIDENT INJURY,1,0.014925373
5,247(B) PC SHOOT UNOCC BLDG/VEH -> MISCELLANEOUS I RPT (ZMISC),1,0.014925373
5,247(B) PC SHOOT UNOCC BLDG/VEH -> TOWED/STORED VEHICLE,1,0.014925373
5,273.6(A) PC VIO DV COURT ORDER -> 487(A) PC GRAND THEFT-SHOPLIFT,1,0.014925373
5,278.5(A)DEPRIVE RIGHT OF CUSTO -> 10851(A)VC TAKE VEH W/O OWNER,1,0.014925373
5,278.5(A)DEPRIVE RIGHT OF CUSTO -> 459 PC  BURGLARY VEHICLE,1,0.014925373
5,278.5(A)DEPRIVE RIGHT OF CUSTO -> 484 PETTY THEFT/LICENSE PLATE,1,0.014925373
5,278.5(A)DEPRIVE RIGHT OF CUSTO -> 647(B) PC   PROSTITUTION,1,0.014925373
5,290(F)1 W/I 5 DAYS ADD CHANGE -> 459 PC  BURGLARY RESIDENCE,1,0.014925373
5,290(F)1 W/I 5 DAYS ADD CHANGE -> MISSING PERSON,1,0.014925373
5,3056 PC PAROLE VIOLATION -> 10851(A)VC TAKE VEH W/O OWNER,1,0.014925373
5,3056 PC PAROLE VIOLATION -> 243(E)1 BATTERY NONCOHAB SPOUS,1,0.014925373
5,3056 PC PAROLE VIOLATION -> 459 PC  BURGLARY BUSINESS,1,0.014925373
5,3056 PC PAROLE VIOLATION -> 647(B) PC   PROSTITUTION,1,0.014925373
5,308(B) PC MINOR POSS TOBACCO -> MISSING PERSON,1,0.014925373
5,4140 BP  POSS OF HYPO NEEDLE -> 10851(A)VC TAKE VEH W/O OWNER,1,0.014925373
5,4140 BP  POSS OF HYPO NEEDLE -> 459 PC  BURGLARY VEHICLE,1,0.014925373
5,4140 BP  POSS OF HYPO NEEDLE -> 529 PC FALSE PERSONATION,1,0.014925373
5,4140 BP  POSS OF HYPO NEEDLE -> 653M(A) PC OBSCENE/THREAT CALL,1,0.014925373
5,415(1) PC DISTURB PEACE/FIGHT -> 10851 VC AUTO THEFT LOCATE,1,0.014925373
5,415(1) PC DISTURB PEACE/FIGHT -> 211 PC  ROBBERY UNSPECIFIED,1,0.014925373
5,417(A)1) PC BRANDISH NON-GUN -> 11364 HS POSS DRUG PARAPH,1,0.014925373
5,417(A)2) PC BRANDISH FIREARM -> 484 PC   PETTY THEFT/INSIDE,1,0.014925373
5,422 PC THREAT/INTENT TO TERROR -> 10851 VC AUTO THEFT LOCATE,1,0.014925373
5,422 PC THREAT/INTENT TO TERROR -> 11364 HS POSS DRUG PARAPH,1,0.014925373
5,422 PC THREAT/INTENT TO TERROR -> 23153(A) VC DUI CAUSE INJURY,1,0.014925373
5,422 PC THREAT/INTENT TO TERROR -> 459 PC  BURGLARY BUSINESS,1,0.014925373
5,422 PC THREAT/INTENT TO TERROR -> 459 PC  BURGLARY RESIDENCE,1,0.014925373
5,422 PC THREAT/INTENT TO TERROR -> 484 PC   PETTY THEFT/INSIDE,1,0.014925373
5,422 PC THREAT/INTENT TO TERROR -> 5150 WI DANGER SELF/OTHERS,1,0.014925373
5,422 PC THREAT/INTENT TO TERROR -> POSSIBLE FINANCIAL CRIME-I RPT,1,0.014925373
5,422 PC THREAT/INTENT TO TERROR -> THREATS - I RPT,1,0.014925373
5,422 PC THREAT/INTENT TO TERROR -> TOWED/STORED VEHICLE,1,0.014925373
5,4462.5 VC FALSE TAB/AVOID REG -> 23152(A) VC DUI-ALCOHOL/DRUGS,1,0.014925373
5,4462.5 VC FALSE TAB/AVOID REG -> 243(E)1 BATTERY NONCOHAB SPOUS,1,0.014925373
5,451(D) PC  ARSON OF PROPERTY -> 10851 VC AUTO THEFT LOCATE,1,0.014925373
5,451(D) PC  ARSON OF PROPERTY -> 211 PC  ROBBERY UNSPECIFIED,1,0.014925373
5,451(D) PC  ARSON OF PROPERTY -> 245(A)(1)AWDW/NO FIREARM/CIVIL,1,0.014925373
5,451(D) PC  ARSON OF PROPERTY -> 415(1) PC DISTURB PEACE/FIGHT,1,0.014925373
5,451(D) PC  ARSON OF PROPERTY -> 594(B)(2)(A) VANDALISM/ -$400,1,0.014925373
5,459 PC  BURGLARY BUSINESS -> 10851(A)VC TAKE VEH W/O OWNER,1,0.014925373
5,459 PC  BURGLARY BUSINESS -> 20001(A) VC HIT/RUN INJ/DEATH,1,0.014925373
5,459 PC  BURGLARY BUSINESS -> 23152(A) VC DUI-ALCOHOL/DRUGS,1,0.014925373
5,459 PC  BURGLARY BUSINESS -> 242 PC  BATTERY CIVILIAN,1,0.014925373
5,459 PC  BURGLARY BUSINESS -> 484 PC  PETTY THEFT/ OUTSIDE,1,0.014925373
5,459 PC  BURGLARY BUSINESS -> FAMILY DISTURBANCE - I RPT,1,0.014925373
5,459 PC  BURGLARY BUSINESS -> TOWED/STORED VEH-14602.6,1,0.014925373
5,459 PC  BURGLARY RESIDENCE -> 10852 VC VEHICLE TAMPERING,1,0.014925373
5,459 PC  BURGLARY RESIDENCE -> 11359 HS POSS FOR SALE MARIJ,1,0.014925373
5,459 PC  BURGLARY RESIDENCE -> 211 PC ROBBERY- BUSINESS,1,0.014925373
5,459 PC  BURGLARY RESIDENCE -> 23222(B)POSSESS MARIJ IN VEH,1,0.014925373
5,459 PC  BURGLARY RESIDENCE -> 243(D) PC BATT/CIVILIAN W/INJ,1,0.014925373
5,459 PC  BURGLARY RESIDENCE -> 246 PC SHOOT OCCUP DWELL/VEH,1,0.014925373
5,459 PC  BURGLARY RESIDENCE -> 4463(A)(1) VC ALTER REG,1,0.014925373
5,459 PC  BURGLARY RESIDENCE -> 484 PC  PETTY THEFT/ OUTSIDE,1,0.014925373
5,459 PC  BURGLARY RESIDENCE -> 484 PETTY THEFT-SHOPLIFT,1,0.014925373
5,459 PC  BURGLARY RESIDENCE -> 484G(B) PC ACCESS CARD FRAUD,1,0.014925373
5,459 PC  BURGLARY RESIDENCE -> 487(A) PC GRAND THEFT,1,0.014925373
5,459 PC  BURGLARY RESIDENCE -> 487(D)GRAND THEFT FIREARM/ANIM,1,0.014925373
5,459 PC  BURGLARY RESIDENCE -> 5150 WI DANGER SELF/OTHERS,1,0.014925373
5,459 PC  BURGLARY RESIDENCE -> 529 PC FALSE PERSONATION,1,0.014925373
5,459 PC  BURGLARY RESIDENCE -> 530.5 PC USE PERSONAL ID INFO,1,0.014925373
5,459 PC  BURGLARY RESIDENCE -> 594(B)(1)PC  VANDALISM +$400,1,0.014925373
5,459 PC  BURGLARY RESIDENCE -> 653M(A) PC OBSCENE/THREAT CALL,1,0.014925373
5,459 PC  BURGLARY RESIDENCE -> ACCIDENTAL FIRES/ARSON -I RPT,1,0.014925373
5,459 PC  BURGLARY RESIDENCE -> CASUALTY REPORT,1,0.014925373
5,459 PC  BURGLARY RESIDENCE -> FOUND PROPERTY - I RPT,1,0.014925373
5,459 PC  BURGLARY RESIDENCE -> HARASSMENT - I RPT,1,0.014925373
5,459 PC  BURGLARY RESIDENCE -> MISCELLANEOUS I RPT (ZMISC),1,0.014925373
5,459 PC  BURGLARY RESIDENCE -> POSSIBLE FINANCIAL CRIME-I RPT,1,0.014925373
5,459 PC  BURGLARY RESIDENCE -> SUSPICIOUS VEHICLE - I RPT,1,0.014925373
5,459 PC  BURGLARY RESIDENCE -> THREATS - I RPT,1,0.014925373
5,459 PC  BURGLARY RESIDENCE -> TRAFFIC - I RPT,1,0.014925373
5,459 PC  BURGLARY RESIDENCE -> TRAFFIC-ACCIDENT INJURY,1,0.014925373
5,459 PC  BURGLARY RESIDENCE -> VANDALISM - I RPT,1,0.014925373
5,459 PC  BURGLARY VEHICLE -> 11357(C)HS POSS +28.5GR MARIJ,1,0.014925373
5,459 PC  BURGLARY VEHICLE -> 11377(A)HS POSS AMPHETAMINES,1,0.014925373
5,459 PC  BURGLARY VEHICLE -> 20002(A) HIT/RUN,1,0.014925373
5,459 PC  BURGLARY VEHICLE -> 211 PC  ROBBERY UNSPECIFIED,1,0.014925373
5,459 PC  BURGLARY VEHICLE -> 242 PC  BATTERY CIVILIAN,1,0.014925373
5,459 PC  BURGLARY VEHICLE -> 243(D) PC BATT/CIVILIAN W/INJ,1,0.014925373
5,459 PC  BURGLARY VEHICLE -> 243(E)1 BATTERY NONCOHAB SPOUS,1,0.014925373
5,459 PC  BURGLARY VEHICLE -> 247(B) PC SHOOT UNOCC BLDG/VEH,1,0.014925373
5,459 PC  BURGLARY VEHICLE -> 459 PC  BURGLARY BUSINESS,1,0.014925373
5,459 PC  BURGLARY VEHICLE -> 484 PETTY THEFT-SHOPLIFT,1,0.014925373
5,459 PC  BURGLARY VEHICLE -> 487(A) GRAND THEFT-CLOUT-UNLOC,1,0.014925373
5,459 PC  BURGLARY VEHICLE -> 487(D)GRAND THEFT FIREARM/ANIM,1,0.014925373
5,459 PC  BURGLARY VEHICLE -> 529 PC FALSE PERSONATION,1,0.014925373
5,459 PC  BURGLARY VEHICLE -> NON INJ HR/MAIL OUT REPORT,1,0.014925373
5,459 PC  BURGLARY VEHICLE -> SUSPICIOUS VEHICLE - I RPT,1,0.014925373
5,459 PC  BURGLARY VEHICLE -> THREATS - I RPT,1,0.014925373
5,459 PC  BURGLARY VEHICLE -> TRAFFIC-ACCIDENT INJURY,1,0.014925373
5,459 PC  BURGLARY VEHICLE -> TRAFFIC-ACCIDENT-NON INJURY,1,0.014925373
5,459 PC  BURGLARY-UNSPECIFIED -> 10851(A)VC TAKE VEH W/O OWNER,1,0.014925373
5,459 PC  BURGLARY-UNSPECIFIED -> 245(A)(1)AWDW/NO FIREARM/CIVIL,1,0.014925373
5,475(A)PC POSS FORGED CHK/NOTE -> 11357(B)HS POSS -28.5GR MARIJ,1,0.014925373
5,475(A)PC POSS FORGED CHK/NOTE -> 487(A) PC GRAND THEFT,1,0.014925373
5,475(A)PC POSS FORGED CHK/NOTE -> FAMILY DISTURBANCE - I RPT,1,0.014925373
5,475(C) PASS FORGED NOTE -> 273.6(A) PC VIO DV COURT ORDER,1,0.014925373
5,475(C) PASS FORGED NOTE -> 487(D)GRAND THEFT FIREARM/ANIM,1,0.014925373
5,475(C) PASS FORGED NOTE -> BURGLARY - I RPT,1,0.014925373
5,475(C) PASS FORGED NOTE -> TOWED/STORED VEH-14602.6,1,0.014925373
5,475(C) PASS FORGED NOTE -> TOWED/STORED VEHICLE,1,0.014925373
5,476 PC PASS FICTICIOUS CHECK -> 459 PC  BURGLARY RESIDENCE,1,0.014925373
5,484 PC   PETTY THEFT/INSIDE -> 10851 VC AUTO THEFT LOCATE,1,0.014925373
5,484 PC   PETTY THEFT/INSIDE -> 20001(A) VC HIT/RUN INJ/DEATH,1,0.014925373
5,484 PC   PETTY THEFT/INSIDE -> 242 PC  BATTERY CIVILIAN,1,0.014925373
5,484 PC   PETTY THEFT/INSIDE -> 459 PC  BURGLARY RESIDENCE,1,0.014925373
5,484 PC   PETTY THEFT/INSIDE -> 484 PC  PETTY THEFT/ OUTSIDE,1,0.014925373
5,484 PC   PETTY THEFT/INSIDE -> 484 PC PETTY THEFT,1,0.014925373
5,484 PC   PETTY THEFT/INSIDE -> NON INJ HR/MAIL OUT REPORT,1,0.014925373
5,484 PC   PETTY THEFT/INSIDE -> TRAFFIC OFFENSE,1,0.014925373
5,484 PC   PETTY THEFT/INSIDE -> TRAFFIC-ACCIDENT-NON INJURY,1,0.014925373
5,484 PC  PETTY THEFT AUTO PART -> 148.9 PC FALSE ID TO OFFICER,1,0.014925373
5,484 PC  PETTY THEFT AUTO PART -> 484 PC   PETTY THEFT/INSIDE,1,0.014925373
5,484 PC  PETTY THEFT AUTO PART -> TOWED/STORED VEH-14602.6,1,0.014925373
5,484 PC  PETTY THEFT AUTO PART -> TRAFFIC-ACCIDENT INJURY,1,0.014925373
5,484 PC  PETTY THEFT/ OUTSIDE -> 459 PC  BURGLARY RESIDENCE,1,0.014925373
5,484 PC  PETTY THEFT/ OUTSIDE -> TOWED/STORED VEHICLE,1,0.014925373
5,484 PC PETTY THEFT -> 459 PC  BURGLARY RESIDENCE,1,0.014925373
5,484 PC PETTY THEFT -> TOWED/STORED VEHICLE,1,0.014925373
5,484 PETTY THEFT CLOUT UNLOCKED -> 647(B) PC   PROSTITUTION,1,0.014925373
5,484 PETTY THEFT CLOUT UNLOCKED -> 653.22(A) LOITER PROSTITUTION,1,0.014925373
5,484 PETTY THEFT-SHOPLIFT -> 10851(A)VC TAKE VEH W/O OWNER,1,0.014925373
5,484 PETTY THEFT-SHOPLIFT -> 243(E)1 BATTERY NONCOHAB SPOUS,1,0.014925373
5,484 PETTY THEFT-SHOPLIFT -> 484 PETTY THEFT-SHOPLIFT,1,0.014925373
5,484 PETTY THEFT-SHOPLIFT -> MISSING PERSON,1,0.014925373
5,484 PETTY THEFT-SHOPLIFT -> MISSING PERSON LOCATE O/S ASSI,1,0.014925373
5,484 PETTY THEFT-SHOPLIFT -> THREATS - I RPT,1,0.014925373
5,484 PETTY THEFT-SHOPLIFT -> TRAFFIC-ACCIDENT-NON INJURY,1,0.014925373
5,484 PETTY THEFT/LICENSE PLATE -> 10851 VC AUTO THEFT LOCATE,1,0.014925373
5,484 PETTY THEFT/LICENSE PLATE -> 10851(A)VC TAKE VEH W/O OWNER,1,0.014925373
5,484 PETTY THEFT/LICENSE PLATE -> 11364 HS POSS DRUG PARAPH,1,0.014925373
5,484 PETTY THEFT/LICENSE PLATE -> 459 PC  BURGLARY RESIDENCE,1,0.014925373
5,484 PETTY THEFT/LICENSE PLATE -> 459 PC  BURGLARY VEHICLE,1,0.014925373
5,484 PETTY THEFT/LICENSE PLATE -> 487(A) GRAND THEFT-CLOUT-UNLOC,1,0.014925373
5,484 PETTY THEFT/LICENSE PLATE -> 647(B) PC   PROSTITUTION,1,0.014925373
5,484 PETTY THEFT/LICENSE PLATE -> TELEPEST -I RPT,1,0.014925373
5,484 PETTY THEFT/LICENSE PLATE -> TRAFFIC-ACCIDENT-NON INJURY,1,0.014925373
5,484G(B) PC ACCESS CARD FRAUD -> 11364 HS POSS DRUG PARAPH,1,0.014925373
5,484G(B) PC ACCESS CARD FRAUD -> 245(A)(1)AWDW/NO FIREARM/CIVIL,1,0.014925373
5,484G(B) PC ACCESS CARD FRAUD -> 459 PC  BURGLARY BUSINESS,1,0.014925373
5,484G(B) PC ACCESS CARD FRAUD -> 484 PETTY THEFT-SHOPLIFT,1,0.014925373
5,484G(B) PC ACCESS CARD FRAUD -> 484 PETTY THEFT/LICENSE PLATE,1,0.014925373
5,484G(B) PC ACCESS CARD FRAUD -> 594(B)(2)(A) VANDALISM/ -$400,1,0.014925373
5,484G(B) PC ACCESS CARD FRAUD -> LOST PROPERTY - I RPT,1,0.014925373
5,484G(B) PC ACCESS CARD FRAUD -> SUSP PERS-NO CRIME - I RPT,1,0.014925373
5,484G(B) PC ACCESS CARD FRAUD -> TRAFFIC-ACCIDENT-NON INJURY,1,0.014925373
5,484J PC PUBLISH CARD INFO -> 11364 HS POSS DRUG PARAPH,1,0.014925373
5,484J PC PUBLISH CARD INFO -> 211 PC  ROBBERY UNSPECIFIED,1,0.014925373
5,484J PC PUBLISH CARD INFO -> 594(B)(2)(A) VANDALISM/ -$400,1,0.014925373
5,484J PC PUBLISH CARD INFO -> LOST PROPERTY - I RPT,1,0.014925373
5,487(A) GRAND THEFT-AUTO PARTS -> TRAFFIC-ACCIDENT-NON INJURY,1,0.014925373
5,487(A) GRAND THEFT-CLOUT-UNLOC -> 459 PC  BURGLARY BUSINESS,1,0.014925373
5,487(A) GRAND THEFT-CLOUT-UNLOC -> 459 PC  BURGLARY RESIDENCE,1,0.014925373
5,487(A) GRAND THEFT-CLOUT-UNLOC -> TOWED/STORED VEH-14602.6,1,0.014925373
5,487(A) GRAND THEFT-INSIDE -> 10851(A)VC TAKE VEH W/O OWNER,1,0.014925373
5,487(A) GRAND THEFT-INSIDE -> 20002(A) HIT/RUN,1,0.014925373
5,487(A) GRAND THEFT-INSIDE -> 4462.5 VC FALSE TAB/AVOID REG,1,0.014925373
5,487(A) GRAND THEFT-INSIDE -> 459 PC  BURGLARY VEHICLE,1,0.014925373
5,487(A) GRAND THEFT-INSIDE -> 484 PC PETTY THEFT,1,0.014925373
5,487(A) GRAND THEFT-INSIDE -> 653M(A) PC OBSCENE/THREAT CALL,1,0.014925373
5,487(A) GRAND THEFT-INSIDE -> MISSING PERSON,1,0.014925373
5,487(A) GRAND THEFT-INSIDE -> THREATS - I RPT,1,0.014925373
5,487(A) PC GRAND THEFT -> 11364 HS POSS DRUG PARAPH,1,0.014925373
5,487(A) PC GRAND THEFT -> 20002(A) HIT/RUN,1,0.014925373
5,487(A) PC GRAND THEFT -> 246 PC SHOOT OCCUP DWELL/VEH,1,0.014925373
5,487(A) PC GRAND THEFT -> ASSAULT WITH WEAPON - I RPT,1,0.014925373
5,496(A) RECEIVE STOLEN PROPERTY -> 10851(A)VC TAKE VEH W/O OWNER,1,0.014925373
5,496(A) RECEIVE STOLEN PROPERTY -> MISSING PERSON,1,0.014925373
5,5150 WI DANGER SELF/OTHERS -> 10851(A)VC TAKE VEH W/O OWNER,1,0.014925373
5,5150 WI DANGER SELF/OTHERS -> 11350(A)HS POSS CNTRL SUBST,1,0.014925373
5,5150 WI DANGER SELF/OTHERS -> 308(B) PC MINOR POSS TOBACCO,1,0.014925373
5,5150 WI DANGER SELF/OTHERS -> 422 PC THREAT/INTENT TO TERROR,1,0.014925373
5,5150 WI DANGER SELF/OTHERS -> 459 PC  BURGLARY VEHICLE,1,0.014925373
5,5150 WI DANGER SELF/OTHERS -> 484 PC   PETTY THEFT/INSIDE,1,0.014925373
5,5150 WI DANGER SELF/OTHERS -> 484 PETTY THEFT/LICENSE PLATE,1,0.014925373
5,5150 WI DANGER SELF/OTHERS -> 529 PC FALSE PERSONATION,1,0.014925373
5,5150 WI DANGER SELF/OTHERS -> 594(B)(1)PC  VANDALISM +$400,1,0.014925373
5,5150 WI DANGER SELF/OTHERS -> MISSING PERSON,1,0.014925373
5,5150 WI DANGER SELF/OTHERS -> PROTECTIVE CUSTODY-I RPT,1,0.014925373
5,5150 WI DANGER SELF/OTHERS -> TRAFFIC-ACCIDENT INJURY,1,0.014925373
5,529 PC FALSE PERSONATION -> 10851(A)VC TAKE VEH W/O OWNER,1,0.014925373
5,529 PC FALSE PERSONATION -> 11357(B)HS POSS -28.5GR MARIJ,1,0.014925373
5,529 PC FALSE PERSONATION -> 422 PC THREAT/INTENT TO TERROR,1,0.014925373
5,529 PC FALSE PERSONATION -> 484 PC   PETTY THEFT/INSIDE,1,0.014925373
5,529 PC FALSE PERSONATION -> 484 PC  PETTY THEFT/ OUTSIDE,1,0.014925373
5,529 PC FALSE PERSONATION -> 594(B)(2)(A) VANDALISM/ -$400,1,0.014925373
5,529 PC FALSE PERSONATION -> LOST PROPERTY - I RPT,1,0.014925373
5,529 PC FALSE PERSONATION -> MISSING PERSON,1,0.014925373
5,529 PC FALSE PERSONATION -> TOWED/STORED VEH-14602.6,1,0.014925373
5,530.5 PC USE PERSONAL ID INFO -> 10851 VC AUTO THEFT LOCATE,1,0.014925373
5,530.5 PC USE PERSONAL ID INFO -> 20002(A) HIT/RUN,1,0.014925373
5,530.5 PC USE PERSONAL ID INFO -> 459 PC  BURGLARY BUSINESS,1,0.014925373
5,530.5 PC USE PERSONAL ID INFO -> 459 PC  BURGLARY RESIDENCE,1,0.014925373
5,530.5 PC USE PERSONAL ID INFO -> 530.5 PC USE PERSONAL ID INFO,1,0.014925373
5,530.5 PC USE PERSONAL ID INFO -> 594(B)(2)(A) VANDALISM/ -$400,1,0.014925373
5,530.5 PC USE PERSONAL ID INFO -> MISSING PERSON,1,0.014925373
5,530.5 PC USE PERSONAL ID INFO -> TOWED/STORED VEH-14602.6,1,0.014925373
5,530.5 PC USE PERSONAL ID INFO -> TOWED/STORED VEHICLE,1,0.014925373
5,532 PC FRAUD OBTAIN MONEY ETC -> 11364 HS POSS DRUG PARAPH,1,0.014925373
5,532 PC FRAUD OBTAIN MONEY ETC -> 211 PC  ROBBERY UNSPECIFIED,1,0.014925373
5,532 PC FRAUD OBTAIN MONEY ETC -> 487(A) GRAND THEFT-INSIDE,1,0.014925373
5,538D PC IMPERSON PEACE OFFICER -> 10851 VC AUTO THEFT LOCATE,1,0.014925373
5,538D PC IMPERSON PEACE OFFICER -> 10851(A)VC TAKE VEH W/O OWNER,1,0.014925373
5,594(B)(1)PC  VANDALISM +$400 -> 11364 HS POSS DRUG PARAPH,1,0.014925373
5,594(B)(1)PC  VANDALISM +$400 -> 23152(B) VC DUI BA .08 OR MORE,1,0.014925373
5,594(B)(1)PC  VANDALISM +$400 -> 459 PC  BURGLARY BUSINESS,1,0.014925373
5,594(B)(1)PC  VANDALISM +$400 -> 459 PC  BURGLARY VEHICLE,1,0.014925373
5,594(B)(1)PC  VANDALISM +$400 -> 487(A) GRAND THEFT-INSIDE,1,0.014925373
5,594(B)(1)PC  VANDALISM +$400 -> 653M(A) PC OBSCENE/THREAT CALL,1,0.014925373
5,594(B)(1)PC  VANDALISM +$400 -> MISSING PERSON,1,0.014925373
5,594(B)(1)PC  VANDALISM +$400 -> MISSING PERSON LOCATE O/S ASSI,1,0.014925373
5,594(B)(1)PC  VANDALISM +$400 -> TOWED/STORED VEH-14602.6,1,0.014925373
5,594(B)(1)PC  VANDALISM +$400 -> TRAFFIC-ACCIDENT INJURY,1,0.014925373
5,594(B)(2)(A) VANDALISM/ -$400 -> 11357(B)HS POSS -28.5GR MARIJ,1,0.014925373
5,594(B)(2)(A) VANDALISM/ -$400 -> 11364 HS POSS DRUG PARAPH,1,0.014925373
5,594(B)(2)(A) VANDALISM/ -$400 -> 211 PC  ROBBERY UNSPECIFIED,1,0.014925373
5,594(B)(2)(A) VANDALISM/ -$400 -> 211 PC ROBBERY- BUSINESS,1,0.014925373
5,594(B)(2)(A) VANDALISM/ -$400 -> 422 PC THREAT/INTENT TO TERROR,1,0.014925373
5,594(B)(2)(A) VANDALISM/ -$400 -> 459 PC  BURGLARY BUSINESS,1,0.014925373
5,594(B)(2)(A) VANDALISM/ -$400 -> 459 PC  BURGLARY RESIDENCE,1,0.014925373
5,594(B)(2)(A) VANDALISM/ -$400 -> 475(C) PASS FORGED NOTE,1,0.014925373
5,594(B)(2)(A) VANDALISM/ -$400 -> 484 PETTY THEFT-SHOPLIFT,1,0.014925373
5,594(B)(2)(A) VANDALISM/ -$400 -> 484G(B) PC ACCESS CARD FRAUD,1,0.014925373
5,594(B)(2)(A) VANDALISM/ -$400 -> 487(A) GRAND THEFT-INSIDE,1,0.014925373
5,594(B)(2)(A) VANDALISM/ -$400 -> 647(B) PC   PROSTITUTION,1,0.014925373
5,594(B)(2)(A) VANDALISM/ -$400 -> 647(F) PC DIP - DISORDERLY,1,0.014925373
5,594(B)(2)(A) VANDALISM/ -$400 -> CASUALTY REPORT,1,0.014925373
5,594(B)(2)(A) VANDALISM/ -$400 -> FORGERY-COUNTERFEITING,1,0.014925373
5,594(B)(2)(A) VANDALISM/ -$400 -> LOST PROPERTY - I RPT,1,0.014925373
5,594(B)(2)(A) VANDALISM/ -$400 -> MISCELLANEOUS I RPT (ZMISC),1,0.014925373
5,594(B)(2)(A) VANDALISM/ -$400 -> TOWED/STORED VEHICLE,1,0.014925373
5,594(B)(2)(A) VANDALISM/ -$400 -> TRAFFIC-ACCIDENT INJURY,1,0.014925373
5,594(B)(2)(A)VANDALISM GRAF-400 -> 10851 VC AUTO THEFT LOCATE,1,0.014925373
5,594(B)(2)(A)VANDALISM GRAF-400 -> 10851(A)VC TAKE VEH W/O OWNER,1,0.014925373
5,594(B)(2)(A)VANDALISM GRAF-400 -> 459 PC  BURGLARY RESIDENCE,1,0.014925373
5,594(B)(2)(A)VANDALISM GRAF-400 -> TOWED/STORED VEH-14602.6,1,0.014925373
5,602(K)TRESPASS:INJURE PROPERTY -> 242 PC  BATTERY CIVILIAN,1,0.014925373
5,602(L)(1)TRESPASS REFUSE TO LV -> 10851(A)VC TAKE VEH W/O OWNER,1,0.014925373
5,602(L)(1)TRESPASS REFUSE TO LV -> 11364 HS POSS DRUG PARAPH,1,0.014925373
5,602(L)(1)TRESPASS REFUSE TO LV -> 5150 WI DANGER SELF/OTHERS,1,0.014925373
5,602(L)(1)TRESPASS REFUSE TO LV -> MISSING PERSON,1,0.014925373
5,602(L)(1)TRESPASS REFUSE TO LV -> THREATS - I RPT,1,0.014925373
5,647(B) PC   PROSTITUTION -> 10851(A)VC TAKE VEH W/O OWNER,1,0.014925373
5,647(B) PC   PROSTITUTION -> 14601.1(A) VC LIC SUSP OTHER,1,0.014925373
5,647(B) PC   PROSTITUTION -> 20002(A) HIT/RUN,1,0.014925373
5,647(B) PC   PROSTITUTION -> 21200.5 VC BICYCLE DUI,1,0.014925373
5,647(B) PC   PROSTITUTION -> 3056 PC PAROLE VIOLATION,1,0.014925373
5,647(B) PC   PROSTITUTION -> 459 PC  BURGLARY BUSINESS,1,0.014925373
5,647(B) PC   PROSTITUTION -> 459 PC  BURGLARY VEHICLE,1,0.014925373
5,647(B) PC   PROSTITUTION -> 487(A) GRAND THEFT-CLOUT-UNLOC,1,0.014925373
5,647(B) PC   PROSTITUTION -> 487(D)GRAND THEFT FIREARM/ANIM,1,0.014925373
5,647(B) PC   PROSTITUTION -> 647(B) PC   PROSTITUTION,1,0.014925373
5,647(B) PC   PROSTITUTION -> 647(F) PC DIP - DISORDERLY,1,0.014925373
5,647(B) PC   PROSTITUTION -> 653.22(A) LOITER PROSTITUTION,1,0.014925373
5,647(B) PC   PROSTITUTION -> MISSING PERSON,1,0.014925373
5,647(F) PC DIP - DISORDERLY -> 11350(B)HS POSSESS QUAALUDES,1,0.014925373
5,647(F) PC DIP - DISORDERLY -> 487(D)GRAND THEFT FIREARM/ANIM,1,0.014925373
5,647(F) PC DIP - DISORDERLY -> NON INJ HR/MAIL OUT REPORT,1,0.014925373
5,647(F) PC PUB INTOX-DETOX ONLY -> 459 PC  BURGLARY RESIDENCE,1,0.014925373
5,647(F) PC PUB INTOX-DETOX ONLY -> TRAFFIC-ACCIDENT INJURY,1,0.014925373
5,647(F) PC PUB INTOX-DETOX ONLY -> TRAFFIC-ACCIDENT-NON INJURY,1,0.014925373
5,653.22(A) LOITER PROSTITUTION -> 10851(A)VC TAKE VEH W/O OWNER,1,0.014925373
5,653.22(A) LOITER PROSTITUTION -> 243(E)1 BATTERY NONCOHAB SPOUS,1,0.014925373
5,653.22(A) LOITER PROSTITUTION -> 647(B) PC   PROSTITUTION,1,0.014925373
5,653.22(A) LOITER PROSTITUTION -> 653.22(A) LOITER PROSTITUTION,1,0.014925373
5,653K PC POSS/SELL SWITCHBLADE -> 10851(A)VC TAKE VEH W/O OWNER,1,0.014925373
5,653K PC POSS/SELL SWITCHBLADE -> 602(L)(1)TRESPASS REFUSE TO LV,1,0.014925373
5,653M(A) PC OBSCENE/THREAT CALL -> 10851(A)VC TAKE VEH W/O OWNER,1,0.014925373
5,653M(A) PC OBSCENE/THREAT CALL -> 459 PC  BURGLARY VEHICLE,1,0.014925373
5,664/187(A) ATTEMPTED HOMICIDE -> TOWED/STORED VEHICLE,1,0.014925373
5,ACCIDENTAL FIRES/ARSON -I RPT -> MISSING PERSON,1,0.014925373
5,ACCIDENTAL FIRES/ARSON -I RPT -> TRAFFIC-ACCIDENT-NON INJURY,1,0.014925373
5,ASSAULT WITH WEAPON - I RPT -> 10851(A)VC TAKE VEH W/O OWNER,1,0.014925373
5,ASSAULT WITH WEAPON - I RPT -> 11357(B)HS POSS -28.5GR MARIJ,1,0.014925373
5,ASSAULT WITH WEAPON - I RPT -> 243.4(A) SEXUAL BATTERY,1,0.014925373
5,ASSAULT WITH WEAPON - I RPT -> 246 PC SHOOT OCCUP DWELL/VEH,1,0.014925373
5,ASSAULT WITH WEAPON - I RPT -> 647(B) PC   PROSTITUTION,1,0.014925373
5,ASSAULT WITH WEAPON - I RPT -> 653.22(A) LOITER PROSTITUTION,1,0.014925373
5,ASSAULT WITH WEAPON - I RPT -> TRAFFIC-ACCIDENT INJURY,1,0.014925373
5,BATTERY - I RPT -> 10851 VC AUTO THEFT LOCATE,1,0.014925373
5,BATTERY - I RPT -> 20002(A) HIT/RUN,1,0.014925373
5,BATTERY - I RPT -> 246 PC SHOOT OCCUP DWELL/VEH,1,0.014925373
5,BATTERY - I RPT -> 459 PC  BURGLARY RESIDENCE,1,0.014925373
5,BATTERY - I RPT -> TOWED/STORED VEH-14602.6,1,0.014925373
5,BURGLARY - I RPT -> 484 PETTY THEFT/LICENSE PLATE,1,0.014925373
5,BURGLARY - I RPT -> TRAFFIC-ACCIDENT-NON INJURY,1,0.014925373
5,CASUALTY REPORT -> 10851(A)VC TAKE VEH W/O OWNER,1,0.014925373
5,CASUALTY REPORT -> 12316(B)(1)FELON POSSESS AMMO,1,0.014925373
5,CASUALTY REPORT -> 243(E)1 BATTERY NONCOHAB SPOUS,1,0.014925373
5,CASUALTY REPORT -> 422 PC THREAT/INTENT TO TERROR,1,0.014925373
5,CASUALTY REPORT -> 5150 WI DANGER SELF/OTHERS,1,0.014925373
5,CASUALTY REPORT -> CHILD WELFARE - I RPT,1,0.014925373
5,CASUALTY REPORT -> JUVENILE DISURBANCE - I RPT,1,0.014925373
5,CASUALTY REPORT -> THREATS - I RPT,1,0.014925373
5,CASUALTY REPORT -> TOWED/STORED VEH-14602.6,1,0.014925373
5,CHILD CUSTODY - I RPT -> 243(E)1 BATTERY NONCOHAB SPOUS,1,0.014925373
5,CHILD CUSTODY - I RPT -> TRAFFIC - I RPT,1,0.014925373
5,CHILD WELFARE - I RPT -> 10851(A)VC TAKE VEH W/O OWNER,1,0.014925373
5,CHILD WELFARE - I RPT -> 20002(A) HIT/RUN,1,0.014925373
5,CHILD WELFARE - I RPT -> 245(A)(1)AWDW/NO FIREARM/CIVIL,1,0.014925373
5,CHILD WELFARE - I RPT -> 245(C) AWDW/NO FIREARM/OFFICER,1,0.014925373
5,CHILD WELFARE - I RPT -> 3056 PC PAROLE VIOLATION,1,0.014925373
5,CHILD WELFARE - I RPT -> 594(B)(2)(A) VANDALISM/ -$400,1,0.014925373
5,CHILD WELFARE - I RPT -> 653.22(A) LOITER PROSTITUTION,1,0.014925373
5,CHILD WELFARE - I RPT -> 653M(A) PC OBSCENE/THREAT CALL,1,0.014925373
5,CHILD WELFARE - I RPT -> FRAUD OR BUNCO - I RPT,1,0.014925373
5,CHILD WELFARE - I RPT -> GANG ACTIVITY - I RPT,1,0.014925373
5,CHILD WELFARE - I RPT -> TOWED/STORED VEH-14602.6,1,0.014925373
5,CHILD WELFARE - I RPT -> TRAFFIC - I RPT,1,0.014925373
5,COLLISION/ACCIDENT BOATS -> 148.9 PC FALSE ID TO OFFICER,1,0.014925373
5,FAMILY DISTURBANCE - I RPT -> 23152(A) VC DUI-ALCOHOL/DRUGS,1,0.014925373
5,FAMILY DISTURBANCE - I RPT -> 487(A) PC GRAND THEFT-SHOPLIFT,1,0.014925373
5,FAMILY DISTURBANCE - I RPT -> MISSING PERSON,1,0.014925373
5,FORGERY-COUNTERFEITING -> 487(D)GRAND THEFT FIREARM/ANIM,1,0.014925373
5,FORGERY-COUNTERFEITING -> TOWED/STORED VEH-14602.6,1,0.014925373
5,FOUND PROPERTY - I RPT -> 10851(A)VC TAKE VEH W/O OWNER,1,0.014925373
5,FOUND PROPERTY - I RPT -> 12021(A)(1)PC FELON POSS FRARM,1,0.014925373
5,FOUND PROPERTY - I RPT -> 243(E)1 BATTERY NONCOHAB SPOUS,1,0.014925373
5,FOUND PROPERTY - I RPT -> 459 PC  BURGLARY VEHICLE,1,0.014925373
5,FOUND PROPERTY - I RPT -> JUVENILE PROBLEMS - I RPT,1,0.014925373
5,FOUND PROPERTY - I RPT -> MISCELLANEOUS I RPT (ZMISC),1,0.014925373
5,FOUND PROPERTY - I RPT -> MISSING PERSON,1,0.014925373
5,FRAUD OR BUNCO - I RPT -> 653M(A) PC OBSCENE/THREAT CALL,1,0.014925373
5,FRAUDULENT DOCUMENTS- I RPT -> 10851(A)VC TAKE VEH W/O OWNER,1,0.014925373
5,FRAUDULENT DOCUMENTS- I RPT -> 653K PC POSS/SELL SWITCHBLADE,1,0.014925373
5,GANG ACTIVITY - I RPT -> 12021(A)(1)PC FELON POSS FRARM,1,0.014925373
5,GANG ACTIVITY - I RPT -> 20002(A) HIT/RUN,1,0.014925373
5,GANG ACTIVITY - I RPT -> 243(E)1 BATTERY NONCOHAB SPOUS,1,0.014925373
5,GANG ACTIVITY - I RPT -> 245(A)(1)AWDW/NO FIREARM/CIVIL,1,0.014925373
5,GANG ACTIVITY - I RPT -> 245(C) AWDW/NO FIREARM/OFFICER,1,0.014925373
5,GANG ACTIVITY - I RPT -> 422 PC THREAT/INTENT TO TERROR,1,0.014925373
5,GANG ACTIVITY - I RPT -> 459 PC  BURGLARY BUSINESS,1,0.014925373
5,GANG ACTIVITY - I RPT -> 459 PC  BURGLARY RESIDENCE,1,0.014925373
5,GANG ACTIVITY - I RPT -> 459 PC  BURGLARY VEHICLE,1,0.014925373
5,GANG ACTIVITY - I RPT -> 484 PC   PETTY THEFT/INSIDE,1,0.014925373
5,GANG ACTIVITY - I RPT -> 484 PETTY THEFT-SHOPLIFT,1,0.014925373
5,GANG ACTIVITY - I RPT -> 496(A) RECEIVE STOLEN PROPERTY,1,0.014925373
5,GANG ACTIVITY - I RPT -> 5150 WI DANGER SELF/OTHERS,1,0.014925373
5,GANG ACTIVITY - I RPT -> 594(B)(2)(A)VANDALISM GRAF-400,1,0.014925373
5,GANG ACTIVITY - I RPT -> CASUALTY REPORT,1,0.014925373
5,GANG ACTIVITY - I RPT -> GANG ACTIVITY - I RPT,1,0.014925373
5,GANG ACTIVITY - I RPT -> TRAFFIC-ACCIDENT INJURY,1,0.014925373
5,HARASSMENT - I RPT -> 10851(A)VC TAKE VEH W/O OWNER,1,0.014925373
5,HARASSMENT - I RPT -> 422 PC THREAT/INTENT TO TERROR,1,0.014925373
5,HARASSMENT - I RPT -> 459 PC  BURGLARY VEHICLE,1,0.014925373
5,HARASSMENT - I RPT -> 487(A) PC GRAND THEFT,1,0.014925373
5,HARASSMENT - I RPT -> GANG ACTIVITY - I RPT,1,0.014925373
5,HARASSMENT - I RPT -> TOWED/STORED VEH-14602.6,1,0.014925373
5,JUVENILE DISURBANCE - I RPT -> 10851 VC AUTO THEFT LOCATE,1,0.014925373
5,JUVENILE DISURBANCE - I RPT -> 11364 HS POSS DRUG PARAPH,1,0.014925373
5,JUVENILE DISURBANCE - I RPT -> 594(B)(2)(A)VANDALISM GRAF-400,1,0.014925373
5,JUVENILE DISURBANCE - I RPT -> 653M(A) PC OBSCENE/THREAT CALL,1,0.014925373
5,JUVENILE DISURBANCE - I RPT -> FRAUD OR BUNCO - I RPT,1,0.014925373
5,JUVENILE PROBLEMS - I RPT -> 10851(A)VC TAKE VEH W/O OWNER,1,0.014925373
5,JUVENILE PROBLEMS - I RPT -> 23152(A) VC DUI-ALCOHOL/DRUGS,1,0.014925373
5,JUVENILE PROBLEMS - I RPT -> JUVENILE PROBLEMS - I RPT,1,0.014925373
5,JUVENILE PROBLEMS - I RPT -> NON INJ HR/MAIL OUT REPORT,1,0.014925373
5,JUVENILE PROBLEMS - I RPT -> TOWED/STORED VEHICLE,1,0.014925373
5,JUVENILE PROBLEMS - I RPT -> TRAFFIC-ACCIDENT-NON INJURY,1,0.014925373
5,LOST PROPERTY - I RPT -> THREATS - I RPT,1,0.014925373
5,LOST PROPERTY - I RPT -> TRAFFIC-ACCIDENT INJURY,1,0.014925373
5,LOST PROPERTY-MATRICULA I RPT -> 211 PC  ROBBERY UNSPECIFIED,1,0.014925373
5,MISCELLANEOUS I RPT (ZMISC) -> 12316(B)(1)FELON POSSESS AMMO,1,0.014925373
5,MISCELLANEOUS I RPT (ZMISC) -> 240 PC ASSAULT/SIMPLE-CIVILIAN,1,0.014925373
5,MISCELLANEOUS I RPT (ZMISC) -> 245(A)(1)AWDW/NO FIREARM/CIVIL,1,0.014925373
5,MISCELLANEOUS I RPT (ZMISC) -> 459 PC  BURGLARY BUSINESS,1,0.014925373
5,MISCELLANEOUS I RPT (ZMISC) -> 459 PC  BURGLARY RESIDENCE,1,0.014925373
5,MISCELLANEOUS I RPT (ZMISC) -> 487(A) GRAND THEFT-CLOUT-UNLOC,1,0.014925373
5,MISCELLANEOUS I RPT (ZMISC) -> 647(F) PC PUB INTOX-DETOX ONLY,1,0.014925373
5,MISCELLANEOUS I RPT (ZMISC) -> CHILD WELFARE - I RPT,1,0.014925373
5,MISCELLANEOUS I RPT (ZMISC) -> FOUND PROPERTY - I RPT,1,0.014925373
5,MISCELLANEOUS I RPT (ZMISC) -> JUVENILE DISURBANCE - I RPT,1,0.014925373
5,MISCELLANEOUS I RPT (ZMISC) -> MISSING PERSON,1,0.014925373
5,MISCELLANEOUS I RPT (ZMISC) -> THREATS - I RPT,1,0.014925373
5,MISCELLANEOUS I RPT (ZMISC) -> TOWED/STORED VEHICLE,1,0.014925373
5,MISCELLANEOUS I RPT (ZMISC) -> TRAFFIC-ACCIDENT INJURY,1,0.014925373
5,MISSING PERSON -> 11379(A)HS SALE/TRAN CNTRL SUB,1,0.014925373
5,MISSING PERSON -> 1708 US   THEFT OF MAIL,1,0.014925373
5,MISSING PERSON -> 20002(A) HIT/RUN,1,0.014925373
5,MISSING PERSON -> 23152(A) VC DUI-ALCOHOL/DRUGS,1,0.014925373
5,MISSING PERSON -> 23153(A) VC DUI CAUSE INJURY,1,0.014925373
5,MISSING PERSON -> 243(E)1 BATTERY NONCOHAB SPOUS,1,0.014925373
5,MISSING PERSON -> 245(A)(1)AWDW/NO FIREARM/CIVIL,1,0.014925373
5,MISSING PERSON -> 273.6(A) PC VIO DV COURT ORDER,1,0.014925373
5,MISSING PERSON -> 459 PC  BURGLARY VEHICLE,1,0.014925373
5,MISSING PERSON -> 484 PC   PETTY THEFT/INSIDE,1,0.014925373
5,MISSING PERSON -> 484 PETTY THEFT/LICENSE PLATE,1,0.014925373
5,MISSING PERSON -> 594(B)(1)PC  VANDALISM +$400,1,0.014925373
5,MISSING PERSON -> 594(B)(2)(A)VANDALISM GRAF-400,1,0.014925373
5,MISSING PERSON -> ACCIDENTAL FIRES/ARSON -I RPT,1,0.014925373
5,MISSING PERSON -> CHILD CUSTODY - I RPT,1,0.014925373
5,MISSING PERSON -> HARASSMENT - I RPT,1,0.014925373
5,MISSING PERSON -> JUVENILE PROBLEMS - I RPT,1,0.014925373
5,MISSING PERSON -> POSSIBLE FINANCIAL CRIME-I RPT,1,0.014925373
5,MISSING PERSON -> THREATS - I RPT,1,0.014925373
5,MISSING PERSON I RPT -> 10851(A)VC TAKE VEH W/O OWNER,1,0.014925373
5,MISSING PERSON I RPT -> 11357(B)HS POSS -28.5GR MARIJ,1,0.014925373
5,MISSING PERSON I RPT -> 240 PC ASSAULT/SIMPLE-CIVILIAN,1,0.014925373
5,MISSING PERSON I RPT -> 459 PC  BURGLARY RESIDENCE,1,0.014925373
5,MISSING PERSON I RPT -> 496(A) RECEIVE STOLEN PROPERTY,1,0.014925373
5,MISSING PERSON I RPT -> BURGLARY - I RPT,1,0.014925373
5,MISSING PERSON I RPT -> MISSING PERSON I RPT,1,0.014925373
5,MISSING PERSON I RPT -> NARCOTICS SUSP/EVID/ACT- I RPT,1,0.014925373
5,MISSING PERSON I RPT -> TRAFFIC-ACCIDENT INJURY,1,0.014925373
5,MISSING PERSON LOCATE O/S ASSI -> 243(E)1 BATTERY NONCOHAB SPOUS,1,0.014925373
5,MISSING PERSON LOCATE O/S ASSI -> 5150 WI DANGER SELF/OTHERS,1,0.014925373
5,NARCOTICS SUSP/EVID/ACT- I RPT -> 242 PC  BATTERY CIVILIAN,1,0.014925373
5,NARCOTICS SUSP/EVID/ACT- I RPT -> 459 PC  BURGLARY BUSINESS,1,0.014925373
5,NARCOTICS SUSP/EVID/ACT- I RPT -> 484G(B) PC ACCESS CARD FRAUD,1,0.014925373
5,NEIGHBORHOOD DISTURBANCE-I RPT -> 459 PC  BURGLARY RESIDENCE,1,0.014925373
5,NEIGHBORHOOD DISTURBANCE-I RPT -> 647(F) PC DIP - DISORDERLY,1,0.014925373
5,NEIGHBORHOOD DISTURBANCE-I RPT -> MISSING PERSON I RPT,1,0.014925373
5,NON INJ HR/MAIL OUT REPORT -> 23152(A) VC DUI-ALCOHOL/DRUGS,1,0.014925373
5,NON INJ HR/MAIL OUT REPORT -> 459 PC  BURGLARY RESIDENCE,1,0.014925373
5,NON INJ HR/MAIL OUT REPORT -> 459 PC  BURGLARY VEHICLE,1,0.014925373
5,NON INJ HR/MAIL OUT REPORT -> 647(F) PC DIP - DISORDERLY,1,0.014925373
5,NON INJ HR/MAIL OUT REPORT -> MISSING PERSON I RPT,1,0.014925373
5,NON INJ HR/MAIL OUT REPORT -> TRAFFIC-ACCIDENT-NON INJURY,1,0.014925373
5,PERSON INFORMATION - I RPT -> 10851(A)VC TAKE VEH W/O OWNER,1,0.014925373
5,PERSON INFORMATION - I RPT -> 243.2(A)(1) BATT/SCHOOL INJURY,1,0.014925373
5,PERSON INFORMATION - I RPT -> 273.6(A) PC VIO DV COURT ORDER,1,0.014925373
5,PERSON INFORMATION - I RPT -> MISSING PERSON,1,0.014925373
5,POSSIBLE FINANCIAL CRIME-I RPT -> LOST PROPERTY - I RPT,1,0.014925373
5,POSSIBLE MENTAL - I RPT -> 459 PC  BURGLARY RESIDENCE,1,0.014925373
5,POSSIBLE MENTAL - I RPT -> 5150 WI DANGER SELF/OTHERS,1,0.014925373
5,POSSIBLE STOLEN PROPERTY-I RPT -> 10851(A)VC TAKE VEH W/O OWNER,1,0.014925373
5,POSSIBLE STOLEN PROPERTY-I RPT -> 11350(A)HS POSS CNTRL SUBST,1,0.014925373
5,POSSIBLE STOLEN PROPERTY-I RPT -> 11550(A)HS UNDER INFL NARCOTIC,1,0.014925373
5,POSSIBLE STOLEN PROPERTY-I RPT -> 484 PETTY THEFT/LICENSE PLATE,1,0.014925373
5,POSSIBLE STOLEN PROPERTY-I RPT -> BURGLARY - I RPT,1,0.014925373
5,PROTECTIVE CUSTODY-I RPT -> 10851(A)VC TAKE VEH W/O OWNER,1,0.014925373
5,SUSP PERS-NO CRIME - I RPT -> 459 PC  BURGLARY BUSINESS,1,0.014925373
5,SUSP PERS-NO CRIME - I RPT -> 459 PC  BURGLARY RESIDENCE,1,0.014925373
5,SUSP PERS-NO CRIME - I RPT -> GANG ACTIVITY - I RPT,1,0.014925373
5,SUSP PERS-NO CRIME - I RPT -> TOWED/STORED VEH-14602.6,1,0.014925373
5,THREATS - I RPT -> 11357(B)HS POSS -28.5GR MARIJ,1,0.014925373
5,THREATS - I RPT -> 243(D) PC BATT/CIVILIAN W/INJ,1,0.014925373
5,THREATS - I RPT -> 308(B) PC MINOR POSS TOBACCO,1,0.014925373
5,THREATS - I RPT -> 475(A)PC POSS FORGED CHK/NOTE,1,0.014925373
5,THREATS - I RPT -> ACCIDENTAL FIRES/ARSON -I RPT,1,0.014925373
5,THREATS - I RPT -> JUVENILE DISURBANCE - I RPT,1,0.014925373
5,THREATS - I RPT -> JUVENILE PROBLEMS - I RPT,1,0.014925373
5,TOWED/STORED VEH-14602.6 -> 10852 VC VEHICLE TAMPERING,1,0.014925373
5,TOWED/STORED VEH-14602.6 -> 11357(C)HS POSS +28.5GR MARIJ,1,0.014925373
5,TOWED/STORED VEH-14602.6 -> 11364 HS POSS DRUG PARAPH,1,0.014925373
5,TOWED/STORED VEH-14602.6 -> 1203.2 PC VIOLATION OF PROBATI,1,0.014925373
5,TOWED/STORED VEH-14602.6 -> 148.9 PC FALSE ID TO OFFICER,1,0.014925373
5,TOWED/STORED VEH-14602.6 -> 20001(A) VC HIT/RUN INJ/DEATH,1,0.014925373
5,TOWED/STORED VEH-14602.6 -> 22435.2(A) BP POSS SHOP CART,1,0.014925373
5,TOWED/STORED VEH-14602.6 -> 23103(A) RECKLESS ON HIGHWAY,1,0.014925373
5,TOWED/STORED VEH-14602.6 -> 23152(A) VC DUI-ALCOHOL/DRUGS,1,0.014925373
5,TOWED/STORED VEH-14602.6 -> 247(B) PC SHOOT UNOCC BLDG/VEH,1,0.014925373
5,TOWED/STORED VEH-14602.6 -> 422 PC THREAT/INTENT TO TERROR,1,0.014925373
5,TOWED/STORED VEH-14602.6 -> 459 PC  BURGLARY VEHICLE,1,0.014925373
5,TOWED/STORED VEH-14602.6 -> 484 PC   PETTY THEFT/INSIDE,1,0.014925373
5,TOWED/STORED VEH-14602.6 -> 484 PC  PETTY THEFT/ OUTSIDE,1,0.014925373
5,TOWED/STORED VEH-14602.6 -> 484G(A)PC USE FORGED CARD,1,0.014925373
5,TOWED/STORED VEH-14602.6 -> 484G(B) PC ACCESS CARD FRAUD,1,0.014925373
5,TOWED/STORED VEH-14602.6 -> 487(D)GRAND THEFT FIREARM/ANIM,1,0.014925373
5,TOWED/STORED VEH-14602.6 -> 529 PC FALSE PERSONATION,1,0.014925373
5,TOWED/STORED VEH-14602.6 -> 594(B)(1)PC  VANDALISM +$400,1,0.014925373
5,TOWED/STORED VEH-14602.6 -> 647(F) PC PUB INTOX-DETOX ONLY,1,0.014925373
5,TOWED/STORED VEH-14602.6 -> ACCIDENTAL FIRES/ARSON -I RPT,1,0.014925373
5,TOWED/STORED VEH-14602.6 -> GANG ACTIVITY - I RPT,1,0.014925373
5,TOWED/STORED VEH-14602.6 -> LOST PROPERTY - I RPT,1,0.014925373
5,TOWED/STORED VEH-14602.6 -> MISSING PERSON LOCATE O/S ASSI,1,0.014925373
5,TOWED/STORED VEH-14602.6 -> TRAFFIC-ACCIDENT INJURY,1,0.014925373
5,TOWED/STORED VEHICLE -> 11364 HS POSS DRUG PARAPH,1,0.014925373
5,TOWED/STORED VEHICLE -> 211 PC ROBBERY-PURSE SNATCH,1,0.014925373
5,TOWED/STORED VEHICLE -> 22435.2(A) BP POSS SHOP CART,1,0.014925373
5,TOWED/STORED VEHICLE -> 23152(B) VC DUI BA .08 OR MORE,1,0.014925373
5,TOWED/STORED VEHICLE -> 23153(A) VC DUI CAUSE INJURY,1,0.014925373
5,TOWED/STORED VEHICLE -> 243(E)1 BATTERY NONCOHAB SPOUS,1,0.014925373
5,TOWED/STORED VEHICLE -> 273.6(A) PC VIO DV COURT ORDER,1,0.014925373
5,TOWED/STORED VEHICLE -> 484 PC   PETTY THEFT/INSIDE,1,0.014925373
5,TOWED/STORED VEHICLE -> 5150 WI DANGER SELF/OTHERS,1,0.014925373
5,TOWED/STORED VEHICLE -> 594(B)(2)(A) VANDALISM/ -$400,1,0.014925373
5,TOWED/STORED VEHICLE -> 594(B)(2)(A)VANDALISM GRAF-400,1,0.014925373
5,TOWED/STORED VEHICLE -> 647(F) PC DIP - DISORDERLY,1,0.014925373
5,TOWED/STORED VEHICLE -> CHILD WELFARE - I RPT,1,0.014925373
5,TOWED/STORED VEHICLE -> FRAUD OR BUNCO - I RPT,1,0.014925373
5,TOWED/STORED VEHICLE -> GANG ACTIVITY - I RPT,1,0.014925373
5,TOWED/STORED VEHICLE -> JUVENILE DISURBANCE - I RPT,1,0.014925373
5,TOWED/STORED VEHICLE -> JUVENILE PROBLEMS - I RPT,1,0.014925373
5,TOWED/STORED VEHICLE -> LOST PROPERTY - I RPT,1,0.014925373
5,TOWED/STORED VEHICLE -> MISCELLANEOUS I RPT (ZMISC),1,0.014925373
5,TOWED/STORED VEHICLE -> NON INJ HR/MAIL OUT REPORT,1,0.014925373
5,TOWED/STORED VEHICLE -> POSSIBLE FINANCIAL CRIME-I RPT,1,0.014925373
5,TOWED/STORED VEHICLE -> SUSPICIOUS VEHICLE - I RPT,1,0.014925373
5,TOWED/STORED VEHICLE -> TELEPEST -I RPT,1,0.014925373
5,TOWED/STORED VEHICLE -> THREATS - I RPT,1,0.014925373
5,TRAFFIC - I RPT -> 10851(A)VC TAKE VEH W/O OWNER,1,0.014925373
5,TRAFFIC - I RPT -> 211 PC  ROBBERY UNSPECIFIED,1,0.014925373
5,TRAFFIC - I RPT -> 422 PC THREAT/INTENT TO TERROR,1,0.014925373
5,TRAFFIC - I RPT -> 594(B)(2)(A) VANDALISM/ -$400,1,0.014925373
5,TRAFFIC - I RPT -> LOST PROPERTY-MATRICULA I RPT,1,0.014925373
5,TRAFFIC - I RPT -> MISSING PERSON,1,0.014925373
5,TRAFFIC - I RPT -> TOWED/STORED VEHICLE,1,0.014925373
5,TRAFFIC OFFENSE -> 459 PC  BURGLARY RESIDENCE,1,0.014925373
5,TRAFFIC-ACCIDENT INJURY -> 11357(B)HS POSS -28.5GR MARIJ,1,0.014925373
5,TRAFFIC-ACCIDENT INJURY -> 20001(A) VC HIT/RUN INJ/DEATH,1,0.014925373
5,TRAFFIC-ACCIDENT INJURY -> 243(E)1 BATTERY NONCOHAB SPOUS,1,0.014925373
5,TRAFFIC-ACCIDENT INJURY -> 245(A)(1)AWDW/NO FIREARM/CIVIL,1,0.014925373
5,TRAFFIC-ACCIDENT INJURY -> 246 PC SHOOT OCCUP DWELL/VEH,1,0.014925373
5,TRAFFIC-ACCIDENT INJURY -> 459 PC  BURGLARY BUSINESS,1,0.014925373
5,TRAFFIC-ACCIDENT INJURY -> 475(A)PC POSS FORGED CHK/NOTE,1,0.014925373
5,TRAFFIC-ACCIDENT INJURY -> 475(C) PASS FORGED NOTE,1,0.014925373
5,TRAFFIC-ACCIDENT INJURY -> 484 PC   PETTY THEFT/INSIDE,1,0.014925373
5,TRAFFIC-ACCIDENT INJURY -> 487(D)GRAND THEFT FIREARM/ANIM,1,0.014925373
5,TRAFFIC-ACCIDENT INJURY -> 653.22(A) LOITER PROSTITUTION,1,0.014925373
5,TRAFFIC-ACCIDENT INJURY -> FORGERY-COUNTERFEITING,1,0.014925373
5,TRAFFIC-ACCIDENT INJURY -> GANG ACTIVITY - I RPT,1,0.014925373
5,TRAFFIC-ACCIDENT INJURY -> TELEPEST -I RPT,1,0.014925373
5,TRAFFIC-ACCIDENT-NON INJURY -> 10851(A)VC TAKE VEH W/O OWNER,1,0.014925373
5,TRAFFIC-ACCIDENT-NON INJURY -> 11357(B)HS POSS -28.5GR MARIJ,1,0.014925373
5,TRAFFIC-ACCIDENT-NON INJURY -> 148.9 PC FALSE ID TO OFFICER,1,0.014925373
5,TRAFFIC-ACCIDENT-NON INJURY -> 20002(A) HIT/RUN,1,0.014925373
5,TRAFFIC-ACCIDENT-NON INJURY -> 211 PC ROBBERY- BUSINESS,1,0.014925373
5,TRAFFIC-ACCIDENT-NON INJURY -> 211 PC ROBBERY-PURSE SNATCH,1,0.014925373
5,TRAFFIC-ACCIDENT-NON INJURY -> 242 PC  BATTERY CIVILIAN,1,0.014925373
5,TRAFFIC-ACCIDENT-NON INJURY -> 245(A)(1)AWDW/NO FIREARM/CIVIL,1,0.014925373
5,TRAFFIC-ACCIDENT-NON INJURY -> 245(A)(2) AWDW/FIREARM/CIVILIA,1,0.014925373
5,TRAFFIC-ACCIDENT-NON INJURY -> 487(A) GRAND THEFT-INSIDE,1,0.014925373
5,TRAFFIC-ACCIDENT-NON INJURY -> 529 PC FALSE PERSONATION,1,0.014925373
5,TRAFFIC-ACCIDENT-NON INJURY -> 594(B)(2)(A) VANDALISM/ -$400,1,0.014925373
5,TRAFFIC-ACCIDENT-NON INJURY -> 594(B)(2)(A)VANDALISM GRAF-400,1,0.014925373
5,TRAFFIC-ACCIDENT-NON INJURY -> 653M(B) PC ANNOY/RPT CALL HOME,1,0.014925373
5,TRAFFIC-ACCIDENT-NON INJURY -> ACCIDENTAL FIRES/ARSON -I RPT,1,0.014925373
5,TRAFFIC-ACCIDENT-NON INJURY -> BATTERY - I RPT,1,0.014925373
5,TRAFFIC-ACCIDENT-NON INJURY -> MISCELLANEOUS I RPT (ZMISC),1,0.014925373
5,TRAFFIC-ACCIDENT-NON INJURY -> MISSING PERSON I RPT,1,0.014925373
5,TRAFFIC-ACCIDENT-NON INJURY -> THREATS - I RPT,1,0.014925373
5,TRAFFIC-ACCIDENT-NON INJURY -> TRAFFIC-ACCIDENT INJURY,1,0.014925373
5,TRAFFIC-ACCIDENT-NON INJURY -> TRAFFIC-ACCIDENT-NON INJURY,1,0.014925373
5,TRESPASS OR PROWLER- I RPT -> 23152(A) VC DUI-ALCOHOL/DRUGS,1,0.014925373
5,VANDALISM - I RPT -> 10851(A)VC TAKE VEH W/O OWNER,1,0.014925373
5,VANDALISM - I RPT -> 487(D)GRAND THEFT FIREARM/ANIM,1,0.014925373
5,VANDALISM - I RPT -> 5150 WI DANGER SELF/OTHERS,1,0.014925373
5,VANDALISM - I RPT -> 594(B)(1)PC  VANDALISM +$400,1,0.014925373
5,VANDALISM - I RPT -> 647(F) PC DIP - DISORDERLY,1,0.014925373
5,VANDALISM - I RPT -> MISSING PERSON,1,0.014925373
5,VANDALISM - I RPT -> THREATS - I RPT,1,0.014925373
5,VANDALISM - I RPT -> TRAFFIC-ACCIDENT INJURY,1,0.014925373
5,WANTED SUBJ-O/S WANT/ I RPT -> 10851(A)VC TAKE VEH W/O OWNER,1,0.014925373
5,WANTED SUBJ-O/S WANT/ I RPT -> TOWED/STORED VEH-14602.6,1,0.014925373
5,WARRANT SERVED - I RPT -> 243(E)1 BATTERY NONCOHAB SPOUS,1,0.014925373
6,TOWED/STORED VEH-14602.6 -> TOWED/STORED VEHICLE,17,0.166666667
6,TOWED/STORED VEHICLE -> TOWED/STORED VEHICLE,15,0.147058824
6,TOWED/STORED VEH-14602.6 -> TOWED/STORED VEH-14602.6,14,0.137254902
6,TOWED/STORED VEHICLE -> TOWED/STORED VEH-14602.6,11,0.107843137
6,459 PC  BURGLARY VEHICLE -> 10851(A)VC TAKE VEH W/O OWNER,9,0.088235294
6,TOWED/STORED VEH-14602.6 -> 459 PC  BURGLARY RESIDENCE,9,0.088235294
6,TOWED/STORED VEHICLE -> 10851(A)VC TAKE VEH W/O OWNER,9,0.088235294
6,TOWED/STORED VEH-14602.6 -> 10851 VC AUTO THEFT LOCATE,8,0.078431373
6,TOWED/STORED VEH-14602.6 -> 10851(A)VC TAKE VEH W/O OWNER,8,0.078431373
6,TOWED/STORED VEH-14602.6 -> 459 PC  BURGLARY VEHICLE,7,0.068627451
6,TOWED/STORED VEHICLE -> 459 PC  BURGLARY RESIDENCE,7,0.068627451
6,10851(A)VC TAKE VEH W/O OWNER -> 10851(A)VC TAKE VEH W/O OWNER,6,0.058823529
6,11364 HS POSS DRUG PARAPH -> TOWED/STORED VEH-14602.6,6,0.058823529
6,459 PC  BURGLARY RESIDENCE -> 10851(A)VC TAKE VEH W/O OWNER,6,0.058823529
6,10851 VC AUTO THEFT LOCATE -> 10851 VC AUTO THEFT LOCATE,5,0.049019608
6,459 PC  BURGLARY RESIDENCE -> 10851 VC AUTO THEFT LOCATE,5,0.049019608
6,459 PC  BURGLARY RESIDENCE -> 459 PC  BURGLARY RESIDENCE,5,0.049019608
6,459 PC  BURGLARY VEHICLE -> 459 PC  BURGLARY RESIDENCE,5,0.049019608
6,459 PC  BURGLARY VEHICLE -> TOWED/STORED VEHICLE,5,0.049019608
6,TOWED/STORED VEH-14602.6 -> TRAFFIC-ACCIDENT-NON INJURY,5,0.049019608
6,10851 VC AUTO THEFT LOCATE -> MISSING PERSON,4,0.039215686
6,10851(A)VC TAKE VEH W/O OWNER -> 10851 VC AUTO THEFT LOCATE,4,0.039215686
6,10851(A)VC TAKE VEH W/O OWNER -> 459 PC  BURGLARY BUSINESS,4,0.039215686
6,10851(A)VC TAKE VEH W/O OWNER -> 459 PC  BURGLARY VEHICLE,4,0.039215686
6,11352(A)HS SALE/TRANS CNTL SUB -> TOWED/STORED VEHICLE,4,0.039215686
6,23152(A) VC DUI-ALCOHOL/DRUGS -> 594(B)(2)(A) VANDALISM/ -$400,4,0.039215686
6,243(E)1 BATTERY NONCOHAB SPOUS -> MISSING PERSON,4,0.039215686
6,459 PC  BURGLARY RESIDENCE -> TOWED/STORED VEH-14602.6,4,0.039215686
6,459 PC  BURGLARY RESIDENCE -> TRAFFIC-ACCIDENT INJURY,4,0.039215686
6,459 PC  BURGLARY VEHICLE -> 11364 HS POSS DRUG PARAPH,4,0.039215686
6,484 PC   PETTY THEFT/INSIDE -> TOWED/STORED VEHICLE,4,0.039215686
6,594(B)(1)PC  VANDALISM +$400 -> TOWED/STORED VEHICLE,4,0.039215686
6,594(B)(2)(A) VANDALISM/ -$400 -> 10851 VC AUTO THEFT LOCATE,4,0.039215686
6,647(B) PC   PROSTITUTION -> 647(B) PC   PROSTITUTION,4,0.039215686
6,647(B) PC   PROSTITUTION -> TOWED/STORED VEHICLE,4,0.039215686
6,MISSING PERSON -> 10851(A)VC TAKE VEH W/O OWNER,4,0.039215686
6,TOWED/STORED VEH-14602.6 -> 11364 HS POSS DRUG PARAPH,4,0.039215686
6,TOWED/STORED VEH-14602.6 -> 20002(A) HIT/RUN,4,0.039215686
6,TOWED/STORED VEH-14602.6 -> 211 PC  ROBBERY UNSPECIFIED,4,0.039215686
6,TOWED/STORED VEH-14602.6 -> 3056 PAROLE VIO - I RPT,4,0.039215686
6,TOWED/STORED VEH-14602.6 -> 484 PC   PETTY THEFT/INSIDE,4,0.039215686
6,TOWED/STORED VEH-14602.6 -> 594(B)(1)PC  VANDALISM +$400,4,0.039215686
6,TOWED/STORED VEH-14602.6 -> MISSING PERSON,4,0.039215686
6,TOWED/STORED VEH-14602.6 -> SUSP PERS-NO CRIME - I RPT,4,0.039215686
6,TOWED/STORED VEH-14602.6 -> TRAFFIC-ACCIDENT INJURY,4,0.039215686
6,TOWED/STORED VEHICLE -> 459 PC  BURGLARY VEHICLE,4,0.039215686
6,TOWED/STORED VEHICLE -> 484 PC   PETTY THEFT/INSIDE,4,0.039215686
6,10851(A)VC TAKE VEH W/O OWNER -> 459 PC  BURGLARY RESIDENCE,3,0.029411765
6,10851(A)VC TAKE VEH W/O OWNER -> TOWED/STORED VEHICLE,3,0.029411765
6,10851(A)VC TAKE VEH W/O OWNER -> TRAFFIC-ACCIDENT-NON INJURY,3,0.029411765
6,11352(A)HS SALE/TRANS CNTL SUB -> 459 PC  BURGLARY RESIDENCE,3,0.029411765
6,11364 HS POSS DRUG PARAPH -> 11364 HS POSS DRUG PARAPH,3,0.029411765
6,11364 HS POSS DRUG PARAPH -> 23152(A) VC DUI-ALCOHOL/DRUGS,3,0.029411765
6,11364 HS POSS DRUG PARAPH -> 594(B)(2)(A) VANDALISM/ -$400,3,0.029411765
6,11364 HS POSS DRUG PARAPH -> MISSING PERSON,3,0.029411765
6,20002(A) HIT/RUN -> MISSING PERSON,3,0.029411765
6,211 PC  ROBBERY UNSPECIFIED -> 10851(A)VC TAKE VEH W/O OWNER,3,0.029411765
6,243(E)1 BATTERY NONCOHAB SPOUS -> 10851 VC AUTO THEFT LOCATE,3,0.029411765
6,243(E)1 BATTERY NONCOHAB SPOUS -> 10851(A)VC TAKE VEH W/O OWNER,3,0.029411765
6,459 PC  BURGLARY RESIDENCE -> 11364 HS POSS DRUG PARAPH,3,0.029411765
6,459 PC  BURGLARY RESIDENCE -> 484G(B) PC ACCESS CARD FRAUD,3,0.029411765
6,459 PC  BURGLARY RESIDENCE -> GANG ACTIVITY - I RPT,3,0.029411765
6,459 PC  BURGLARY RESIDENCE -> TRAFFIC-ACCIDENT-NON INJURY,3,0.029411765
6,459 PC  BURGLARY VEHICLE -> 594(B)(2)(A) VANDALISM/ -$400,3,0.029411765
6,459 PC  BURGLARY VEHICLE -> MISSING PERSON,3,0.029411765
6,459 PC  BURGLARY VEHICLE -> TRAFFIC-ACCIDENT INJURY,3,0.029411765
6,484 PC   PETTY THEFT/INSIDE -> TOWED/STORED VEH-14602.6,3,0.029411765
6,484 PC   PETTY THEFT/INSIDE -> TRAFFIC-ACCIDENT-NON INJURY,3,0.029411765
6,484 PETTY THEFT CLOUT UNLOCKED -> TOWED/STORED VEHICLE,3,0.029411765
6,484 PETTY THEFT/LICENSE PLATE -> TOWED/STORED VEHICLE,3,0.029411765
6,5150 WI DANGER SELF/OTHERS -> 459 PC  BURGLARY RESIDENCE,3,0.029411765
6,5150 WI DANGER SELF/OTHERS -> TOWED/STORED VEHICLE,3,0.029411765
6,530.5 PC USE PERSONAL ID INFO -> 246 PC SHOOT OCCUP DWELL/VEH,3,0.029411765
6,530.5 PC USE PERSONAL ID INFO -> 503 PC   EMBEZZLEMENT,3,0.029411765
6,647(B) PC   PROSTITUTION -> 10851(A)VC TAKE VEH W/O OWNER,3,0.029411765
6,647(B) PC   PROSTITUTION -> TRAFFIC-ACCIDENT-NON INJURY,3,0.029411765
6,CASUALTY REPORT -> 459 PC  BURGLARY RESIDENCE,3,0.029411765
6,CASUALTY REPORT -> TOWED/STORED VEH-14602.6,3,0.029411765
6,FOUND PROPERTY - I RPT -> TRAFFIC-ACCIDENT-NON INJURY,3,0.029411765
6,LOST PROPERTY - I RPT -> MISSING PERSON,3,0.029411765
6,MISCELLANEOUS I RPT (ZMISC) -> TOWED/STORED VEHICLE,3,0.029411765
6,MISSING PERSON -> 484 PETTY THEFT/LICENSE PLATE,3,0.029411765
6,MISSING PERSON -> MISSING PERSON,3,0.029411765
6,MISSING PERSON -> TOWED/STORED VEH-14602.6,3,0.029411765
6,NARCOTICS SUSP/EVID/ACT- I RPT -> TOWED/STORED VEHICLE,3,0.029411765
6,TOWED/STORED VEH-14602.6 -> 11352(A)HS SALE/TRANS CNTL SUB,3,0.029411765
6,TOWED/STORED VEH-14602.6 -> 22435.2(A) BP POSS SHOP CART,3,0.029411765
6,TOWED/STORED VEH-14602.6 -> 415(1) PC DISTURB PEACE/FIGHT,3,0.029411765
6,TOWED/STORED VEH-14602.6 -> 422 PC THREAT/INTENT TO TERROR,3,0.029411765
6,TOWED/STORED VEH-14602.6 -> 459 PC  BURGLARY-UNSPECIFIED,3,0.029411765
6,TOWED/STORED VEH-14602.6 -> ASSAULT WITH WEAPON - I RPT,3,0.029411765
6,TOWED/STORED VEHICLE -> 11357(E) MNR POSS MARIJ SCHOOL,3,0.029411765
6,TOWED/STORED VEHICLE -> 242 PC  BATTERY CIVILIAN,3,0.029411765
6,TOWED/STORED VEHICLE -> MISCELLANEOUS I RPT (ZMISC),3,0.029411765
6,TOWED/STORED VEHICLE -> TRAFFIC-ACCIDENT-NON INJURY,3,0.029411765
6,TRAFFIC-ACCIDENT INJURY -> 10851(A)VC TAKE VEH W/O OWNER,3,0.029411765
6,TRAFFIC-ACCIDENT INJURY -> TRAFFIC-ACCIDENT INJURY,3,0.029411765
6,10851 VC AUTO THEFT LOCATE -> 10851(A)VC TAKE VEH W/O OWNER,2,0.019607843
6,10851 VC AUTO THEFT LOCATE -> 459 PC  BURGLARY RESIDENCE,2,0.019607843
6,10851 VC AUTO THEFT LOCATE -> TOWED/STORED VEH-14602.6,2,0.019607843
6,10851 VC AUTO THEFT LOCATE -> TRAFFIC-ACCIDENT-NON INJURY,2,0.019607843
6,10851(A)VC TAKE VEH W/O OWNER -> 20002(A) HIT/RUN,2,0.019607843
6,10851(A)VC TAKE VEH W/O OWNER -> 211 PC ROBBERY- BUSINESS,2,0.019607843
6,10851(A)VC TAKE VEH W/O OWNER -> 23152(A) VC DUI-ALCOHOL/DRUGS,2,0.019607843
6,10851(A)VC TAKE VEH W/O OWNER -> 422 PC THREAT/INTENT TO TERROR,2,0.019607843
6,10851(A)VC TAKE VEH W/O OWNER -> 484 PETTY THEFT/LICENSE PLATE,2,0.019607843
6,10851(A)VC TAKE VEH W/O OWNER -> MISCELLANEOUS I RPT (ZMISC),2,0.019607843
6,10851(A)VC TAKE VEH W/O OWNER -> MISSING PERSON,2,0.019607843
6,10851(A)VC TAKE VEH W/O OWNER -> NARCOTICS SUSP/EVID/ACT- I RPT,2,0.019607843
6,10851(A)VC TAKE VEH W/O OWNER -> NON INJ HR/MAIL OUT REPORT,2,0.019607843
6,10851(A)VC TAKE VEH W/O OWNER -> PERSON INFORMATION - I RPT,2,0.019607843
6,10851(A)VC TAKE VEH W/O OWNER -> TOWED/STORED VEH-14602.6,2,0.019607843
6,10851(A)VC TAKE VEH W/O OWNER -> TRAFFIC-ACCIDENT INJURY,2,0.019607843
6,11350(B)HS POSSESS QUAALUDES -> 243(E)1 BATTERY NONCOHAB SPOUS,2,0.019607843
6,11352(A)HS SALE/TRANS CNTL SUB -> 10851(A)VC TAKE VEH W/O OWNER,2,0.019607843
6,11352(A)HS SALE/TRANS CNTL SUB -> 11352(A)HS SALE/TRANS CNTL SUB,2,0.019607843
6,11352(A)HS SALE/TRANS CNTL SUB -> 459 PC  BURGLARY VEHICLE,2,0.019607843
6,11352(A)HS SALE/TRANS CNTL SUB -> FOUND PROPERTY - I RPT,2,0.019607843
6,11352(A)HS SALE/TRANS CNTL SUB -> TOWED/STORED VEH-14602.6,2,0.019607843
6,11357(B)HS POSS -28.5GR MARIJ -> TOWED/STORED VEHICLE,2,0.019607843
6,11364 HS POSS DRUG PARAPH -> 451(D) PC  ARSON OF PROPERTY,2,0.019607843
6,11364 HS POSS DRUG PARAPH -> 459 PC  BURGLARY RESIDENCE,2,0.019607843
6,11364 HS POSS DRUG PARAPH -> 459 PC  BURGLARY VEHICLE,2,0.019607843
6,11364 HS POSS DRUG PARAPH -> TRAFFIC-ACCIDENT INJURY,2,0.019607843
6,11377(A)HS POSS AMPHETAMINES -> 20002(A) HIT/RUN,2,0.019607843
6,11377(A)HS POSS AMPHETAMINES -> 459 PC  BURGLARY RESIDENCE,2,0.019607843
6,12020(A)(4) PC DIRK/DAGGER -> 594(B)(2)(A) VANDALISM/ -$400,2,0.019607843
6,1203.2 PC VIOLATION OF PROBATI -> 10851(A)VC TAKE VEH W/O OWNER,2,0.019607843
6,20002(A) HIT/RUN -> 10851(A)VC TAKE VEH W/O OWNER,2,0.019607843
6,20002(A) HIT/RUN -> TRAFFIC-ACCIDENT-NON INJURY,2,0.019607843
6,211 PC  ROBBERY UNSPECIFIED -> 11364 HS POSS DRUG PARAPH,2,0.019607843
6,211 PC  ROBBERY UNSPECIFIED -> 23152(A) VC DUI-ALCOHOL/DRUGS,2,0.019607843
6,211 PC  ROBBERY UNSPECIFIED -> 459 PC  BURGLARY VEHICLE,2,0.019607843
6,211 PC  ROBBERY UNSPECIFIED -> 487(A) PC GRAND THEFT,2,0.019607843
6,211 PC  ROBBERY UNSPECIFIED -> 594(B)(2)(A) VANDALISM/ -$400,2,0.019607843
6,211 PC  ROBBERY UNSPECIFIED -> MISSING PERSON,2,0.019607843
6,211 PC  ROBBERY UNSPECIFIED -> TOWED/STORED VEH-14602.6,2,0.019607843
6,23152(A) VC DUI-ALCOHOL/DRUGS -> 10851 VC AUTO THEFT LOCATE,2,0.019607843
6,23153(A) VC DUI CAUSE INJURY -> TOWED/STORED VEHICLE,2,0.019607843
6,242 PC  BATTERY CIVILIAN -> TRAFFIC-ACCIDENT INJURY,2,0.019607843
6,243(D) PC BATT/CIVILIAN W/INJ -> CASUALTY REPORT,2,0.019607843
6,243(D) PC BATT/CIVILIAN W/INJ -> FAMILY DISTURBANCE - I RPT,2,0.019607843
6,243(E)1 BATTERY NONCOHAB SPOUS -> TOWED/STORED VEH-14602.6,2,0.019607843
6,245(A)(1)AWDW/NO FIREARM/CIVIL -> 10851(A)VC TAKE VEH W/O OWNER,2,0.019607843
6,245(A)(1)AWDW/NO FIREARM/CIVIL -> 459 PC  BURGLARY RESIDENCE,2,0.019607843
6,245(A)(1)AWDW/NO FIREARM/CIVIL -> TOWED/STORED VEH-14602.6,2,0.019607843
6,245(A)(2) AWDW/FIREARM/CIVILIA -> 594(B)(2)(A) VANDALISM/ -$400,2,0.019607843
6,3056 PAROLE VIO - I RPT -> 10851 VC AUTO THEFT LOCATE,2,0.019607843
6,3056 PAROLE VIO - I RPT -> 459 PC  BURGLARY RESIDENCE,2,0.019607843
6,451(D) PC  ARSON OF PROPERTY -> 10851 VC AUTO THEFT LOCATE,2,0.019607843
6,459 PC  BURGLARY BUSINESS -> 10851 VC AUTO THEFT LOCATE,2,0.019607843
6,459 PC  BURGLARY BUSINESS -> MISSING PERSON,2,0.019607843
6,459 PC  BURGLARY RESIDENCE -> 211 PC  ROBBERY UNSPECIFIED,2,0.019607843
6,459 PC  BURGLARY RESIDENCE -> 5150 WI DANGER SELF/OTHERS,2,0.019607843
6,459 PC  BURGLARY RESIDENCE -> 594(B)(1)PC  VANDALISM +$400,2,0.019607843
6,459 PC  BURGLARY RESIDENCE -> 594(B)(2)(A) VANDALISM/ -$400,2,0.019607843
6,459 PC  BURGLARY RESIDENCE -> 666 PC PETTY THEFT W/PRI CONV,2,0.019607843
6,459 PC  BURGLARY RESIDENCE -> MISSING PERSON,2,0.019607843
6,459 PC  BURGLARY RESIDENCE -> TOWED/STORED VEHICLE,2,0.019607843
6,459 PC  BURGLARY VEHICLE -> 11352(A)HS SALE/TRANS CNTL SUB,2,0.019607843
6,459 PC  BURGLARY VEHICLE -> TOWED/STORED VEH-14602.6,2,0.019607843
6,484 PC   PETTY THEFT/INSIDE -> 242 PC  BATTERY CIVILIAN,2,0.019607843
6,484 PC   PETTY THEFT/INSIDE -> 487(A) PC GRAND THEFT,2,0.019607843
6,484 PC   PETTY THEFT/INSIDE -> TRAFFIC-ACCIDENT INJURY,2,0.019607843
6,484 PC PETTY THEFT -> 10851 VC AUTO THEFT LOCATE,2,0.019607843
6,484 PC PETTY THEFT -> TOWED/STORED VEH-14602.6,2,0.019607843
6,484 PC PETTY THEFT -> TRAFFIC-ACCIDENT INJURY,2,0.019607843
6,484 PETTY THEFT CLOUT UNLOCKED -> 459 PC  BURGLARY RESIDENCE,2,0.019607843
6,484 PETTY THEFT/LICENSE PLATE -> 459 PC  BURGLARY BUSINESS,2,0.019607843
6,484 PETTY THEFT/LICENSE PLATE -> 5150 WI DANGER SELF/OTHERS,2,0.019607843
6,484G(B) PC ACCESS CARD FRAUD -> 459 PC  BURGLARY RESIDENCE,2,0.019607843
6,487(A) PC GRAND THEFT -> 10851(A)VC TAKE VEH W/O OWNER,2,0.019607843
6,496(A) RECEIVE STOLEN PROPERTY -> TOWED/STORED VEH-14602.6,2,0.019607843
6,496(A) RECEIVE STOLEN PROPERTY -> TOWED/STORED VEHICLE,2,0.019607843
6,5150 WI DANGER SELF/OTHERS -> GANG ACTIVITY - I RPT,2,0.019607843
6,530.5 PC USE PERSONAL ID INFO -> 10851(A)VC TAKE VEH W/O OWNER,2,0.019607843
6,530.5 PC USE PERSONAL ID INFO -> 594(B)(1)PC  VANDALISM +$400,2,0.019607843
6,530.5 PC USE PERSONAL ID INFO -> SHOOT INTO OCCUP DWELL - I RPT,2,0.019607843
6,594(B)(1)PC  VANDALISM +$400 -> 211 PC ROBBERY- BUSINESS,2,0.019607843
6,594(B)(1)PC  VANDALISM +$400 -> TOWED/STORED VEH-14602.6,2,0.019607843
6,594(B)(2)(A) VANDALISM/ -$400 -> 10851(A)VC TAKE VEH W/O OWNER,2,0.019607843
6,594(B)(2)(A) VANDALISM/ -$400 -> 11364 HS POSS DRUG PARAPH,2,0.019607843
6,594(B)(2)(A) VANDALISM/ -$400 -> 459 PC  BURGLARY RESIDENCE,2,0.019607843
6,594(B)(2)(A) VANDALISM/ -$400 -> MISSING PERSON,2,0.019607843
6,647(B) PC   PROSTITUTION -> 11357(B)HS POSS -28.5GR MARIJ,2,0.019607843
6,647(B) PC   PROSTITUTION -> 211 PC ROBBERY- BUSINESS,2,0.019607843
6,647(B) PC   PROSTITUTION -> 459 PC  BURGLARY BUSINESS,2,0.019607843
6,647(B) PC   PROSTITUTION -> 484 PETTY THEFT/LICENSE PLATE,2,0.019607843
6,647(B) PC   PROSTITUTION -> 5150 WI DANGER SELF/OTHERS,2,0.019607843
6,647(B) PC   PROSTITUTION -> TOWED/STORED VEH-14602.6,2,0.019607843
6,653.22(A) LOITER PROSTITUTION -> HARASSMENT - I RPT,2,0.019607843
6,BURGLARY - I RPT -> 242 PC  BATTERY CIVILIAN,2,0.019607843
6,CASUALTY REPORT -> 10851(A)VC TAKE VEH W/O OWNER,2,0.019607843
6,CASUALTY REPORT -> 11364 HS POSS DRUG PARAPH,2,0.019607843
6,CASUALTY REPORT -> TRAFFIC-ACCIDENT-NON INJURY,2,0.019607843
6,FOUND PROPERTY - I RPT -> TOWED/STORED VEHICLE,2,0.019607843
6,GANG ACTIVITY - I RPT -> 10851 VC AUTO THEFT LOCATE,2,0.019607843
6,MISCELLANEOUS I RPT (ZMISC) -> 245(A)(1)AWDW/NO FIREARM/CIVIL,2,0.019607843
6,MISCELLANEOUS I RPT (ZMISC) -> MISSING PERSON,2,0.019607843
6,MISSING PERSON -> 10851 VC AUTO THEFT LOCATE,2,0.019607843
6,MISSING PERSON -> 459 PC  BURGLARY BUSINESS,2,0.019607843
6,MISSING PERSON -> GANG ACTIVITY - I RPT,2,0.019607843
6,MISSING PERSON -> LOST PROPERTY - I RPT,2,0.019607843
6,MISSING PERSON -> TOWED/STORED VEHICLE,2,0.019607843
6,MISSING PERSON I RPT -> 11364 HS POSS DRUG PARAPH,2,0.019607843
6,MISSING PERSON I RPT -> 459 PC  BURGLARY RESIDENCE,2,0.019607843
6,MISSING PERSON I RPT -> TOWED/STORED VEHICLE,2,0.019607843
6,NARCOTICS SUSP/EVID/ACT- I RPT -> 10851(A)VC TAKE VEH W/O OWNER,2,0.019607843
6,NARCOTICS SUSP/EVID/ACT- I RPT -> 11364 HS POSS DRUG PARAPH,2,0.019607843
6,NARCOTICS SUSP/EVID/ACT- I RPT -> 12021(A)(1)PC FELON POSS FRARM,2,0.019607843
6,NEIGHBORHOOD DISTURBANCE-I RPT -> 459 PC  BURGLARY RESIDENCE,2,0.019607843
6,NON INJ HR/MAIL OUT REPORT -> 10851(A)VC TAKE VEH W/O OWNER,2,0.019607843
6,NON INJ HR/MAIL OUT REPORT -> NON INJ HR/MAIL OUT REPORT,2,0.019607843
6,TOWED/STORED VEH-14602.6 -> 11352(B)HS TRANS SUBST TO CNTY,2,0.019607843
6,TOWED/STORED VEH-14602.6 -> 11357(B)HS POSS -28.5GR MARIJ,2,0.019607843
6,TOWED/STORED VEH-14602.6 -> 243(E)1 BATTERY NONCOHAB SPOUS,2,0.019607843
6,TOWED/STORED VEH-14602.6 -> 484 PC  PETTY THEFT/ OUTSIDE,2,0.019607843
6,TOWED/STORED VEH-14602.6 -> 9.04.050 A DRINKING IN PUBLIC,2,0.019607843
6,TOWED/STORED VEH-14602.6 -> GANG ACTIVITY - I RPT,2,0.019607843
6,TOWED/STORED VEH-14602.6 -> THREATS - I RPT,2,0.019607843
6,TOWED/STORED VEH-14602.6 -> VANDALISM - I RPT,2,0.019607843
6,TOWED/STORED VEHICLE -> 10851 VC AUTO THEFT LOCATE,2,0.019607843
6,TOWED/STORED VEHICLE -> 11364 HS POSS DRUG PARAPH,2,0.019607843
6,TOWED/STORED VEHICLE -> 1203.2 PC VIOLATION OF PROBATI,2,0.019607843
6,TOWED/STORED VEHICLE -> 20002(A) HIT/RUN,2,0.019607843
6,TOWED/STORED VEHICLE -> 5150 WI DANGER SELF/OTHERS,2,0.019607843
6,TOWED/STORED VEHICLE -> 594(B)(2)(A) VANDALISM/ -$400,2,0.019607843
6,TOWED/STORED VEHICLE -> FOUND PROPERTY - I RPT,2,0.019607843
6,TOWED/STORED VEHICLE -> MISSING PERSON,2,0.019607843
6,TOWED/STORED VEHICLE -> PERSON INFORMATION - I RPT,2,0.019607843
6,TOWED/STORED VEHICLE -> SUSP PERS-NO CRIME - I RPT,2,0.019607843
6,TOWED/STORED VEHICLE -> THREATS - I RPT,2,0.019607843
6,TOWED/STORED VEHICLE -> TRAFFIC-ACCIDENT INJURY,2,0.019607843
6,TRAFFIC-ACCIDENT INJURY -> 459 PC  BURGLARY RESIDENCE,2,0.019607843
6,TRAFFIC-ACCIDENT INJURY -> GANG ACTIVITY - I RPT,2,0.019607843
6,TRAFFIC-ACCIDENT INJURY -> TOWED/STORED VEHICLE,2,0.019607843
6,TRAFFIC-ACCIDENT-NON INJURY -> 10851(A)VC TAKE VEH W/O OWNER,2,0.019607843
6,TRAFFIC-ACCIDENT-NON INJURY -> 487(A) PC GRAND THEFT,2,0.019607843
6,TRAFFIC-ACCIDENT-NON INJURY -> TRAFFIC-ACCIDENT INJURY,2,0.019607843
6,10851 VC AUTO THEFT LOCATE -> 11377(A)HS POSS AMPHETAMINES,1,0.009803922
6,10851 VC AUTO THEFT LOCATE -> 1551(A) FUGITIVE FROM JUSTICE,1,0.009803922
6,10851 VC AUTO THEFT LOCATE -> 243(E)1 BATTERY NONCOHAB SPOUS,1,0.009803922
6,10851 VC AUTO THEFT LOCATE -> 245(A)(1)AWDW/NO FIREARM/CIVIL,1,0.009803922
6,10851 VC AUTO THEFT LOCATE -> 245(A)(2) AWDW/FIREARM/CIVILIA,1,0.009803922
6,10851 VC AUTO THEFT LOCATE -> 415(1) PC DISTURB PEACE/FIGHT,1,0.009803922
6,10851 VC AUTO THEFT LOCATE -> 459 PC  BURGLARY VEHICLE,1,0.009803922
6,10851 VC AUTO THEFT LOCATE -> 484 PC  PETTY THEFT/ OUTSIDE,1,0.009803922
6,10851 VC AUTO THEFT LOCATE -> 484 PETTY THEFT CLOUT UNLOCKED,1,0.009803922
6,10851 VC AUTO THEFT LOCATE -> 484G(B) PC ACCESS CARD FRAUD,1,0.009803922
6,10851 VC AUTO THEFT LOCATE -> 487(A) PC GRAND THEFT,1,0.009803922
6,10851 VC AUTO THEFT LOCATE -> 5150 WI DANGER SELF/OTHERS,1,0.009803922
6,10851 VC AUTO THEFT LOCATE -> 530.5 PC USE PERSONAL ID INFO,1,0.009803922
6,10851 VC AUTO THEFT LOCATE -> 594(B)(1)PC  VANDALISM +$400,1,0.009803922
6,10851 VC AUTO THEFT LOCATE -> 594(B)(2)(A) VANDALISM/ -$400,1,0.009803922
6,10851 VC AUTO THEFT LOCATE -> BURGLARY - I RPT,1,0.009803922
6,10851 VC AUTO THEFT LOCATE -> CASUALTY REPORT,1,0.009803922
6,10851 VC AUTO THEFT LOCATE -> GANG ACTIVITY - I RPT,1,0.009803922
6,10851 VC AUTO THEFT LOCATE -> PROB VIOLA/FEL-MISD - I RPT,1,0.009803922
6,10851 VC AUTO THEFT LOCATE -> TOWED/STORED VEHICLE,1,0.009803922
6,10851(A)VC TAKE VEH W/O OWNER -> 11352(A)HS SALE/TRANS CNTL SUB,1,0.009803922
6,10851(A)VC TAKE VEH W/O OWNER -> 11379(A)HS SELL/TRANSP AMPHET,1,0.009803922
6,10851(A)VC TAKE VEH W/O OWNER -> 1551(A) FUGITIVE FROM JUSTICE,1,0.009803922
6,10851(A)VC TAKE VEH W/O OWNER -> 211 PC  ROBBERY UNSPECIFIED,1,0.009803922
6,10851(A)VC TAKE VEH W/O OWNER -> 211 PC ROBBERY-PURSE SNATCH,1,0.009803922
6,10851(A)VC TAKE VEH W/O OWNER -> 212.5(A)ROBBERY-INHAB DWELLING,1,0.009803922
6,10851(A)VC TAKE VEH W/O OWNER -> 242 PC  BATTERY CIVILIAN,1,0.009803922
6,10851(A)VC TAKE VEH W/O OWNER -> 243(C)2 PC BATT/PO WITH INJURY,1,0.009803922
6,10851(A)VC TAKE VEH W/O OWNER -> 243(E)1 BATTERY NONCOHAB SPOUS,1,0.009803922
6,10851(A)VC TAKE VEH W/O OWNER -> 245(A)(1)AWDW/NO FIREARM/CIVIL,1,0.009803922
6,10851(A)VC TAKE VEH W/O OWNER -> 245(A)(2) AWDW/FIREARM/CIVILIA,1,0.009803922
6,10851(A)VC TAKE VEH W/O OWNER -> 247(B) PC SHOOT UNOCC BLDG/VEH,1,0.009803922
6,10851(A)VC TAKE VEH W/O OWNER -> 3056 PAROLE VIO - I RPT,1,0.009803922
6,10851(A)VC TAKE VEH W/O OWNER -> 368(E) THEFT OF ELDER <$400,1,0.009803922
6,10851(A)VC TAKE VEH W/O OWNER -> 4140 BP  POSS OF HYPO NEEDLE,1,0.009803922
6,10851(A)VC TAKE VEH W/O OWNER -> 459 PC  BURGLARY-UNSPECIFIED,1,0.009803922
6,10851(A)VC TAKE VEH W/O OWNER -> 466 PC   POSS OF BURG TOOLS,1,0.009803922
6,10851(A)VC TAKE VEH W/O OWNER -> 484 PC   PETTY THEFT/INSIDE,1,0.009803922
6,10851(A)VC TAKE VEH W/O OWNER -> 484 PC  PETTY THEFT/ OUTSIDE,1,0.009803922
6,10851(A)VC TAKE VEH W/O OWNER -> 484G(B) PC ACCESS CARD FRAUD,1,0.009803922
6,10851(A)VC TAKE VEH W/O OWNER -> 496(A) RECEIVE STOLEN PROPERTY,1,0.009803922
6,10851(A)VC TAKE VEH W/O OWNER -> 5150 WI DANGER SELF/OTHERS,1,0.009803922
6,10851(A)VC TAKE VEH W/O OWNER -> 594(B)(1)PC  VANDALISM +$400,1,0.009803922
6,10851(A)VC TAKE VEH W/O OWNER -> 594(B)(2)(A) VANDALISM/ -$400,1,0.009803922
6,10851(A)VC TAKE VEH W/O OWNER -> 647(F) PC DIP - DISORDERLY,1,0.009803922
6,10851(A)VC TAKE VEH W/O OWNER -> 653M(A) PC OBSCENE/THREAT CALL,1,0.009803922
6,10851(A)VC TAKE VEH W/O OWNER -> 653M(B) PC ANNOY/RPT CALL HOME,1,0.009803922
6,10851(A)VC TAKE VEH W/O OWNER -> CASUALTY REPORT,1,0.009803922
6,10851(A)VC TAKE VEH W/O OWNER -> CHILD WELFARE - I RPT,1,0.009803922
6,10851(A)VC TAKE VEH W/O OWNER -> FOUND PROPERTY - I RPT,1,0.009803922
6,10851(A)VC TAKE VEH W/O OWNER -> IMPOUNDED VEHICLE,1,0.009803922
6,10851(A)VC TAKE VEH W/O OWNER -> PROB VIOLA/FEL-MISD - I RPT,1,0.009803922
6,11350(A)HS POSS CNTRL SUBST -> 11357(E) MNR POSS MARIJ SCHOOL,1,0.009803922
6,11350(A)HS POSS CNTRL SUBST -> 192(C)(2)VEH MAN W/O GROSS NEG,1,0.009803922
6,11350(A)HS POSS CNTRL SUBST -> 20002(A) HIT/RUN,1,0.009803922
6,11350(A)HS POSS CNTRL SUBST -> 23220 VC DRINKING WHILE DRVING,1,0.009803922
6,11350(A)HS POSS CNTRL SUBST -> 415(1) PC DISTURB PEACE/FIGHT,1,0.009803922
6,11350(A)HS POSS CNTRL SUBST -> 459 PC  BURGLARY RESIDENCE,1,0.009803922
6,11350(A)HS POSS CNTRL SUBST -> 459 PC  BURGLARY VEHICLE,1,0.009803922
6,11350(A)HS POSS CNTRL SUBST -> 484G(B) PC ACCESS CARD FRAUD,1,0.009803922
6,11350(A)HS POSS CNTRL SUBST -> IMPOUNDED VEHICLE,1,0.009803922
6,11350(A)HS POSS CNTRL SUBST -> NARCOTICS SUSP/EVID/ACT- I RPT,1,0.009803922
6,11350(A)HS POSS CNTRL SUBST -> TOWED/STORED VEHICLE,1,0.009803922
6,11350(A)HS POSS CNTRL SUBST -> TRAFFIC-ACCIDENT-NON INJURY,1,0.009803922
6,11350(B)HS POSSESS QUAALUDES -> 10851 VC AUTO THEFT LOCATE,1,0.009803922
6,11350(B)HS POSSESS QUAALUDES -> 459 PC  BURGLARY VEHICLE,1,0.009803922
6,11350(B)HS POSSESS QUAALUDES -> MISSING PERSON,1,0.009803922
6,11352(A)HS SALE/TRANS CNTL SUB -> 11378 HS POSS/SALE AMPHETAMINE,1,0.009803922
6,11352(A)HS SALE/TRANS CNTL SUB -> 459 PC  BURGLARY BUSINESS,1,0.009803922
6,11352(A)HS SALE/TRANS CNTL SUB -> 484G(B) PC ACCESS CARD FRAUD,1,0.009803922
6,11352(A)HS SALE/TRANS CNTL SUB -> MISCELLANEOUS I RPT (ZMISC),1,0.009803922
6,11352(A)HS SALE/TRANS CNTL SUB -> NEIGHBORHOOD DISTURBANCE-I RPT,1,0.009803922
6,11352(A)HS SALE/TRANS CNTL SUB -> PERSON INFORMATION - I RPT,1,0.009803922
6,11352(B)HS TRANS SUBST TO CNTY -> 11352(A)HS SALE/TRANS CNTL SUB,1,0.009803922
6,11352(B)HS TRANS SUBST TO CNTY -> FOUND PROPERTY - I RPT,1,0.009803922
6,11352(B)HS TRANS SUBST TO CNTY -> TOWED/STORED VEHICLE,1,0.009803922
6,11357(B)HS POSS -28.5GR MARIJ -> 10851(A)VC TAKE VEH W/O OWNER,1,0.009803922
6,11357(B)HS POSS -28.5GR MARIJ -> 11352(A)HS SALE/TRANS CNTL SUB,1,0.009803922
6,11357(B)HS POSS -28.5GR MARIJ -> 11357(E) MNR POSS MARIJ SCHOOL,1,0.009803922
6,11357(B)HS POSS -28.5GR MARIJ -> 211 PC  ROBBERY UNSPECIFIED,1,0.009803922
6,11357(B)HS POSS -28.5GR MARIJ -> 211 PC ROBBERY- BUSINESS,1,0.009803922
6,11357(B)HS POSS -28.5GR MARIJ -> 211 PC ROBBERY-PURSE SNATCH,1,0.009803922
6,11357(B)HS POSS -28.5GR MARIJ -> 459 PC  BURGLARY RESIDENCE,1,0.009803922
6,11357(B)HS POSS -28.5GR MARIJ -> ACCIDENTAL FIRES/ARSON -I RPT,1,0.009803922
6,11357(B)HS POSS -28.5GR MARIJ -> MISCELLANEOUS I RPT (ZMISC),1,0.009803922
6,11357(B)HS POSS -28.5GR MARIJ -> TERRORIST THREATS - I RPT,1,0.009803922
6,11358 HS CULTIVATE MARIJUANA -> 10851 VC AUTO THEFT LOCATE,1,0.009803922
6,11358 HS CULTIVATE MARIJUANA -> 459 PC  BURGLARY VEHICLE,1,0.009803922
6,11358 HS CULTIVATE MARIJUANA -> 5150 WI DANGER SELF/OTHERS,1,0.009803922
6,11361(B)HS ADLT FURN MNR MARIJ -> 10851 VC AUTO THEFT LOCATE,1,0.009803922
6,11364 HS POSS DRUG PARAPH -> 10851 VC AUTO THEFT LOCATE,1,0.009803922
6,11364 HS POSS DRUG PARAPH -> 10851(A)VC TAKE VEH W/O OWNER,1,0.009803922
6,11364 HS POSS DRUG PARAPH -> 11532(A)HS LOITER DRG ACTIVITY,1,0.009803922
6,11364 HS POSS DRUG PARAPH -> 245(A)(1)AWDW/NO FIREARM/CIVIL,1,0.009803922
6,11364 HS POSS DRUG PARAPH -> 245(A)(2) AWDW/FIREARM/CIVILIA,1,0.009803922
6,11364 HS POSS DRUG PARAPH -> 246.3 PC NEGL DISCH FIREARM,1,0.009803922
6,11364 HS POSS DRUG PARAPH -> 459 PC  BURGLARY-UNSPECIFIED,1,0.009803922
6,11364 HS POSS DRUG PARAPH -> 484 PETTY THEFT/LICENSE PLATE,1,0.009803922
6,11364 HS POSS DRUG PARAPH -> LOST PROPERTY - I RPT,1,0.009803922
6,11377(A)HS POSS AMPHETAMINES -> 10851(A)VC TAKE VEH W/O OWNER,1,0.009803922
6,11377(A)HS POSS AMPHETAMINES -> 11357(B)HS POSS -28.5GR MARIJ,1,0.009803922
6,11377(A)HS POSS AMPHETAMINES -> 11364 HS POSS DRUG PARAPH,1,0.009803922
6,11377(A)HS POSS AMPHETAMINES -> 243(D) PC BATT/CIVILIAN W/INJ,1,0.009803922
6,11377(A)HS POSS AMPHETAMINES -> 273.6(A) PC VIO DV COURT ORDER,1,0.009803922
6,11377(A)HS POSS AMPHETAMINES -> 459 PC  BURGLARY VEHICLE,1,0.009803922
6,11377(A)HS POSS AMPHETAMINES -> 484 PC   PETTY THEFT/INSIDE,1,0.009803922
6,11377(A)HS POSS AMPHETAMINES -> 484 PC PETTY THEFT,1,0.009803922
6,11377(A)HS POSS AMPHETAMINES -> 485 PC PT OF FOUND PROPERTY,1,0.009803922
6,11377(A)HS POSS AMPHETAMINES -> 529 PC FALSE PERSONATION,1,0.009803922
6,11377(A)HS POSS AMPHETAMINES -> 594(B)(2)(A) VANDALISM/ -$400,1,0.009803922
6,11377(A)HS POSS AMPHETAMINES -> NARCOTICS SUSP/EVID/ACT- I RPT,1,0.009803922
6,11377(A)HS POSS AMPHETAMINES -> TRAFFIC-ACCIDENT-NON INJURY,1,0.009803922
6,11378 HS POSS/SALE AMPHETAMINE -> 10851(A)VC TAKE VEH W/O OWNER,1,0.009803922
6,11378 HS POSS/SALE AMPHETAMINE -> FOUND PROPERTY - I RPT,1,0.009803922
6,11378 HS POSS/SALE AMPHETAMINE -> GANG ACTIVITY - I RPT,1,0.009803922
6,11378 HS POSS/SALE AMPHETAMINE -> TRAFFIC-ACCIDENT INJURY,1,0.009803922
6,11378 HS POSS/SALE AMPHETAMINE -> TRAFFIC-ACCIDENT-NON INJURY,1,0.009803922
6,12020(A)(4) PC DIRK/DAGGER -> 20002(A) HIT/RUN,1,0.009803922
6,12020(A)(4) PC DIRK/DAGGER -> VANDALISM - I RPT,1,0.009803922
6,12020(A)1) PROHIBITED FIREARM -> 10851(A)VC TAKE VEH W/O OWNER,1,0.009803922
6,12020(A)1) PROHIBITED FIREARM -> 11364 HS POSS DRUG PARAPH,1,0.009803922
6,12020(A)1) PROHIBITED FIREARM -> 1203.2 PC VIOLATION OF PROBATI,1,0.009803922
6,12020(A)1) PROHIBITED FIREARM -> 459 PC  BURGLARY VEHICLE,1,0.009803922
6,12020(A)1) PROHIBITED FIREARM -> 594(B)(2)(A) VANDALISM/ -$400,1,0.009803922
6,12020(A)1) PROHIBITED FIREARM -> NARCOTICS SUSP/EVID/ACT- I RPT,1,0.009803922
6,12021(A)(1)PC FELON POSS FRARM -> TOWED/STORED VEHICLE,1,0.009803922
6,12022(A)(1)PC ARMED COMM FEL -> MISSING PERSON,1,0.009803922
6,12022(A)(1)PC ARMED COMM FEL -> TRAFFIC-ACCIDENT-NON INJURY,1,0.009803922
6,1203.2 PC VIOLATION OF PROBATI -> 243(E)1 BATTERY NONCOHAB SPOUS,1,0.009803922
6,1203.2 PC VIOLATION OF PROBATI -> 3056 PAROLE VIO - I RPT,1,0.009803922
6,1203.2 PC VIOLATION OF PROBATI -> 368(C) CAUSE PAIN/INJ TO ELDER,1,0.009803922
6,1203.2 PC VIOLATION OF PROBATI -> 459 PC  BURGLARY RESIDENCE,1,0.009803922
6,1203.2 PC VIOLATION OF PROBATI -> 459 PC  BURGLARY-UNSPECIFIED,1,0.009803922
6,1203.2 PC VIOLATION OF PROBATI -> 529 PC FALSE PERSONATION,1,0.009803922
6,1203.2 PC VIOLATION OF PROBATI -> 532 PC FRAUD OBTAIN MONEY ETC,1,0.009803922
6,1203.2 PC VIOLATION OF PROBATI -> 594(B)(1)PC  VANDALISM +$400,1,0.009803922
6,1203.2 PC VIOLATION OF PROBATI -> TOWED/STORED VEH-14602.6,1,0.009803922
6,1203.2 PC VIOLATION OF PROBATI -> TOWED/STORED VEHICLE,1,0.009803922
6,1203.2 PC VIOLATION OF PROBATI -> TRAFFIC-ACCIDENT INJURY,1,0.009803922
6,1203.2 PC VIOLATION OF PROBATI -> TRAFFIC-ACCIDENT-NON INJURY,1,0.009803922
6,12303.3 PC FIRE BOMB INT INJ -> 459 PC  BURGLARY BUSINESS,1,0.009803922
6,12316(B)(1)FELON POSSESS AMMO -> 11357(B)HS POSS -28.5GR MARIJ,1,0.009803922
6,12316(B)(1)FELON POSSESS AMMO -> ACCIDENTAL FIRES/ARSON -I RPT,1,0.009803922
6,12420 PC SELL/TRANSP TEAR GAS -> 594(B)(1)PC  VANDALISM +$400,1,0.009803922
6,12500(A) VC UNLIC DRIVER -> 20002(A) HIT/RUN,1,0.009803922
6,12500(A) VC UNLIC DRIVER -> PETTY THEFT - I RPT,1,0.009803922
6,12671 HS SALE/POSS ILLGL FRWRK -> 594(B)(2)(A)VANDALISM GRAF-400,1,0.009803922
6,12671 HS SALE/POSS ILLGL FRWRK -> LOST PROPERTY - I RPT,1,0.009803922
6,12671 HS SALE/POSS ILLGL FRWRK -> MISSING PERSON,1,0.009803922
6,148(A)(1)PC RESIST PEACE OFFCR -> 594(B)(1)PC  VANDALISM +$400,1,0.009803922
6,148(A)(1)PC RESIST PEACE OFFCR -> TOWED/STORED VEHICLE,1,0.009803922
6,148.9 PC FALSE ID TO OFFICER -> 20001(A) VC HIT/RUN INJ/DEATH,1,0.009803922
6,148.9 PC FALSE ID TO OFFICER -> 459 PC  BURGLARY VEHICLE,1,0.009803922
6,148.9 PC FALSE ID TO OFFICER -> NARCOTICS SUSP/EVID/ACT- I RPT,1,0.009803922
6,148.9 PC FALSE ID TO OFFICER -> TOWED/STORED VEHICLE,1,0.009803922
6,166(A)(4) WILFUL DISOBEY CT OR -> 484 PC  PETTY THEFT/ OUTSIDE,1,0.009803922
6,1708 US   THEFT OF MAIL -> 242 PC  BATTERY CIVILIAN,1,0.009803922
6,1708 US   THEFT OF MAIL -> 459 PC  BURGLARY VEHICLE,1,0.009803922
6,1708 US   THEFT OF MAIL -> 484 PETTY THEFT CLOUT UNLOCKED,1,0.009803922
6,192(C)(2)VEH MAN W/O GROSS NEG -> 246 PC SHOOT OCCUP DWELL/VEH,1,0.009803922
6,192(C)(2)VEH MAN W/O GROSS NEG -> 484 PETTY THEFT/LICENSE PLATE,1,0.009803922
6,20001(A) VC HIT/RUN INJ/DEATH -> 1203.2 PC VIOLATION OF PROBATI,1,0.009803922
6,20001(A) VC HIT/RUN INJ/DEATH -> 215(A) PC    CARJACKING,1,0.009803922
6,20001(A) VC HIT/RUN INJ/DEATH -> 243(E)1 BATTERY NONCOHAB SPOUS,1,0.009803922
6,20001(A) VC HIT/RUN INJ/DEATH -> 484 PETTY THEFT/LICENSE PLATE,1,0.009803922
6,20001(A) VC HIT/RUN INJ/DEATH -> 484G(B) PC ACCESS CARD FRAUD,1,0.009803922
6,20001(A) VC HIT/RUN INJ/DEATH -> NON INJ HR/MAIL OUT REPORT,1,0.009803922
6,20001(A) VC HIT/RUN INJ/DEATH -> TOWED/STORED VEHICLE,1,0.009803922
6,20002(A) HIT/RUN -> 10851 VC AUTO THEFT LOCATE,1,0.009803922
6,20002(A) HIT/RUN -> 1708 US   THEFT OF MAIL,1,0.009803922
6,20002(A) HIT/RUN -> 211 PC  ROBBERY UNSPECIFIED,1,0.009803922
6,20002(A) HIT/RUN -> 243(E)1 BATTERY NONCOHAB SPOUS,1,0.009803922
6,20002(A) HIT/RUN -> 245(A)(2) AWDW/FIREARM/CIVILIA,1,0.009803922
6,20002(A) HIT/RUN -> 459 PC  BURGLARY VEHICLE,1,0.009803922
6,20002(A) HIT/RUN -> 484 PC  PETTY THEFT/ OUTSIDE,1,0.009803922
6,20002(A) HIT/RUN -> 484G(B) PC ACCESS CARD FRAUD,1,0.009803922
6,20002(A) HIT/RUN -> 5150 WI DANGER SELF/OTHERS,1,0.009803922
6,20002(A) HIT/RUN -> 653M(A) PC OBSCENE/THREAT CALL,1,0.009803922
6,20002(A) HIT/RUN -> GANG ACTIVITY - I RPT,1,0.009803922
6,20002(A) HIT/RUN -> MISSING PERSON LOCATE O/S ASSI,1,0.009803922
6,20002(A) HIT/RUN -> NON INJ HR/MAIL OUT REPORT,1,0.009803922
6,20002(A) HIT/RUN -> TERRORIST THREATS - I RPT,1,0.009803922
6,20002(A) HIT/RUN -> TOWED/STORED VEH-14602.6,1,0.009803922
6,20002(A) HIT/RUN -> VANDALISM - I RPT,1,0.009803922
6,211 PC  ROBBERY UNSPECIFIED -> 10851 VC AUTO THEFT LOCATE,1,0.009803922
6,211 PC  ROBBERY UNSPECIFIED -> 11357(B)HS POSS -28.5GR MARIJ,1,0.009803922
6,211 PC  ROBBERY UNSPECIFIED -> 12020(A)1) PROHIBITED FIREARM,1,0.009803922
6,211 PC  ROBBERY UNSPECIFIED -> 1203.2 PC VIOLATION OF PROBATI,1,0.009803922
6,211 PC  ROBBERY UNSPECIFIED -> 192(C)(2)VEH MAN W/O GROSS NEG,1,0.009803922
6,211 PC  ROBBERY UNSPECIFIED -> 20002(A) HIT/RUN,1,0.009803922
6,211 PC  ROBBERY UNSPECIFIED -> 211 PC  ROBBERY UNSPECIFIED,1,0.009803922
6,211 PC  ROBBERY UNSPECIFIED -> 211 PC ROBBERY-PURSE SNATCH,1,0.009803922
6,211 PC  ROBBERY UNSPECIFIED -> 243(D) PC BATT/CIVILIAN W/INJ,1,0.009803922
6,211 PC  ROBBERY UNSPECIFIED -> 245(A)(1)AWDW/NO FIREARM/CIVIL,1,0.009803922
6,211 PC  ROBBERY UNSPECIFIED -> 368(C) CAUSE PAIN/INJ TO ELDER,1,0.009803922
6,211 PC  ROBBERY UNSPECIFIED -> 415(3) PC DIST PEACE OFF WORDS,1,0.009803922
6,211 PC  ROBBERY UNSPECIFIED -> 4462.5 VC FALSE TAB/AVOID REG,1,0.009803922
6,211 PC  ROBBERY UNSPECIFIED -> 459 PC  BURGLARY RESIDENCE,1,0.009803922
6,211 PC  ROBBERY UNSPECIFIED -> 484 PETTY THEFT CLOUT UNLOCKED,1,0.009803922
6,211 PC  ROBBERY UNSPECIFIED -> 484 PETTY THEFT-SHOPLIFT,1,0.009803922
6,211 PC  ROBBERY UNSPECIFIED -> 484 PETTY THEFT/LICENSE PLATE,1,0.009803922
6,211 PC  ROBBERY UNSPECIFIED -> 484G(B) PC ACCESS CARD FRAUD,1,0.009803922
6,211 PC  ROBBERY UNSPECIFIED -> 530.5 PC USE PERSONAL ID INFO,1,0.009803922
6,211 PC  ROBBERY UNSPECIFIED -> 594(B)(2)(A)VANDALISM GRAF-400,1,0.009803922
6,211 PC  ROBBERY UNSPECIFIED -> CASUALTY REPORT,1,0.009803922
6,211 PC  ROBBERY UNSPECIFIED -> LOST PROPERTY - I RPT,1,0.009803922
6,211 PC  ROBBERY UNSPECIFIED -> NARCOTICS SUSP/EVID/ACT- I RPT,1,0.009803922
6,211 PC  ROBBERY UNSPECIFIED -> NON INJ HR/MAIL OUT REPORT,1,0.009803922
6,211 PC  ROBBERY UNSPECIFIED -> TERRORIST THREATS - I RPT,1,0.009803922
6,211 PC  ROBBERY UNSPECIFIED -> TOWED/STORED VEHICLE,1,0.009803922
6,211 PC  ROBBERY UNSPECIFIED -> TRAFFIC-ACCIDENT-NON INJURY,1,0.009803922
6,211 PC  ROBBERY UNSPECIFIED -> VANDALISM - I RPT,1,0.009803922
6,211 PC ROBBERY- BUSINESS -> 12020(A)(4) PC DIRK/DAGGER,1,0.009803922
6,211 PC ROBBERY- BUSINESS -> 246 PC SHOOT OCCUP DWELL/VEH,1,0.009803922
6,211 PC ROBBERY- BUSINESS -> 459 PC  BURGLARY RESIDENCE,1,0.009803922
6,211 PC ROBBERY- BUSINESS -> 484 PC PETTY THEFT,1,0.009803922
6,211 PC ROBBERY- BUSINESS -> 594(B)(2)(A) VANDALISM/ -$400,1,0.009803922
6,211 PC ROBBERY-PURSE SNATCH -> 484 PETTY THEFT/LICENSE PLATE,1,0.009803922
6,211 PC ROBBERY-PURSE SNATCH -> MISSING PERSON,1,0.009803922
6,212.5(A)ROBBERY-INHAB DWELLING -> 10851(A)VC TAKE VEH W/O OWNER,1,0.009803922
6,212.5(A)ROBBERY-INHAB DWELLING -> 243(E)1 BATTERY NONCOHAB SPOUS,1,0.009803922
6,212.5(A)ROBBERY-INHAB DWELLING -> 459 PC  BURGLARY VEHICLE,1,0.009803922
6,212.5(A)ROBBERY-INHAB DWELLING -> 484 PC   PETTY THEFT/INSIDE,1,0.009803922
6,212.5(A)ROBBERY-INHAB DWELLING -> 484 PETTY THEFT/LICENSE PLATE,1,0.009803922
6,212.5(A)ROBBERY-INHAB DWELLING -> CASUALTY REPORT,1,0.009803922
6,212.5(A)ROBBERY-INHAB DWELLING -> MISSING PERSON,1,0.009803922
6,215(A) PC    CARJACKING -> 4462.5 VC FALSE TAB/AVOID REG,1,0.009803922
6,215(A) PC    CARJACKING -> 484 PC  PETTY THEFT/ OUTSIDE,1,0.009803922
6,215(A) PC    CARJACKING -> 602(K)TRESPASS:INJURE PROPERTY,1,0.009803922
6,215(A) PC    CARJACKING -> NARCOTICS SUSP/EVID/ACT- I RPT,1,0.009803922
6,215(A) PC    CARJACKING -> NON INJ HR/MAIL OUT REPORT,1,0.009803922
6,22435.2(A) BP POSS SHOP CART -> 11377(A)HS POSS AMPHETAMINES,1,0.009803922
6,22435.2(A) BP POSS SHOP CART -> 23152(A) VC DUI-ALCOHOL/DRUGS,1,0.009803922
6,23152(A) VC DUI-ALCOHOL/DRUGS -> 10851(A)VC TAKE VEH W/O OWNER,1,0.009803922
6,23152(A) VC DUI-ALCOHOL/DRUGS -> 4140 BP  POSS OF HYPO NEEDLE,1,0.009803922
6,23152(A) VC DUI-ALCOHOL/DRUGS -> 459 PC  BURGLARY VEHICLE,1,0.009803922
6,23152(A) VC DUI-ALCOHOL/DRUGS -> 487(A) GRAND THEFT-AUTO PARTS,1,0.009803922
6,23152(A) VC DUI-ALCOHOL/DRUGS -> 487(A) GRAND THEFT-INSIDE,1,0.009803922
6,23152(A) VC DUI-ALCOHOL/DRUGS -> LOST PROPERTY - I RPT,1,0.009803922
6,23153(A) VC DUI CAUSE INJURY -> 10851 VC AUTO THEFT LOCATE,1,0.009803922
6,23153(A) VC DUI CAUSE INJURY -> 11364 HS POSS DRUG PARAPH,1,0.009803922
6,23153(A) VC DUI CAUSE INJURY -> 451(D) PC  ARSON OF PROPERTY,1,0.009803922
6,23153(A) VC DUI CAUSE INJURY -> 459 PC  BURGLARY VEHICLE,1,0.009803922
6,23153(A) VC DUI CAUSE INJURY -> 594(B)(1)PC  VANDALISM +$400,1,0.009803922
6,23153(A) VC DUI CAUSE INJURY -> THREATS - I RPT,1,0.009803922
6,23153(A) VC DUI CAUSE INJURY -> TOWED/STORED VEH-14602.6,1,0.009803922
6,23153(A) VC DUI CAUSE INJURY -> TRAFFIC-ACCIDENT INJURY,1,0.009803922
6,23220 VC DRINKING WHILE DRVING -> 10851(A)VC TAKE VEH W/O OWNER,1,0.009803922
6,23220 VC DRINKING WHILE DRVING -> 20002(A) HIT/RUN,1,0.009803922
6,23220 VC DRINKING WHILE DRVING -> 484G(B) PC ACCESS CARD FRAUD,1,0.009803922
6,23220 VC DRINKING WHILE DRVING -> 594(B)(2)(A) VANDALISM/ -$400,1,0.009803922
6,242 PC  BATTERY CIVILIAN -> 10851 VC AUTO THEFT LOCATE,1,0.009803922
6,242 PC  BATTERY CIVILIAN -> 242 PC  BATTERY CIVILIAN,1,0.009803922
6,242 PC  BATTERY CIVILIAN -> 415(1) PC DISTURB PEACE/FIGHT,1,0.009803922
6,242 PC  BATTERY CIVILIAN -> 594(B)(2)(A) VANDALISM/ -$400,1,0.009803922
6,242 PC  BATTERY CIVILIAN -> 647(F) PC DIP - DISORDERLY,1,0.009803922
6,242 PC  BATTERY CIVILIAN -> MISSING PERSON,1,0.009803922
6,242 PC  BATTERY CIVILIAN -> SUSP PERS-NO CRIME - I RPT,1,0.009803922
6,243(C)2 PC BATT/PO WITH INJURY -> 242 PC  BATTERY CIVILIAN,1,0.009803922
6,243(D) PC BATT/CIVILIAN W/INJ -> 243(D) PC BATT/CIVILIAN W/INJ,1,0.009803922
6,243(D) PC BATT/CIVILIAN W/INJ -> 459 PC  BURGLARY RESIDENCE,1,0.009803922
6,243(D) PC BATT/CIVILIAN W/INJ -> CHILD CUSTODY - I RPT,1,0.009803922
6,243(D) PC BATT/CIVILIAN W/INJ -> MISSING PERSON,1,0.009803922
6,243(D) PC BATT/CIVILIAN W/INJ -> TOWED/STORED VEH-14602.6,1,0.009803922
6,243(E)1 BATTERY NONCOHAB SPOUS -> 11364 HS POSS DRUG PARAPH,1,0.009803922
6,243(E)1 BATTERY NONCOHAB SPOUS -> 1203.2 PC VIOLATION OF PROBATI,1,0.009803922
6,243(E)1 BATTERY NONCOHAB SPOUS -> 211 PC  ROBBERY UNSPECIFIED,1,0.009803922
6,243(E)1 BATTERY NONCOHAB SPOUS -> 23152(A) VC DUI-ALCOHOL/DRUGS,1,0.009803922
6,243(E)1 BATTERY NONCOHAB SPOUS -> 242 PC  BATTERY CIVILIAN,1,0.009803922
6,243(E)1 BATTERY NONCOHAB SPOUS -> 245(A)(2) AWDW/FIREARM/CIVILIA,1,0.009803922
6,243(E)1 BATTERY NONCOHAB SPOUS -> 246 PC SHOOT OCCUP DWELL/VEH,1,0.009803922
6,243(E)1 BATTERY NONCOHAB SPOUS -> 422 PC THREAT/INTENT TO TERROR,1,0.009803922
6,243(E)1 BATTERY NONCOHAB SPOUS -> 459 PC  BURGLARY VEHICLE,1,0.009803922
6,243(E)1 BATTERY NONCOHAB SPOUS -> 484 PC  PETTY THEFT/ OUTSIDE,1,0.009803922
6,243(E)1 BATTERY NONCOHAB SPOUS -> 484 PETTY THEFT CLOUT UNLOCKED,1,0.009803922
6,243(E)1 BATTERY NONCOHAB SPOUS -> 5150 WI DANGER SELF/OTHERS,1,0.009803922
6,243(E)1 BATTERY NONCOHAB SPOUS -> 594(B)(2)(A) VANDALISM/ -$400,1,0.009803922
6,243(E)1 BATTERY NONCOHAB SPOUS -> LOST PROPERTY - I RPT,1,0.009803922
6,243(E)1 BATTERY NONCOHAB SPOUS -> MISCELLANEOUS I RPT (ZMISC),1,0.009803922
6,243(E)1 BATTERY NONCOHAB SPOUS -> MISSING PERSON I RPT,1,0.009803922
6,243(E)1 BATTERY NONCOHAB SPOUS -> THREATS - I RPT,1,0.009803922
6,243(E)1 BATTERY NONCOHAB SPOUS -> TOWED/STORED VEHICLE,1,0.009803922
6,243(E)1 BATTERY NONCOHAB SPOUS -> TRAFFIC-ACCIDENT INJURY,1,0.009803922
6,243(E)1 BATTERY NONCOHAB SPOUS -> TRAFFIC-ACCIDENT-NON INJURY,1,0.009803922
6,245(A)(1)AWDW/NO FIREARM/CIVIL -> 23153(A) VC DUI CAUSE INJURY,1,0.009803922
6,245(A)(1)AWDW/NO FIREARM/CIVIL -> 459 PC  BURGLARY BUSINESS,1,0.009803922
6,245(A)(1)AWDW/NO FIREARM/CIVIL -> 459 PC  BURGLARY VEHICLE,1,0.009803922
6,245(A)(1)AWDW/NO FIREARM/CIVIL -> 484 PETTY THEFT/LICENSE PLATE,1,0.009803922
6,245(A)(1)AWDW/NO FIREARM/CIVIL -> 594(B)(2)(A) VANDALISM/ -$400,1,0.009803922
6,245(A)(1)AWDW/NO FIREARM/CIVIL -> 666 PC PETTY THEFT W/PRI CONV,1,0.009803922
6,245(A)(1)AWDW/NO FIREARM/CIVIL -> NARCOTICS SUSP/EVID/ACT- I RPT,1,0.009803922
6,245(A)(1)AWDW/NO FIREARM/CIVIL -> NON INJ HR/MAIL OUT REPORT,1,0.009803922
6,245(A)(1)AWDW/NO FIREARM/CIVIL -> PERSON INFORMATION - I RPT,1,0.009803922
6,245(A)(1)AWDW/NO FIREARM/CIVIL -> SUSP PERS-NO CRIME - I RPT,1,0.009803922
6,245(A)(1)AWDW/NO FIREARM/CIVIL -> TOWED/STORED VEHICLE,1,0.009803922
6,245(A)(2) AWDW/FIREARM/CIVILIA -> 10851(A)VC TAKE VEH W/O OWNER,1,0.009803922
6,245(A)(2) AWDW/FIREARM/CIVILIA -> 12020(A)(4) PC DIRK/DAGGER,1,0.009803922
6,245(A)(2) AWDW/FIREARM/CIVILIA -> 211 PC  ROBBERY UNSPECIFIED,1,0.009803922
6,245(A)(2) AWDW/FIREARM/CIVILIA -> 23153(A) VC DUI CAUSE INJURY,1,0.009803922
6,245(A)(2) AWDW/FIREARM/CIVILIA -> 245(A)(1)AWDW/NO FIREARM/CIVIL,1,0.009803922
6,245(A)(2) AWDW/FIREARM/CIVILIA -> 594(B)(1)PC  VANDALISM +$400,1,0.009803922
6,245(A)(2) AWDW/FIREARM/CIVILIA -> 849(B)(1) CERTIFICATE OF RELEA,1,0.009803922
6,245(A)(2) AWDW/FIREARM/CIVILIA -> LOST PROPERTY - I RPT,1,0.009803922
6,245(A)(2) AWDW/FIREARM/CIVILIA -> NON INJ HR/MAIL OUT REPORT,1,0.009803922
6,246 PC SHOOT OCCUP DWELL/VEH -> 459 PC  BURGLARY BUSINESS,1,0.009803922
6,246 PC SHOOT OCCUP DWELL/VEH -> IMPOUNDED VEHICLE,1,0.009803922
6,273.6(A) PC VIO DV COURT ORDER -> 10851 VC AUTO THEFT LOCATE,1,0.009803922
6,273.6(A) PC VIO DV COURT ORDER -> 10851(A)VC TAKE VEH W/O OWNER,1,0.009803922
6,273.6(A) PC VIO DV COURT ORDER -> 215(A) PC    CARJACKING,1,0.009803922
6,273.6(A) PC VIO DV COURT ORDER -> 484G(B) PC ACCESS CARD FRAUD,1,0.009803922
6,273.6(A) PC VIO DV COURT ORDER -> 496(A) RECEIVE STOLEN PROPERTY,1,0.009803922
6,273.6(A) PC VIO DV COURT ORDER -> NON INJ HR/MAIL OUT REPORT,1,0.009803922
6,3056 PAROLE VIO - I RPT -> TERRORIST THREATS - I RPT,1,0.009803922
6,3056 PAROLE VIO - I RPT -> TOWED/STORED VEHICLE,1,0.009803922
6,3056 PAROLE VIO - I RPT -> TRAFFIC-ACCIDENT-NON INJURY,1,0.009803922
6,368(B)(1) CRUELTY/ELDER/ W/INJ -> 594(B)(2)(A) VANDALISM/ -$400,1,0.009803922
6,368(C) CAUSE PAIN/INJ TO ELDER -> TRAFFIC-ACCIDENT-NON INJURY,1,0.009803922
6,368(E) THEFT OF ELDER <$400 -> PROB VIOLA/FEL-MISD - I RPT,1,0.009803922
6,374.3(A) PC ILLEGAL DUMPING -> 10851 VC AUTO THEFT LOCATE,1,0.009803922
6,374.3(A) PC ILLEGAL DUMPING -> TOWED/STORED VEHICLE,1,0.009803922
6,415(1) PC DISTURB PEACE/FIGHT -> 10851 VC AUTO THEFT LOCATE,1,0.009803922
6,415(1) PC DISTURB PEACE/FIGHT -> 415(1) PC DISTURB PEACE/FIGHT,1,0.009803922
6,415(1) PC DISTURB PEACE/FIGHT -> TOWED/STORED VEH-14602.6,1,0.009803922
6,415(1) PC DISTURB PEACE/FIGHT -> TOWED/STORED VEHICLE,1,0.009803922
6,415(3) PC DIST PEACE OFF WORDS -> 459 PC  BURGLARY VEHICLE,1,0.009803922
6,415(3) PC DIST PEACE OFF WORDS -> 484 PC   PETTY THEFT/INSIDE,1,0.009803922
6,415(3) PC DIST PEACE OFF WORDS -> TRAFFIC-ACCIDENT INJURY,1,0.009803922
6,417(A)1) PC BRANDISH NON-GUN -> TOWED/STORED VEHICLE,1,0.009803922
6,417(A)2) PC BRANDISH FIREARM -> CASUALTY REPORT,1,0.009803922
6,4462.5 VC FALSE TAB/AVOID REG -> TRAFFIC-ACCIDENT-NON INJURY,1,0.009803922
6,451(D) PC  ARSON OF PROPERTY -> 10851(A)VC TAKE VEH W/O OWNER,1,0.009803922
6,451(D) PC  ARSON OF PROPERTY -> 11377(A)HS POSS AMPHETAMINES,1,0.009803922
6,451(D) PC  ARSON OF PROPERTY -> 368(E) THEFT OF ELDER <$400,1,0.009803922
6,451(D) PC  ARSON OF PROPERTY -> 459 PC  BURGLARY VEHICLE,1,0.009803922
6,451(D) PC  ARSON OF PROPERTY -> 594(B)(2)(A) VANDALISM/ -$400,1,0.009803922
6,451(D) PC  ARSON OF PROPERTY -> PROB VIOLA/FEL-MISD - I RPT,1,0.009803922
6,459 PC  BURGLARY BUSINESS -> 11364 HS POSS DRUG PARAPH,1,0.009803922
6,459 PC  BURGLARY BUSINESS -> 1551(A) FUGITIVE FROM JUSTICE,1,0.009803922
6,459 PC  BURGLARY BUSINESS -> 20002(A) HIT/RUN,1,0.009803922
6,459 PC  BURGLARY BUSINESS -> 3056 PAROLE VIO - I RPT,1,0.009803922
6,459 PC  BURGLARY BUSINESS -> 484 PC  PETTY THEFT/ OUTSIDE,1,0.009803922
6,459 PC  BURGLARY BUSINESS -> 484G(B) PC ACCESS CARD FRAUD,1,0.009803922
6,459 PC  BURGLARY BUSINESS -> 487(A) GRAND THEFT-INSIDE,1,0.009803922
6,459 PC  BURGLARY BUSINESS -> 594(B)(2)(A) VANDALISM/ -$400,1,0.009803922
6,459 PC  BURGLARY BUSINESS -> CASUALTY REPORT,1,0.009803922
6,459 PC  BURGLARY BUSINESS -> GANG ACTIVITY - I RPT,1,0.009803922
6,459 PC  BURGLARY BUSINESS -> IMPOUNDED VEHICLE,1,0.009803922
6,459 PC  BURGLARY BUSINESS -> NON INJ HR/MAIL OUT REPORT,1,0.009803922
6,459 PC  BURGLARY BUSINESS -> THREATS - I RPT,1,0.009803922
6,459 PC  BURGLARY RESIDENCE -> 11350(A)HS POSS CNTRL SUBST,1,0.009803922
6,459 PC  BURGLARY RESIDENCE -> 11357(B)HS POSS -28.5GR MARIJ,1,0.009803922
6,459 PC  BURGLARY RESIDENCE -> 12020(A)1) PROHIBITED FIREARM,1,0.009803922
6,459 PC  BURGLARY RESIDENCE -> 1708 US   THEFT OF MAIL,1,0.009803922
6,459 PC  BURGLARY RESIDENCE -> 20002(A) HIT/RUN,1,0.009803922
6,459 PC  BURGLARY RESIDENCE -> 23220 VC DRINKING WHILE DRVING,1,0.009803922
6,459 PC  BURGLARY RESIDENCE -> 242 PC  BATTERY CIVILIAN,1,0.009803922
6,459 PC  BURGLARY RESIDENCE -> 243(E)1 BATTERY NONCOHAB SPOUS,1,0.009803922
6,459 PC  BURGLARY RESIDENCE -> 245(A)(1)AWDW/NO FIREARM/CIVIL,1,0.009803922
6,459 PC  BURGLARY RESIDENCE -> 3056 PAROLE VIO - I RPT,1,0.009803922
6,459 PC  BURGLARY RESIDENCE -> 475(C) PASS FORGED NOTE,1,0.009803922
6,459 PC  BURGLARY RESIDENCE -> 484 PC PETTY THEFT,1,0.009803922
6,459 PC  BURGLARY RESIDENCE -> 530.5 PC USE PERSONAL ID INFO,1,0.009803922
6,459 PC  BURGLARY RESIDENCE -> 594(B)(2)(A)VANDALISM GRAF-400,1,0.009803922
6,459 PC  BURGLARY RESIDENCE -> 9.04.050 A DRINKING IN PUBLIC,1,0.009803922
6,459 PC  BURGLARY RESIDENCE -> DAMAGE - I RPT,1,0.009803922
6,459 PC  BURGLARY RESIDENCE -> FORGERY-PASSING COUNTERFEIT,1,0.009803922
6,459 PC  BURGLARY RESIDENCE -> FOUND PROPERTY - I RPT,1,0.009803922
6,459 PC  BURGLARY RESIDENCE -> HARASSMENT - I RPT,1,0.009803922
6,459 PC  BURGLARY RESIDENCE -> JUVENILE PROBLEMS - I RPT,1,0.009803922
6,459 PC  BURGLARY RESIDENCE -> LOST PROPERTY - I RPT,1,0.009803922
6,459 PC  BURGLARY RESIDENCE -> MISCELLANEOUS I RPT (ZMISC),1,0.009803922
6,459 PC  BURGLARY RESIDENCE -> NARCOTICS SUSP/EVID/ACT- I RPT,1,0.009803922
6,459 PC  BURGLARY VEHICLE -> 10851 VC AUTO THEFT LOCATE,1,0.009803922
6,459 PC  BURGLARY VEHICLE -> 11377(A)HS POSS AMPHETAMINES,1,0.009803922
6,459 PC  BURGLARY VEHICLE -> 12020(A)(4) PC DIRK/DAGGER,1,0.009803922
6,459 PC  BURGLARY VEHICLE -> 1203.2 PC VIOLATION OF PROBATI,1,0.009803922
6,459 PC  BURGLARY VEHICLE -> 20002(A) HIT/RUN,1,0.009803922
6,459 PC  BURGLARY VEHICLE -> 211 PC  ROBBERY UNSPECIFIED,1,0.009803922
6,459 PC  BURGLARY VEHICLE -> 211 PC ROBBERY- BUSINESS,1,0.009803922
6,459 PC  BURGLARY VEHICLE -> 242 PC  BATTERY CIVILIAN,1,0.009803922
6,459 PC  BURGLARY VEHICLE -> 243(E)1 BATTERY NONCOHAB SPOUS,1,0.009803922
6,459 PC  BURGLARY VEHICLE -> 245(A)(1)AWDW/NO FIREARM/CIVIL,1,0.009803922
6,459 PC  BURGLARY VEHICLE -> 422 PC THREAT/INTENT TO TERROR,1,0.009803922
6,459 PC  BURGLARY VEHICLE -> 459 PC  BURGLARY VEHICLE,1,0.009803922
6,459 PC  BURGLARY VEHICLE -> 466 PC   POSS OF BURG TOOLS,1,0.009803922
6,459 PC  BURGLARY VEHICLE -> 484 PC   PETTY THEFT/INSIDE,1,0.009803922
6,459 PC  BURGLARY VEHICLE -> 484 PC  PETTY THEFT/ OUTSIDE,1,0.009803922
6,459 PC  BURGLARY VEHICLE -> 484 PC PETTY THEFT,1,0.009803922
6,459 PC  BURGLARY VEHICLE -> 484 PETTY THEFT/LICENSE PLATE,1,0.009803922
6,459 PC  BURGLARY VEHICLE -> 485 PC PT OF FOUND PROPERTY,1,0.009803922
6,459 PC  BURGLARY VEHICLE -> 487(A) PC GRAND THEFT,1,0.009803922
6,459 PC  BURGLARY VEHICLE -> 666 PC PETTY THEFT W/PRI CONV,1,0.009803922
6,459 PC  BURGLARY VEHICLE -> CASUALTY REPORT,1,0.009803922
6,459 PC  BURGLARY VEHICLE -> CHILD WELFARE - I RPT,1,0.009803922
6,459 PC  BURGLARY VEHICLE -> FORGERY-PASSING COUNTERFEIT,1,0.009803922
6,459 PC  BURGLARY VEHICLE -> FOUND EVIDENCE-NON NARC -I RPT,1,0.009803922
6,459 PC  BURGLARY VEHICLE -> MISCELLANEOUS I RPT (ZMISC),1,0.009803922
6,459 PC  BURGLARY VEHICLE -> NARCOTICS SUSP/EVID/ACT- I RPT,1,0.009803922
6,459 PC  BURGLARY VEHICLE -> PERSON INFORMATION - I RPT,1,0.009803922
6,459 PC  BURGLARY VEHICLE -> TRAFFIC-ACCIDENT-NON INJURY,1,0.009803922
6,459 PC  BURGLARY-UNSPECIFIED -> 10851(A)VC TAKE VEH W/O OWNER,1,0.009803922
6,459 PC  BURGLARY-UNSPECIFIED -> MISSING PERSON,1,0.009803922
6,475(A)PC POSS FORGED CHK/NOTE -> 11350(A)HS POSS CNTRL SUBST,1,0.009803922
6,475(A)PC POSS FORGED CHK/NOTE -> 11357(B)HS POSS -28.5GR MARIJ,1,0.009803922
6,475(A)PC POSS FORGED CHK/NOTE -> 459 PC  BURGLARY RESIDENCE,1,0.009803922
6,475(A)PC POSS FORGED CHK/NOTE -> ASSAULT WITH WEAPON - I RPT,1,0.009803922
6,475(A)PC POSS FORGED CHK/NOTE -> FOUND PROPERTY - I RPT,1,0.009803922
6,475(A)PC POSS FORGED CHK/NOTE -> TOWED/STORED VEH-14602.6,1,0.009803922
6,475(C) PASS FORGED NOTE -> NON INJ HR/MAIL OUT REPORT,1,0.009803922
6,476 PC PASS FICTICIOUS CHECK -> 1203.2 PC VIOLATION OF PROBATI,1,0.009803922
6,476 PC PASS FICTICIOUS CHECK -> 243(E)1 BATTERY NONCOHAB SPOUS,1,0.009803922
6,484 PC   PETTY THEFT/INSIDE -> 10851 VC AUTO THEFT LOCATE,1,0.009803922
6,484 PC   PETTY THEFT/INSIDE -> 11350(A)HS POSS CNTRL SUBST,1,0.009803922
6,484 PC   PETTY THEFT/INSIDE -> 20002(A) HIT/RUN,1,0.009803922
6,484 PC   PETTY THEFT/INSIDE -> 243(E)1 BATTERY NONCOHAB SPOUS,1,0.009803922
6,484 PC   PETTY THEFT/INSIDE -> 243.2(A)(1) BATT/SCHOOL INJURY,1,0.009803922
6,484 PC   PETTY THEFT/INSIDE -> 459 PC  BURGLARY RESIDENCE,1,0.009803922
6,484 PC   PETTY THEFT/INSIDE -> 484G(B) PC ACCESS CARD FRAUD,1,0.009803922
6,484 PC   PETTY THEFT/INSIDE -> CHILD CUSTODY - I RPT,1,0.009803922
6,484 PC   PETTY THEFT/INSIDE -> GANG ACTIVITY - I RPT,1,0.009803922
6,484 PC  PETTY THEFT/ OUTSIDE -> 10851(A)VC TAKE VEH W/O OWNER,1,0.009803922
6,484 PC  PETTY THEFT/ OUTSIDE -> 529 PC FALSE PERSONATION,1,0.009803922
6,484 PC  PETTY THEFT/ OUTSIDE -> 602(K)TRESPASS:INJURE PROPERTY,1,0.009803922
6,484 PC  PETTY THEFT/ OUTSIDE -> THREATS - I RPT,1,0.009803922
6,484 PC  PETTY THEFT/ OUTSIDE -> TRAFFIC-ACCIDENT-NON INJURY,1,0.009803922
6,484 PC PETTY THEFT -> 11350(A)HS POSS CNTRL SUBST,1,0.009803922
6,484 PC PETTY THEFT -> 12020(A)(4) PC DIRK/DAGGER,1,0.009803922
6,484 PC PETTY THEFT -> 1551(A) FUGITIVE FROM JUSTICE,1,0.009803922
6,484 PC PETTY THEFT -> 459 PC  BURGLARY VEHICLE,1,0.009803922
6,484 PC PETTY THEFT -> 594(B)(2)(A) VANDALISM/ -$400,1,0.009803922
6,484 PC PETTY THEFT -> NARCOTICS SUSP/EVID/ACT- I RPT,1,0.009803922
6,484 PC PETTY THEFT -> TOWED/STORED VEHICLE,1,0.009803922
6,484 PETTY THEFT CLOUT UNLOCKED -> 10851 VC AUTO THEFT LOCATE,1,0.009803922
6,484 PETTY THEFT CLOUT UNLOCKED -> 11357(B)HS POSS -28.5GR MARIJ,1,0.009803922
6,484 PETTY THEFT CLOUT UNLOCKED -> 12316(B)(1)FELON POSSESS AMMO,1,0.009803922
6,484 PETTY THEFT CLOUT UNLOCKED -> 487(A) GRAND THEFT-INSIDE,1,0.009803922
6,484 PETTY THEFT CLOUT UNLOCKED -> 5150 WI DANGER SELF/OTHERS,1,0.009803922
6,484 PETTY THEFT CLOUT UNLOCKED -> 594(B)(2)(A) VANDALISM/ -$400,1,0.009803922
6,484 PETTY THEFT CLOUT UNLOCKED -> MISSING PERSON,1,0.009803922
6,484 PETTY THEFT CLOUT UNLOCKED -> THREATS - I RPT,1,0.009803922
6,484 PETTY THEFT CLOUT UNLOCKED -> TRAFFIC-ACCIDENT INJURY,1,0.009803922
6,484 PETTY THEFT CLOUT UNLOCKED -> TRAFFIC-ACCIDENT-NON INJURY,1,0.009803922
6,484 PETTY THEFT-PURSE SNATCH -> 5150 WI DANGER SELF/OTHERS,1,0.009803922
6,484 PETTY THEFT-PURSE SNATCH -> GANG ACTIVITY - I RPT,1,0.009803922
6,484 PETTY THEFT-SHOPLIFT -> 10851(A)VC TAKE VEH W/O OWNER,1,0.009803922
6,484 PETTY THEFT-SHOPLIFT -> 11357(B)HS POSS -28.5GR MARIJ,1,0.009803922
6,484 PETTY THEFT-SHOPLIFT -> 459 PC  BURGLARY VEHICLE,1,0.009803922
6,484 PETTY THEFT-SHOPLIFT -> 647(B) PC   PROSTITUTION,1,0.009803922
6,484 PETTY THEFT/LICENSE PLATE -> 10851(A)VC TAKE VEH W/O OWNER,1,0.009803922
6,484 PETTY THEFT/LICENSE PLATE -> 12020(A)1) PROHIBITED FIREARM,1,0.009803922
6,484 PETTY THEFT/LICENSE PLATE -> 148.9 PC FALSE ID TO OFFICER,1,0.009803922
6,484 PETTY THEFT/LICENSE PLATE -> 211 PC ROBBERY- BUSINESS,1,0.009803922
6,484 PETTY THEFT/LICENSE PLATE -> 242 PC  BATTERY CIVILIAN,1,0.009803922
6,484 PETTY THEFT/LICENSE PLATE -> 243(E)1 BATTERY NONCOHAB SPOUS,1,0.009803922
6,484 PETTY THEFT/LICENSE PLATE -> 415(3) PC DIST PEACE OFF WORDS,1,0.009803922
6,484 PETTY THEFT/LICENSE PLATE -> 459 PC  BURGLARY RESIDENCE,1,0.009803922
6,484 PETTY THEFT/LICENSE PLATE -> 484 PC   PETTY THEFT/INSIDE,1,0.009803922
6,484 PETTY THEFT/LICENSE PLATE -> NARCOTICS SUSP/EVID/ACT- I RPT,1,0.009803922
6,484 PETTY THEFT/LICENSE PLATE -> THREATS - I RPT,1,0.009803922
6,484 PETTY THEFT/LICENSE PLATE -> TRAFFIC-ACCIDENT INJURY,1,0.009803922
6,484E(D)PC FRAUD POSS CARD INFO -> 247(B) PC SHOOT UNOCC BLDG/VEH,1,0.009803922
6,484G(B) PC ACCESS CARD FRAUD -> 10851(A)VC TAKE VEH W/O OWNER,1,0.009803922
6,484G(B) PC ACCESS CARD FRAUD -> 245(A)(1)AWDW/NO FIREARM/CIVIL,1,0.009803922
6,484G(B) PC ACCESS CARD FRAUD -> 459 PC  BURGLARY BUSINESS,1,0.009803922
6,484G(B) PC ACCESS CARD FRAUD -> 530.5 PC USE PERSONAL ID INFO,1,0.009803922
6,484G(B) PC ACCESS CARD FRAUD -> 666 PC PETTY THEFT W/PRI CONV,1,0.009803922
6,484G(B) PC ACCESS CARD FRAUD -> TRAFFIC-ACCIDENT INJURY,1,0.009803922
6,484J PC PUBLISH CARD INFO -> 459 PC  BURGLARY RESIDENCE,1,0.009803922
6,484J PC PUBLISH CARD INFO -> MISSING PERSON I RPT,1,0.009803922
6,485 PC PT OF FOUND PROPERTY -> 459 PC  BURGLARY RESIDENCE,1,0.009803922
6,487(A) GRAND THEFT-AUTO PARTS -> TOWED/STORED VEH-14602.6,1,0.009803922
6,487(A) GRAND THEFT-INSIDE -> 242 PC  BATTERY CIVILIAN,1,0.009803922
6,487(A) GRAND THEFT-INSIDE -> 487(A) GRAND THEFT-CLOUT-UNLOC,1,0.009803922
6,487(A) PC GRAND THEFT -> 211 PC  ROBBERY UNSPECIFIED,1,0.009803922
6,487(A) PC GRAND THEFT -> 246 PC SHOOT OCCUP DWELL/VEH,1,0.009803922
6,487(A) PC GRAND THEFT -> 4140 BP  POSS OF HYPO NEEDLE,1,0.009803922
6,487(A) PC GRAND THEFT -> 459 PC  BURGLARY BUSINESS,1,0.009803922
6,487(A) PC GRAND THEFT -> 459 PC  BURGLARY RESIDENCE,1,0.009803922
6,487(A) PC GRAND THEFT -> 503 PC   EMBEZZLEMENT,1,0.009803922
6,487(A) PC GRAND THEFT -> FORGERY-PASSING COUNTERFEIT,1,0.009803922
6,487(A) PC GRAND THEFT -> MISCELLANEOUS I RPT (ZMISC),1,0.009803922
6,487(A) PC GRAND THEFT -> SHOOT INTO OCCUP DWELL - I RPT,1,0.009803922
6,487(A) PC GRAND THEFT -> TRAFFIC-ACCIDENT-NON INJURY,1,0.009803922
6,487(C) PC  GRAND THEFT-PERSON -> 484 PETTY THEFT/LICENSE PLATE,1,0.009803922
6,496(A) RECEIVE STOLEN PROPERTY -> 10851 VC AUTO THEFT LOCATE,1,0.009803922
6,496(A) RECEIVE STOLEN PROPERTY -> 11364 HS POSS DRUG PARAPH,1,0.009803922
6,496(A) RECEIVE STOLEN PROPERTY -> 459 PC  BURGLARY VEHICLE,1,0.009803922
6,496(A) RECEIVE STOLEN PROPERTY -> 484 PC PETTY THEFT,1,0.009803922
6,496(A) RECEIVE STOLEN PROPERTY -> PROTECTIVE CUSTODY-I RPT,1,0.009803922
6,503 PC   EMBEZZLEMENT -> 459 PC  BURGLARY BUSINESS,1,0.009803922
6,5150 WI DANGER SELF/OTHERS -> 10851(A)VC TAKE VEH W/O OWNER,1,0.009803922
6,5150 WI DANGER SELF/OTHERS -> 11350(A)HS POSS CNTRL SUBST,1,0.009803922
6,5150 WI DANGER SELF/OTHERS -> 243(E)1 BATTERY NONCOHAB SPOUS,1,0.009803922
6,5150 WI DANGER SELF/OTHERS -> 245(A)(2) AWDW/FIREARM/CIVILIA,1,0.009803922
6,5150 WI DANGER SELF/OTHERS -> 459 PC  BURGLARY VEHICLE,1,0.009803922
6,5150 WI DANGER SELF/OTHERS -> 459 PC  BURGLARY-UNSPECIFIED,1,0.009803922
6,5150 WI DANGER SELF/OTHERS -> 484 PETTY THEFT CLOUT UNLOCKED,1,0.009803922
6,5150 WI DANGER SELF/OTHERS -> 487(A) PC GRAND THEFT,1,0.009803922
6,5150 WI DANGER SELF/OTHERS -> CASUALTY REPORT,1,0.009803922
6,5150 WI DANGER SELF/OTHERS -> HARASSMENT - I RPT,1,0.009803922
6,5150 WI DANGER SELF/OTHERS -> MISCELLANEOUS I RPT (ZMISC),1,0.009803922
6,5150 WI DANGER SELF/OTHERS -> NON INJ HR/MAIL OUT REPORT,1,0.009803922
6,5150 WI DANGER SELF/OTHERS -> THREATS - I RPT,1,0.009803922
6,5150 WI DANGER SELF/OTHERS -> TOWED/STORED VEH-14602.6,1,0.009803922
6,5150 WI DANGER SELF/OTHERS -> TRAFFIC-ACCIDENT INJURY,1,0.009803922
6,529 PC FALSE PERSONATION -> 211 PC ROBBERY- BUSINESS,1,0.009803922
6,529 PC FALSE PERSONATION -> 245(A)(2) AWDW/FIREARM/CIVILIA,1,0.009803922
6,529 PC FALSE PERSONATION -> 247(B) PC SHOOT UNOCC BLDG/VEH,1,0.009803922
6,529 PC FALSE PERSONATION -> 459 PC  BURGLARY RESIDENCE,1,0.009803922
6,529 PC FALSE PERSONATION -> 484 PC PETTY THEFT,1,0.009803922
6,529 PC FALSE PERSONATION -> 484E(D)PC FRAUD POSS CARD INFO,1,0.009803922
6,529 PC FALSE PERSONATION -> 532 PC FRAUD OBTAIN MONEY ETC,1,0.009803922
6,529 PC FALSE PERSONATION -> 594(B)(1)PC  VANDALISM +$400,1,0.009803922
6,529 PC FALSE PERSONATION -> FOUND PROPERTY - I RPT,1,0.009803922
6,529 PC FALSE PERSONATION -> MISCELLANEOUS I RPT (ZMISC),1,0.009803922
6,529 PC FALSE PERSONATION -> TOWED/STORED VEHICLE,1,0.009803922
6,530.5 PC USE PERSONAL ID INFO -> 11364 HS POSS DRUG PARAPH,1,0.009803922
6,530.5 PC USE PERSONAL ID INFO -> 211 PC  ROBBERY UNSPECIFIED,1,0.009803922
6,530.5 PC USE PERSONAL ID INFO -> 23152(A) VC DUI-ALCOHOL/DRUGS,1,0.009803922
6,530.5 PC USE PERSONAL ID INFO -> 459 PC  BURGLARY BUSINESS,1,0.009803922
6,530.5 PC USE PERSONAL ID INFO -> 484 PETTY THEFT/LICENSE PLATE,1,0.009803922
6,530.5 PC USE PERSONAL ID INFO -> GRAND THEFT - I RPT,1,0.009803922
6,530.5 PC USE PERSONAL ID INFO -> MISCELLANEOUS I RPT (ZMISC),1,0.009803922
6,530.5 PC USE PERSONAL ID INFO -> TRAFFIC-ACCIDENT INJURY,1,0.009803922
6,532 PC FRAUD OBTAIN MONEY ETC -> 459 PC  BURGLARY RESIDENCE,1,0.009803922
6,532 PC FRAUD OBTAIN MONEY ETC -> TOWED/STORED VEHICLE,1,0.009803922
6,594(B)(1)PC  VANDALISM +$400 -> 11350(A)HS POSS CNTRL SUBST,1,0.009803922
6,594(B)(1)PC  VANDALISM +$400 -> 11364 HS POSS DRUG PARAPH,1,0.009803922
6,594(B)(1)PC  VANDALISM +$400 -> 12020(A)(4) PC DIRK/DAGGER,1,0.009803922
6,594(B)(1)PC  VANDALISM +$400 -> 166(A)(4) WILFUL DISOBEY CT OR,1,0.009803922
6,594(B)(1)PC  VANDALISM +$400 -> 211 PC  ROBBERY UNSPECIFIED,1,0.009803922
6,594(B)(1)PC  VANDALISM +$400 -> 215(A) PC    CARJACKING,1,0.009803922
6,594(B)(1)PC  VANDALISM +$400 -> 245(A)(1)AWDW/NO FIREARM/CIVIL,1,0.009803922
6,594(B)(1)PC  VANDALISM +$400 -> 246 PC SHOOT OCCUP DWELL/VEH,1,0.009803922
6,594(B)(1)PC  VANDALISM +$400 -> 415(1) PC DISTURB PEACE/FIGHT,1,0.009803922
6,594(B)(1)PC  VANDALISM +$400 -> 422 PC THREAT/INTENT TO TERROR,1,0.009803922
6,594(B)(1)PC  VANDALISM +$400 -> 459 PC  BURGLARY BUSINESS,1,0.009803922
6,594(B)(1)PC  VANDALISM +$400 -> 459 PC  BURGLARY RESIDENCE,1,0.009803922
6,594(B)(1)PC  VANDALISM +$400 -> 459 PC  BURGLARY VEHICLE,1,0.009803922
6,594(B)(1)PC  VANDALISM +$400 -> 459 PC  BURGLARY-UNSPECIFIED,1,0.009803922
6,594(B)(1)PC  VANDALISM +$400 -> 484 PC  PETTY THEFT/ OUTSIDE,1,0.009803922
6,594(B)(1)PC  VANDALISM +$400 -> 484 PC PETTY THEFT,1,0.009803922
6,594(B)(1)PC  VANDALISM +$400 -> 487(A) PC GRAND THEFT,1,0.009803922
6,594(B)(1)PC  VANDALISM +$400 -> 594(B)(2)(A) VANDALISM/ -$400,1,0.009803922
6,594(B)(1)PC  VANDALISM +$400 -> MISCELLANEOUS I RPT (ZMISC),1,0.009803922
6,594(B)(1)PC  VANDALISM +$400 -> PETTY THEFT - I RPT,1,0.009803922
6,594(B)(1)PC  VANDALISM +$400 -> SHOOT INTO OCCUP DWELL - I RPT,1,0.009803922
6,594(B)(1)PC  VANDALISM +$400 -> TRAFFIC-ACCIDENT INJURY,1,0.009803922
6,594(B)(2)(A) VANDALISM/ -$400 -> 20002(A) HIT/RUN,1,0.009803922
6,594(B)(2)(A) VANDALISM/ -$400 -> 242 PC  BATTERY CIVILIAN,1,0.009803922
6,594(B)(2)(A) VANDALISM/ -$400 -> 243(E)1 BATTERY NONCOHAB SPOUS,1,0.009803922
6,594(B)(2)(A) VANDALISM/ -$400 -> 247(B) PC SHOOT UNOCC BLDG/VEH,1,0.009803922
6,594(B)(2)(A) VANDALISM/ -$400 -> 374.3(A) PC ILLEGAL DUMPING,1,0.009803922
6,594(B)(2)(A) VANDALISM/ -$400 -> 459 PC  BURGLARY VEHICLE,1,0.009803922
6,594(B)(2)(A) VANDALISM/ -$400 -> 487(A) GRAND THEFT-INSIDE,1,0.009803922
6,594(B)(2)(A) VANDALISM/ -$400 -> 487(A) PC GRAND THEFT,1,0.009803922
6,594(B)(2)(A) VANDALISM/ -$400 -> 647(B) PC   PROSTITUTION,1,0.009803922
6,594(B)(2)(A) VANDALISM/ -$400 -> CASUALTY REPORT,1,0.009803922
6,594(B)(2)(A) VANDALISM/ -$400 -> SAFEKEEPING - I RPT,1,0.009803922
6,594(B)(2)(A) VANDALISM/ -$400 -> TELEPEST -I RPT,1,0.009803922
6,594(B)(2)(A) VANDALISM/ -$400 -> TOWED/STORED VEHICLE,1,0.009803922
6,594(B)(2)(A) VANDALISM/ -$400 -> VANDALISM - I RPT,1,0.009803922
6,594(B)(2)(A)VANDALISM GRAF-400 -> LOST PROPERTY - I RPT,1,0.009803922
6,594(B)(2)(A)VANDALISM GRAF-400 -> MISSING PERSON,1,0.009803922
6,594(B)(2)(A)VANDALISM GRAF-400 -> RPT # CANCELLED- I RPT,1,0.009803922
6,626.10(A) PC POSS WPN SCHL ZN -> 10851(A)VC TAKE VEH W/O OWNER,1,0.009803922
6,647(B) PC   PROSTITUTION -> 10851 VC AUTO THEFT LOCATE,1,0.009803922
6,647(B) PC   PROSTITUTION -> 11352(A)HS SALE/TRANS CNTL SUB,1,0.009803922
6,647(B) PC   PROSTITUTION -> 11364 HS POSS DRUG PARAPH,1,0.009803922
6,647(B) PC   PROSTITUTION -> 11377(A)HS POSS AMPHETAMINES,1,0.009803922
6,647(B) PC   PROSTITUTION -> 20002(A) HIT/RUN,1,0.009803922
6,647(B) PC   PROSTITUTION -> 247(B) PC SHOOT UNOCC BLDG/VEH,1,0.009803922
6,647(B) PC   PROSTITUTION -> 3056 PAROLE VIO - I RPT,1,0.009803922
6,647(B) PC   PROSTITUTION -> 4140 BP  POSS OF HYPO NEEDLE,1,0.009803922
6,647(B) PC   PROSTITUTION -> 459 PC  BURGLARY VEHICLE,1,0.009803922
6,647(B) PC   PROSTITUTION -> 475(A)PC POSS FORGED CHK/NOTE,1,0.009803922
6,647(B) PC   PROSTITUTION -> 484 PETTY THEFT-SHOPLIFT,1,0.009803922
6,647(B) PC   PROSTITUTION -> 487(A) PC GRAND THEFT,1,0.009803922
6,647(B) PC   PROSTITUTION -> ASSAULT WITH WEAPON - I RPT,1,0.009803922
6,647(B) PC   PROSTITUTION -> GANG ACTIVITY - I RPT,1,0.009803922
6,647(B) PC   PROSTITUTION -> NON INJ HR/MAIL OUT REPORT,1,0.009803922
6,647(B) PC   PROSTITUTION -> SUSP PERS-NO CRIME - I RPT,1,0.009803922
6,647(F) PC DIP - DISORDERLY -> 10851(A)VC TAKE VEH W/O OWNER,1,0.009803922
6,647(F) PC DIP - DISORDERLY -> 459 PC  BURGLARY RESIDENCE,1,0.009803922
6,647(F) PC DIP - DISORDERLY -> FOUND PROPERTY - I RPT,1,0.009803922
6,653.22(A) LOITER PROSTITUTION -> 10851(A)VC TAKE VEH W/O OWNER,1,0.009803922
6,653.22(A) LOITER PROSTITUTION -> 211 PC  ROBBERY UNSPECIFIED,1,0.009803922
6,653.22(A) LOITER PROSTITUTION -> 273.6(A) PC VIO DV COURT ORDER,1,0.009803922
6,653.22(A) LOITER PROSTITUTION -> 459 PC  BURGLARY RESIDENCE,1,0.009803922
6,653.22(A) LOITER PROSTITUTION -> 459 PC  BURGLARY VEHICLE,1,0.009803922
6,653.22(A) LOITER PROSTITUTION -> 484 PC   PETTY THEFT/INSIDE,1,0.009803922
6,653.22(A) LOITER PROSTITUTION -> 496(A) RECEIVE STOLEN PROPERTY,1,0.009803922
6,653.22(A) LOITER PROSTITUTION -> 5150 WI DANGER SELF/OTHERS,1,0.009803922
6,653.22(A) LOITER PROSTITUTION -> 653.22(A) LOITER PROSTITUTION,1,0.009803922
6,653.22(A) LOITER PROSTITUTION -> NON INJ HR/MAIL OUT REPORT,1,0.009803922
6,653.22(A) LOITER PROSTITUTION -> TRAFFIC-ACCIDENT INJURY,1,0.009803922
6,653M(A) PC OBSCENE/THREAT CALL -> 484 PETTY THEFT/LICENSE PLATE,1,0.009803922
6,653M(B) PC ANNOY/RPT CALL HOME -> 10851(A)VC TAKE VEH W/O OWNER,1,0.009803922
6,653M(B) PC ANNOY/RPT CALL HOME -> 1203.2 PC VIOLATION OF PROBATI,1,0.009803922
6,836.6(B) PC ESCAPE FROM ARREST -> 459 PC  BURGLARY RESIDENCE,1,0.009803922
6,849(B)(1) CERTIFICATE OF RELEA -> HARASSMENT - I RPT,1,0.009803922
6,849(B)(1) CERTIFICATE OF RELEA -> NON INJ HR/MAIL OUT REPORT,1,0.009803922
6,9.40.020(A) JUVENILE CURFEW -> 245(A)(2) AWDW/FIREARM/CIVILIA,1,0.009803922
6,9.44.220 SCC ANIMAL AT LARGE -> 11364 HS POSS DRUG PARAPH,1,0.009803922
6,9.44.220 SCC ANIMAL AT LARGE -> 459 PC  BURGLARY RESIDENCE,1,0.009803922
6,9.44.220 SCC ANIMAL AT LARGE -> 459 PC  BURGLARY VEHICLE,1,0.009803922
6,9.44.220 SCC ANIMAL AT LARGE -> 594(B)(2)(A) VANDALISM/ -$400,1,0.009803922
6,ACCIDENTAL FIRES/ARSON -I RPT -> 11350(B)HS POSSESS QUAALUDES,1,0.009803922
6,ASSAULT WITH WEAPON - I RPT -> 246 PC SHOOT OCCUP DWELL/VEH,1,0.009803922
6,ASSAULT WITH WEAPON - I RPT -> 503 PC   EMBEZZLEMENT,1,0.009803922
6,ASSAULT WITH WEAPON - I RPT -> 594(B)(1)PC  VANDALISM +$400,1,0.009803922
6,ASSAULT WITH WEAPON - I RPT -> MISCELLANEOUS I RPT (ZMISC),1,0.009803922
6,ASSAULT WITH WEAPON - I RPT -> SHOOT INTO OCCUP DWELL - I RPT,1,0.009803922
6,BATTERY - I RPT -> 4140 BP  POSS OF HYPO NEEDLE,1,0.009803922
6,BATTERY - I RPT -> TOWED/STORED VEH-14602.6,1,0.009803922
6,BURGLARY - I RPT -> 243(E)1 BATTERY NONCOHAB SPOUS,1,0.009803922
6,CASUALTY REPORT -> 11357(B)HS POSS -28.5GR MARIJ,1,0.009803922
6,CASUALTY REPORT -> 211 PC ROBBERY- BUSINESS,1,0.009803922
6,CASUALTY REPORT -> 243(D) PC BATT/CIVILIAN W/INJ,1,0.009803922
6,CASUALTY REPORT -> 243(E)1 BATTERY NONCOHAB SPOUS,1,0.009803922
6,CASUALTY REPORT -> 3056 PAROLE VIO - I RPT,1,0.009803922
6,CASUALTY REPORT -> 459 PC  BURGLARY VEHICLE,1,0.009803922
6,CASUALTY REPORT -> 484 PC   PETTY THEFT/INSIDE,1,0.009803922
6,CASUALTY REPORT -> DAMAGE - I RPT,1,0.009803922
6,CASUALTY REPORT -> MISSING PERSON,1,0.009803922
6,CASUALTY REPORT -> NARCOTICS SUSP/EVID/ACT- I RPT,1,0.009803922
6,CASUALTY REPORT -> TELEPEST -I RPT,1,0.009803922
6,CASUALTY REPORT -> THREATS - I RPT,1,0.009803922
6,CASUALTY REPORT -> TOWED/STORED VEHICLE,1,0.009803922
6,CHILD CUSTODY - I RPT -> 10851(A)VC TAKE VEH W/O OWNER,1,0.009803922
6,CHILD CUSTODY - I RPT -> TOWED/STORED VEH-14602.6,1,0.009803922
6,CHILD WELFARE - I RPT -> 10851(A)VC TAKE VEH W/O OWNER,1,0.009803922
6,CHILD WELFARE - I RPT -> 647(B) PC   PROSTITUTION,1,0.009803922
6,ELDER ABUSE/PHYS/MENTAL-I RPT -> TOWED/STORED VEHICLE,1,0.009803922
6,FAMILY DISTURBANCE - I RPT -> 459 PC  BURGLARY RESIDENCE,1,0.009803922
6,FAMILY DISTURBANCE - I RPT -> CHILD CUSTODY - I RPT,1,0.009803922
6,FORGERY-PASSING COUNTERFEIT -> 10851(A)VC TAKE VEH W/O OWNER,1,0.009803922
6,FOUND PROPERTY - I RPT -> 243(E)1 BATTERY NONCOHAB SPOUS,1,0.009803922
6,FOUND PROPERTY - I RPT -> 247(B) PC SHOOT UNOCC BLDG/VEH,1,0.009803922
6,FOUND PROPERTY - I RPT -> 459 PC  BURGLARY RESIDENCE,1,0.009803922
6,FOUND PROPERTY - I RPT -> 626.10(A) PC POSS WPN SCHL ZN,1,0.009803922
6,FOUND PROPERTY - I RPT -> MISSING PERSON,1,0.009803922
6,GANG ACTIVITY - I RPT -> 242 PC  BATTERY CIVILIAN,1,0.009803922
6,GANG ACTIVITY - I RPT -> 459 PC  BURGLARY BUSINESS,1,0.009803922
6,GANG ACTIVITY - I RPT -> 459 PC  BURGLARY RESIDENCE,1,0.009803922
6,GANG ACTIVITY - I RPT -> 484G(B) PC ACCESS CARD FRAUD,1,0.009803922
6,GANG ACTIVITY - I RPT -> 530.5 PC USE PERSONAL ID INFO,1,0.009803922
6,GANG ACTIVITY - I RPT -> 594(B)(1)PC  VANDALISM +$400,1,0.009803922
6,GANG ACTIVITY - I RPT -> GANG ACTIVITY - I RPT,1,0.009803922
6,GANG ACTIVITY - I RPT -> MISSING PERSON,1,0.009803922
6,GANG ACTIVITY - I RPT -> SUSP PERS-NO CRIME - I RPT,1,0.009803922
6,GANG ACTIVITY - I RPT -> TOWED/STORED VEHICLE,1,0.009803922
6,GANG ACTIVITY - I RPT -> TRAFFIC-ACCIDENT INJURY,1,0.009803922
6,GANG ACTIVITY - I RPT -> TRAFFIC-ACCIDENT-NON INJURY,1,0.009803922
6,HARASSMENT - I RPT -> 290(F)1 W/I 5 DAYS ADD CHANGE,1,0.009803922
6,HARASSMENT - I RPT -> 487(A) GRAND THEFT-INSIDE,1,0.009803922
6,HARASSMENT - I RPT -> 496(A) RECEIVE STOLEN PROPERTY,1,0.009803922
6,HARASSMENT - I RPT -> NON INJ HR/MAIL OUT REPORT,1,0.009803922
6,IMPOUNDED VEHICLE -> 10851 VC AUTO THEFT LOCATE,1,0.009803922
6,IMPOUNDED VEHICLE -> 484 PC  PETTY THEFT/ OUTSIDE,1,0.009803922
6,JUVENILE PROBLEMS - I RPT -> TOWED/STORED VEHICLE,1,0.009803922
6,LOST PROPERTY - I RPT -> 10851 VC AUTO THEFT LOCATE,1,0.009803922
6,LOST PROPERTY - I RPT -> 20002(A) HIT/RUN,1,0.009803922
6,LOST PROPERTY - I RPT -> 487(A) GRAND THEFT-INSIDE,1,0.009803922
6,LOST PROPERTY - I RPT -> 594(B)(2)(A)VANDALISM GRAF-400,1,0.009803922
6,LOST PROPERTY - I RPT -> GANG ACTIVITY - I RPT,1,0.009803922
6,LOST PROPERTY - I RPT -> TOWED/STORED VEH-14602.6,1,0.009803922
6,LOST PROPERTY - I RPT -> TRAFFIC-ACCIDENT INJURY,1,0.009803922
6,MISCELLANEOUS I RPT (ZMISC) -> 11359 HS POSS FOR SALE MARIJ,1,0.009803922
6,MISCELLANEOUS I RPT (ZMISC) -> 12020(A)(4) PC DIRK/DAGGER,1,0.009803922
6,MISCELLANEOUS I RPT (ZMISC) -> 211 PC ROBBERY- BUSINESS,1,0.009803922
6,MISCELLANEOUS I RPT (ZMISC) -> 23152(A) VC DUI-ALCOHOL/DRUGS,1,0.009803922
6,MISCELLANEOUS I RPT (ZMISC) -> 417(A)2) PC BRANDISH FIREARM,1,0.009803922
6,MISCELLANEOUS I RPT (ZMISC) -> 459 PC  BURGLARY BUSINESS,1,0.009803922
6,MISCELLANEOUS I RPT (ZMISC) -> 475(C) PASS FORGED NOTE,1,0.009803922
6,MISCELLANEOUS I RPT (ZMISC) -> 484 PC PETTY THEFT,1,0.009803922
6,MISCELLANEOUS I RPT (ZMISC) -> 530.5 PC USE PERSONAL ID INFO,1,0.009803922
6,MISCELLANEOUS I RPT (ZMISC) -> 594(B)(1)PC  VANDALISM +$400,1,0.009803922
6,MISCELLANEOUS I RPT (ZMISC) -> 594(B)(2)(A) VANDALISM/ -$400,1,0.009803922
6,MISCELLANEOUS I RPT (ZMISC) -> JUVENILE PROBLEMS - I RPT,1,0.009803922
6,MISCELLANEOUS I RPT (ZMISC) -> TOWED/STORED VEH-14602.6,1,0.009803922
6,MISSING PERSON -> 11350(B)HS POSSESS QUAALUDES,1,0.009803922
6,MISSING PERSON -> 148.9 PC FALSE ID TO OFFICER,1,0.009803922
6,MISSING PERSON -> 20002(A) HIT/RUN,1,0.009803922
6,MISSING PERSON -> 211 PC  ROBBERY UNSPECIFIED,1,0.009803922
6,MISSING PERSON -> 211 PC ROBBERY-PURSE SNATCH,1,0.009803922
6,MISSING PERSON -> 22435.2(A) BP POSS SHOP CART,1,0.009803922
6,MISSING PERSON -> 242 PC  BATTERY CIVILIAN,1,0.009803922
6,MISSING PERSON -> 245(A)(1)AWDW/NO FIREARM/CIVIL,1,0.009803922
6,MISSING PERSON -> 246 PC SHOOT OCCUP DWELL/VEH,1,0.009803922
6,MISSING PERSON -> 3056 PAROLE VIO - I RPT,1,0.009803922
6,MISSING PERSON -> 4140 BP  POSS OF HYPO NEEDLE,1,0.009803922
6,MISSING PERSON -> 415(1) PC DISTURB PEACE/FIGHT,1,0.009803922
6,MISSING PERSON -> 417(A)2) PC BRANDISH FIREARM,1,0.009803922
6,MISSING PERSON -> 422 PC THREAT/INTENT TO TERROR,1,0.009803922
6,MISSING PERSON -> 459 PC  BURGLARY RESIDENCE,1,0.009803922
6,MISSING PERSON -> 484 PC   PETTY THEFT/INSIDE,1,0.009803922
6,MISSING PERSON -> 487(A) GRAND THEFT-INSIDE,1,0.009803922
6,MISSING PERSON -> 487(A) PC GRAND THEFT,1,0.009803922
6,MISSING PERSON -> 594(B)(1)PC  VANDALISM +$400,1,0.009803922
6,MISSING PERSON -> 647(B) PC   PROSTITUTION,1,0.009803922
6,MISSING PERSON -> CHILD WELFARE - I RPT,1,0.009803922
6,MISSING PERSON -> DAMAGE - I RPT,1,0.009803922
6,MISSING PERSON -> MISCELLANEOUS I RPT (ZMISC),1,0.009803922
6,MISSING PERSON -> NARCOTICS SUSP/EVID/ACT- I RPT,1,0.009803922
6,MISSING PERSON -> SUSP PERS-NO CRIME - I RPT,1,0.009803922
6,MISSING PERSON -> TRAFFIC-ACCIDENT INJURY,1,0.009803922
6,MISSING PERSON -> TRAFFIC-ACCIDENT-NON INJURY,1,0.009803922
6,MISSING PERSON I RPT -> 12671 HS SALE/POSS ILLGL FRWRK,1,0.009803922
6,MISSING PERSON I RPT -> 529 PC FALSE PERSONATION,1,0.009803922
6,MISSING PERSON I RPT -> 532 PC FRAUD OBTAIN MONEY ETC,1,0.009803922
6,MISSING PERSON I RPT -> LOST PROPERTY - I RPT,1,0.009803922
6,MISSING PERSON I RPT -> TOWED/STORED VEH-14602.6,1,0.009803922
6,MISSING PERSON I RPT -> TRAFFIC-ACCIDENT-NON INJURY,1,0.009803922
6,MISSING PERSON LOCATE O/S ASSI -> 243(D) PC BATT/CIVILIAN W/INJ,1,0.009803922
6,MISSING PERSON LOCATE O/S ASSI -> 368(B)(1) CRUELTY/ELDER/ W/INJ,1,0.009803922
6,MISSING PERSON LOCATE O/S ASSI -> 459 PC  BURGLARY VEHICLE,1,0.009803922
6,MISSING PERSON LOCATE O/S ASSI -> 594(B)(2)(A) VANDALISM/ -$400,1,0.009803922
6,MISSING PERSON LOCATE O/S ASSI -> NON INJ HR/MAIL OUT REPORT,1,0.009803922
6,MISSING PERSON LOCATE O/S ASSI -> TOWED/STORED VEH-14602.6,1,0.009803922
6,NARCOTICS SUSP/EVID/ACT- I RPT -> 10851 VC AUTO THEFT LOCATE,1,0.009803922
6,NARCOTICS SUSP/EVID/ACT- I RPT -> 11352(A)HS SALE/TRANS CNTL SUB,1,0.009803922
6,NARCOTICS SUSP/EVID/ACT- I RPT -> 20002(A) HIT/RUN,1,0.009803922
6,NARCOTICS SUSP/EVID/ACT- I RPT -> 243(C)2 PC BATT/PO WITH INJURY,1,0.009803922
6,NARCOTICS SUSP/EVID/ACT- I RPT -> 459 PC  BURGLARY RESIDENCE,1,0.009803922
6,NARCOTICS SUSP/EVID/ACT- I RPT -> 459 PC  BURGLARY VEHICLE,1,0.009803922
6,NARCOTICS SUSP/EVID/ACT- I RPT -> 484 PC   PETTY THEFT/INSIDE,1,0.009803922
6,NARCOTICS SUSP/EVID/ACT- I RPT -> 496(A) RECEIVE STOLEN PROPERTY,1,0.009803922
6,NARCOTICS SUSP/EVID/ACT- I RPT -> LOST PROPERTY - I RPT,1,0.009803922
6,NARCOTICS SUSP/EVID/ACT- I RPT -> NARCOTICS SUSP/EVID/ACT- I RPT,1,0.009803922
6,NARCOTICS SUSP/EVID/ACT- I RPT -> NEIGHBORHOOD DISTURBANCE-I RPT,1,0.009803922
6,NARCOTICS SUSP/EVID/ACT- I RPT -> TOWED/STORED VEH-14602.6,1,0.009803922
6,NEIGHBORHOOD DISTURBANCE-I RPT -> 10851 VC AUTO THEFT LOCATE,1,0.009803922
6,NEIGHBORHOOD DISTURBANCE-I RPT -> 290(A)(1)(D) FAIL TO REG-5 DAY,1,0.009803922
6,NON INJ HR/MAIL OUT REPORT -> 10851 VC AUTO THEFT LOCATE,1,0.009803922
6,NON INJ HR/MAIL OUT REPORT -> 211 PC ROBBERY- BUSINESS,1,0.009803922
6,NON INJ HR/MAIL OUT REPORT -> 243(D) PC BATT/CIVILIAN W/INJ,1,0.009803922
6,NON INJ HR/MAIL OUT REPORT -> 243(E)1 BATTERY NONCOHAB SPOUS,1,0.009803922
6,NON INJ HR/MAIL OUT REPORT -> 368(B)(1) CRUELTY/ELDER/ W/INJ,1,0.009803922
6,NON INJ HR/MAIL OUT REPORT -> 459 PC  BURGLARY VEHICLE,1,0.009803922
6,NON INJ HR/MAIL OUT REPORT -> 466 PC   POSS OF BURG TOOLS,1,0.009803922
6,NON INJ HR/MAIL OUT REPORT -> 496(A) RECEIVE STOLEN PROPERTY,1,0.009803922
6,NON INJ HR/MAIL OUT REPORT -> 594(B)(2)(A) VANDALISM/ -$400,1,0.009803922
6,NON INJ HR/MAIL OUT REPORT -> GRAFFITI PROBLEMS- I RPT,1,0.009803922
6,NON INJ HR/MAIL OUT REPORT -> TOWED/STORED VEH-14602.6,1,0.009803922
6,NON INJ HR/MAIL OUT REPORT -> TRAFFIC-ACCIDENT-NON INJURY,1,0.009803922
6,O/S AGENCY -ASSISTANCE- I RPT -> 245(A)(1)AWDW/NO FIREARM/CIVIL,1,0.009803922
6,O/S AGENCY -ASSISTANCE- I RPT -> LOST PROPERTY - I RPT,1,0.009803922
6,O/S AGENCY -ASSISTANCE- I RPT -> SUSP PERS-NO CRIME - I RPT,1,0.009803922
6,PERSON INFORMATION - I RPT -> 245(A)(1)AWDW/NO FIREARM/CIVIL,1,0.009803922
6,POSS STOLEN VEHICLE- I RPT -> 484 PC  PETTY THEFT AUTO PART,1,0.009803922
6,POSS STOLEN VEHICLE- I RPT -> 529 PC FALSE PERSONATION,1,0.009803922
6,ROBBERY - I RPT -> 484 PC  PETTY THEFT AUTO PART,1,0.009803922
6,ROBBERY - I RPT -> 484 PC  PETTY THEFT/ OUTSIDE,1,0.009803922
6,ROBBERY - I RPT -> 529 PC FALSE PERSONATION,1,0.009803922
6,ROBBERY - I RPT -> POSS STOLEN VEHICLE- I RPT,1,0.009803922
6,SAFEKEEPING - I RPT -> 10851(A)VC TAKE VEH W/O OWNER,1,0.009803922
6,SAFEKEEPING - I RPT -> MISSING PERSON,1,0.009803922
6,SHOOT INTO OCCUP DWELL - I RPT -> 459 PC  BURGLARY BUSINESS,1,0.009803922
6,SUSP PERS-NO CRIME - I RPT -> 211 PC  ROBBERY UNSPECIFIED,1,0.009803922
6,SUSP PERS-NO CRIME - I RPT -> 242 PC  BATTERY CIVILIAN,1,0.009803922
6,SUSP PERS-NO CRIME - I RPT -> 245(A)(1)AWDW/NO FIREARM/CIVIL,1,0.009803922
6,SUSP PERS-NO CRIME - I RPT -> 3056 PAROLE VIO - I RPT,1,0.009803922
6,SUSP PERS-NO CRIME - I RPT -> 459 PC  BURGLARY RESIDENCE,1,0.009803922
6,SUSP PERS-NO CRIME - I RPT -> 484 PC   PETTY THEFT/INSIDE,1,0.009803922
6,SUSP PERS-NO CRIME - I RPT -> CASUALTY REPORT,1,0.009803922
6,SUSP PERS-NO CRIME - I RPT -> LOST PROPERTY - I RPT,1,0.009803922
6,SUSP PERS-NO CRIME - I RPT -> THREATS - I RPT,1,0.009803922
6,SUSP PERS-NO CRIME - I RPT -> TOWED/STORED VEH-14602.6,1,0.009803922
6,SUSP PERS-NO CRIME - I RPT -> TOWED/STORED VEHICLE,1,0.009803922
6,TELEPEST -I RPT -> 246 PC SHOOT OCCUP DWELL/VEH,1,0.009803922
6,TELEPEST -I RPT -> 503 PC   EMBEZZLEMENT,1,0.009803922
6,TELEPEST -I RPT -> GANG ACTIVITY - I RPT,1,0.009803922
6,TERRORIST THREATS - I RPT -> 10851(A)VC TAKE VEH W/O OWNER,1,0.009803922
6,TERRORIST THREATS - I RPT -> 484 PETTY THEFT/LICENSE PLATE,1,0.009803922
6,THREATS - I RPT -> 10851 VC AUTO THEFT LOCATE,1,0.009803922
6,THREATS - I RPT -> 11361(B)HS ADLT FURN MNR MARIJ,1,0.009803922
6,THREATS - I RPT -> 32 PC ACCESSORY TO A CRIME,1,0.009803922
6,THREATS - I RPT -> 459 PC  BURGLARY RESIDENCE,1,0.009803922
6,THREATS - I RPT -> 459 PC  BURGLARY VEHICLE,1,0.009803922
6,THREATS - I RPT -> 594(B)(2)(A) VANDALISM/ -$400,1,0.009803922
6,THREATS - I RPT -> POSSIBLE STOLEN PROPERTY-I RPT,1,0.009803922
6,THREATS - I RPT -> TOWED/STORED VEH-14602.6,1,0.009803922
6,THREATS - I RPT -> TOWED/STORED VEHICLE,1,0.009803922
6,THREATS - I RPT -> TRAFFIC-ACCIDENT INJURY,1,0.009803922
6,THREATS - I RPT -> TRAFFIC-ACCIDENT-NON INJURY,1,0.009803922
6,TOWED/STORED VEH-14602.6 -> 11350(A)HS POSS CNTRL SUBST,1,0.009803922
6,TOWED/STORED VEH-14602.6 -> 11350(B)HS POSSESS QUAALUDES,1,0.009803922
6,TOWED/STORED VEH-14602.6 -> 11361(B)HS ADLT FURN MNR MARIJ,1,0.009803922
6,TOWED/STORED VEH-14602.6 -> 12316(B)(1)FELON POSSESS AMMO,1,0.009803922
6,TOWED/STORED VEH-14602.6 -> 12500(A) VC UNLIC DRIVER,1,0.009803922
6,TOWED/STORED VEH-14602.6 -> 1551(A) FUGITIVE FROM JUSTICE,1,0.009803922
6,TOWED/STORED VEH-14602.6 -> 1708 US   THEFT OF MAIL,1,0.009803922
6,TOWED/STORED VEH-14602.6 -> 20001(A) VC HIT/RUN INJ/DEATH,1,0.009803922
6,TOWED/STORED VEH-14602.6 -> 23152(A) VC DUI-ALCOHOL/DRUGS,1,0.009803922
6,TOWED/STORED VEH-14602.6 -> 23153(A) VC DUI CAUSE INJURY,1,0.009803922
6,TOWED/STORED VEH-14602.6 -> 242 PC  BATTERY CIVILIAN,1,0.009803922
6,TOWED/STORED VEH-14602.6 -> 243(D) PC BATT/CIVILIAN W/INJ,1,0.009803922
6,TOWED/STORED VEH-14602.6 -> 4140 BP  POSS OF HYPO NEEDLE,1,0.009803922
6,TOWED/STORED VEH-14602.6 -> 451(D) PC  ARSON OF PROPERTY,1,0.009803922
6,TOWED/STORED VEH-14602.6 -> 475(A)PC POSS FORGED CHK/NOTE,1,0.009803922
6,TOWED/STORED VEH-14602.6 -> 484 PC PETTY THEFT,1,0.009803922
6,TOWED/STORED VEH-14602.6 -> 5150 WI DANGER SELF/OTHERS,1,0.009803922
6,TOWED/STORED VEH-14602.6 -> 529 PC FALSE PERSONATION,1,0.009803922
6,TOWED/STORED VEH-14602.6 -> 530.5 PC USE PERSONAL ID INFO,1,0.009803922
6,TOWED/STORED VEH-14602.6 -> 532 PC FRAUD OBTAIN MONEY ETC,1,0.009803922
6,TOWED/STORED VEH-14602.6 -> 594(B)(2)(A) VANDALISM/ -$400,1,0.009803922
6,TOWED/STORED VEH-14602.6 -> ACCIDENTAL FIRES/ARSON -I RPT,1,0.009803922
6,TOWED/STORED VEH-14602.6 -> CASUALTY REPORT,1,0.009803922
6,TOWED/STORED VEH-14602.6 -> CHILD CUSTODY - I RPT,1,0.009803922
6,TOWED/STORED VEH-14602.6 -> CHILD WELFARE - I RPT,1,0.009803922
6,TOWED/STORED VEH-14602.6 -> DAMAGE - I RPT,1,0.009803922
6,TOWED/STORED VEH-14602.6 -> ELDER ABUSE/PHYS/MENTAL-I RPT,1,0.009803922
6,TOWED/STORED VEH-14602.6 -> FAMILY DISTURBANCE - I RPT,1,0.009803922
6,TOWED/STORED VEH-14602.6 -> FOUND PROPERTY - I RPT,1,0.009803922
6,TOWED/STORED VEH-14602.6 -> FRAUD OR BUNCO - I RPT,1,0.009803922
6,TOWED/STORED VEH-14602.6 -> LOST PROPERTY - I RPT,1,0.009803922
6,TOWED/STORED VEH-14602.6 -> MISCELLANEOUS I RPT (ZMISC),1,0.009803922
6,TOWED/STORED VEH-14602.6 -> NARCOTICS SUSP/EVID/ACT- I RPT,1,0.009803922
6,TOWED/STORED VEHICLE -> 11350(B)HS POSSESS QUAALUDES,1,0.009803922
6,TOWED/STORED VEHICLE -> 11352(A)HS SALE/TRANS CNTL SUB,1,0.009803922
6,TOWED/STORED VEHICLE -> 11352(B)HS TRANS SUBST TO CNTY,1,0.009803922
6,TOWED/STORED VEHICLE -> 11357(B)HS POSS -28.5GR MARIJ,1,0.009803922
6,TOWED/STORED VEHICLE -> 11377(A)HS POSS AMPHETAMINES,1,0.009803922
6,TOWED/STORED VEHICLE -> 12020(A)1) PROHIBITED FIREARM,1,0.009803922
6,TOWED/STORED VEHICLE -> 12671 HS SALE/POSS ILLGL FRWRK,1,0.009803922
6,TOWED/STORED VEHICLE -> 22435.2(A) BP POSS SHOP CART,1,0.009803922
6,TOWED/STORED VEHICLE -> 23152(A) VC DUI-ALCOHOL/DRUGS,1,0.009803922
6,TOWED/STORED VEHICLE -> 243(E)1 BATTERY NONCOHAB SPOUS,1,0.009803922
6,TOWED/STORED VEHICLE -> 243.2(A)(1) BATT/SCHOOL INJURY,1,0.009803922
6,TOWED/STORED VEHICLE -> 3056 PAROLE VIO - I RPT,1,0.009803922
6,TOWED/STORED VEHICLE -> 459 PC  BURGLARY BUSINESS,1,0.009803922
6,TOWED/STORED VEHICLE -> 459 PC  BURGLARY-UNSPECIFIED,1,0.009803922
6,TOWED/STORED VEHICLE -> 484 PC  PETTY THEFT/ OUTSIDE,1,0.009803922
6,TOWED/STORED VEHICLE -> 484 PETTY THEFT CLOUT UNLOCKED,1,0.009803922
6,TOWED/STORED VEHICLE -> 653M(A) PC OBSCENE/THREAT CALL,1,0.009803922
6,TOWED/STORED VEHICLE -> ACCIDENTAL FIRES/ARSON -I RPT,1,0.009803922
6,TOWED/STORED VEHICLE -> FOUND EVIDENCE-NON NARC -I RPT,1,0.009803922
6,TOWED/STORED VEHICLE -> FRAUDULENT DOCUMENTS- I RPT,1,0.009803922
6,TOWED/STORED VEHICLE -> GANG ACTIVITY - I RPT,1,0.009803922
6,TOWED/STORED VEHICLE -> IMPOUNDED VEHICLE,1,0.009803922
6,TOWED/STORED VEHICLE -> LOST PROPERTY - I RPT,1,0.009803922
6,TOWED/STORED VEHICLE -> NEIGHBORHOOD DISTURBANCE-I RPT,1,0.009803922
6,TOWED/STORED VEHICLE -> TELEPEST -I RPT,1,0.009803922
6,TOWED/STORED VEHICLE -> VANDALISM - I RPT,1,0.009803922
6,TRAFFIC - I RPT -> 10851 VC AUTO THEFT LOCATE,1,0.009803922
6,TRAFFIC - I RPT -> NON INJ HR/MAIL OUT REPORT,1,0.009803922
6,TRAFFIC OFFENSE -> 11352(A)HS SALE/TRANS CNTL SUB,1,0.009803922
6,TRAFFIC OFFENSE -> 11357(E) MNR POSS MARIJ SCHOOL,1,0.009803922
6,TRAFFIC OFFENSE -> NARCOTICS SUSP/EVID/ACT- I RPT,1,0.009803922
6,TRAFFIC OFFENSE -> NEIGHBORHOOD DISTURBANCE-I RPT,1,0.009803922
6,TRAFFIC OFFENSE -> TOWED/STORED VEHICLE,1,0.009803922
6,TRAFFIC-ACCIDENT INJURY -> 10851 VC AUTO THEFT LOCATE,1,0.009803922
6,TRAFFIC-ACCIDENT INJURY -> 148.9 PC FALSE ID TO OFFICER,1,0.009803922
6,TRAFFIC-ACCIDENT INJURY -> 20001(A) VC HIT/RUN INJ/DEATH,1,0.009803922
6,TRAFFIC-ACCIDENT INJURY -> 215(A) PC    CARJACKING,1,0.009803922
6,TRAFFIC-ACCIDENT INJURY -> 23152(A) VC DUI-ALCOHOL/DRUGS,1,0.009803922
6,TRAFFIC-ACCIDENT INJURY -> 242 PC  BATTERY CIVILIAN,1,0.009803922
6,TRAFFIC-ACCIDENT INJURY -> 243(E)1 BATTERY NONCOHAB SPOUS,1,0.009803922
6,TRAFFIC-ACCIDENT INJURY -> 246 PC SHOOT OCCUP DWELL/VEH,1,0.009803922
6,TRAFFIC-ACCIDENT INJURY -> 459 PC  BURGLARY VEHICLE,1,0.009803922
6,TRAFFIC-ACCIDENT INJURY -> 484 PETTY THEFT CLOUT UNLOCKED,1,0.009803922
6,TRAFFIC-ACCIDENT INJURY -> CASUALTY REPORT,1,0.009803922
6,TRAFFIC-ACCIDENT INJURY -> MISCELLANEOUS I RPT (ZMISC),1,0.009803922
6,TRAFFIC-ACCIDENT INJURY -> MISSING PERSON,1,0.009803922
6,TRAFFIC-ACCIDENT INJURY -> SUSP PERS-NO CRIME - I RPT,1,0.009803922
6,TRAFFIC-ACCIDENT INJURY -> TOWED/STORED VEH-14602.6,1,0.009803922
6,TRAFFIC-ACCIDENT INJURY -> TRAFFIC-ACCIDENT-NON INJURY,1,0.009803922
6,TRAFFIC-ACCIDENT-NON INJURY -> 10851 VC AUTO THEFT LOCATE,1,0.009803922
6,TRAFFIC-ACCIDENT-NON INJURY -> 11357(B)HS POSS -28.5GR MARIJ,1,0.009803922
6,TRAFFIC-ACCIDENT-NON INJURY -> 20002(A) HIT/RUN,1,0.009803922
6,TRAFFIC-ACCIDENT-NON INJURY -> 211 PC  ROBBERY UNSPECIFIED,1,0.009803922
6,TRAFFIC-ACCIDENT-NON INJURY -> 273.6(A) PC VIO DV COURT ORDER,1,0.009803922
6,TRAFFIC-ACCIDENT-NON INJURY -> 459 PC  BURGLARY BUSINESS,1,0.009803922
6,TRAFFIC-ACCIDENT-NON INJURY -> 459 PC  BURGLARY VEHICLE,1,0.009803922
6,TRAFFIC-ACCIDENT-NON INJURY -> 484 PETTY THEFT-SHOPLIFT,1,0.009803922
6,TRAFFIC-ACCIDENT-NON INJURY -> 484 PETTY THEFT/LICENSE PLATE,1,0.009803922
6,TRAFFIC-ACCIDENT-NON INJURY -> 487(A) GRAND THEFT-CLOUT-UNLOC,1,0.009803922
6,TRAFFIC-ACCIDENT-NON INJURY -> 530.5 PC USE PERSONAL ID INFO,1,0.009803922
6,TRAFFIC-ACCIDENT-NON INJURY -> FRAUD OR BUNCO - I RPT,1,0.009803922
6,TRAFFIC-ACCIDENT-NON INJURY -> GANG ACTIVITY - I RPT,1,0.009803922
6,TRAFFIC-ACCIDENT-NON INJURY -> GRAND THEFT - I RPT,1,0.009803922
6,TRAFFIC-ACCIDENT-NON INJURY -> LOST PROPERTY - I RPT,1,0.009803922
6,TRAFFIC-ACCIDENT-NON INJURY -> MISSING PERSON,1,0.009803922
6,TRAFFIC-ACCIDENT-NON INJURY -> SUSP PERS-NO CRIME - I RPT,1,0.009803922
6,TRAFFIC-ACCIDENT-NON INJURY -> TRAFFIC-ACCIDENT-NON INJURY,1,0.009803922
6,VANDALISM - I RPT -> 10851(A)VC TAKE VEH W/O OWNER,1,0.009803922
6,VANDALISM - I RPT -> 459 PC  BURGLARY RESIDENCE,1,0.009803922
6,VANDALISM - I RPT -> 459 PC  BURGLARY VEHICLE,1,0.009803922
6,VANDALISM - I RPT -> CASUALTY REPORT,1,0.009803922
6,VANDALISM - I RPT -> MISSING PERSON,1,0.009803922
