"district","ep","cases_with_ep","support"
1,"10851(A)VC TAKE VEH W/O OWNER -> 10851(A)VC TAKE VEH W/O OWNER",8,0.0909090909090909
1,"10851(A)VC TAKE VEH W/O OWNER -> 594(B)(1)PC  VANDALISM +$400",7,0.0795454545454545
1,"459 PC  BURGLARY VEHICLE -> 459 PC  BURGLARY VEHICLE",7,0.0795454545454545
1,"10851(A)VC TAKE VEH W/O OWNER -> MISSING PERSON",4,0.0454545454545455
1,"10851(A)VC TAKE VEH W/O OWNER -> 459 PC  BURGLARY VEHICLE",3,0.0340909090909091
1,"10851(A)VC TAKE VEH W/O OWNER -> 594(B)(2)(A) VANDALISM/ -$400",3,0.0340909090909091
1,"459 PC  BURGLARY BUSINESS -> 10851(A)VC TAKE VEH W/O OWNER",3,0.0340909090909091
1,"459 PC  BURGLARY RESIDENCE -> 10851(A)VC TAKE VEH W/O OWNER",3,0.0340909090909091
1,"459 PC  BURGLARY VEHICLE -> 10851(A)VC TAKE VEH W/O OWNER",3,0.0340909090909091
1,"530 PC FALSE PERS. REC PROP -> 10851 VC AUTO THEFT LOCATE",3,0.0340909090909091
1,"MISCELLANEOUS I RPT (ZMISC) -> 10851(A)VC TAKE VEH W/O OWNER",3,0.0340909090909091
1,"10851(A)VC TAKE VEH W/O OWNER -> 245(A)(2) AWDW/FIREARM/CIVILIA",2,0.0227272727272727
1,"10851(A)VC TAKE VEH W/O OWNER -> 484 PC  PETTY THEFT/ OUTSIDE",2,0.0227272727272727
1,"10851(A)VC TAKE VEH W/O OWNER -> 484 PETTY THEFT/LICENSE PLATE",2,0.0227272727272727
1,"10851(A)VC TAKE VEH W/O OWNER -> MISCELLANEOUS I RPT (ZMISC)",2,0.0227272727272727
1,"10851(A)VC TAKE VEH W/O OWNER -> TOWED/STORED VEH-14602.6",2,0.0227272727272727
1,"10851(A)VC TAKE VEH W/O OWNER -> TRAFFIC-ACCIDENT-NON INJURY",2,0.0227272727272727
1,"20002(A) HIT/RUN -> 10851(A)VC TAKE VEH W/O OWNER",2,0.0227272727272727
1,"459 PC  BURGLARY RESIDENCE -> 484 PC  PETTY THEFT/ OUTSIDE",2,0.0227272727272727
1,"459 PC  BURGLARY RESIDENCE -> TRAFFIC-ACCIDENT-NON INJURY",2,0.0227272727272727
1,"459 PC  BURGLARY VEHICLE -> 273.6(A) PC VIO DV COURT ORDER",2,0.0227272727272727
1,"459 PC  BURGLARY VEHICLE -> 484 PETTY THEFT/LICENSE PLATE",2,0.0227272727272727
1,"459 PC  BURGLARY VEHICLE -> MISSING PERSON",2,0.0227272727272727
1,"459 PC  BURGLARY VEHICLE -> TELEPEST -I RPT",2,0.0227272727272727
1,"459 PC  BURGLARY VEHICLE -> TOWED/STORED VEHICLE",2,0.0227272727272727
1,"484 PC PETTY THEFT -> 459 PC  BURGLARY VEHICLE",2,0.0227272727272727
1,"484 PETTY THEFT/LICENSE PLATE -> 10851(A)VC TAKE VEH W/O OWNER",2,0.0227272727272727
1,"484 PETTY THEFT/LICENSE PLATE -> TRAFFIC-ACCIDENT-NON INJURY",2,0.0227272727272727
1,"5150 WI DANGER SELF/OTHERS -> TOWED/STORED VEHICLE",2,0.0227272727272727
1,"594(B)(1)PC  VANDALISM +$400 -> 10851(A)VC TAKE VEH W/O OWNER",2,0.0227272727272727
1,"NON INJ HR/MAIL OUT REPORT -> 10851(A)VC TAKE VEH W/O OWNER",2,0.0227272727272727
1,"THREATS - I RPT -> 10851(A)VC TAKE VEH W/O OWNER",2,0.0227272727272727
1,"THREATS - I RPT -> 459 PC  BURGLARY VEHICLE",2,0.0227272727272727
1,"TOWED/STORED VEH-14602.6 -> 211 PC  ROBBERY UNSPECIFIED",2,0.0227272727272727
1,"VANDALISM - I RPT -> 10851(A)VC TAKE VEH W/O OWNER",2,0.0227272727272727
1,"10851 VC AUTO THEFT LOCATE -> 10851(A)VC TAKE VEH W/O OWNER",1,0.0113636363636364
1,"10851 VC AUTO THEFT LOCATE -> 1708 US   THEFT OF MAIL",1,0.0113636363636364
1,"10851 VC AUTO THEFT LOCATE -> 417(A)2) PC BRANDISH FIREARM",1,0.0113636363636364
1,"10851(A)VC TAKE VEH W/O OWNER -> 10851 VC AUTO THEFT LOCATE",1,0.0113636363636364
1,"10851(A)VC TAKE VEH W/O OWNER -> 11350(B)HS POSSESS QUAALUDES",1,0.0113636363636364
1,"10851(A)VC TAKE VEH W/O OWNER -> 11351 HS POSS/SALE OPIATE/NARC",1,0.0113636363636364
1,"10851(A)VC TAKE VEH W/O OWNER -> 166(A)(4) WILFUL DISOBEY CT OR",1,0.0113636363636364
1,"10851(A)VC TAKE VEH W/O OWNER -> 20002(A) HIT/RUN",1,0.0113636363636364
1,"10851(A)VC TAKE VEH W/O OWNER -> 211 PC  ROBBERY UNSPECIFIED",1,0.0113636363636364
1,"10851(A)VC TAKE VEH W/O OWNER -> 211 PC ROBBERY-PURSE SNATCH",1,0.0113636363636364
1,"10851(A)VC TAKE VEH W/O OWNER -> 215(A) PC    CARJACKING",1,0.0113636363636364
1,"10851(A)VC TAKE VEH W/O OWNER -> 242 PC  BATTERY CIVILIAN",1,0.0113636363636364
1,"10851(A)VC TAKE VEH W/O OWNER -> 247(B) PC SHOOT UNOCC BLDG/VEH",1,0.0113636363636364
1,"10851(A)VC TAKE VEH W/O OWNER -> 484 PC  PETTY THEFT AUTO PART",1,0.0113636363636364
1,"10851(A)VC TAKE VEH W/O OWNER -> 530.5 PC USE PERSONAL ID INFO",1,0.0113636363636364
1,"10851(A)VC TAKE VEH W/O OWNER -> HARASSMENT - I RPT",1,0.0113636363636364
1,"10851(A)VC TAKE VEH W/O OWNER -> TOWED/STORED VEHICLE",1,0.0113636363636364
1,"11350(A)HS POSS CNTRL SUBST -> 242 PC  BATTERY CIVILIAN",1,0.0113636363636364
1,"11350(A)HS POSS CNTRL SUBST -> 459 PC  BURGLARY VEHICLE",1,0.0113636363636364
1,"11351 HS POSS/SALE OPIATE/NARC -> 10851(A)VC TAKE VEH W/O OWNER",1,0.0113636363636364
1,"11357(B)HS POSS -28.5GR MARIJ -> 10851(A)VC TAKE VEH W/O OWNER",1,0.0113636363636364
1,"11357(B)HS POSS -28.5GR MARIJ -> 594(B)(2)(A) VANDALISM/ -$400",1,0.0113636363636364
1,"11364 HS POSS DRUG PARAPH -> 594(B)(2)(A) VANDALISM/ -$400",1,0.0113636363636364
1,"11364 HS POSS DRUG PARAPH -> THREATS - I RPT",1,0.0113636363636364
1,"11377(A)HS POSS AMPHETAMINES -> 10851(A)VC TAKE VEH W/O OWNER",1,0.0113636363636364
1,"12022.1 PC COMMIT FEL ON BAIL -> 242 PC  BATTERY CIVILIAN",1,0.0113636363636364
1,"12022.1 PC COMMIT FEL ON BAIL -> 487(A) PC GRAND THEFT",1,0.0113636363636364
1,"148.1(A)PC FALSE REPT OF BOMB -> 459 PC  BURGLARY RESIDENCE",1,0.0113636363636364
1,"1708 US   THEFT OF MAIL -> 20002(A) HIT/RUN",1,0.0113636363636364
1,"1708 US   THEFT OF MAIL -> 459 PC  BURGLARY VEHICLE",1,0.0113636363636364
1,"1708 US   THEFT OF MAIL -> 484J PC PUBLISH CARD INFO",1,0.0113636363636364
1,"20002(A) HIT/RUN -> 10851 VC AUTO THEFT LOCATE",1,0.0113636363636364
1,"20002(A) HIT/RUN -> 594(B)(2)(A) VANDALISM/ -$400",1,0.0113636363636364
1,"211 PC  ROBBERY UNSPECIFIED -> 10851(A)VC TAKE VEH W/O OWNER",1,0.0113636363636364
1,"211 PC  ROBBERY UNSPECIFIED -> 11351 HS POSS/SALE OPIATE/NARC",1,0.0113636363636364
1,"211 PC  ROBBERY UNSPECIFIED -> 594(B)(1)PC  VANDALISM +$400",1,0.0113636363636364
1,"211 PC ROBBERY- BUSINESS -> 245(A)(1)AWDW/NO FIREARM/CIVIL",1,0.0113636363636364
1,"211 PC ROBBERY- BUSINESS -> ACCIDENTAL FIRES/ARSON -I RPT",1,0.0113636363636364
1,"211 PC ROBBERY-PURSE SNATCH -> POSSIBLE MENTAL - I RPT",1,0.0113636363636364
1,"215(A) PC    CARJACKING -> 246 PC SHOOT OCCUP DWELL/VEH",1,0.0113636363636364
1,"215(A) PC    CARJACKING -> 459 PC  BURGLARY VEHICLE",1,0.0113636363636364
1,"23152(A) VC DUI-ALCOHOL/DRUGS -> 459 PC  BURGLARY VEHICLE",1,0.0113636363636364
1,"23152(A) VC DUI-ALCOHOL/DRUGS -> TOWED/STORED VEHICLE",1,0.0113636363636364
1,"23222(B)POSSESS MARIJ IN VEH -> 10851(A)VC TAKE VEH W/O OWNER",1,0.0113636363636364
1,"240 PC ASSAULT/SIMPLE-CIVILIAN -> LOST PROPERTY - I RPT",1,0.0113636363636364
1,"242 PC  BATTERY CIVILIAN -> 10851(A)VC TAKE VEH W/O OWNER",1,0.0113636363636364
1,"242 PC  BATTERY CIVILIAN -> 459 PC  BURGLARY RESIDENCE",1,0.0113636363636364
1,"242 PC  BATTERY CIVILIAN -> 459 PC  BURGLARY VEHICLE",1,0.0113636363636364
1,"242 PC  BATTERY CIVILIAN -> 594(B)(2)(A) VANDALISM/ -$400",1,0.0113636363636364
1,"242 PC  BATTERY CIVILIAN -> FRAUD OR BUNCO - I RPT",1,0.0113636363636364
1,"242 PC  BATTERY CIVILIAN -> MISCELLANEOUS I RPT (ZMISC)",1,0.0113636363636364
1,"242 PC  BATTERY CIVILIAN -> NON INJ HR/MAIL OUT REPORT",1,0.0113636363636364
1,"243(E)1 BATTERY NONCOHAB SPOUS -> 10851(A)VC TAKE VEH W/O OWNER",1,0.0113636363636364
1,"243(E)1 BATTERY NONCOHAB SPOUS -> 594(B)(2)(A) VANDALISM/ -$400",1,0.0113636363636364
1,"243(E)1 BATTERY NONCOHAB SPOUS -> 647(F) PC DIP - DISORDERLY",1,0.0113636363636364
1,"243(E)1 BATTERY NONCOHAB SPOUS -> TRAFFIC-ACCIDENT-NON INJURY",1,0.0113636363636364
1,"243.2(A)(1) BATT/SCHOOL INJURY -> 308(B) PC MINOR POSS TOBACCO",1,0.0113636363636364
1,"243.2(A)(1) BATT/SCHOOL INJURY -> FOUND PROPERTY - I RPT",1,0.0113636363636364
1,"245(A)(2) AWDW/FIREARM/CIVILIA -> 10851(A)VC TAKE VEH W/O OWNER",1,0.0113636363636364
1,"245(A)(2) AWDW/FIREARM/CIVILIA -> 594(B)(1)PC  VANDALISM +$400",1,0.0113636363636364
1,"246 PC SHOOT OCCUP DWELL/VEH -> 10851 VC AUTO THEFT LOCATE",1,0.0113636363636364
1,"247(B) PC SHOOT UNOCC BLDG/VEH -> 211 PC  ROBBERY UNSPECIFIED",1,0.0113636363636364
1,"247(B) PC SHOOT UNOCC BLDG/VEH -> 459 PC  BURGLARY VEHICLE",1,0.0113636363636364
1,"273.6(A) PC VIO DV COURT ORDER -> TOWED/STORED VEHICLE",1,0.0113636363636364
1,"459 PC  BURGLARY BUSINESS -> 211 PC  ROBBERY UNSPECIFIED",1,0.0113636363636364
1,"459 PC  BURGLARY BUSINESS -> 451(B) PC ARSON OF INHAB STRUC",1,0.0113636363636364
1,"459 PC  BURGLARY BUSINESS -> 459 PC  BURGLARY BUSINESS",1,0.0113636363636364
1,"459 PC  BURGLARY BUSINESS -> 484 PC PETTY THEFT",1,0.0113636363636364
1,"459 PC  BURGLARY BUSINESS -> TOWED/STORED VEHICLE",1,0.0113636363636364
1,"459 PC  BURGLARY BUSINESS -> TRAFFIC-ACCIDENT INJURY",1,0.0113636363636364
1,"459 PC  BURGLARY RESIDENCE -> 459 PC  BURGLARY VEHICLE",1,0.0113636363636364
1,"459 PC  BURGLARY RESIDENCE -> CHILD WELFARE - I RPT",1,0.0113636363636364
1,"459 PC  BURGLARY RESIDENCE -> MISCELLANEOUS I RPT (ZMISC)",1,0.0113636363636364
1,"459 PC  BURGLARY RESIDENCE -> MISSING PERSON",1,0.0113636363636364
1,"459 PC  BURGLARY VEHICLE -> 166(A)(4) WILFUL DISOBEY CT OR",1,0.0113636363636364
1,"459 PC  BURGLARY VEHICLE -> 211 PC ROBBERY-PURSE SNATCH",1,0.0113636363636364
1,"459 PC  BURGLARY VEHICLE -> 23152(A) VC DUI-ALCOHOL/DRUGS",1,0.0113636363636364
1,"459 PC  BURGLARY VEHICLE -> 243(E)1 BATTERY NONCOHAB SPOUS",1,0.0113636363636364
1,"459 PC  BURGLARY VEHICLE -> 247(B) PC SHOOT UNOCC BLDG/VEH",1,0.0113636363636364
1,"459 PC  BURGLARY VEHICLE -> 422 PC THREAT/INTENT TO TERROR",1,0.0113636363636364
1,"459 PC  BURGLARY VEHICLE -> 459 PC  BURGLARY BUSINESS",1,0.0113636363636364
1,"459 PC  BURGLARY VEHICLE -> 459 PC  BURGLARY RESIDENCE",1,0.0113636363636364
1,"459 PC  BURGLARY VEHICLE -> 484 PC PETTY THEFT",1,0.0113636363636364
1,"459 PC  BURGLARY VEHICLE -> 484 PC-PETTY THEFT-COIN MACHIN",1,0.0113636363636364
1,"459 PC  BURGLARY VEHICLE -> 594(B)(2)(A) VANDALISM/ -$400",1,0.0113636363636364
1,"459 PC  BURGLARY VEHICLE -> 647(F) PC DIP - DISORDERLY",1,0.0113636363636364
1,"459 PC  BURGLARY VEHICLE -> ABC LICENSE VIO/INFO - I RPT",1,0.0113636363636364
1,"459 PC  BURGLARY VEHICLE -> FOUND PROPERTY - I RPT",1,0.0113636363636364
1,"459 PC  BURGLARY VEHICLE -> MISSING PERSON LOCATE O/S ASSI",1,0.0113636363636364
1,"459 PC  BURGLARY VEHICLE -> PROB VIOLA/FEL-MISD - I RPT",1,0.0113636363636364
1,"459 PC  BURGLARY VEHICLE -> THREATS - I RPT",1,0.0113636363636364
1,"459 PC  BURGLARY VEHICLE -> TRAFFIC-ACCIDENT-NON INJURY",1,0.0113636363636364
1,"484 PC   PETTY THEFT/INSIDE -> 10851(A)VC TAKE VEH W/O OWNER",1,0.0113636363636364
1,"484 PC   PETTY THEFT/INSIDE -> 484 PC PETTY THEFT",1,0.0113636363636364
1,"484 PC   PETTY THEFT/INSIDE -> TRAFFIC-ACCIDENT INJURY",1,0.0113636363636364
1,"484 PC  PETTY THEFT/ OUTSIDE -> 23103(A) RECKLESS ON HIGHWAY",1,0.0113636363636364
1,"484 PC  PETTY THEFT/ OUTSIDE -> 243.2(A)(1) BATT/SCHOOL INJURY",1,0.0113636363636364
1,"484 PC  PETTY THEFT/ OUTSIDE -> 459 PC  BURGLARY RESIDENCE",1,0.0113636363636364
1,"484 PC  PETTY THEFT/ OUTSIDE -> FOUND PROPERTY - I RPT",1,0.0113636363636364
1,"484 PC  PETTY THEFT/ OUTSIDE -> TOWED/STORED VEH-14602.6",1,0.0113636363636364
1,"484 PC PETTY THEFT -> 10851(A)VC TAKE VEH W/O OWNER",1,0.0113636363636364
1,"484 PC PETTY THEFT -> 242 PC  BATTERY CIVILIAN",1,0.0113636363636364
1,"484 PC PETTY THEFT -> 594(B)(2)(A) VANDALISM/ -$400",1,0.0113636363636364
1,"484 PC PETTY THEFT -> 594(B)(2)(A)VANDALISM GRAF-400",1,0.0113636363636364
1,"484 PC PETTY THEFT -> PERSON INFORMATION - I RPT",1,0.0113636363636364
1,"484 PC PETTY THEFT -> TRESPASS OR PROWLER- I RPT",1,0.0113636363636364
1,"484 PETTY THEFT CLOUT UNLOCKED -> 594(B)(1)PC  VANDALISM +$400",1,0.0113636363636364
1,"484 PETTY THEFT CLOUT UNLOCKED -> MISSING PERSON",1,0.0113636363636364
1,"484 PETTY THEFT-SHOPLIFT -> 459 PC  BURGLARY RESIDENCE",1,0.0113636363636364
1,"484 PETTY THEFT/LICENSE PLATE -> 20002(A) HIT/RUN",1,0.0113636363636364
1,"484 PETTY THEFT/LICENSE PLATE -> 23153(A) VC DUI CAUSE INJURY",1,0.0113636363636364
1,"484 PETTY THEFT/LICENSE PLATE -> 459 PC  BURGLARY VEHICLE",1,0.0113636363636364
1,"484 PETTY THEFT/LICENSE PLATE -> 594(B)(1)PC  VANDALISM +$400",1,0.0113636363636364
1,"484 PETTY THEFT/LICENSE PLATE -> GANG ACTIVITY - I RPT",1,0.0113636363636364
1,"484 PETTY THEFT/LICENSE PLATE -> LOST PROPERTY - I RPT",1,0.0113636363636364
1,"484 PETTY THEFT/LICENSE PLATE -> POSS STOLEN VEHICLE- I RPT",1,0.0113636363636364
1,"484 PETTY THEFT/LICENSE PLATE -> TOWED/STORED VEHICLE",1,0.0113636363636364
1,"484E(A)PC THEFT OF CREDIT CARD -> 484 PETTY THEFT/LICENSE PLATE",1,0.0113636363636364
1,"484G(A)PC USE FORGED CARD -> 484 PETTY THEFT/LICENSE PLATE",1,0.0113636363636364
1,"484G(B) PC ACCESS CARD FRAUD -> 10851 VC AUTO THEFT LOCATE",1,0.0113636363636364
1,"484G(B) PC ACCESS CARD FRAUD -> 10851(A)VC TAKE VEH W/O OWNER",1,0.0113636363636364
1,"484G(B) PC ACCESS CARD FRAUD -> LOST PROPERTY - I RPT",1,0.0113636363636364
1,"484G(B) PC ACCESS CARD FRAUD -> TOWED/STORED VEHICLE",1,0.0113636363636364
1,"484J PC PUBLISH CARD INFO -> 459 PC  BURGLARY RESIDENCE",1,0.0113636363636364
1,"484J PC PUBLISH CARD INFO -> 484 PC   PETTY THEFT/INSIDE",1,0.0113636363636364
1,"484J PC PUBLISH CARD INFO -> 653M(A) PC OBSCENE/THREAT CALL",1,0.0113636363636364
1,"484J PC PUBLISH CARD INFO -> PETTY THEFT - I RPT",1,0.0113636363636364
1,"487(A) GRAND THEFT-CLOUT-UNLOC -> ABC LICENSE VIO/INFO - I RPT",1,0.0113636363636364
1,"487(A) GRAND THEFT-CLOUT-UNLOC -> TOWED/STORED VEH-14602.6",1,0.0113636363636364
1,"487(A) PC GRAND THEFT -> 459 PC  BURGLARY BUSINESS",1,0.0113636363636364
1,"487(A) PC GRAND THEFT -> 484 PETTY THEFT-SHOPLIFT",1,0.0113636363636364
1,"487(A) PC GRAND THEFT -> 653M(B) PC ANNOY/RPT CALL HOME",1,0.0113636363636364
1,"487(A) PC GRAND THEFT -> ABC LICENSE VIO/INFO - I RPT",1,0.0113636363636364
1,"487(A) PC GRAND THEFT-SHOPLIFT -> 459 PC  BURGLARY VEHICLE",1,0.0113636363636364
1,"487(A) PC GRAND THEFT-SHOPLIFT -> 484 PETTY THEFT/LICENSE PLATE",1,0.0113636363636364
1,"487(A) PC GRAND THEFT-SHOPLIFT -> 594(B)(2)(A) VANDALISM/ -$400",1,0.0113636363636364
1,"487(A) PC GRAND THEFT-SHOPLIFT -> TOWED/STORED VEHICLE",1,0.0113636363636364
1,"496(A) RECEIVE STOLEN PROPERTY -> FOUND PROPERTY - I RPT",1,0.0113636363636364
1,"5150 WI DANGER SELF/OTHERS -> 10851(A)VC TAKE VEH W/O OWNER",1,0.0113636363636364
1,"5150 WI DANGER SELF/OTHERS -> 5150 WI DANGER SELF/OTHERS",1,0.0113636363636364
1,"530 PC FALSE PERS. REC PROP -> 242 PC  BATTERY CIVILIAN",1,0.0113636363636364
1,"530.5 PC USE PERSONAL ID INFO -> 10851(A)VC TAKE VEH W/O OWNER",1,0.0113636363636364
1,"530.5 PC USE PERSONAL ID INFO -> 247(B) PC SHOOT UNOCC BLDG/VEH",1,0.0113636363636364
1,"530.5 PC USE PERSONAL ID INFO -> 459 PC  BURGLARY VEHICLE",1,0.0113636363636364
1,"530.5 PC USE PERSONAL ID INFO -> 484G(B) PC ACCESS CARD FRAUD",1,0.0113636363636364
1,"530.5 PC USE PERSONAL ID INFO -> 487(A) PC GRAND THEFT",1,0.0113636363636364
1,"530.5 PC USE PERSONAL ID INFO -> 594(B)(2)(A) VANDALISM/ -$400",1,0.0113636363636364
1,"530.5 PC USE PERSONAL ID INFO -> 602(L)(1)TRESPASS REFUSE TO LV",1,0.0113636363636364
1,"530.5 PC USE PERSONAL ID INFO -> 653M(A) PC OBSCENE/THREAT CALL",1,0.0113636363636364
1,"530.5 PC USE PERSONAL ID INFO -> PETTY THEFT - I RPT",1,0.0113636363636364
1,"537(A)(1) DEFRAUD INKEEP/-$400 -> MISSING PERSON",1,0.0113636363636364
1,"594(B)(1)PC  VANDALISM +$400 -> 273.6(A) PC VIO DV COURT ORDER",1,0.0113636363636364
1,"594(B)(1)PC  VANDALISM +$400 -> 484 PC-PETTY THEFT-COIN MACHIN",1,0.0113636363636364
1,"594(B)(1)PC  VANDALISM +$400 -> 484 PETTY THEFT/LICENSE PLATE",1,0.0113636363636364
1,"594(B)(1)PC  VANDALISM +$400 -> 5150 WI DANGER SELF/OTHERS",1,0.0113636363636364
1,"594(B)(1)PC  VANDALISM +$400 -> 594(B)(1)PC  VANDALISM +$400",1,0.0113636363636364
1,"594(B)(1)PC  VANDALISM +$400 -> 647(F) PC DIP - DISORDERLY",1,0.0113636363636364
1,"594(B)(1)PC  VANDALISM +$400 -> MISSING PERSON",1,0.0113636363636364
1,"594(B)(1)PC  VANDALISM +$400 -> TELEPEST -I RPT",1,0.0113636363636364
1,"594(B)(1)PC  VANDALISM +$400 -> VANDALISM - I RPT",1,0.0113636363636364
1,"594(B)(1)VANDALISM GRAF +$400 -> 484 PETTY THEFT/LICENSE PLATE",1,0.0113636363636364
1,"594(B)(2)(A) VANDALISM/ -$400 -> 10851(A)VC TAKE VEH W/O OWNER",1,0.0113636363636364
1,"594(B)(2)(A) VANDALISM/ -$400 -> 11377(A)HS POSS AMPHETAMINES",1,0.0113636363636364
1,"594(B)(2)(A) VANDALISM/ -$400 -> 247(B) PC SHOOT UNOCC BLDG/VEH",1,0.0113636363636364
1,"594(B)(2)(A) VANDALISM/ -$400 -> 459 PC  BURGLARY VEHICLE",1,0.0113636363636364
1,"594(B)(2)(A) VANDALISM/ -$400 -> 487(A) GRAND THEFT-INSIDE",1,0.0113636363636364
1,"594(B)(2)(A) VANDALISM/ -$400 -> 594(B)(2)(A) VANDALISM/ -$400",1,0.0113636363636364
1,"594(B)(2)(A) VANDALISM/ -$400 -> NARCOTICS SUSP/EVID/ACT- I RPT",1,0.0113636363636364
1,"594(B)(2)(A) VANDALISM/ -$400 -> POSSIBLE FINANCIAL CRIME-I RPT",1,0.0113636363636364
1,"594(B)(2)(A) VANDALISM/ -$400 -> TOWED/STORED VEH-14602.6",1,0.0113636363636364
1,"653M(A) PC OBSCENE/THREAT CALL -> 459 PC  BURGLARY RESIDENCE",1,0.0113636363636364
1,"653M(A) PC OBSCENE/THREAT CALL -> 459 PC  BURGLARY VEHICLE",1,0.0113636363636364
1,"653M(B) PC ANNOY/RPT CALL HOME -> 459 PC  BURGLARY BUSINESS",1,0.0113636363636364
1,"666 PC PETTY THEFT W/PRI CONV -> 459 PC  BURGLARY BUSINESS",1,0.0113636363636364
1,"ACCIDENTAL FIRES/ARSON -I RPT -> 247(B) PC SHOOT UNOCC BLDG/VEH",1,0.0113636363636364
1,"ACCIDENTAL FIRES/ARSON -I RPT -> TOWED/STORED VEHICLE",1,0.0113636363636364
1,"ASSAULT WITH WEAPON - I RPT -> 10851 VC AUTO THEFT LOCATE",1,0.0113636363636364
1,"BATTERY - I RPT -> 459 PC  BURGLARY VEHICLE",1,0.0113636363636364
1,"BATTERY - I RPT -> 487(A) PC GRAND THEFT",1,0.0113636363636364
1,"BATTERY - I RPT -> MISSING PERSON",1,0.0113636363636364
1,"BOMBS/THREATS/EXPLOSIV- I RPT -> 10851(A)VC TAKE VEH W/O OWNER",1,0.0113636363636364
1,"BOMBS/THREATS/EXPLOSIV- I RPT -> 20001(A) VC HIT/RUN INJ/DEATH",1,0.0113636363636364
1,"BURGLARY - I RPT -> TOWED/STORED VEHICLE",1,0.0113636363636364
1,"CASUALTY REPORT -> 242 PC  BATTERY CIVILIAN",1,0.0113636363636364
1,"CASUALTY REPORT -> 459 PC  BURGLARY VEHICLE",1,0.0113636363636364
1,"CASUALTY REPORT -> 487(A) PC GRAND THEFT",1,0.0113636363636364
1,"CASUALTY REPORT -> ABC LICENSE VIO/INFO - I RPT",1,0.0113636363636364
1,"CASUALTY REPORT -> TOWED/STORED VEHICLE",1,0.0113636363636364
1,"FOUND PROPERTY - I RPT -> 10851 VC AUTO THEFT LOCATE",1,0.0113636363636364
1,"FOUND PROPERTY - I RPT -> 20002(A) HIT/RUN",1,0.0113636363636364
1,"FOUND PROPERTY - I RPT -> 484 PETTY THEFT CLOUT UNLOCKED",1,0.0113636363636364
1,"FOUND PROPERTY - I RPT -> SUSP PERS-NO CRIME - I RPT",1,0.0113636363636364
1,"FOUND PROPERTY - I RPT -> TRAFFIC-ACCIDENT-NON INJURY",1,0.0113636363636364
1,"FRAUD OR BUNCO - I RPT -> 10851(A)VC TAKE VEH W/O OWNER",1,0.0113636363636364
1,"GANG ACTIVITY - I RPT -> 166(A)(4) WILFUL DISOBEY CT OR",1,0.0113636363636364
1,"GANG ACTIVITY - I RPT -> 459 PC  BURGLARY RESIDENCE",1,0.0113636363636364
1,"GANG ACTIVITY - I RPT -> 594(B)(2)(A) VANDALISM/ -$400",1,0.0113636363636364
1,"GANG ACTIVITY - I RPT -> GANG ACTIVITY - I RPT",1,0.0113636363636364
1,"GANG ACTIVITY - I RPT -> PERSON INFORMATION - I RPT",1,0.0113636363636364
1,"HARASSMENT - I RPT -> TOWED/STORED VEHICLE",1,0.0113636363636364
1,"HIT AND RUN /SUSPECTS- I RPT -> 23222(B)POSSESS MARIJ IN VEH",1,0.0113636363636364
1,"JUVENILE DISURBANCE - I RPT -> 10851(A)VC TAKE VEH W/O OWNER",1,0.0113636363636364
1,"LOST PROPERTY - I RPT -> 10851 VC AUTO THEFT LOCATE",1,0.0113636363636364
1,"LOST PROPERTY - I RPT -> 10851(A)VC TAKE VEH W/O OWNER",1,0.0113636363636364
1,"LOST PROPERTY - I RPT -> 242 PC  BATTERY CIVILIAN",1,0.0113636363636364
1,"LOST PROPERTY - I RPT -> NON INJ HR/MAIL OUT REPORT",1,0.0113636363636364
1,"MISCELLANEOUS I RPT (ZMISC) -> CHILD WELFARE - I RPT",1,0.0113636363636364
1,"MISCELLANEOUS I RPT (ZMISC) -> LOST PROPERTY - I RPT",1,0.0113636363636364
1,"MISSING PERSON -> 20002(A) HIT/RUN",1,0.0113636363636364
1,"MISSING PERSON -> 273.6(A) PC VIO DV COURT ORDER",1,0.0113636363636364
1,"MISSING PERSON -> 484G(B) PC ACCESS CARD FRAUD",1,0.0113636363636364
1,"MISSING PERSON -> 530.5 PC USE PERSONAL ID INFO",1,0.0113636363636364
1,"NARCOTICS SUSP/EVID/ACT- I RPT -> 215(A) PC    CARJACKING",1,0.0113636363636364
1,"NON INJ HR/MAIL OUT REPORT -> 459 PC  BURGLARY RESIDENCE",1,0.0113636363636364
1,"NON INJ HR/MAIL OUT REPORT -> 530.5 PC USE PERSONAL ID INFO",1,0.0113636363636364
1,"NON INJ HR/MAIL OUT REPORT -> FOUND PROPERTY - I RPT",1,0.0113636363636364
1,"O/S AGENCY -ASSISTANCE- I RPT -> TOWED/STORED VEH-14602.6",1,0.0113636363636364
1,"PERSON INFORMATION - I RPT -> 530 PC FALSE PERS. REC PROP",1,0.0113636363636364
1,"PETTY THEFT - I RPT -> 459 PC  BURGLARY VEHICLE",1,0.0113636363636364
1,"PETTY THEFT - I RPT -> 484 PC   PETTY THEFT/INSIDE",1,0.0113636363636364
1,"PETTY THEFT - I RPT -> 653M(A) PC OBSCENE/THREAT CALL",1,0.0113636363636364
1,"POSSIBLE FINANCIAL CRIME-I RPT -> 594(B)(2)(A)VANDALISM GRAF-400",1,0.0113636363636364
1,"POSSIBLE FINANCIAL CRIME-I RPT -> ABC LICENSE VIO/INFO - I RPT",1,0.0113636363636364
1,"POSSIBLE MENTAL - I RPT -> 10851(A)VC TAKE VEH W/O OWNER",1,0.0113636363636364
1,"PROB VIOLA/FEL-MISD - I RPT -> BURGLARY - I RPT",1,0.0113636363636364
1,"PROB VIOLA/FEL-MISD - I RPT -> TOWED/STORED VEHICLE",1,0.0113636363636364
1,"ROBBERY - I RPT -> 484 PC  PETTY THEFT/ OUTSIDE",1,0.0113636363636364
1,"ROBBERY - I RPT -> 594(B)(2)(A) VANDALISM/ -$400",1,0.0113636363636364
1,"SUSP PERS-NO CRIME - I RPT -> 10851(A)VC TAKE VEH W/O OWNER",1,0.0113636363636364
1,"SUSP PERS-NO CRIME - I RPT -> 594(B)(2)(A) VANDALISM/ -$400",1,0.0113636363636364
1,"SUSP PERS-NO CRIME - I RPT -> POSSIBLE FINANCIAL CRIME-I RPT",1,0.0113636363636364
1,"SUSP PERS-NO CRIME - I RPT -> TRAFFIC-ACCIDENT-NON INJURY",1,0.0113636363636364
1,"THREATS - I RPT -> 166(A)(4) WILFUL DISOBEY CT OR",1,0.0113636363636364
1,"THREATS - I RPT -> 20001(A) VC HIT/RUN INJ/DEATH",1,0.0113636363636364
1,"THREATS - I RPT -> 487(A) PC GRAND THEFT",1,0.0113636363636364
1,"THREATS - I RPT -> MISSING PERSON",1,0.0113636363636364
1,"THREATS - I RPT -> TOWED/STORED VEHICLE",1,0.0113636363636364
1,"TOWED/STORED VEH-14602.6 -> 215(A) PC    CARJACKING",1,0.0113636363636364
1,"TOWED/STORED VEH-14602.6 -> 23103(A) RECKLESS ON HIGHWAY",1,0.0113636363636364
1,"TOWED/STORED VEH-14602.6 -> 243(E)1 BATTERY NONCOHAB SPOUS",1,0.0113636363636364
1,"TOWED/STORED VEH-14602.6 -> 246 PC SHOOT OCCUP DWELL/VEH",1,0.0113636363636364
1,"TOWED/STORED VEH-14602.6 -> 273.6(A) PC VIO DV COURT ORDER",1,0.0113636363636364
1,"TOWED/STORED VEH-14602.6 -> 417(A)1) PC BRANDISH NON-GUN",1,0.0113636363636364
1,"TOWED/STORED VEH-14602.6 -> TOWED/STORED VEH-14602.6",1,0.0113636363636364
1,"TOWED/STORED VEHICLE -> 10851(A)VC TAKE VEH W/O OWNER",1,0.0113636363636364
1,"TOWED/STORED VEHICLE -> 11364 HS POSS DRUG PARAPH",1,0.0113636363636364
1,"TOWED/STORED VEHICLE -> 484 PC  PETTY THEFT/ OUTSIDE",1,0.0113636363636364
1,"TOWED/STORED VEHICLE -> 506 PC EMBEZZLEMENT/CONTRACTOR",1,0.0113636363636364
1,"TOWED/STORED VEHICLE -> 594(B)(1)PC  VANDALISM +$400",1,0.0113636363636364
1,"TOWED/STORED VEHICLE -> CASUALTY REPORT",1,0.0113636363636364
1,"TOWED/STORED VEHICLE -> FRAUD OR BUNCO - I RPT",1,0.0113636363636364
1,"TOWED/STORED VEHICLE -> GANG ACTIVITY - I RPT",1,0.0113636363636364
1,"TOWED/STORED VEHICLE -> MISSING PERSON",1,0.0113636363636364
1,"TOWED/STORED VEHICLE -> TELEPEST -I RPT",1,0.0113636363636364
1,"TOWED/STORED VEHICLE -> THREATS - I RPT",1,0.0113636363636364
1,"TOWED/STORED VEHICLE -> TOWED/STORED VEH-14602.6",1,0.0113636363636364
1,"TOWED/STORED VEHICLE -> TRAFFIC-ACCIDENT-NON INJURY",1,0.0113636363636364
1,"TRAFFIC - I RPT -> 10851(A)VC TAKE VEH W/O OWNER",1,0.0113636363636364
1,"TRAFFIC-ACCIDENT INJURY -> 459 PC  BURGLARY VEHICLE",1,0.0113636363636364
1,"TRAFFIC-ACCIDENT INJURY -> 484 PC PETTY THEFT",1,0.0113636363636364
1,"TRAFFIC-ACCIDENT INJURY -> 484 PETTY THEFT CLOUT UNLOCKED",1,0.0113636363636364
1,"TRAFFIC-ACCIDENT INJURY -> 487(A) GRAND THEFT-AUTO PARTS",1,0.0113636363636364
1,"TRAFFIC-ACCIDENT INJURY -> 487(A) PC GRAND THEFT",1,0.0113636363636364
1,"TRAFFIC-ACCIDENT INJURY -> MISSING PERSON",1,0.0113636363636364
1,"TRAFFIC-ACCIDENT INJURY -> NARCOTICS SUSP/EVID/ACT- I RPT",1,0.0113636363636364
1,"TRAFFIC-ACCIDENT-NON INJURY -> 166(A)(4) WILFUL DISOBEY CT OR",1,0.0113636363636364
1,"TRAFFIC-ACCIDENT-NON INJURY -> 273.6(A) PC VIO DV COURT ORDER",1,0.0113636363636364
1,"TRAFFIC-ACCIDENT-NON INJURY -> POSSIBLE FINANCIAL CRIME-I RPT",1,0.0113636363636364
1,"TRAFFIC-ACCIDENT-NON INJURY -> SUSP PERS-NO CRIME - I RPT",1,0.0113636363636364
1,"TRAFFIC-ACCIDENT-NON INJURY -> TOWED/STORED VEH-14602.6",1,0.0113636363636364
1,"VANDALISM - I RPT -> 20002(A) HIT/RUN",1,0.0113636363636364
1,"VANDALISM - I RPT -> 23153(A) VC DUI CAUSE INJURY",1,0.0113636363636364
1,"VANDALISM - I RPT -> 484 PETTY THEFT/LICENSE PLATE",1,0.0113636363636364
1,"VANDALISM - I RPT -> 594(B)(1)PC  VANDALISM +$400",1,0.0113636363636364
1,"VANDALISM - I RPT -> TRAFFIC-ACCIDENT INJURY",1,0.0113636363636364
1,"VANDALISM - I RPT -> TRAFFIC-ACCIDENT-NON INJURY",1,0.0113636363636364
1,"VANDALISM - I RPT -> VANDALISM - I RPT",1,0.0113636363636364
1,"WARRANT SERVED - I RPT -> 10851(A)VC TAKE VEH W/O OWNER",1,0.0113636363636364
2,"TOWED/STORED VEH-14602.6 -> TOWED/STORED VEH-14602.6",15,0.15
2,"TOWED/STORED VEHICLE -> TOWED/STORED VEHICLE",14,0.14
2,"10851 VC AUTO THEFT LOCATE -> 10851 VC AUTO THEFT LOCATE",7,0.07
2,"10851(A)VC TAKE VEH W/O OWNER -> 10851(A)VC TAKE VEH W/O OWNER",7,0.07
2,"TOWED/STORED VEH-14602.6 -> 10851 VC AUTO THEFT LOCATE",7,0.07
2,"TOWED/STORED VEHICLE -> TOWED/STORED VEH-14602.6",7,0.07
2,"10851(A)VC TAKE VEH W/O OWNER -> 459 PC  BURGLARY VEHICLE",6,0.06
2,"TOWED/STORED VEH-14602.6 -> TOWED/STORED VEHICLE",6,0.06
2,"10851(A)VC TAKE VEH W/O OWNER -> 459 PC  BURGLARY BUSINESS",5,0.05
2,"459 PC  BURGLARY RESIDENCE -> TOWED/STORED VEH-14602.6",5,0.05
2,"TOWED/STORED VEH-14602.6 -> 10851(A)VC TAKE VEH W/O OWNER",5,0.05
2,"TOWED/STORED VEHICLE -> MISSING PERSON",5,0.05
2,"10851 VC AUTO THEFT LOCATE -> MISSING PERSON",4,0.04
2,"10851(A)VC TAKE VEH W/O OWNER -> 10851 VC AUTO THEFT LOCATE",4,0.04
2,"459 PC  BURGLARY VEHICLE -> 484 PC PETTY THEFT",4,0.04
2,"5150 WI DANGER SELF/OTHERS -> 459 PC  BURGLARY RESIDENCE",4,0.04
2,"MISSING PERSON -> 10851 VC AUTO THEFT LOCATE",4,0.04
2,"MISSING PERSON -> 10851(A)VC TAKE VEH W/O OWNER",4,0.04
2,"MISSING PERSON -> 459 PC  BURGLARY VEHICLE",4,0.04
2,"TOWED/STORED VEHICLE -> 10851 VC AUTO THEFT LOCATE",4,0.04
2,"10851 VC AUTO THEFT LOCATE -> 459 PC  BURGLARY BUSINESS",3,0.03
2,"10851 VC AUTO THEFT LOCATE -> 5150 WI DANGER SELF/OTHERS",3,0.03
2,"10851(A)VC TAKE VEH W/O OWNER -> 11364 HS POSS DRUG PARAPH",3,0.03
2,"10851(A)VC TAKE VEH W/O OWNER -> 11377(A)HS POSS AMPHETAMINES",3,0.03
2,"10851(A)VC TAKE VEH W/O OWNER -> 20002(A) HIT/RUN",3,0.03
2,"10851(A)VC TAKE VEH W/O OWNER -> 242 PC  BATTERY CIVILIAN",3,0.03
2,"10851(A)VC TAKE VEH W/O OWNER -> 459 PC  BURGLARY RESIDENCE",3,0.03
2,"10851(A)VC TAKE VEH W/O OWNER -> 466 PC   POSS OF BURG TOOLS",3,0.03
2,"10851(A)VC TAKE VEH W/O OWNER -> MISSING PERSON",3,0.03
2,"10851(A)VC TAKE VEH W/O OWNER -> THREATS - I RPT",3,0.03
2,"10851(A)VC TAKE VEH W/O OWNER -> TOWED/STORED VEHICLE",3,0.03
2,"459 PC  BURGLARY VEHICLE -> 10851(A)VC TAKE VEH W/O OWNER",3,0.03
2,"459 PC  BURGLARY VEHICLE -> 459 PC  BURGLARY VEHICLE",3,0.03
2,"484 PETTY THEFT/LICENSE PLATE -> 10851 VC AUTO THEFT LOCATE",3,0.03
2,"530.5 PC USE PERSONAL ID INFO -> 10851 VC AUTO THEFT LOCATE",3,0.03
2,"594(B)(2)(A) VANDALISM/ -$400 -> 10851(A)VC TAKE VEH W/O OWNER",3,0.03
2,"CASUALTY REPORT -> LOST PROPERTY - I RPT",3,0.03
2,"MISSING PERSON -> 242 PC  BATTERY CIVILIAN",3,0.03
2,"MISSING PERSON -> 243(E)1 BATTERY NONCOHAB SPOUS",3,0.03
2,"MISSING PERSON -> 484 PETTY THEFT-SHOPLIFT",3,0.03
2,"MISSING PERSON -> 484 PETTY THEFT/LICENSE PLATE",3,0.03
2,"MISSING PERSON -> MISSING PERSON",3,0.03
2,"MISSING PERSON -> TOWED/STORED VEH-14602.6",3,0.03
2,"MISSING PERSON -> TOWED/STORED VEHICLE",3,0.03
2,"NON INJ HR/MAIL OUT REPORT -> 484 PETTY THEFT-SHOPLIFT",3,0.03
2,"TOWED/STORED VEHICLE -> 10851(A)VC TAKE VEH W/O OWNER",3,0.03
2,"TOWED/STORED VEHICLE -> 459 PC  BURGLARY BUSINESS",3,0.03
2,"TOWED/STORED VEHICLE -> 459 PC  BURGLARY RESIDENCE",3,0.03
2,"TOWED/STORED VEHICLE -> 484 PC   PETTY THEFT/INSIDE",3,0.03
2,"TRAFFIC-ACCIDENT-NON INJURY -> MISSING PERSON",3,0.03
2,"10851 VC AUTO THEFT LOCATE -> 10851(A)VC TAKE VEH W/O OWNER",2,0.02
2,"10851 VC AUTO THEFT LOCATE -> 11377(A)HS POSS AMPHETAMINES",2,0.02
2,"10851 VC AUTO THEFT LOCATE -> 242 PC  BATTERY CIVILIAN",2,0.02
2,"10851 VC AUTO THEFT LOCATE -> 459 PC  BURGLARY VEHICLE",2,0.02
2,"10851 VC AUTO THEFT LOCATE -> 484 PC PETTY THEFT",2,0.02
2,"10851 VC AUTO THEFT LOCATE -> 484 PETTY THEFT-SHOPLIFT",2,0.02
2,"10851 VC AUTO THEFT LOCATE -> THREATS - I RPT",2,0.02
2,"10851(A)VC TAKE VEH W/O OWNER -> 245(A)(1)AWDW/NO FIREARM/CIVIL",2,0.02
2,"10851(A)VC TAKE VEH W/O OWNER -> 484 PC  PETTY THEFT/ OUTSIDE",2,0.02
2,"10851(A)VC TAKE VEH W/O OWNER -> 484 PETTY THEFT-SHOPLIFT",2,0.02
2,"10851(A)VC TAKE VEH W/O OWNER -> HIT AND RUN /SUSPECTS- I RPT",2,0.02
2,"10851(A)VC TAKE VEH W/O OWNER -> TOWED/STORED VEH-14602.6",2,0.02
2,"10851(A)VC TAKE VEH W/O OWNER -> TRAFFIC-ACCIDENT INJURY",2,0.02
2,"11357(B)HS POSS -28.5GR MARIJ -> 23152(A) VC DUI-ALCOHOL/DRUGS",2,0.02
2,"11364 HS POSS DRUG PARAPH -> 10851(A)VC TAKE VEH W/O OWNER",2,0.02
2,"11377(A)HS POSS AMPHETAMINES -> 10851 VC AUTO THEFT LOCATE",2,0.02
2,"11377(A)HS POSS AMPHETAMINES -> 5150 WI DANGER SELF/OTHERS",2,0.02
2,"20002(A) HIT/RUN -> 459 PC  BURGLARY VEHICLE",2,0.02
2,"20002(A) HIT/RUN -> 594(B)(2)(A) VANDALISM/ -$400",2,0.02
2,"23152(A) VC DUI-ALCOHOL/DRUGS -> 10851 VC AUTO THEFT LOCATE",2,0.02
2,"242 PC  BATTERY CIVILIAN -> 10851 VC AUTO THEFT LOCATE",2,0.02
2,"242 PC  BATTERY CIVILIAN -> 10851(A)VC TAKE VEH W/O OWNER",2,0.02
2,"243(E)1 BATTERY NONCOHAB SPOUS -> 10851(A)VC TAKE VEH W/O OWNER",2,0.02
2,"243(E)1 BATTERY NONCOHAB SPOUS -> 484 PC PETTY THEFT",2,0.02
2,"245(A)(1)AWDW/NO FIREARM/CIVIL -> 10851(A)VC TAKE VEH W/O OWNER",2,0.02
2,"245(A)(1)AWDW/NO FIREARM/CIVIL -> 459 PC  BURGLARY RESIDENCE",2,0.02
2,"245(A)(1)AWDW/NO FIREARM/CIVIL -> 459 PC  BURGLARY VEHICLE",2,0.02
2,"245(A)(1)AWDW/NO FIREARM/CIVIL -> TRAFFIC-ACCIDENT-NON INJURY",2,0.02
2,"3056 PAROLE VIO - I RPT -> 459 PC  BURGLARY VEHICLE",2,0.02
2,"417(A)1) PC BRANDISH NON-GUN -> 459 PC  BURGLARY RESIDENCE",2,0.02
2,"459 PC  BURGLARY BUSINESS -> MISSING PERSON",2,0.02
2,"459 PC  BURGLARY RESIDENCE -> 10851(A)VC TAKE VEH W/O OWNER",2,0.02
2,"459 PC  BURGLARY RESIDENCE -> 242 PC  BATTERY CIVILIAN",2,0.02
2,"459 PC  BURGLARY RESIDENCE -> 459 PC  BURGLARY BUSINESS",2,0.02
2,"459 PC  BURGLARY RESIDENCE -> 484 PC PETTY THEFT",2,0.02
2,"459 PC  BURGLARY RESIDENCE -> TOWED/STORED VEHICLE",2,0.02
2,"459 PC  BURGLARY RESIDENCE -> TRAFFIC-ACCIDENT-NON INJURY",2,0.02
2,"459 PC  BURGLARY VEHICLE -> 459 PC  BURGLARY BUSINESS",2,0.02
2,"484 PC   PETTY THEFT/INSIDE -> 243(E)1 BATTERY NONCOHAB SPOUS",2,0.02
2,"484 PETTY THEFT/LICENSE PLATE -> 459 PC  BURGLARY RESIDENCE",2,0.02
2,"484 PETTY THEFT/LICENSE PLATE -> 459 PC  BURGLARY VEHICLE",2,0.02
2,"484G(B) PC ACCESS CARD FRAUD -> 10851(A)VC TAKE VEH W/O OWNER",2,0.02
2,"484G(B) PC ACCESS CARD FRAUD -> 459 PC  BURGLARY BUSINESS",2,0.02
2,"487(A) GRAND THEFT-INSIDE -> TOWED/STORED VEHICLE",2,0.02
2,"5150 WI DANGER SELF/OTHERS -> 10851(A)VC TAKE VEH W/O OWNER",2,0.02
2,"5150 WI DANGER SELF/OTHERS -> TOWED/STORED VEH-14602.6",2,0.02
2,"530.5 PC USE PERSONAL ID INFO -> TOWED/STORED VEHICLE",2,0.02
2,"594(B)(1)PC  VANDALISM +$400 -> 459 PC  BURGLARY RESIDENCE",2,0.02
2,"594(B)(2)(A) VANDALISM/ -$400 -> 594(B)(1)PC  VANDALISM +$400",2,0.02
2,"666 PC PETTY THEFT W/PRI CONV -> 459 PC  BURGLARY RESIDENCE",2,0.02
2,"CASUALTY REPORT -> 243(E)1 BATTERY NONCOHAB SPOUS",2,0.02
2,"CASUALTY REPORT -> 594(B)(2)(A) VANDALISM/ -$400",2,0.02
2,"CASUALTY REPORT -> MISCELLANEOUS I RPT (ZMISC)",2,0.02
2,"ELDER ABUSE/PHYS/MENTAL-I RPT -> TOWED/STORED VEHICLE",2,0.02
2,"FOUND PROPERTY - I RPT -> 484 PETTY THEFT-SHOPLIFT",2,0.02
2,"FOUND PROPERTY - I RPT -> MISCELLANEOUS I RPT (ZMISC)",2,0.02
2,"FOUND PROPERTY - I RPT -> TOWED/STORED VEH-14602.6",2,0.02
2,"FOUND PROPERTY - I RPT -> TOWED/STORED VEHICLE",2,0.02
2,"MISCELLANEOUS I RPT (ZMISC) -> 10851(A)VC TAKE VEH W/O OWNER",2,0.02
2,"MISSING PERSON -> 459 PC  BURGLARY BUSINESS",2,0.02
2,"MISSING PERSON -> 459 PC  BURGLARY RESIDENCE",2,0.02
2,"MISSING PERSON -> ACCIDENTAL FIRES/ARSON -I RPT",2,0.02
2,"MISSING PERSON -> ASSAULT WITH WEAPON - I RPT",2,0.02
2,"MISSING PERSON -> CASUALTY REPORT",2,0.02
2,"MISSING PERSON -> FOUND PROPERTY - I RPT",2,0.02
2,"MISSING PERSON -> MISCELLANEOUS I RPT (ZMISC)",2,0.02
2,"THREATS - I RPT -> 459 PC  BURGLARY VEHICLE",2,0.02
2,"TOWED/STORED VEH-14602.6 -> 242 PC  BATTERY CIVILIAN",2,0.02
2,"TOWED/STORED VEH-14602.6 -> 290(A)(1)(D) FAIL TO REG-5 DAY",2,0.02
2,"TOWED/STORED VEH-14602.6 -> 459 PC  BURGLARY RESIDENCE",2,0.02
2,"TOWED/STORED VEH-14602.6 -> 484G(B) PC ACCESS CARD FRAUD",2,0.02
2,"TOWED/STORED VEH-14602.6 -> 653.22(A) LOITER PROSTITUTION",2,0.02
2,"TOWED/STORED VEH-14602.6 -> MISSING PERSON",2,0.02
2,"TOWED/STORED VEH-14602.6 -> TRAFFIC - I RPT",2,0.02
2,"TOWED/STORED VEH-14602.6 -> TRAFFIC-ACCIDENT-NON INJURY",2,0.02
2,"TOWED/STORED VEHICLE -> 11377(A)HS POSS AMPHETAMINES",2,0.02
2,"TOWED/STORED VEHICLE -> 20002(A) HIT/RUN",2,0.02
2,"TOWED/STORED VEHICLE -> 3056 PAROLE VIO - I RPT",2,0.02
2,"TOWED/STORED VEHICLE -> 484 PETTY THEFT/LICENSE PLATE",2,0.02
2,"TOWED/STORED VEHICLE -> 647(B) PC   PROSTITUTION",2,0.02
2,"TOWED/STORED VEHICLE -> ASSAULT WITH WEAPON - I RPT",2,0.02
2,"TOWED/STORED VEHICLE -> PETTY THEFT - I RPT",2,0.02
2,"TRAFFIC-ACCIDENT INJURY -> 10851 VC AUTO THEFT LOCATE",2,0.02
2,"TRAFFIC-ACCIDENT INJURY -> 10851(A)VC TAKE VEH W/O OWNER",2,0.02
2,"TRAFFIC-ACCIDENT INJURY -> 484 PETTY THEFT-SHOPLIFT",2,0.02
2,"TRAFFIC-ACCIDENT INJURY -> 508 PC   EMBEZZLEMENT/EMPLOYEE",2,0.02
2,"TRAFFIC-ACCIDENT INJURY -> 594(B)(2)(A) VANDALISM/ -$400",2,0.02
2,"TRAFFIC-ACCIDENT INJURY -> NON INJ HR/MAIL OUT REPORT",2,0.02
2,"TRAFFIC-ACCIDENT INJURY -> TOWED/STORED VEH-14602.6",2,0.02
2,"TRAFFIC-ACCIDENT-NON INJURY -> TOWED/STORED VEH-14602.6",2,0.02
2,"10851 VC AUTO THEFT LOCATE -> 148.9 PC FALSE ID TO OFFICER",1,0.01
2,"10851 VC AUTO THEFT LOCATE -> 20001(A) VC HIT/RUN INJ/DEATH",1,0.01
2,"10851 VC AUTO THEFT LOCATE -> 20002(A) HIT/RUN",1,0.01
2,"10851 VC AUTO THEFT LOCATE -> 211 PC ROBBERY- BUSINESS",1,0.01
2,"10851 VC AUTO THEFT LOCATE -> 290(A)(1)(D) FAIL TO REG-5 DAY",1,0.01
2,"10851 VC AUTO THEFT LOCATE -> 3056 PAROLE VIO - I RPT",1,0.01
2,"10851 VC AUTO THEFT LOCATE -> 459 PC  BURGLARY RESIDENCE",1,0.01
2,"10851 VC AUTO THEFT LOCATE -> 484 PETTY THEFT/LICENSE PLATE",1,0.01
2,"10851 VC AUTO THEFT LOCATE -> 484G(B) PC ACCESS CARD FRAUD",1,0.01
2,"10851 VC AUTO THEFT LOCATE -> 496(A) PC REC STOLEN AUTO PART",1,0.01
2,"10851 VC AUTO THEFT LOCATE -> 594(B)(1)PC  VANDALISM +$400",1,0.01
2,"10851 VC AUTO THEFT LOCATE -> 594(B)(2)(A) VANDALISM/ -$400",1,0.01
2,"10851 VC AUTO THEFT LOCATE -> BATTERY - I RPT",1,0.01
2,"10851 VC AUTO THEFT LOCATE -> CHILD WELFARE - I RPT",1,0.01
2,"10851 VC AUTO THEFT LOCATE -> MISCELLANEOUS I RPT (ZMISC)",1,0.01
2,"10851 VC AUTO THEFT LOCATE -> RECOVERED PROPERTY - I RPT",1,0.01
2,"10851 VC AUTO THEFT LOCATE -> TOWED/STORED VEH-14602.6",1,0.01
2,"10851(A)VC TAKE VEH W/O OWNER -> 11350(A)HS POSS CNTRL SUBST",1,0.01
2,"10851(A)VC TAKE VEH W/O OWNER -> 12.72.060I ADULT LOITER PLYGRD",1,0.01
2,"10851(A)VC TAKE VEH W/O OWNER -> 12020(A)(4) PC DIRK/DAGGER",1,0.01
2,"10851(A)VC TAKE VEH W/O OWNER -> 211 PC ROBBERY-PURSE SNATCH",1,0.01
2,"10851(A)VC TAKE VEH W/O OWNER -> 246 PC SHOOT OCCUP DWELL/VEH",1,0.01
2,"10851(A)VC TAKE VEH W/O OWNER -> 451(D) PC  ARSON OF PROPERTY",1,0.01
2,"10851(A)VC TAKE VEH W/O OWNER -> 484 PC PETTY THEFT",1,0.01
2,"10851(A)VC TAKE VEH W/O OWNER -> 484 PETTY THEFT/LICENSE PLATE",1,0.01
2,"10851(A)VC TAKE VEH W/O OWNER -> 484G(B) PC ACCESS CARD FRAUD",1,0.01
2,"10851(A)VC TAKE VEH W/O OWNER -> 487(A) PC GRAND THEFT",1,0.01
2,"10851(A)VC TAKE VEH W/O OWNER -> 487(A) PC GRAND THEFT-SHOPLIFT",1,0.01
2,"10851(A)VC TAKE VEH W/O OWNER -> 496(A) RECEIVE STOLEN PROPERTY",1,0.01
2,"10851(A)VC TAKE VEH W/O OWNER -> 5150 WI DANGER SELF/OTHERS",1,0.01
2,"10851(A)VC TAKE VEH W/O OWNER -> 530.5 PC USE PERSONAL ID INFO",1,0.01
2,"10851(A)VC TAKE VEH W/O OWNER -> 594(B)(2)(A) VANDALISM/ -$400",1,0.01
2,"10851(A)VC TAKE VEH W/O OWNER -> 647(F) PC DIP - DISORDERLY",1,0.01
2,"10851(A)VC TAKE VEH W/O OWNER -> 653M(B) PC ANNOY/RPT CALL HOME",1,0.01
2,"10851(A)VC TAKE VEH W/O OWNER -> 9.40.020(A) JUVENILE CURFEW",1,0.01
2,"10851(A)VC TAKE VEH W/O OWNER -> ACCIDENTAL FIRES/ARSON -I RPT",1,0.01
2,"10851(A)VC TAKE VEH W/O OWNER -> CASUALTY REPORT",1,0.01
2,"10851(A)VC TAKE VEH W/O OWNER -> CHILD WELFARE - I RPT",1,0.01
2,"10851(A)VC TAKE VEH W/O OWNER -> ELDER ABUSE/PHYS/MENTAL-I RPT",1,0.01
2,"10851(A)VC TAKE VEH W/O OWNER -> FOUND PROPERTY - I RPT",1,0.01
2,"10851(A)VC TAKE VEH W/O OWNER -> LOST PROPERTY - I RPT",1,0.01
2,"10851(A)VC TAKE VEH W/O OWNER -> NARCOTICS SUSP/EVID/ACT- I RPT",1,0.01
2,"10851(A)VC TAKE VEH W/O OWNER -> O/S AGENCY -ASSISTANCE- I RPT",1,0.01
2,"10851(A)VC TAKE VEH W/O OWNER -> TRAFFIC-ACCIDENT-NON INJURY",1,0.01
2,"10853 VC MALIC MISCHIEF TO VEH -> 1203.2 PC VIOLATION OF PROBATI",1,0.01
2,"10853 VC MALIC MISCHIEF TO VEH -> 484 PETTY THEFT-SHOPLIFT",1,0.01
2,"10855 VC LSE/RENT NOT RETURNED -> MISCELLANEOUS I RPT (ZMISC)",1,0.01
2,"11350(A)HS POSS CNTRL SUBST -> 10851 VC AUTO THEFT LOCATE",1,0.01
2,"11350(A)HS POSS CNTRL SUBST -> 594(B)(2)(A) VANDALISM/ -$400",1,0.01
2,"11350(A)HS POSS CNTRL SUBST -> CHILD CUSTODY - I RPT",1,0.01
2,"11350(A)HS POSS CNTRL SUBST -> POSS STOLEN VEHICLE- I RPT",1,0.01
2,"11350(A)HS POSS CNTRL SUBST -> TRAFFIC-ACCIDENT INJURY",1,0.01
2,"11351.5 HS POSS SALE RCK COCAI -> 243(E)1 BATTERY NONCOHAB SPOUS",1,0.01
2,"11357(B)HS POSS -28.5GR MARIJ -> 10851 VC AUTO THEFT LOCATE",1,0.01
2,"11357(B)HS POSS -28.5GR MARIJ -> 10851(A)VC TAKE VEH W/O OWNER",1,0.01
2,"11357(B)HS POSS -28.5GR MARIJ -> 11364 HS POSS DRUG PARAPH",1,0.01
2,"11357(B)HS POSS -28.5GR MARIJ -> 487(A) GRAND THEFT-INSIDE",1,0.01
2,"11357(B)HS POSS -28.5GR MARIJ -> 594(B)(1)PC  VANDALISM +$400",1,0.01
2,"11357(B)HS POSS -28.5GR MARIJ -> 594(B)(2)(A) VANDALISM/ -$400",1,0.01
2,"11357(B)HS POSS -28.5GR MARIJ -> NARCOTICS SUSP/EVID/ACT- I RPT",1,0.01
2,"11357(B)HS POSS -28.5GR MARIJ -> TOWED/STORED VEH-14602.6",1,0.01
2,"11359 HS POSS FOR SALE MARIJ -> 1203.2 PC VIOLATION OF PROBATI",1,0.01
2,"11364 HS POSS DRUG PARAPH -> 12021(A)(1)PC FELON POSS FRARM",1,0.01
2,"11364 HS POSS DRUG PARAPH -> 212.5(A)ROBBERY-INHAB DWELLING",1,0.01
2,"11364 HS POSS DRUG PARAPH -> 459 PC  BURGLARY RESIDENCE",1,0.01
2,"11364 HS POSS DRUG PARAPH -> 594(B)(1)VANDALISM GRAF +$400",1,0.01
2,"11364 HS POSS DRUG PARAPH -> 666 PC PETTY THEFT W/PRI CONV",1,0.01
2,"11364 HS POSS DRUG PARAPH -> IMPOUNDED VEHICLE",1,0.01
2,"11364 HS POSS DRUG PARAPH -> TRAFFIC-ACCIDENT-NON INJURY",1,0.01
2,"11377(A)HS POSS AMPHETAMINES -> 11350(B)HS POSSESS QUAALUDES",1,0.01
2,"11377(A)HS POSS AMPHETAMINES -> 496(A) RECEIVE STOLEN PROPERTY",1,0.01
2,"11377(A)HS POSS AMPHETAMINES -> FAMILY DISTURBANCE - I RPT",1,0.01
2,"11377(A)HS POSS AMPHETAMINES -> FOUND PROPERTY - I RPT",1,0.01
2,"11378 HS POSS CNTRL SUB/SALE -> 459 PC  BURGLARY VEHICLE",1,0.01
2,"11378 HS POSS/SALE AMPHETAMINE -> 10851(A)VC TAKE VEH W/O OWNER",1,0.01
2,"11532(A)HS LOITER DRG ACTIVITY -> 11364 HS POSS DRUG PARAPH",1,0.01
2,"12020(A)(4) PC DIRK/DAGGER -> PROB VIOLA/FEL-MISD - I RPT",1,0.01
2,"12020(A)1) PROHIBITED FIREARM -> 5150 WI DANGER SELF/OTHERS",1,0.01
2,"12020(A)1) PROHIBITED FIREARM -> FOUND EVIDENCE-NON NARC -I RPT",1,0.01
2,"12020(A)1) PROHIBITED FIREARM -> TOWED/STORED VEHICLE",1,0.01
2,"12021(A)(1)PC FELON POSS FRARM -> 484 PETTY THEFT-SHOPLIFT",1,0.01
2,"12025(A)1)CONCLD GUN VEH/FEL -> 10851(A)VC TAKE VEH W/O OWNER",1,0.01
2,"12025(A)1)CONCLD GUN VEH/FEL -> 484 PETTY THEFT-SHOPLIFT",1,0.01
2,"12025(A)1)CONCLD GUN VEH/FEL -> NON INJ HR/MAIL OUT REPORT",1,0.01
2,"1203.2 PC VIOLATION OF PROBATI -> 242 PC  BATTERY CIVILIAN",1,0.01
2,"1203.2 PC VIOLATION OF PROBATI -> 647(B) PC   PROSTITUTION",1,0.01
2,"12101(B)1)PC MINOR POSS AMMO -> 212.5(A)ROBBERY-INHAB DWELLING",1,0.01
2,"12303.3 PC DEST DVC INTENT INJ -> TOWED/STORED VEH-14602.6",1,0.01
2,"148(A)(1)PC RESIST PEACE OFFCR -> 23152(A) VC DUI-ALCOHOL/DRUGS",1,0.01
2,"148(A)(1)PC RESIST PEACE OFFCR -> MISSING PERSON",1,0.01
2,"148.9 PC FALSE ID TO OFFICER -> 484 PC PETTY THEFT",1,0.01
2,"20001(A) VC HIT/RUN INJ/DEATH -> 10851(A)VC TAKE VEH W/O OWNER",1,0.01
2,"20001(A) VC HIT/RUN INJ/DEATH -> 9.04.050 A DRINKING IN PUBLIC",1,0.01
2,"20001(A) VC HIT/RUN INJ/DEATH -> MISSING PERSON",1,0.01
2,"20002(A) HIT/RUN -> 10851 VC AUTO THEFT LOCATE",1,0.01
2,"20002(A) HIT/RUN -> 10851(A)VC TAKE VEH W/O OWNER",1,0.01
2,"20002(A) HIT/RUN -> 11350(A)HS POSS CNTRL SUBST",1,0.01
2,"20002(A) HIT/RUN -> 459 PC  BURGLARY BUSINESS",1,0.01
2,"20002(A) HIT/RUN -> 484 PETTY THEFT CLOUT UNLOCKED",1,0.01
2,"20002(A) HIT/RUN -> 487(A) GRAND THEFT-INSIDE",1,0.01
2,"20002(A) HIT/RUN -> 5150 WI DANGER SELF/OTHERS",1,0.01
2,"20002(A) HIT/RUN -> 594(B)(1)PC  VANDALISM +$400",1,0.01
2,"20002(A) HIT/RUN -> LOST PROPERTY - I RPT",1,0.01
2,"20002(A) HIT/RUN -> MISCELLANEOUS I RPT (ZMISC)",1,0.01
2,"20002(A) HIT/RUN -> SUSP PERS-NO CRIME - I RPT",1,0.01
2,"20002(A) HIT/RUN -> TOWED/STORED VEH-14602.6",1,0.01
2,"20002(A) HIT/RUN -> TOWED/STORED VEHICLE",1,0.01
2,"211 PC  ROBBERY UNSPECIFIED -> 11350(A)HS POSS CNTRL SUBST",1,0.01
2,"211 PC  ROBBERY UNSPECIFIED -> 211 PC  ROBBERY UNSPECIFIED",1,0.01
2,"211 PC  ROBBERY UNSPECIFIED -> 417(A)1) PC BRANDISH NON-GUN",1,0.01
2,"211 PC  ROBBERY UNSPECIFIED -> 459 PC  BURGLARY RESIDENCE",1,0.01
2,"211 PC  ROBBERY UNSPECIFIED -> 459 PC  BURGLARY VEHICLE",1,0.01
2,"211 PC  ROBBERY UNSPECIFIED -> 529 PC FALSE PERSONATION",1,0.01
2,"211 PC  ROBBERY UNSPECIFIED -> SUSPICIOUS VEHICLE - I RPT",1,0.01
2,"211 PC  ROBBERY UNSPECIFIED -> TOWED/STORED VEH-14602.6",1,0.01
2,"211 PC ROBBERY- BUSINESS -> 243.4(E)(1)TOUCH FOR SEX PLEAS",1,0.01
2,"211 PC ROBBERY- BUSINESS -> 484 PETTY THEFT/LICENSE PLATE",1,0.01
2,"211 PC ROBBERY- BUSINESS -> 487(A) PC GRAND THEFT",1,0.01
2,"211 PC ROBBERY- BUSINESS -> THREATS - I RPT",1,0.01
2,"211 PC ROBBERY- BUSINESS -> TOWED/STORED VEHICLE",1,0.01
2,"211 PC ROBBERY-PURSE SNATCH -> MISSING PERSON",1,0.01
2,"215(A) PC    CARJACKING -> 10851(A)VC TAKE VEH W/O OWNER",1,0.01
2,"215(A) PC    CARJACKING -> 20002(A) HIT/RUN",1,0.01
2,"215(A) PC    CARJACKING -> 459 PC  BURGLARY VEHICLE",1,0.01
2,"215(A) PC    CARJACKING -> TOWED/STORED VEHICLE",1,0.01
2,"23152(A) VC DUI-ALCOHOL/DRUGS -> 10851(A)VC TAKE VEH W/O OWNER",1,0.01
2,"23152(A) VC DUI-ALCOHOL/DRUGS -> 11357(B)HS POSS -28.5GR MARIJ",1,0.01
2,"23152(A) VC DUI-ALCOHOL/DRUGS -> 11364 HS POSS DRUG PARAPH",1,0.01
2,"23152(A) VC DUI-ALCOHOL/DRUGS -> 1203.2 PC VIOLATION OF PROBATI",1,0.01
2,"23152(A) VC DUI-ALCOHOL/DRUGS -> 459 PC  BURGLARY BUSINESS",1,0.01
2,"23152(A) VC DUI-ALCOHOL/DRUGS -> 459 PC  BURGLARY RESIDENCE",1,0.01
2,"23152(A) VC DUI-ALCOHOL/DRUGS -> 484 PETTY THEFT-SHOPLIFT",1,0.01
2,"23152(A) VC DUI-ALCOHOL/DRUGS -> ASSAULT WITH WEAPON - I RPT",1,0.01
2,"23152(A) VC DUI-ALCOHOL/DRUGS -> MISSING PERSON",1,0.01
2,"23152(A) VC DUI-ALCOHOL/DRUGS -> TOWED/STORED VEHICLE",1,0.01
2,"23153(A) VC DUI CAUSE INJURY -> 10851(A)VC TAKE VEH W/O OWNER",1,0.01
2,"23153(A) VC DUI CAUSE INJURY -> 459 PC  BURGLARY VEHICLE",1,0.01
2,"23153(A) VC DUI CAUSE INJURY -> 653M(B) PC ANNOY/RPT CALL HOME",1,0.01
2,"23153(A) VC DUI CAUSE INJURY -> THREATS - I RPT",1,0.01
2,"23550.5 VC 4+DUI IN 10 YEARS -> 594(B)(2)(A)VANDALISM GRAF-400",1,0.01
2,"242 PC  BATTERY CIVILIAN -> 11350(A)HS POSS CNTRL SUBST",1,0.01
2,"242 PC  BATTERY CIVILIAN -> 11378 HS POSS/SALE AMPHETAMINE",1,0.01
2,"242 PC  BATTERY CIVILIAN -> 20002(A) HIT/RUN",1,0.01
2,"242 PC  BATTERY CIVILIAN -> 211 PC ROBBERY- BUSINESS",1,0.01
2,"242 PC  BATTERY CIVILIAN -> 243.4(E)(1)TOUCH FOR SEX PLEAS",1,0.01
2,"242 PC  BATTERY CIVILIAN -> 2800.2(A) VC EVADING/RECKLESS",1,0.01
2,"242 PC  BATTERY CIVILIAN -> 3056 PAROLE VIO - I RPT",1,0.01
2,"242 PC  BATTERY CIVILIAN -> 459 PC  BURGLARY BUSINESS",1,0.01
2,"242 PC  BATTERY CIVILIAN -> 484 PETTY THEFT-SHOPLIFT",1,0.01
2,"242 PC  BATTERY CIVILIAN -> 484G(B) PC ACCESS CARD FRAUD",1,0.01
2,"242 PC  BATTERY CIVILIAN -> 487(D)GRAND THEFT FIREARM/ANIM",1,0.01
2,"242 PC  BATTERY CIVILIAN -> 653M(B) PC ANNOY/RPT CALL HOME",1,0.01
2,"242 PC  BATTERY CIVILIAN -> ASSAULT WITH WEAPON - I RPT",1,0.01
2,"242 PC  BATTERY CIVILIAN -> MISSING PERSON",1,0.01
2,"242 PC  BATTERY CIVILIAN -> PROTECTIVE CUSTODY-I RPT",1,0.01
2,"243(B) BATTERY DR/NURSE/EMERG -> MISSING PERSON",1,0.01
2,"243(B) PC  BATTERY - OFFICER -> 10851 VC AUTO THEFT LOCATE",1,0.01
2,"243(D) PC BATT/CIVILIAN W/INJ -> 10851 VC AUTO THEFT LOCATE",1,0.01
2,"243(E)1 BATTERY NONCOHAB SPOUS -> 10851 VC AUTO THEFT LOCATE",1,0.01
2,"243(E)1 BATTERY NONCOHAB SPOUS -> 459 PC  BURGLARY VEHICLE",1,0.01
2,"243(E)1 BATTERY NONCOHAB SPOUS -> 487(A) GRAND THEFT-CLOUT-UNLOC",1,0.01
2,"243(E)1 BATTERY NONCOHAB SPOUS -> ASSAULT WITH WEAPON - I RPT",1,0.01
2,"243(E)1 BATTERY NONCOHAB SPOUS -> TOWED/STORED VEH-14602.6",1,0.01
2,"245(A)(1)AWDW/NO FIREARM/CIVIL -> 10851 VC AUTO THEFT LOCATE",1,0.01
2,"245(A)(1)AWDW/NO FIREARM/CIVIL -> 11377(A)HS POSS AMPHETAMINES",1,0.01
2,"245(A)(1)AWDW/NO FIREARM/CIVIL -> 246 PC SHOOT OCCUP DWELL/VEH",1,0.01
2,"245(A)(1)AWDW/NO FIREARM/CIVIL -> 3056 PAROLE VIO - I RPT",1,0.01
2,"245(A)(1)AWDW/NO FIREARM/CIVIL -> 484 PC PETTY THEFT",1,0.01
2,"245(A)(1)AWDW/NO FIREARM/CIVIL -> 484 PETTY THEFT/LICENSE PLATE",1,0.01
2,"245(A)(1)AWDW/NO FIREARM/CIVIL -> 484G(B) PC ACCESS CARD FRAUD",1,0.01
2,"245(A)(1)AWDW/NO FIREARM/CIVIL -> 530.5 PC USE PERSONAL ID INFO",1,0.01
2,"245(A)(1)AWDW/NO FIREARM/CIVIL -> MISSING PERSON",1,0.01
2,"245(A)(1)AWDW/NO FIREARM/CIVIL -> TOWED/STORED VEH-14602.6",1,0.01
2,"245(A)(2) AWDW/FIREARM/CIVILIA -> TRAFFIC-ACCIDENT-NON INJURY",1,0.01
2,"246 PC SHOOT OCCUP DWELL/VEH -> 10851(A)VC TAKE VEH W/O OWNER",1,0.01
2,"246.3 PC NEGL DISCH FIREARM -> CASUALTY REPORT",1,0.01
2,"273.6(A) PC VIO DV COURT ORDER -> 10851(A)VC TAKE VEH W/O OWNER",1,0.01
2,"273.6(A) PC VIO DV COURT ORDER -> 11364 HS POSS DRUG PARAPH",1,0.01
2,"273.6(A) PC VIO DV COURT ORDER -> ACCIDENTAL FIRES/ARSON -I RPT",1,0.01
2,"273.6(A) PC VIO DV COURT ORDER -> MISSING PERSON",1,0.01
2,"273.6(A) PC VIO DV COURT ORDER -> TOWED/STORED VEH-14602.6",1,0.01
2,"273.6(A) PC VIO DV COURT ORDER -> TRAFFIC-ACCIDENT-NON INJURY",1,0.01
2,"2800.2(A) VC EVADING/RECKLESS -> 20002(A) HIT/RUN",1,0.01
2,"2800.2(A) VC EVADING/RECKLESS -> 459 PC  BURGLARY RESIDENCE",1,0.01
2,"2800.2(A) VC EVADING/RECKLESS -> MISSING PERSON",1,0.01
2,"290(A)(1)(D) FAIL TO REG-5 DAY -> MISSING PERSON",1,0.01
2,"290(A)(1)(D) FAIL TO REG-5 DAY -> THREATS - I RPT",1,0.01
2,"290(F)1 W/I 5 DAYS ADD CHANGE -> 5150 WI DANGER SELF/OTHERS",1,0.01
2,"3056 PAROLE VIO - I RPT -> 10851 VC AUTO THEFT LOCATE",1,0.01
2,"3056 PAROLE VIO - I RPT -> 10851(A)VC TAKE VEH W/O OWNER",1,0.01
2,"3056 PAROLE VIO - I RPT -> 211 PC  ROBBERY UNSPECIFIED",1,0.01
2,"3056 PAROLE VIO - I RPT -> 594(B)(1)PC  VANDALISM +$400",1,0.01
2,"3056 PAROLE VIO - I RPT -> ASSAULT WITH WEAPON - I RPT",1,0.01
2,"3056 PAROLE VIO - I RPT -> NARCOTICS SUSP/EVID/ACT- I RPT",1,0.01
2,"3056 PAROLE VIO - I RPT -> TOWED/STORED VEHICLE",1,0.01
2,"4140 BP  POSS OF HYPO NEEDLE -> 10851(A)VC TAKE VEH W/O OWNER",1,0.01
2,"4140 BP  POSS OF HYPO NEEDLE -> 476 PC PASS FICTICIOUS CHECK",1,0.01
2,"4140 BP  POSS OF HYPO NEEDLE -> 508 PC   EMBEZZLEMENT/EMPLOYEE",1,0.01
2,"417(A)1) PC BRANDISH NON-GUN -> 484 PC PETTY THEFT",1,0.01
2,"422 PC THREAT/INTENT TO TERROR -> NON INJ HR/MAIL OUT REPORT",1,0.01
2,"422 PC THREAT/INTENT TO TERROR -> TRAFFIC-ACCIDENT INJURY",1,0.01
2,"451(B) PC ARSON OF INHAB STRUC -> MISSING PERSON",1,0.01
2,"451(B) PC ARSON OF INHAB STRUC -> TOWED/STORED VEH-14602.6",1,0.01
2,"451(D) PC  ARSON OF PROPERTY -> 484 PC PETTY THEFT",1,0.01
2,"451(D) PC  ARSON OF PROPERTY -> TOWED/STORED VEHICLE",1,0.01
2,"459 PC  BURGLARY BUSINESS -> 10851 VC AUTO THEFT LOCATE",1,0.01
2,"459 PC  BURGLARY BUSINESS -> 10851(A)VC TAKE VEH W/O OWNER",1,0.01
2,"459 PC  BURGLARY BUSINESS -> 11357(B)HS POSS -28.5GR MARIJ",1,0.01
2,"459 PC  BURGLARY BUSINESS -> 11377(A)HS POSS AMPHETAMINES",1,0.01
2,"459 PC  BURGLARY BUSINESS -> 12020(A)(4) PC DIRK/DAGGER",1,0.01
2,"459 PC  BURGLARY BUSINESS -> 459 PC  BURGLARY VEHICLE",1,0.01
2,"459 PC  BURGLARY BUSINESS -> 484 PC   PETTY THEFT/INSIDE",1,0.01
2,"459 PC  BURGLARY BUSINESS -> 484G(B) PC ACCESS CARD FRAUD",1,0.01
2,"459 PC  BURGLARY BUSINESS -> 647(A) PC LEWD CONDUCT",1,0.01
2,"459 PC  BURGLARY BUSINESS -> NON INJ HR/MAIL OUT REPORT",1,0.01
2,"459 PC  BURGLARY BUSINESS -> O/S AGENCY -ASSISTANCE- I RPT",1,0.01
2,"459 PC  BURGLARY RESIDENCE -> 10851 VC AUTO THEFT LOCATE",1,0.01
2,"459 PC  BURGLARY RESIDENCE -> 11350(A)HS POSS CNTRL SUBST",1,0.01
2,"459 PC  BURGLARY RESIDENCE -> 211 PC  ROBBERY UNSPECIFIED",1,0.01
2,"459 PC  BURGLARY RESIDENCE -> 245(A)(1)AWDW/NO FIREARM/CIVIL",1,0.01
2,"459 PC  BURGLARY RESIDENCE -> 3056 PC PAROLE VIOLATION",1,0.01
2,"459 PC  BURGLARY RESIDENCE -> 459 PC  BURGLARY RESIDENCE",1,0.01
2,"459 PC  BURGLARY RESIDENCE -> 484 PC  PETTY THEFT/ OUTSIDE",1,0.01
2,"459 PC  BURGLARY RESIDENCE -> 484 PETTY THEFT-SHOPLIFT",1,0.01
2,"459 PC  BURGLARY RESIDENCE -> 484J PC PUBLISH CARD INFO",1,0.01
2,"459 PC  BURGLARY RESIDENCE -> 487(A) GRAND THEFT-AUTO PARTS",1,0.01
2,"459 PC  BURGLARY RESIDENCE -> 496(A) RECEIVE STOLEN PROPERTY",1,0.01
2,"459 PC  BURGLARY RESIDENCE -> 594(B)(1)PC  VANDALISM +$400",1,0.01
2,"459 PC  BURGLARY RESIDENCE -> 594(B)(2)(A) VANDALISM/ -$400",1,0.01
2,"459 PC  BURGLARY RESIDENCE -> 647(B) PC   PROSTITUTION",1,0.01
2,"459 PC  BURGLARY RESIDENCE -> BATTERY - I RPT",1,0.01
2,"459 PC  BURGLARY RESIDENCE -> FOUND PROPERTY - I RPT",1,0.01
2,"459 PC  BURGLARY RESIDENCE -> MISCELLANEOUS I RPT (ZMISC)",1,0.01
2,"459 PC  BURGLARY RESIDENCE -> MISSING PERSON",1,0.01
2,"459 PC  BURGLARY RESIDENCE -> MISSING PERSON I RPT",1,0.01
2,"459 PC  BURGLARY RESIDENCE -> TRAFFIC-ACCIDENT INJURY",1,0.01
2,"459 PC  BURGLARY VEHICLE -> 10851 VC AUTO THEFT LOCATE",1,0.01
2,"459 PC  BURGLARY VEHICLE -> 10853 VC MALIC MISCHIEF TO VEH",1,0.01
2,"459 PC  BURGLARY VEHICLE -> 11377(A)HS POSS AMPHETAMINES",1,0.01
2,"459 PC  BURGLARY VEHICLE -> 12020(A)(4) PC DIRK/DAGGER",1,0.01
2,"459 PC  BURGLARY VEHICLE -> 20002(A) HIT/RUN",1,0.01
2,"459 PC  BURGLARY VEHICLE -> 211 PC ROBBERY-PURSE SNATCH",1,0.01
2,"459 PC  BURGLARY VEHICLE -> 243(E)1 BATTERY NONCOHAB SPOUS",1,0.01
2,"459 PC  BURGLARY VEHICLE -> 4140 BP  POSS OF HYPO NEEDLE",1,0.01
2,"459 PC  BURGLARY VEHICLE -> 451(D) PC  ARSON OF PROPERTY",1,0.01
2,"459 PC  BURGLARY VEHICLE -> 459 PC  BURGLARY RESIDENCE",1,0.01
2,"459 PC  BURGLARY VEHICLE -> 459 PC  BURGLARY-UNSPECIFIED",1,0.01
2,"459 PC  BURGLARY VEHICLE -> 476 PC PASS FICTICIOUS CHECK",1,0.01
2,"459 PC  BURGLARY VEHICLE -> 484 PC   PETTY THEFT/INSIDE",1,0.01
2,"459 PC  BURGLARY VEHICLE -> 484 PETTY THEFT CLOUT UNLOCKED",1,0.01
2,"459 PC  BURGLARY VEHICLE -> 503 PC   EMBEZZLEMENT",1,0.01
2,"459 PC  BURGLARY VEHICLE -> 594(B)(1)PC  VANDALISM +$400",1,0.01
2,"459 PC  BURGLARY VEHICLE -> 594(B)(2)(A) VANDALISM/ -$400",1,0.01
2,"459 PC  BURGLARY VEHICLE -> 647(F) PC DIP - DISORDERLY",1,0.01
2,"459 PC  BURGLARY VEHICLE -> 653M(B) PC ANNOY/RPT CALL HOME",1,0.01
2,"459 PC  BURGLARY VEHICLE -> 9.04.050 A DRINKING IN PUBLIC",1,0.01
2,"459 PC  BURGLARY VEHICLE -> FOUND PROPERTY - I RPT",1,0.01
2,"459 PC  BURGLARY VEHICLE -> LOST PROPERTY - I RPT",1,0.01
2,"459 PC  BURGLARY VEHICLE -> MISSING PERSON",1,0.01
2,"459 PC  BURGLARY VEHICLE -> SUSP PERS-NO CRIME - I RPT",1,0.01
2,"459 PC  BURGLARY VEHICLE -> TOWED/STORED VEH-14602.6",1,0.01
2,"459 PC  BURGLARY VEHICLE -> TRAFFIC-ACCIDENT INJURY",1,0.01
2,"459 PC  BURGLARY-UNSPECIFIED -> 484G(B) PC ACCESS CARD FRAUD",1,0.01
2,"459 PC  BURGLARY-UNSPECIFIED -> 487(A) PC GRAND THEFT-SHOPLIFT",1,0.01
2,"466 PC   POSS OF BURG TOOLS -> 10851(A)VC TAKE VEH W/O OWNER",1,0.01
2,"466 PC   POSS OF BURG TOOLS -> 476 PC PASS FICTICIOUS CHECK",1,0.01
2,"475(C) PASS FORGED NOTE -> NON INJ HR/MAIL OUT REPORT",1,0.01
2,"475(C) PASS FORGED NOTE -> TRAFFIC-ACCIDENT INJURY",1,0.01
2,"484 PC   PETTY THEFT/INSIDE -> 10851 VC AUTO THEFT LOCATE",1,0.01
2,"484 PC   PETTY THEFT/INSIDE -> 11378 HS POSS CNTRL SUB/SALE",1,0.01
2,"484 PC   PETTY THEFT/INSIDE -> 20002(A) HIT/RUN",1,0.01
2,"484 PC   PETTY THEFT/INSIDE -> 451(B) PC ARSON OF INHAB STRUC",1,0.01
2,"484 PC   PETTY THEFT/INSIDE -> 451(D) PC  ARSON OF PROPERTY",1,0.01
2,"484 PC   PETTY THEFT/INSIDE -> 459 PC  BURGLARY RESIDENCE",1,0.01
2,"484 PC   PETTY THEFT/INSIDE -> 484 PC   PETTY THEFT/INSIDE",1,0.01
2,"484 PC   PETTY THEFT/INSIDE -> 484 PC PETTY THEFT",1,0.01
2,"484 PC   PETTY THEFT/INSIDE -> 484 PETTY THEFT-SHOPLIFT",1,0.01
2,"484 PC   PETTY THEFT/INSIDE -> 484J PC PUBLISH CARD INFO",1,0.01
2,"484 PC   PETTY THEFT/INSIDE -> 487(A) PC GRAND THEFT",1,0.01
2,"484 PC   PETTY THEFT/INSIDE -> 647(B) PC   PROSTITUTION",1,0.01
2,"484 PC   PETTY THEFT/INSIDE -> 666 PC PETTY THEFT W/PRI CONV",1,0.01
2,"484 PC   PETTY THEFT/INSIDE -> CASUALTY REPORT",1,0.01
2,"484 PC   PETTY THEFT/INSIDE -> MISSING PERSON",1,0.01
2,"484 PC   PETTY THEFT/INSIDE -> TOWED/STORED VEH-14602.6",1,0.01
2,"484 PC   THEFT-LIC PLATE TABS -> 10851(A)VC TAKE VEH W/O OWNER",1,0.01
2,"484 PC   THEFT-LIC PLATE TABS -> 459 PC  BURGLARY BUSINESS",1,0.01
2,"484 PC   THEFT-LIC PLATE TABS -> 594(B)(2)(A) VANDALISM/ -$400",1,0.01
2,"484 PC  PETTY THEFT AUTO PART -> 466 PC   POSS OF BURG TOOLS",1,0.01
2,"484 PC  PETTY THEFT/ OUTSIDE -> 10851(A)VC TAKE VEH W/O OWNER",1,0.01
2,"484 PC  PETTY THEFT/ OUTSIDE -> TOWED/STORED VEH-14602.6",1,0.01
2,"484 PC PETTY THEFT -> 10851(A)VC TAKE VEH W/O OWNER",1,0.01
2,"484 PC PETTY THEFT -> 484 PC   PETTY THEFT/INSIDE",1,0.01
2,"484 PC PETTY THEFT -> 484 PETTY THEFT-SHOPLIFT",1,0.01
2,"484 PC PETTY THEFT -> 594(B)(2)(A) VANDALISM/ -$400",1,0.01
2,"484 PC PETTY THEFT -> LOST PROPERTY - I RPT",1,0.01
2,"484 PC PETTY THEFT -> MISSING PERSON",1,0.01
2,"484 PC PETTY THEFT -> NON INJ HR/MAIL OUT REPORT",1,0.01
2,"484 PETTY THEFT-SHOPLIFT -> 459 PC  BURGLARY BUSINESS",1,0.01
2,"484 PETTY THEFT-SHOPLIFT -> 459 PC  BURGLARY VEHICLE",1,0.01
2,"484 PETTY THEFT-SHOPLIFT -> 484 PC PETTY THEFT",1,0.01
2,"484 PETTY THEFT-SHOPLIFT -> 484 PETTY THEFT-SHOPLIFT",1,0.01
2,"484 PETTY THEFT-SHOPLIFT -> 594(B)(1)PC  VANDALISM +$400",1,0.01
2,"484 PETTY THEFT-SHOPLIFT -> FOUND PROPERTY - I RPT",1,0.01
2,"484 PETTY THEFT-SHOPLIFT -> NON INJ HR/MAIL OUT REPORT",1,0.01
2,"484 PETTY THEFT/LICENSE PLATE -> 11350(A)HS POSS CNTRL SUBST",1,0.01
2,"484 PETTY THEFT/LICENSE PLATE -> 211 PC ROBBERY-PURSE SNATCH",1,0.01
2,"484 PETTY THEFT/LICENSE PLATE -> 246 PC SHOOT OCCUP DWELL/VEH",1,0.01
2,"484 PETTY THEFT/LICENSE PLATE -> 484 PETTY THEFT-SHOPLIFT",1,0.01
2,"484 PETTY THEFT/LICENSE PLATE -> 503 PC   EMBEZZLEMENT",1,0.01
2,"484 PETTY THEFT/LICENSE PLATE -> CASUALTY REPORT",1,0.01
2,"484 PETTY THEFT/LICENSE PLATE -> FOUND PROPERTY - I RPT",1,0.01
2,"484 PETTY THEFT/LICENSE PLATE -> GANG ACTIVITY - I RPT",1,0.01
2,"484 PETTY THEFT/LICENSE PLATE -> MISSING PERSON",1,0.01
2,"484 PETTY THEFT/LICENSE PLATE -> NARCOTICS SUSP/EVID/ACT- I RPT",1,0.01
2,"484E(A)PC THEFT OF CREDIT CARD -> 10851 VC AUTO THEFT LOCATE",1,0.01
2,"484G(B) PC ACCESS CARD FRAUD -> 10851 VC AUTO THEFT LOCATE",1,0.01
2,"484G(B) PC ACCESS CARD FRAUD -> 11364 HS POSS DRUG PARAPH",1,0.01
2,"484G(B) PC ACCESS CARD FRAUD -> 459 PC  BURGLARY-UNSPECIFIED",1,0.01
2,"484G(B) PC ACCESS CARD FRAUD -> 484 PC   PETTY THEFT/INSIDE",1,0.01
2,"484G(B) PC ACCESS CARD FRAUD -> 647(A) PC LEWD CONDUCT",1,0.01
2,"484G(B) PC ACCESS CARD FRAUD -> THREATS - I RPT",1,0.01
2,"484G(B) PC ACCESS CARD FRAUD -> TOWED/STORED VEHICLE",1,0.01
2,"487(A) GRAND THEFT-AUTO PARTS -> TOWED/STORED VEH-14602.6",1,0.01
2,"487(A) GRAND THEFT-INSIDE -> 10851(A)VC TAKE VEH W/O OWNER",1,0.01
2,"487(A) GRAND THEFT-INSIDE -> 11364 HS POSS DRUG PARAPH",1,0.01
2,"487(A) GRAND THEFT-INSIDE -> TOWED/STORED VEH-14602.6",1,0.01
2,"487(A) PC GRAND THEFT -> 242 PC  BATTERY CIVILIAN",1,0.01
2,"487(A) PC GRAND THEFT -> 459 PC  BURGLARY RESIDENCE",1,0.01
2,"487(A) PC GRAND THEFT -> 594(B)(2)(A) VANDALISM/ -$400",1,0.01
2,"487(A) PC GRAND THEFT -> MISSING PERSON",1,0.01
2,"487(A) PC GRAND THEFT -> TOWED/STORED VEH-14602.6",1,0.01
2,"487(A) PC GRAND THEFT -> TOWED/STORED VEHICLE",1,0.01
2,"487(A) PC GRAND THEFT -> TRAFFIC-ACCIDENT-NON INJURY",1,0.01
2,"496(A) RECEIVE STOLEN PROPERTY -> 459 PC  BURGLARY RESIDENCE",1,0.01
2,"496(A) RECEIVE STOLEN PROPERTY -> TOWED/STORED VEHICLE",1,0.01
2,"5150 WI DANGER SELF/OTHERS -> 11377(A)HS POSS AMPHETAMINES",1,0.01
2,"5150 WI DANGER SELF/OTHERS -> 1203.2 PC VIOLATION OF PROBATI",1,0.01
2,"5150 WI DANGER SELF/OTHERS -> 20001(A) VC HIT/RUN INJ/DEATH",1,0.01
2,"5150 WI DANGER SELF/OTHERS -> 23152(A) VC DUI-ALCOHOL/DRUGS",1,0.01
2,"5150 WI DANGER SELF/OTHERS -> 245(A)(1)AWDW/NO FIREARM/CIVIL",1,0.01
2,"5150 WI DANGER SELF/OTHERS -> 245(A)(2) AWDW/FIREARM/CIVILIA",1,0.01
2,"5150 WI DANGER SELF/OTHERS -> 459 PC  BURGLARY BUSINESS",1,0.01
2,"5150 WI DANGER SELF/OTHERS -> 484 PC   PETTY THEFT/INSIDE",1,0.01
2,"5150 WI DANGER SELF/OTHERS -> 484 PETTY THEFT-SHOPLIFT",1,0.01
2,"5150 WI DANGER SELF/OTHERS -> 484J PC PUBLISH CARD INFO",1,0.01
2,"5150 WI DANGER SELF/OTHERS -> ACCIDENTAL FIRES/ARSON -I RPT",1,0.01
2,"5150 WI DANGER SELF/OTHERS -> MISSING PERSON",1,0.01
2,"5150 WI DANGER SELF/OTHERS -> NON INJ HR/MAIL OUT REPORT",1,0.01
2,"5150 WI DANGER SELF/OTHERS -> TERRORIST THREATS - I RPT",1,0.01
2,"5150 WI DANGER SELF/OTHERS -> TRAFFIC - I RPT",1,0.01
2,"529 PC FALSE PERSONATION -> 1203.2 PC VIOLATION OF PROBATI",1,0.01
2,"529 PC FALSE PERSONATION -> 459 PC  BURGLARY VEHICLE",1,0.01
2,"529 PC FALSE PERSONATION -> NON INJ HR/MAIL OUT REPORT",1,0.01
2,"529 PC FALSE PERSONATION -> TRAFFIC - I RPT",1,0.01
2,"530.5 PC USE PERSONAL ID INFO -> 10851(A)VC TAKE VEH W/O OWNER",1,0.01
2,"530.5 PC USE PERSONAL ID INFO -> 459 PC  BURGLARY BUSINESS",1,0.01
2,"530.5 PC USE PERSONAL ID INFO -> 484 PETTY THEFT/LICENSE PLATE",1,0.01
2,"530.5 PC USE PERSONAL ID INFO -> 530.5 PC USE PERSONAL ID INFO",1,0.01
2,"530.5 PC USE PERSONAL ID INFO -> 647(A) PC LEWD CONDUCT",1,0.01
2,"594(B)(1)PC  VANDALISM +$400 -> 10851(A)VC TAKE VEH W/O OWNER",1,0.01
2,"594(B)(1)PC  VANDALISM +$400 -> 242 PC  BATTERY CIVILIAN",1,0.01
2,"594(B)(1)PC  VANDALISM +$400 -> 487(A) GRAND THEFT-INSIDE",1,0.01
2,"594(B)(1)PC  VANDALISM +$400 -> 5150 WI DANGER SELF/OTHERS",1,0.01
2,"594(B)(1)PC  VANDALISM +$400 -> BATTERY - I RPT",1,0.01
2,"594(B)(1)PC  VANDALISM +$400 -> FOUND EVIDENCE-NON NARC -I RPT",1,0.01
2,"594(B)(1)PC  VANDALISM +$400 -> TOWED/STORED VEHICLE",1,0.01
2,"594(B)(1)VANDALISM GRAF +$400 -> 10851 VC AUTO THEFT LOCATE",1,0.01
2,"594(B)(1)VANDALISM GRAF +$400 -> TRAFFIC-ACCIDENT-NON INJURY",1,0.01
2,"594(B)(2)(A) VANDALISM/ -$400 -> 11350(B)HS POSSESS QUAALUDES",1,0.01
2,"594(B)(2)(A) VANDALISM/ -$400 -> 211 PC  ROBBERY UNSPECIFIED",1,0.01
2,"594(B)(2)(A) VANDALISM/ -$400 -> 459 PC  BURGLARY VEHICLE",1,0.01
2,"594(B)(2)(A) VANDALISM/ -$400 -> 476 PC PASS FICTICIOUS CHECK",1,0.01
2,"594(B)(2)(A) VANDALISM/ -$400 -> 594(B)(2)(A) VANDALISM/ -$400",1,0.01
2,"594(B)(2)(A) VANDALISM/ -$400 -> 601(A) WI JUVENILE INCORRIGIBL",1,0.01
2,"594(B)(2)(A) VANDALISM/ -$400 -> ELDER ABUSE/PHYS/MENTAL-I RPT",1,0.01
2,"594(B)(2)(A) VANDALISM/ -$400 -> MISSING PERSON",1,0.01
2,"594(B)(2)(A) VANDALISM/ -$400 -> NON INJ HR/MAIL OUT REPORT",1,0.01
2,"594(B)(2)(A) VANDALISM/ -$400 -> O/S AGENCY -ASSISTANCE- I RPT",1,0.01
2,"594(B)(2)(A) VANDALISM/ -$400 -> TOWED/STORED VEHICLE",1,0.01
2,"601(A) WI JUVENILE INCORRIGIBL -> LOST PROPERTY - I RPT",1,0.01
2,"602.5 PC ENTRY OF PROPERTY -> TRAFFIC-ACCIDENT INJURY",1,0.01
2,"603  FORCED ENTRY/PROP DAMAGE -> 459 PC  BURGLARY RESIDENCE",1,0.01
2,"647(B) PC   PROSTITUTION -> 666 PC PETTY THEFT W/PRI CONV",1,0.01
2,"647(B) PC   PROSTITUTION -> MISCELLANEOUS I RPT (ZMISC)",1,0.01
2,"647(F) PC DIP - DISORDERLY -> 211 PC ROBBERY-PURSE SNATCH",1,0.01
2,"647(F) PC DIP - DISORDERLY -> 459 PC  BURGLARY VEHICLE",1,0.01
2,"647(F) PC DIP - DISORDERLY -> 9.04.050 A DRINKING IN PUBLIC",1,0.01
2,"653.22(A) LOITER PROSTITUTION -> TRAFFIC - I RPT",1,0.01
2,"666 PC PETTY THEFT W/PRI CONV -> 11350(B)HS POSSESS QUAALUDES",1,0.01
2,"666 PC PETTY THEFT W/PRI CONV -> 11377(A)HS POSS AMPHETAMINES",1,0.01
2,"666 PC PETTY THEFT W/PRI CONV -> 594(B)(2)(A) VANDALISM/ -$400",1,0.01
2,"666 PC PETTY THEFT W/PRI CONV -> 647(B) PC   PROSTITUTION",1,0.01
2,"666 PC PETTY THEFT W/PRI CONV -> MISCELLANEOUS I RPT (ZMISC)",1,0.01
2,"9.04.050 A DRINKING IN PUBLIC -> 459 PC  BURGLARY BUSINESS",1,0.01
2,"ACCIDENTAL FIRES/ARSON -I RPT -> 10851 VC AUTO THEFT LOCATE",1,0.01
2,"ASSAULT WITH WEAPON - I RPT -> 10851(A)VC TAKE VEH W/O OWNER",1,0.01
2,"ASSAULT WITH WEAPON - I RPT -> 11364 HS POSS DRUG PARAPH",1,0.01
2,"ASSAULT WITH WEAPON - I RPT -> 243(D) PC BATT/CIVILIAN W/INJ",1,0.01
2,"ASSAULT WITH WEAPON - I RPT -> 484 PC   PETTY THEFT/INSIDE",1,0.01
2,"BATTERY - I RPT -> 242 PC  BATTERY CIVILIAN",1,0.01
2,"BATTERY - I RPT -> 594(B)(1)PC  VANDALISM +$400",1,0.01
2,"BURGLARY - I RPT -> NON INJ HR/MAIL OUT REPORT",1,0.01
2,"CASUALTY REPORT -> 10851(A)VC TAKE VEH W/O OWNER",1,0.01
2,"CASUALTY REPORT -> 11351.5 HS POSS SALE RCK COCAI",1,0.01
2,"CASUALTY REPORT -> 20002(A) HIT/RUN",1,0.01
2,"CASUALTY REPORT -> 211 PC ROBBERY- BUSINESS",1,0.01
2,"CASUALTY REPORT -> 459 PC  BURGLARY BUSINESS",1,0.01
2,"CASUALTY REPORT -> 459 PC  BURGLARY VEHICLE",1,0.01
2,"CASUALTY REPORT -> 484 PC   PETTY THEFT/INSIDE",1,0.01
2,"CASUALTY REPORT -> 484 PC PETTY THEFT",1,0.01
2,"CASUALTY REPORT -> 484 PETTY THEFT CLOUT UNLOCKED",1,0.01
2,"CASUALTY REPORT -> 484 PETTY THEFT-PURSE SNATCH",1,0.01
2,"CASUALTY REPORT -> 653M(B) PC ANNOY/RPT CALL HOME",1,0.01
2,"CASUALTY REPORT -> CASUALTY REPORT",1,0.01
2,"CASUALTY REPORT -> MISSING PERSON",1,0.01
2,"CASUALTY REPORT -> O/S AGENCY -ASSISTANCE- I RPT",1,0.01
2,"CASUALTY REPORT -> SUSP PERS-NO CRIME - I RPT",1,0.01
2,"CASUALTY REPORT -> TOWED/STORED VEH-14602.6",1,0.01
2,"CASUALTY REPORT -> TOWED/STORED VEHICLE",1,0.01
2,"CHILD WELFARE - I RPT -> 459 PC  BURGLARY RESIDENCE",1,0.01
2,"CHILD WELFARE - I RPT -> TOWED/STORED VEHICLE",1,0.01
2,"FAMILY DISTURBANCE - I RPT -> 243(E)1 BATTERY NONCOHAB SPOUS",1,0.01
2,"FAMILY DISTURBANCE - I RPT -> 5150 WI DANGER SELF/OTHERS",1,0.01
2,"FAMILY DISTURBANCE - I RPT -> 594(B)(2)(A) VANDALISM/ -$400",1,0.01
2,"FAMILY DISTURBANCE - I RPT -> CASUALTY REPORT",1,0.01
2,"FOUND EVIDENCE-NON NARC -I RPT -> 290(F)1 W/I 5 DAYS ADD CHANGE",1,0.01
2,"FOUND PROPERTY - I RPT -> 10851(A)VC TAKE VEH W/O OWNER",1,0.01
2,"FOUND PROPERTY - I RPT -> 11377(A)HS POSS CNTRL SUBST",1,0.01
2,"FOUND PROPERTY - I RPT -> 12025(A)1)CONCLD GUN VEH/FEL",1,0.01
2,"FOUND PROPERTY - I RPT -> 459 PC  BURGLARY BUSINESS",1,0.01
2,"FOUND PROPERTY - I RPT -> 484 PC PETTY THEFT",1,0.01
2,"FOUND PROPERTY - I RPT -> 484 PETTY THEFT-PURSE SNATCH",1,0.01
2,"FOUND PROPERTY - I RPT -> MISSING PERSON I RPT",1,0.01
2,"FRAUD OR BUNCO - I RPT -> 10851 VC AUTO THEFT LOCATE",1,0.01
2,"FRAUD OR BUNCO - I RPT -> 10851(A)VC TAKE VEH W/O OWNER",1,0.01
2,"FRAUD OR BUNCO - I RPT -> 11378 HS POSS/SALE AMPHETAMINE",1,0.01
2,"FRAUD OR BUNCO - I RPT -> FRAUD OR BUNCO - I RPT",1,0.01
2,"FRAUD OR BUNCO - I RPT -> NON INJ HR/MAIL OUT REPORT",1,0.01
2,"FRAUD-SWINDLE -> TRAFFIC-ACCIDENT INJURY",1,0.01
2,"FRAUDULENT DOCUMENTS- I RPT -> TRAFFIC-ACCIDENT INJURY",1,0.01
2,"GANG ACTIVITY - I RPT -> 11377(A)HS POSS AMPHETAMINES",1,0.01
2,"GANG ACTIVITY - I RPT -> 12020(A)(4) PC DIRK/DAGGER",1,0.01
2,"GANG ACTIVITY - I RPT -> 459 PC  BURGLARY RESIDENCE",1,0.01
2,"GANG ACTIVITY - I RPT -> 459 PC  BURGLARY VEHICLE",1,0.01
2,"HARASSMENT - I RPT -> 10851 VC AUTO THEFT LOCATE",1,0.01
2,"HARASSMENT - I RPT -> 422 PC THREAT/INTENT TO TERROR",1,0.01
2,"HARASSMENT - I RPT -> 653.22(A) LOITER PROSTITUTION",1,0.01
2,"HARASSMENT - I RPT -> TRAFFIC-ACCIDENT INJURY",1,0.01
2,"HAZARDOUS SITUATION - I RPT -> 10851 VC AUTO THEFT LOCATE",1,0.01
2,"HAZARDOUS SITUATION - I RPT -> 243(E)1 BATTERY NONCOHAB SPOUS",1,0.01
2,"HAZARDOUS SITUATION - I RPT -> NON INJ HR/MAIL OUT REPORT",1,0.01
2,"HIT AND RUN /SUSPECTS- I RPT -> 10851 VC AUTO THEFT LOCATE",1,0.01
2,"HIT AND RUN /SUSPECTS- I RPT -> THREATS - I RPT",1,0.01
2,"IMPOUNDED VEHICLE -> 20002(A) HIT/RUN",1,0.01
2,"IMPOUNDED VEHICLE -> 459 PC  BURGLARY BUSINESS",1,0.01
2,"IMPOUNDED VEHICLE -> MISCELLANEOUS I RPT (ZMISC)",1,0.01
2,"IMPOUNDED VEHICLE -> TOWED/STORED VEH-14602.6",1,0.01
2,"LOST PROPERTY - I RPT -> 211 PC ROBBERY- BUSINESS",1,0.01
2,"LOST PROPERTY - I RPT -> 459 PC  BURGLARY BUSINESS",1,0.01
2,"LOST PROPERTY - I RPT -> 459 PC  BURGLARY VEHICLE",1,0.01
2,"LOST PROPERTY - I RPT -> 647(A) PC LEWD CONDUCT",1,0.01
2,"LOST PROPERTY - I RPT -> TOWED/STORED VEHICLE",1,0.01
2,"MISCELLANEOUS I RPT (ZMISC) -> 10851 VC AUTO THEFT LOCATE",1,0.01
2,"MISCELLANEOUS I RPT (ZMISC) -> 11377(A)HS POSS AMPHETAMINES",1,0.01
2,"MISCELLANEOUS I RPT (ZMISC) -> 459 PC  BURGLARY VEHICLE",1,0.01
2,"MISCELLANEOUS I RPT (ZMISC) -> 484 PC PETTY THEFT",1,0.01
2,"MISCELLANEOUS I RPT (ZMISC) -> 484 PETTY THEFT-PURSE SNATCH",1,0.01
2,"MISCELLANEOUS I RPT (ZMISC) -> BATTERY - I RPT",1,0.01
2,"MISCELLANEOUS I RPT (ZMISC) -> MISCELLANEOUS I RPT (ZMISC)",1,0.01
2,"MISCELLANEOUS I RPT (ZMISC) -> MISSING PERSON LOCATE O/S ASSI",1,0.01
2,"MISCELLANEOUS I RPT (ZMISC) -> NON INJ HR/MAIL OUT REPORT",1,0.01
2,"MISCELLANEOUS I RPT (ZMISC) -> TOWED/STORED VEHICLE",1,0.01
2,"MISSING PERSON -> 11351.5 HS POSS SALE RCK COCAI",1,0.01
2,"MISSING PERSON -> 11364 HS POSS DRUG PARAPH",1,0.01
2,"MISSING PERSON -> 11377(A)HS POSS AMPHETAMINES",1,0.01
2,"MISSING PERSON -> 12403.7(G) PC ILLGL POSS TRGAS",1,0.01
2,"MISSING PERSON -> 20002(A) HIT/RUN",1,0.01
2,"MISSING PERSON -> 211 PC  ROBBERY UNSPECIFIED",1,0.01
2,"MISSING PERSON -> 211 PC ROBBERY- BUSINESS",1,0.01
2,"MISSING PERSON -> 23152(A) VC DUI-ALCOHOL/DRUGS",1,0.01
2,"MISSING PERSON -> 245(A)(1)AWDW/NO FIREARM/CIVIL",1,0.01
2,"MISSING PERSON -> 290(F)1 W/I 5 DAYS ADD CHANGE",1,0.01
2,"MISSING PERSON -> 3056 PAROLE VIO - I RPT",1,0.01
2,"MISSING PERSON -> 476 PC PASS FICTICIOUS CHECK",1,0.01
2,"MISSING PERSON -> 484 PC  PETTY THEFT/ OUTSIDE",1,0.01
2,"MISSING PERSON -> 484J PC PUBLISH CARD INFO",1,0.01
2,"MISSING PERSON -> 594(B)(1)PC  VANDALISM +$400",1,0.01
2,"MISSING PERSON -> 647(A) PC LEWD CONDUCT",1,0.01
2,"MISSING PERSON -> ELDER ABUSE/PHYS/MENTAL-I RPT",1,0.01
2,"MISSING PERSON -> FRAUD OR BUNCO - I RPT",1,0.01
2,"MISSING PERSON -> GANG ACTIVITY - I RPT",1,0.01
2,"MISSING PERSON -> LOST PROPERTY - I RPT",1,0.01
2,"MISSING PERSON -> SUSP PERS-NO CRIME - I RPT",1,0.01
2,"MISSING PERSON -> THREATS - I RPT",1,0.01
2,"MISSING PERSON -> TRAFFIC-ACCIDENT INJURY",1,0.01
2,"MISSING PERSON I RPT -> 459 PC  BURGLARY RESIDENCE",1,0.01
2,"MISSING PERSON I RPT -> 484 PC PETTY THEFT",1,0.01
2,"NARCOTICS SUSP/EVID/ACT- I RPT -> 459 PC  BURGLARY RESIDENCE",1,0.01
2,"NARCOTICS SUSP/EVID/ACT- I RPT -> 5150 WI DANGER SELF/OTHERS",1,0.01
2,"NARCOTICS SUSP/EVID/ACT- I RPT -> MISSING PERSON",1,0.01
2,"NARCOTICS SUSP/EVID/ACT- I RPT -> TOWED/STORED VEHICLE",1,0.01
2,"NON INJ HR/MAIL OUT REPORT -> 10851(A)VC TAKE VEH W/O OWNER",1,0.01
2,"NON INJ HR/MAIL OUT REPORT -> 245(A)(1)AWDW/NO FIREARM/CIVIL",1,0.01
2,"NON INJ HR/MAIL OUT REPORT -> 459 PC  BURGLARY RESIDENCE",1,0.01
2,"NON INJ HR/MAIL OUT REPORT -> 459 PC  BURGLARY VEHICLE",1,0.01
2,"NON INJ HR/MAIL OUT REPORT -> 484 PC PETTY THEFT",1,0.01
2,"NON INJ HR/MAIL OUT REPORT -> 484 PETTY THEFT/LICENSE PLATE",1,0.01
2,"NON INJ HR/MAIL OUT REPORT -> TOWED/STORED VEH-14602.6",1,0.01
2,"O/S AGENCY -ASSISTANCE- I RPT -> 647(A) PC LEWD CONDUCT",1,0.01
2,"O/S AGENCY -ASSISTANCE- I RPT -> CASUALTY REPORT",1,0.01
2,"PETTY THEFT - I RPT -> 11364 HS POSS DRUG PARAPH",1,0.01
2,"PETTY THEFT - I RPT -> 11377(A)HS POSS AMPHETAMINES",1,0.01
2,"PETTY THEFT - I RPT -> TOWED/STORED VEHICLE",1,0.01
2,"POSSIBLE FINANCIAL CRIME-I RPT -> 2800.2(A) VC EVADING/RECKLESS",1,0.01
2,"POSSIBLE FINANCIAL CRIME-I RPT -> 484 PETTY THEFT-SHOPLIFT",1,0.01
2,"POSSIBLE FINANCIAL CRIME-I RPT -> MISSING PERSON",1,0.01
2,"POSSIBLE FINANCIAL CRIME-I RPT -> TRAFFIC-ACCIDENT-NON INJURY",1,0.01
2,"PROB VIOLA/FEL-MISD - I RPT -> TRAFFIC - I RPT",1,0.01
2,"SAFEKEEPING - I RPT -> 484 PC  PETTY THEFT/ OUTSIDE",1,0.01
2,"SAFEKEEPING - I RPT -> 484 PC PETTY THEFT",1,0.01
2,"SUSP PERS-NO CRIME - I RPT -> 11532(A)HS LOITER DRG ACTIVITY",1,0.01
2,"SUSP PERS-NO CRIME - I RPT -> TOWED/STORED VEHICLE",1,0.01
2,"SUSP PERS-NO CRIME - I RPT -> TRAFFIC-ACCIDENT INJURY",1,0.01
2,"TELEPEST -I RPT -> 10851 VC AUTO THEFT LOCATE",1,0.01
2,"TELEPEST -I RPT -> 459 PC  BURGLARY-UNSPECIFIED",1,0.01
2,"TELEPEST -I RPT -> 487(A) PC GRAND THEFT-SHOPLIFT",1,0.01
2,"TELEPEST -I RPT -> MISSING PERSON",1,0.01
2,"THREATS - I RPT -> 484 PC PETTY THEFT",1,0.01
2,"THREATS - I RPT -> 487(A) PC GRAND THEFT",1,0.01
2,"THREATS - I RPT -> 487(D)GRAND THEFT FIREARM/ANIM",1,0.01
2,"THREATS - I RPT -> TOWED/STORED VEH-14602.6",1,0.01
2,"THREATS - I RPT -> TOWED/STORED VEHICLE",1,0.01
2,"THREATS - I RPT -> TRAFFIC-ACCIDENT INJURY",1,0.01
2,"TOWED/STORED VEH-14602.6 -> 11377(A)HS POSS AMPHETAMINES",1,0.01
2,"TOWED/STORED VEH-14602.6 -> 12025(A)1)CONCLD GUN VEH/FEL",1,0.01
2,"TOWED/STORED VEH-14602.6 -> 20001(A) VC HIT/RUN INJ/DEATH",1,0.01
2,"TOWED/STORED VEH-14602.6 -> 20002(A) HIT/RUN",1,0.01
2,"TOWED/STORED VEH-14602.6 -> 23222(B)POSSESS MARIJ IN VEH",1,0.01
2,"TOWED/STORED VEH-14602.6 -> 245(A)(1)AWDW/NO FIREARM/CIVIL",1,0.01
2,"TOWED/STORED VEH-14602.6 -> 273.6(A) PC VIO DV COURT ORDER",1,0.01
2,"TOWED/STORED VEH-14602.6 -> 459 PC  BURGLARY BUSINESS",1,0.01
2,"TOWED/STORED VEH-14602.6 -> 484 PC PETTY THEFT",1,0.01
2,"TOWED/STORED VEH-14602.6 -> 487(A) GRAND THEFT-INSIDE",1,0.01
2,"TOWED/STORED VEH-14602.6 -> 487(A) PC GRAND THEFT",1,0.01
2,"TOWED/STORED VEH-14602.6 -> 5150 WI DANGER SELF/OTHERS",1,0.01
2,"TOWED/STORED VEH-14602.6 -> BOMBS/THREATS/EXPLOSIV- I RPT",1,0.01
2,"TOWED/STORED VEH-14602.6 -> CASUALTY REPORT",1,0.01
2,"TOWED/STORED VEH-14602.6 -> ELDER ABUSE/PHYS/MENTAL-I RPT",1,0.01
2,"TOWED/STORED VEH-14602.6 -> FOUND PROPERTY - I RPT",1,0.01
2,"TOWED/STORED VEH-14602.6 -> MISCELLANEOUS I RPT (ZMISC)",1,0.01
2,"TOWED/STORED VEH-14602.6 -> NARCOTICS SUSP/EVID/ACT- I RPT",1,0.01
2,"TOWED/STORED VEH-14602.6 -> NON INJ HR/MAIL OUT REPORT",1,0.01
2,"TOWED/STORED VEH-14602.6 -> SUSP PERS-NO CRIME - I RPT",1,0.01
2,"TOWED/STORED VEH-14602.6 -> THREATS - I RPT",1,0.01
2,"TOWED/STORED VEHICLE -> 11351.5 HS POSS SALE RCK COCAI",1,0.01
2,"TOWED/STORED VEHICLE -> 11364 HS POSS DRUG PARAPH",1,0.01
2,"TOWED/STORED VEHICLE -> 211 PC ROBBERY- BUSINESS",1,0.01
2,"TOWED/STORED VEHICLE -> 23222(B)POSSESS MARIJ IN VEH",1,0.01
2,"TOWED/STORED VEHICLE -> 243(B) BATTERY DR/NURSE/EMERG",1,0.01
2,"TOWED/STORED VEHICLE -> 243(E)1 BATTERY NONCOHAB SPOUS",1,0.01
2,"TOWED/STORED VEHICLE -> 245(A)(2) AWDW/FIREARM/CIVILIA",1,0.01
2,"TOWED/STORED VEHICLE -> 246 PC SHOOT OCCUP DWELL/VEH",1,0.01
2,"TOWED/STORED VEHICLE -> 273.6(A) PC VIO DV COURT ORDER",1,0.01
2,"TOWED/STORED VEHICLE -> 290(A)(1)(D) FAIL TO REG-5 DAY",1,0.01
2,"TOWED/STORED VEHICLE -> 459 PC  BURGLARY VEHICLE",1,0.01
2,"TOWED/STORED VEHICLE -> 484 PETTY THEFT-SHOPLIFT",1,0.01
2,"TOWED/STORED VEHICLE -> 484G(B) PC ACCESS CARD FRAUD",1,0.01
2,"TOWED/STORED VEHICLE -> 487(A) GRAND THEFT-INSIDE",1,0.01
2,"TOWED/STORED VEHICLE -> 487(A) PC GRAND THEFT",1,0.01
2,"TOWED/STORED VEHICLE -> 530.5 PC USE PERSONAL ID INFO",1,0.01
2,"TOWED/STORED VEHICLE -> CASUALTY REPORT",1,0.01
2,"TOWED/STORED VEHICLE -> TERRORIST THREATS - I RPT",1,0.01
2,"TOWED/STORED VEHICLE -> TRAFFIC-ACCIDENT INJURY",1,0.01
2,"TOWED/STORED VEHICLE -> TRAFFIC-ACCIDENT-NON INJURY",1,0.01
2,"TRAFFIC - I RPT -> 11364 HS POSS DRUG PARAPH",1,0.01
2,"TRAFFIC - I RPT -> 20002(A) HIT/RUN",1,0.01
2,"TRAFFIC - I RPT -> 245(A)(1)AWDW/NO FIREARM/CIVIL",1,0.01
2,"TRAFFIC - I RPT -> TOWED/STORED VEH-14602.6",1,0.01
2,"TRAFFIC ARREST FOR DA-I RPT -> 484 PETTY THEFT-SHOPLIFT",1,0.01
2,"TRAFFIC ARREST FOR DA-I RPT -> NON INJ HR/MAIL OUT REPORT",1,0.01
2,"TRAFFIC-ACCIDENT INJURY -> 12101(B)1)PC MINOR POSS AMMO",1,0.01
2,"TRAFFIC-ACCIDENT INJURY -> 14601.1(A) VC LIC SUSP OTHER",1,0.01
2,"TRAFFIC-ACCIDENT INJURY -> 4140 BP  POSS OF HYPO NEEDLE",1,0.01
2,"TRAFFIC-ACCIDENT INJURY -> 459 PC  BURGLARY VEHICLE",1,0.01
2,"TRAFFIC-ACCIDENT INJURY -> 484 PC PETTY THEFT",1,0.01
2,"TRAFFIC-ACCIDENT INJURY -> 653.22(A) LOITER PROSTITUTION",1,0.01
2,"TRAFFIC-ACCIDENT INJURY -> 666 PC PETTY THEFT W/PRI CONV",1,0.01
2,"TRAFFIC-ACCIDENT INJURY -> CASUALTY REPORT",1,0.01
2,"TRAFFIC-ACCIDENT INJURY -> FOUND PROPERTY - I RPT",1,0.01
2,"TRAFFIC-ACCIDENT INJURY -> HAZARDOUS SITUATION - I RPT",1,0.01
2,"TRAFFIC-ACCIDENT INJURY -> TOWED/STORED VEHICLE",1,0.01
2,"TRAFFIC-ACCIDENT INJURY -> TRAFFIC-ACCIDENT INJURY",1,0.01
2,"TRAFFIC-ACCIDENT INJURY -> TRAFFIC-ACCIDENT-NON INJURY",1,0.01
2,"TRAFFIC-ACCIDENT-NON INJURY -> 20002(A) HIT/RUN",1,0.01
2,"TRAFFIC-ACCIDENT-NON INJURY -> 3056 PC PAROLE VIOLATION",1,0.01
2,"TRAFFIC-ACCIDENT-NON INJURY -> 459 PC  BURGLARY BUSINESS",1,0.01
2,"TRAFFIC-ACCIDENT-NON INJURY -> 484 PETTY THEFT-SHOPLIFT",1,0.01
2,"TRAFFIC-ACCIDENT-NON INJURY -> 484G(B) PC ACCESS CARD FRAUD",1,0.01
2,"TRAFFIC-ACCIDENT-NON INJURY -> 594(B)(2)(A) VANDALISM/ -$400",1,0.01
2,"TRAFFIC-ACCIDENT-NON INJURY -> 666 PC PETTY THEFT W/PRI CONV",1,0.01
2,"TRAFFIC-ACCIDENT-NON INJURY -> BATTERY - I RPT",1,0.01
2,"TRAFFIC-ACCIDENT-NON INJURY -> NON INJ HR/MAIL OUT REPORT",1,0.01
2,"TRESPASS OR PROWLER- I RPT -> 459 PC  BURGLARY RESIDENCE",1,0.01
2,"TRESPASS OR PROWLER- I RPT -> MISCELLANEOUS I RPT (ZMISC)",1,0.01
2,"VANDALISM - I RPT -> 11364 HS POSS DRUG PARAPH",1,0.01
2,"VANDALISM - I RPT -> 484 PETTY THEFT/LICENSE PLATE",1,0.01
2,"WARRANT SERVED - I RPT -> 459 PC  BURGLARY VEHICLE",1,0.01
2,"WARRANT SERVED - I RPT -> ELDER ABUSE/PHYS/MENTAL-I RPT",1,0.01
2,"WARRANT SERVED - I RPT -> MISCELLANEOUS I RPT (ZMISC)",1,0.01
2,"WARRANT SERVED - I RPT -> TOWED/STORED VEHICLE",1,0.01
3,"459 PC  BURGLARY VEHICLE -> 459 PC  BURGLARY VEHICLE",12,0.1
3,"10851(A)VC TAKE VEH W/O OWNER -> 459 PC  BURGLARY VEHICLE",9,0.075
3,"TOWED/STORED VEHICLE -> TOWED/STORED VEHICLE",7,0.0583333333333333
3,"TOWED/STORED VEHICLE -> TRAFFIC-ACCIDENT-NON INJURY",7,0.0583333333333333
3,"23152(A) VC DUI-ALCOHOL/DRUGS -> 459 PC  BURGLARY VEHICLE",6,0.05
3,"TOWED/STORED VEH-14602.6 -> 10851(A)VC TAKE VEH W/O OWNER",6,0.05
3,"TRAFFIC-ACCIDENT INJURY -> TRAFFIC-ACCIDENT INJURY",6,0.05
3,"459 PC  BURGLARY VEHICLE -> 594(B)(2)(A) VANDALISM/ -$400",5,0.0416666666666667
3,"594(B)(2)(A) VANDALISM/ -$400 -> 10851(A)VC TAKE VEH W/O OWNER",5,0.0416666666666667
3,"CASUALTY REPORT -> 10851(A)VC TAKE VEH W/O OWNER",5,0.0416666666666667
3,"CASUALTY REPORT -> 459 PC  BURGLARY VEHICLE",5,0.0416666666666667
3,"TOWED/STORED VEH-14602.6 -> TOWED/STORED VEH-14602.6",5,0.0416666666666667
3,"TOWED/STORED VEH-14602.6 -> TRAFFIC-ACCIDENT-NON INJURY",5,0.0416666666666667
3,"TOWED/STORED VEHICLE -> 484 PETTY THEFT-SHOPLIFT",5,0.0416666666666667
3,"10851(A)VC TAKE VEH W/O OWNER -> TRAFFIC-ACCIDENT INJURY",4,0.0333333333333333
3,"459 PC  BURGLARY VEHICLE -> 20002(A) HIT/RUN",4,0.0333333333333333
3,"459 PC  BURGLARY VEHICLE -> CASUALTY REPORT",4,0.0333333333333333
3,"TOWED/STORED VEH-14602.6 -> 459 PC  BURGLARY VEHICLE",4,0.0333333333333333
3,"TRAFFIC-ACCIDENT INJURY -> 5150 WI DANGER SELF/OTHERS",4,0.0333333333333333
3,"TRAFFIC-ACCIDENT-NON INJURY -> TOWED/STORED VEHICLE",4,0.0333333333333333
3,"10851(A)VC TAKE VEH W/O OWNER -> 11350(A)HS POSS CNTRL SUBST",3,0.025
3,"10851(A)VC TAKE VEH W/O OWNER -> 484 PETTY THEFT-SHOPLIFT",3,0.025
3,"10851(A)VC TAKE VEH W/O OWNER -> 594(B)(1)PC  VANDALISM +$400",3,0.025
3,"11357(B)HS POSS -28.5GR MARIJ -> 10851(A)VC TAKE VEH W/O OWNER",3,0.025
3,"11364 HS POSS DRUG PARAPH -> 459 PC  BURGLARY VEHICLE",3,0.025
3,"11377(A)HS POSS AMPHETAMINES -> 10851(A)VC TAKE VEH W/O OWNER",3,0.025
3,"11377(A)HS POSS AMPHETAMINES -> 459 PC  BURGLARY VEHICLE",3,0.025
3,"211 PC  ROBBERY UNSPECIFIED -> 10851(A)VC TAKE VEH W/O OWNER",3,0.025
3,"211 PC  ROBBERY UNSPECIFIED -> 459 PC  BURGLARY VEHICLE",3,0.025
3,"459 PC  BURGLARY BUSINESS -> 10851(A)VC TAKE VEH W/O OWNER",3,0.025
3,"459 PC  BURGLARY RESIDENCE -> 459 PC  BURGLARY VEHICLE",3,0.025
3,"459 PC  BURGLARY VEHICLE -> 10851(A)VC TAKE VEH W/O OWNER",3,0.025
3,"459 PC  BURGLARY VEHICLE -> 211 PC ROBBERY- BUSINESS",3,0.025
3,"459 PC  BURGLARY VEHICLE -> 242 PC  BATTERY CIVILIAN",3,0.025
3,"459 PC  BURGLARY VEHICLE -> 459 PC  BURGLARY RESIDENCE",3,0.025
3,"459 PC  BURGLARY VEHICLE -> 484 PC  PETTY THEFT/ OUTSIDE",3,0.025
3,"459 PC  BURGLARY VEHICLE -> TOWED/STORED VEH-14602.6",3,0.025
3,"484 PETTY THEFT-SHOPLIFT -> 459 PC  BURGLARY RESIDENCE",3,0.025
3,"5150 WI DANGER SELF/OTHERS -> 10851(A)VC TAKE VEH W/O OWNER",3,0.025
3,"594(B)(2)(A) VANDALISM/ -$400 -> 211 PC  ROBBERY UNSPECIFIED",3,0.025
3,"594(B)(2)(A) VANDALISM/ -$400 -> TRAFFIC-ACCIDENT INJURY",3,0.025
3,"BATTERY - I RPT -> 10851(A)VC TAKE VEH W/O OWNER",3,0.025
3,"CASUALTY REPORT -> TRAFFIC-ACCIDENT INJURY",3,0.025
3,"TOWED/STORED VEH-14602.6 -> TOWED/STORED VEHICLE",3,0.025
3,"TOWED/STORED VEHICLE -> 484 PC PETTY THEFT",3,0.025
3,"TOWED/STORED VEHICLE -> 484 PETTY THEFT/LICENSE PLATE",3,0.025
3,"TOWED/STORED VEHICLE -> 594(B)(1)PC  VANDALISM +$400",3,0.025
3,"TOWED/STORED VEHICLE -> TOWED/STORED VEH-14602.6",3,0.025
3,"TOWED/STORED VEHICLE -> TRAFFIC-ACCIDENT INJURY",3,0.025
3,"TRAFFIC-ACCIDENT INJURY -> TOWED/STORED VEH-14602.6",3,0.025
3,"TRAFFIC-ACCIDENT INJURY -> TRAFFIC-ACCIDENT-NON INJURY",3,0.025
3,"TRAFFIC-ACCIDENT-NON INJURY -> 484 PETTY THEFT-SHOPLIFT",3,0.025
3,"10851(A)VC TAKE VEH W/O OWNER -> 10851(A)VC TAKE VEH W/O OWNER",2,0.0166666666666667
3,"10851(A)VC TAKE VEH W/O OWNER -> 484 PC   PETTY THEFT/INSIDE",2,0.0166666666666667
3,"10851(A)VC TAKE VEH W/O OWNER -> 484 PC PETTY THEFT",2,0.0166666666666667
3,"10851(A)VC TAKE VEH W/O OWNER -> 484 PETTY THEFT/LICENSE PLATE",2,0.0166666666666667
3,"10851(A)VC TAKE VEH W/O OWNER -> 5150 WI DANGER SELF/OTHERS",2,0.0166666666666667
3,"10851(A)VC TAKE VEH W/O OWNER -> 594(B)(2)(A) VANDALISM/ -$400",2,0.0166666666666667
3,"10851(A)VC TAKE VEH W/O OWNER -> FOUND PROPERTY - I RPT",2,0.0166666666666667
3,"10851(A)VC TAKE VEH W/O OWNER -> FRAUD OR BUNCO - I RPT",2,0.0166666666666667
3,"10851(A)VC TAKE VEH W/O OWNER -> HARASSMENT - I RPT",2,0.0166666666666667
3,"10851(A)VC TAKE VEH W/O OWNER -> LOST PROPERTY - I RPT",2,0.0166666666666667
3,"10851(A)VC TAKE VEH W/O OWNER -> MISSING PERSON",2,0.0166666666666667
3,"10851(A)VC TAKE VEH W/O OWNER -> THREATS - I RPT",2,0.0166666666666667
3,"10851(A)VC TAKE VEH W/O OWNER -> TOWED/STORED VEH-14602.6",2,0.0166666666666667
3,"10851(A)VC TAKE VEH W/O OWNER -> TOWED/STORED VEHICLE",2,0.0166666666666667
3,"11350(A)HS POSS CNTRL SUBST -> TRAFFIC-ACCIDENT INJURY",2,0.0166666666666667
3,"11377(A)HS POSS AMPHETAMINES -> 23152(A) VC DUI-ALCOHOL/DRUGS",2,0.0166666666666667
3,"1708 US   THEFT OF MAIL -> 594(B)(2)(A) VANDALISM/ -$400",2,0.0166666666666667
3,"20002(A) HIT/RUN -> 23152(A) VC DUI-ALCOHOL/DRUGS",2,0.0166666666666667
3,"20002(A) HIT/RUN -> TRAFFIC-ACCIDENT INJURY",2,0.0166666666666667
3,"211 PC  ROBBERY UNSPECIFIED -> 484 PC   PETTY THEFT/INSIDE",2,0.0166666666666667
3,"211 PC  ROBBERY UNSPECIFIED -> ABC LICENSE VIO/INFO - I RPT",2,0.0166666666666667
3,"211 PC  ROBBERY UNSPECIFIED -> CASUALTY REPORT",2,0.0166666666666667
3,"23152(A) VC DUI-ALCOHOL/DRUGS -> 10851(A)VC TAKE VEH W/O OWNER",2,0.0166666666666667
3,"23152(A) VC DUI-ALCOHOL/DRUGS -> 487(A) PC GRAND THEFT",2,0.0166666666666667
3,"23152(A) VC DUI-ALCOHOL/DRUGS -> CASUALTY REPORT",2,0.0166666666666667
3,"242 PC  BATTERY CIVILIAN -> 459 PC  BURGLARY VEHICLE",2,0.0166666666666667
3,"242 PC  BATTERY CIVILIAN -> 484 PC   PETTY THEFT/INSIDE",2,0.0166666666666667
3,"242 PC  BATTERY CIVILIAN -> TRAFFIC-ACCIDENT INJURY",2,0.0166666666666667
3,"243(D) PC BATT/CIVILIAN W/INJ -> 10851(A)VC TAKE VEH W/O OWNER",2,0.0166666666666667
3,"243(D) PC BATT/CIVILIAN W/INJ -> 459 PC  BURGLARY VEHICLE",2,0.0166666666666667
3,"459 PC  BURGLARY BUSINESS -> 11377(A)HS POSS AMPHETAMINES",2,0.0166666666666667
3,"459 PC  BURGLARY BUSINESS -> 594(B)(2)(A) VANDALISM/ -$400",2,0.0166666666666667
3,"459 PC  BURGLARY BUSINESS -> TOWED/STORED VEHICLE",2,0.0166666666666667
3,"459 PC  BURGLARY RESIDENCE -> 10851(A)VC TAKE VEH W/O OWNER",2,0.0166666666666667
3,"459 PC  BURGLARY RESIDENCE -> 484 PETTY THEFT/LICENSE PLATE",2,0.0166666666666667
3,"459 PC  BURGLARY RESIDENCE -> 530.5 PC USE PERSONAL ID INFO",2,0.0166666666666667
3,"459 PC  BURGLARY RESIDENCE -> 594(B)(2)(A) VANDALISM/ -$400",2,0.0166666666666667
3,"459 PC  BURGLARY RESIDENCE -> LOST PROPERTY - I RPT",2,0.0166666666666667
3,"459 PC  BURGLARY RESIDENCE -> NON INJ HR/MAIL OUT REPORT",2,0.0166666666666667
3,"459 PC  BURGLARY RESIDENCE -> TRAFFIC-ACCIDENT INJURY",2,0.0166666666666667
3,"459 PC  BURGLARY VEHICLE -> 11364 HS POSS DRUG PARAPH",2,0.0166666666666667
3,"459 PC  BURGLARY VEHICLE -> 211 PC  ROBBERY UNSPECIFIED",2,0.0166666666666667
3,"459 PC  BURGLARY VEHICLE -> 243(D) PC BATT/CIVILIAN W/INJ",2,0.0166666666666667
3,"459 PC  BURGLARY VEHICLE -> 484 PC PETTY THEFT",2,0.0166666666666667
3,"459 PC  BURGLARY VEHICLE -> 484 PETTY THEFT/LICENSE PLATE",2,0.0166666666666667
3,"459 PC  BURGLARY VEHICLE -> NEIGHBORHOOD DISTURBANCE-I RPT",2,0.0166666666666667
3,"459 PC  BURGLARY VEHICLE -> TOWED/STORED VEHICLE",2,0.0166666666666667
3,"476 PC PASS FICTICIOUS CHECK -> 594(B)(2)(A) VANDALISM/ -$400",2,0.0166666666666667
3,"476 PC PASS FICTICIOUS CHECK -> TOWED/STORED VEH-14602.6",2,0.0166666666666667
3,"484 PC   PETTY THEFT/INSIDE -> 459 PC  BURGLARY VEHICLE",2,0.0166666666666667
3,"484 PC  PETTY THEFT/ OUTSIDE -> 484 PC PETTY THEFT",2,0.0166666666666667
3,"484 PC PETTY THEFT -> TOWED/STORED VEHICLE",2,0.0166666666666667
3,"484 PETTY THEFT-SHOPLIFT -> FOUND PROPERTY - I RPT",2,0.0166666666666667
3,"484 PETTY THEFT-SHOPLIFT -> TOWED/STORED VEHICLE",2,0.0166666666666667
3,"484 PETTY THEFT/LICENSE PLATE -> 10851(A)VC TAKE VEH W/O OWNER",2,0.0166666666666667
3,"484 PETTY THEFT/LICENSE PLATE -> 459 PC  BURGLARY VEHICLE",2,0.0166666666666667
3,"484 PETTY THEFT/LICENSE PLATE -> CASUALTY REPORT",2,0.0166666666666667
3,"487(A) GRAND THEFT-INSIDE -> CASUALTY REPORT",2,0.0166666666666667
3,"487(A) GRAND THEFT-INSIDE -> FOUND PROPERTY - I RPT",2,0.0166666666666667
3,"487(A) GRAND THEFT-INSIDE -> TRAFFIC-ACCIDENT INJURY",2,0.0166666666666667
3,"5150 WI DANGER SELF/OTHERS -> 20002(A) HIT/RUN",2,0.0166666666666667
3,"5150 WI DANGER SELF/OTHERS -> 23152(A) VC DUI-ALCOHOL/DRUGS",2,0.0166666666666667
3,"5150 WI DANGER SELF/OTHERS -> 459 PC  BURGLARY RESIDENCE",2,0.0166666666666667
3,"5150 WI DANGER SELF/OTHERS -> 459 PC  BURGLARY VEHICLE",2,0.0166666666666667
3,"5150 WI DANGER SELF/OTHERS -> HARASSMENT - I RPT",2,0.0166666666666667
3,"5150 WI DANGER SELF/OTHERS -> TRAFFIC-ACCIDENT INJURY",2,0.0166666666666667
3,"530.5 PC USE PERSONAL ID INFO -> 459 PC  BURGLARY VEHICLE",2,0.0166666666666667
3,"594(B)(1)PC  VANDALISM +$400 -> 20002(A) HIT/RUN",2,0.0166666666666667
3,"594(B)(1)PC  VANDALISM +$400 -> TOWED/STORED VEHICLE",2,0.0166666666666667
3,"594(B)(1)PC  VANDALISM +$400 -> TRAFFIC-ACCIDENT INJURY",2,0.0166666666666667
3,"594(B)(2)(A) VANDALISM/ -$400 -> 20002(A) HIT/RUN",2,0.0166666666666667
3,"594(B)(2)(A) VANDALISM/ -$400 -> 459 PC  BURGLARY VEHICLE",2,0.0166666666666667
3,"594(B)(2)(A) VANDALISM/ -$400 -> 5150 WI DANGER SELF/OTHERS",2,0.0166666666666667
3,"594(B)(2)(A) VANDALISM/ -$400 -> 594(B)(1)PC  VANDALISM +$400",2,0.0166666666666667
3,"594(B)(2)(A) VANDALISM/ -$400 -> 594(B)(2)(A) VANDALISM/ -$400",2,0.0166666666666667
3,"666 PC PETTY THEFT W/PRI CONV -> 484 PC   PETTY THEFT/INSIDE",2,0.0166666666666667
3,"BATTERY - I RPT -> 459 PC  BURGLARY VEHICLE",2,0.0166666666666667
3,"CASUALTY REPORT -> 459 PC  BURGLARY BUSINESS",2,0.0166666666666667
3,"CASUALTY REPORT -> 484 PETTY THEFT-SHOPLIFT",2,0.0166666666666667
3,"CASUALTY REPORT -> 484 PETTY THEFT/LICENSE PLATE",2,0.0166666666666667
3,"CASUALTY REPORT -> 594(B)(1)PC  VANDALISM +$400",2,0.0166666666666667
3,"CASUALTY REPORT -> CASUALTY REPORT",2,0.0166666666666667
3,"FOUND PROPERTY - I RPT -> 459 PC  BURGLARY VEHICLE",2,0.0166666666666667
3,"LOST PROPERTY - I RPT -> TRAFFIC-ACCIDENT-NON INJURY",2,0.0166666666666667
3,"NON INJ HR/MAIL OUT REPORT -> 10851(A)VC TAKE VEH W/O OWNER",2,0.0166666666666667
3,"SAFEKEEPING - I RPT -> 459 PC  BURGLARY VEHICLE",2,0.0166666666666667
3,"SAFEKEEPING - I RPT -> 484 PETTY THEFT-SHOPLIFT",2,0.0166666666666667
3,"SAFEKEEPING - I RPT -> TOWED/STORED VEHICLE",2,0.0166666666666667
3,"THREATS - I RPT -> TRAFFIC-ACCIDENT INJURY",2,0.0166666666666667
3,"TOWED/STORED VEH-14602.6 -> 459 PC  BURGLARY BUSINESS",2,0.0166666666666667
3,"TOWED/STORED VEH-14602.6 -> 459 PC  BURGLARY RESIDENCE",2,0.0166666666666667
3,"TOWED/STORED VEH-14602.6 -> 476 PC PASS FICTICIOUS CHECK",2,0.0166666666666667
3,"TOWED/STORED VEH-14602.6 -> 484 PETTY THEFT-SHOPLIFT",2,0.0166666666666667
3,"TOWED/STORED VEH-14602.6 -> 594(B)(1)PC  VANDALISM +$400",2,0.0166666666666667
3,"TOWED/STORED VEH-14602.6 -> FOUND PROPERTY - I RPT",2,0.0166666666666667
3,"TOWED/STORED VEH-14602.6 -> LOST PROPERTY - I RPT",2,0.0166666666666667
3,"TOWED/STORED VEHICLE -> 11364 HS POSS DRUG PARAPH",2,0.0166666666666667
3,"TOWED/STORED VEHICLE -> 20002(A) HIT/RUN",2,0.0166666666666667
3,"TOWED/STORED VEHICLE -> 211 PC  ROBBERY UNSPECIFIED",2,0.0166666666666667
3,"TOWED/STORED VEHICLE -> 459 PC  BURGLARY RESIDENCE",2,0.0166666666666667
3,"TOWED/STORED VEHICLE -> 459 PC  BURGLARY VEHICLE",2,0.0166666666666667
3,"TOWED/STORED VEHICLE -> 487(A) GRAND THEFT-INSIDE",2,0.0166666666666667
3,"TOWED/STORED VEHICLE -> 594(B)(2)(A) VANDALISM/ -$400",2,0.0166666666666667
3,"TOWED/STORED VEHICLE -> POSSIBLE STOLEN PROPERTY-I RPT",2,0.0166666666666667
3,"TRAFFIC-ACCIDENT INJURY -> 10851(A)VC TAKE VEH W/O OWNER",2,0.0166666666666667
3,"TRAFFIC-ACCIDENT INJURY -> 3056 PAROLE VIO - I RPT",2,0.0166666666666667
3,"TRAFFIC-ACCIDENT INJURY -> 484 PC PETTY THEFT",2,0.0166666666666667
3,"TRAFFIC-ACCIDENT INJURY -> 484 PETTY THEFT/LICENSE PLATE",2,0.0166666666666667
3,"TRAFFIC-ACCIDENT INJURY -> FOUND PROPERTY - I RPT",2,0.0166666666666667
3,"TRAFFIC-ACCIDENT INJURY -> NEIGHBORHOOD DISTURBANCE-I RPT",2,0.0166666666666667
3,"TRAFFIC-ACCIDENT-NON INJURY -> 10851(A)VC TAKE VEH W/O OWNER",2,0.0166666666666667
3,"TRAFFIC-ACCIDENT-NON INJURY -> 459 PC  BURGLARY VEHICLE",2,0.0166666666666667
3,"TRAFFIC-ACCIDENT-NON INJURY -> 484 PC   PETTY THEFT/INSIDE",2,0.0166666666666667
3,"TRAFFIC-ACCIDENT-NON INJURY -> 484 PETTY THEFT/LICENSE PLATE",2,0.0166666666666667
3,"TRAFFIC-ACCIDENT-NON INJURY -> 530.5 PC USE PERSONAL ID INFO",2,0.0166666666666667
3,"TRAFFIC-ACCIDENT-NON INJURY -> FOUND PROPERTY - I RPT",2,0.0166666666666667
3,"TRAFFIC-ACCIDENT-NON INJURY -> HARASSMENT - I RPT",2,0.0166666666666667
3,"TRAFFIC-ACCIDENT-NON INJURY -> TRAFFIC-ACCIDENT-NON INJURY",2,0.0166666666666667
3,"10851 VC AUTO THEFT LOCATE -> 10851 VC AUTO THEFT LOCATE",1,0.00833333333333333
3,"10851 VC AUTO THEFT LOCATE -> 10851(A)VC TAKE VEH W/O OWNER",1,0.00833333333333333
3,"10851 VC AUTO THEFT LOCATE -> 11364 HS POSS DRUG PARAPH",1,0.00833333333333333
3,"10851 VC AUTO THEFT LOCATE -> 459 PC  BURGLARY VEHICLE",1,0.00833333333333333
3,"10851 VC AUTO THEFT LOCATE -> 647(F) PC DIP - DISORDERLY",1,0.00833333333333333
3,"10851 VC AUTO THEFT LOCATE -> SUSP PERS-NO CRIME - I RPT",1,0.00833333333333333
3,"10851 VC AUTO THEFT LOCATE -> TOWED/STORED VEH-14602.6",1,0.00833333333333333
3,"10851 VC AUTO THEFT LOCATE -> TOWED/STORED VEHICLE",1,0.00833333333333333
3,"10851 VC AUTO THEFT LOCATE -> TRAFFIC-ACCIDENT INJURY",1,0.00833333333333333
3,"10851(A)VC TAKE VEH W/O OWNER -> 11364 HS POSS DRUG PARAPH",1,0.00833333333333333
3,"10851(A)VC TAKE VEH W/O OWNER -> 12.52.030 SCC UNLAWFUL CAMPING",1,0.00833333333333333
3,"10851(A)VC TAKE VEH W/O OWNER -> 12022.1 PC COMMIT FEL ON BAIL",1,0.00833333333333333
3,"10851(A)VC TAKE VEH W/O OWNER -> 148.9 PC FALSE ID TO OFFICER",1,0.00833333333333333
3,"10851(A)VC TAKE VEH W/O OWNER -> 20002(A) HIT/RUN",1,0.00833333333333333
3,"10851(A)VC TAKE VEH W/O OWNER -> 211 PC  ROBBERY UNSPECIFIED",1,0.00833333333333333
3,"10851(A)VC TAKE VEH W/O OWNER -> 211 PC ROBBERY- BUSINESS",1,0.00833333333333333
3,"10851(A)VC TAKE VEH W/O OWNER -> 23152(A) VC DUI-ALCOHOL/DRUGS",1,0.00833333333333333
3,"10851(A)VC TAKE VEH W/O OWNER -> 23153(A) VC DUI CAUSE INJURY",1,0.00833333333333333
3,"10851(A)VC TAKE VEH W/O OWNER -> 4140 BP  POSS OF HYPO NEEDLE",1,0.00833333333333333
3,"10851(A)VC TAKE VEH W/O OWNER -> 459 PC  BURGLARY BUSINESS",1,0.00833333333333333
3,"10851(A)VC TAKE VEH W/O OWNER -> 484 PC  PETTY THEFT/ OUTSIDE",1,0.00833333333333333
3,"10851(A)VC TAKE VEH W/O OWNER -> 484 PC-PETTY THEFT-COIN MACHIN",1,0.00833333333333333
3,"10851(A)VC TAKE VEH W/O OWNER -> 484 PETTY THEFT CLOUT UNLOCKED",1,0.00833333333333333
3,"10851(A)VC TAKE VEH W/O OWNER -> 484G(A)PC USE FORGED CARD",1,0.00833333333333333
3,"10851(A)VC TAKE VEH W/O OWNER -> 487(A) GRAND THEFT-INSIDE",1,0.00833333333333333
3,"10851(A)VC TAKE VEH W/O OWNER -> 530 PC FALSE PERS. REC PROP",1,0.00833333333333333
3,"10851(A)VC TAKE VEH W/O OWNER -> 530.5 PC USE PERSONAL ID INFO",1,0.00833333333333333
3,"10851(A)VC TAKE VEH W/O OWNER -> 594(B)(2)(A)VANDALISM GRAF-400",1,0.00833333333333333
3,"10851(A)VC TAKE VEH W/O OWNER -> 99170 PUBLIC UTILITIES CODE",1,0.00833333333333333
3,"10851(A)VC TAKE VEH W/O OWNER -> BATTERY - I RPT",1,0.00833333333333333
3,"10851(A)VC TAKE VEH W/O OWNER -> CASUALTY REPORT",1,0.00833333333333333
3,"10851(A)VC TAKE VEH W/O OWNER -> NARCOTICS SUSP/EVID/ACT- I RPT",1,0.00833333333333333
3,"10851(A)VC TAKE VEH W/O OWNER -> NON INJ HR/MAIL OUT REPORT",1,0.00833333333333333
3,"10851(A)VC TAKE VEH W/O OWNER -> TRAFFIC-ACCIDENT-NON INJURY",1,0.00833333333333333
3,"10855 VC LSE/RENT NOT RETURNED -> 459 PC  BURGLARY BUSINESS",1,0.00833333333333333
3,"11350(A)HS POSS CNTRL SUBST -> 11351.5 HS POSS SALE RCK COCAI",1,0.00833333333333333
3,"11350(A)HS POSS CNTRL SUBST -> 11352(A)HS SALE/TRANS CNTL SUB",1,0.00833333333333333
3,"11350(A)HS POSS CNTRL SUBST -> 11364 HS POSS DRUG PARAPH",1,0.00833333333333333
3,"11350(A)HS POSS CNTRL SUBST -> 12021(A)(1)PC FELON POSS FRARM",1,0.00833333333333333
3,"11350(A)HS POSS CNTRL SUBST -> 242 PC  BATTERY CIVILIAN",1,0.00833333333333333
3,"11350(A)HS POSS CNTRL SUBST -> 308(B) PC MINOR POSS TOBACCO",1,0.00833333333333333
3,"11350(A)HS POSS CNTRL SUBST -> 459 PC  BURGLARY VEHICLE",1,0.00833333333333333
3,"11350(A)HS POSS CNTRL SUBST -> 484 PETTY THEFT-SHOPLIFT",1,0.00833333333333333
3,"11350(A)HS POSS CNTRL SUBST -> 594(B)(2)(A) VANDALISM/ -$400",1,0.00833333333333333
3,"11350(A)HS POSS CNTRL SUBST -> SAFEKEEPING - I RPT",1,0.00833333333333333
3,"11350(A)HS POSS CNTRL SUBST -> TOWED/STORED VEH-14602.6",1,0.00833333333333333
3,"11350(A)HS POSS CNTRL SUBST -> TOWED/STORED VEHICLE",1,0.00833333333333333
3,"11350(B)HS POSSESS QUAALUDES -> 243(E)1 BATTERY NONCOHAB SPOUS",1,0.00833333333333333
3,"11351.5 HS POSS SALE RCK COCAI -> 459 PC  BURGLARY RESIDENCE",1,0.00833333333333333
3,"11351.5 HS POSS SALE RCK COCAI -> 484 PC PETTY THEFT",1,0.00833333333333333
3,"11352(A)HS SALE/TRANS CNTL SUB -> 11364 HS POSS DRUG PARAPH",1,0.00833333333333333
3,"11352(A)HS SALE/TRANS CNTL SUB -> HIT AND RUN /SUSPECTS- I RPT",1,0.00833333333333333
3,"11352(A)HS SALE/TRANS CNTL SUB -> TOWED/STORED VEHICLE",1,0.00833333333333333
3,"11357(B)HS POSS -28.5GR MARIJ -> 11350(A)HS POSS CNTRL SUBST",1,0.00833333333333333
3,"11357(B)HS POSS -28.5GR MARIJ -> 11364 HS POSS DRUG PARAPH",1,0.00833333333333333
3,"11357(B)HS POSS -28.5GR MARIJ -> 12020(A)(4) PC DIRK/DAGGER",1,0.00833333333333333
3,"11357(B)HS POSS -28.5GR MARIJ -> 459 PC  BURGLARY BUSINESS",1,0.00833333333333333
3,"11357(B)HS POSS -28.5GR MARIJ -> 459 PC  BURGLARY VEHICLE",1,0.00833333333333333
3,"11357(B)HS POSS -28.5GR MARIJ -> 484 PETTY THEFT/LICENSE PLATE",1,0.00833333333333333
3,"11357(B)HS POSS -28.5GR MARIJ -> 5150 WI DANGER SELF/OTHERS",1,0.00833333333333333
3,"11357(B)HS POSS -28.5GR MARIJ -> 537(A)(1) DEFRAUD INKEEP/-$400",1,0.00833333333333333
3,"11357(B)HS POSS -28.5GR MARIJ -> CASUALTY REPORT",1,0.00833333333333333
3,"11357(B)HS POSS -28.5GR MARIJ -> GANG ACTIVITY - I RPT",1,0.00833333333333333
3,"11357(B)HS POSS -28.5GR MARIJ -> LOST PROPERTY - I RPT",1,0.00833333333333333
3,"11357(B)HS POSS -28.5GR MARIJ -> ROBBERY - I RPT",1,0.00833333333333333
3,"11357(B)HS POSS -28.5GR MARIJ -> THREATS - I RPT",1,0.00833333333333333
3,"11357(B)HS POSS -28.5GR MARIJ -> TOWED/STORED VEHICLE",1,0.00833333333333333
3,"11357(B)HS POSS -28.5GR MARIJ -> TRAFFIC-ACCIDENT-NON INJURY",1,0.00833333333333333
3,"11359 HS POSS FOR SALE MARIJ -> TRAFFIC-ACCIDENT INJURY",1,0.00833333333333333
3,"11364 HS POSS DRUG PARAPH -> 10851(A)VC TAKE VEH W/O OWNER",1,0.00833333333333333
3,"11364 HS POSS DRUG PARAPH -> 11357(B)HS POSS -28.5GR MARIJ",1,0.00833333333333333
3,"11364 HS POSS DRUG PARAPH -> 20002(A) HIT/RUN",1,0.00833333333333333
3,"11364 HS POSS DRUG PARAPH -> 243.3 BATT TRANS PERS/PASS/INJ",1,0.00833333333333333
3,"11364 HS POSS DRUG PARAPH -> 459 PC  BURGLARY BUSINESS",1,0.00833333333333333
3,"11364 HS POSS DRUG PARAPH -> 459 PC  BURGLARY RESIDENCE",1,0.00833333333333333
3,"11364 HS POSS DRUG PARAPH -> 484 PC PETTY THEFT",1,0.00833333333333333
3,"11364 HS POSS DRUG PARAPH -> 487(D)GRAND THEFT FIREARM/ANIM",1,0.00833333333333333
3,"11364 HS POSS DRUG PARAPH -> 666 PC PETTY THEFT W/PRI CONV",1,0.00833333333333333
3,"11364 HS POSS DRUG PARAPH -> 849(B)(1) CERTIFICATE OF RELEA",1,0.00833333333333333
3,"11364 HS POSS DRUG PARAPH -> HIT AND RUN /SUSPECTS- I RPT",1,0.00833333333333333
3,"11364 HS POSS DRUG PARAPH -> LOST PROPERTY - I RPT",1,0.00833333333333333
3,"11364 HS POSS DRUG PARAPH -> TOWED/STORED VEHICLE",1,0.00833333333333333
3,"11377(A)HS POSS AMPHETAMINES -> 11364 HS POSS DRUG PARAPH",1,0.00833333333333333
3,"11377(A)HS POSS AMPHETAMINES -> 459 PC  BURGLARY RESIDENCE",1,0.00833333333333333
3,"11377(A)HS POSS AMPHETAMINES -> 484G(B) PC ACCESS CARD FRAUD",1,0.00833333333333333
3,"11377(A)HS POSS AMPHETAMINES -> 594(B)(2)(A) VANDALISM/ -$400",1,0.00833333333333333
3,"11377(A)HS POSS AMPHETAMINES -> CASUALTY REPORT",1,0.00833333333333333
3,"11377(A)HS POSS AMPHETAMINES -> CHILD WELFARE - I RPT",1,0.00833333333333333
3,"11377(A)HS POSS AMPHETAMINES -> FOUND PROPERTY - I RPT",1,0.00833333333333333
3,"11377(A)HS POSS AMPHETAMINES -> TRAFFIC-ACCIDENT INJURY",1,0.00833333333333333
3,"11378 HS POSS/SALE AMPHETAMINE -> SAFEKEEPING - I RPT",1,0.00833333333333333
3,"11379(A)HS SELL/TRANSP AMPHET -> 459 PC  BURGLARY BUSINESS",1,0.00833333333333333
3,"11532(A)HS LOITER DRG ACTIVITY -> 11350(A)HS POSS CNTRL SUBST",1,0.00833333333333333
3,"11532(A)HS LOITER DRG ACTIVITY -> 603  FORCED ENTRY/PROP DAMAGE",1,0.00833333333333333
3,"11532(A)HS LOITER DRG ACTIVITY -> SAFEKEEPING - I RPT",1,0.00833333333333333
3,"12.52.030 SCC UNLAWFUL CAMPING -> 3056 PC PAROLE VIOLATION",1,0.00833333333333333
3,"12.52.030 SCC UNLAWFUL CAMPING -> 459 PC  BURGLARY BUSINESS",1,0.00833333333333333
3,"12.52.030 SCC UNLAWFUL CAMPING -> 594(B)(2)(A) VANDALISM/ -$400",1,0.00833333333333333
3,"12.52.030 SCC UNLAWFUL CAMPING -> GRAND THEFT - I RPT",1,0.00833333333333333
3,"12.52.030 SCC UNLAWFUL CAMPING -> TOWED/STORED VEHICLE",1,0.00833333333333333
3,"12.52.030 SCC UNLAWFUL CAMPING -> TRAFFIC-ACCIDENT INJURY",1,0.00833333333333333
3,"12.52.030 SCC UNLAWFUL CAMPING -> TRAFFIC-ACCIDENT-NON INJURY",1,0.00833333333333333
3,"12020(A)(4) PC DIRK/DAGGER -> 11357(B)HS POSS -28.5GR MARIJ",1,0.00833333333333333
3,"12020(A)(4) PC DIRK/DAGGER -> TOWED/STORED VEHICLE",1,0.00833333333333333
3,"12020(A)1) PROHIBITED FIREARM -> 10851(A)VC TAKE VEH W/O OWNER",1,0.00833333333333333
3,"12020(A)1) PROHIBITED FIREARM -> 537(A)(1) DEFRAUD INKEEP/-$400",1,0.00833333333333333
3,"12020(A)1) PROHIBITED FIREARM -> 594(B)(2)(A) VANDALISM/ -$400",1,0.00833333333333333
3,"12020(A)1) PROHIBITED FIREARM -> SUSP PERS-NO CRIME - I RPT",1,0.00833333333333333
3,"12021(A)(1)PC FELON POSS FRARM -> 484 PETTY THEFT-SHOPLIFT",1,0.00833333333333333
3,"12022.1 PC COMMIT FEL ON BAIL -> 484 PETTY THEFT-SHOPLIFT",1,0.00833333333333333
3,"148(A)(1)PC RESIST PEACE OFFCR -> 242 PC  BATTERY CIVILIAN",1,0.00833333333333333
3,"148(A)(1)PC RESIST PEACE OFFCR -> 25661 BP FALSE EVIDENCE OF AGE",1,0.00833333333333333
3,"148(A)(1)PC RESIST PEACE OFFCR -> 459 PC  BURGLARY VEHICLE",1,0.00833333333333333
3,"148(A)(1)PC RESIST PEACE OFFCR -> 484 PETTY THEFT-SHOPLIFT",1,0.00833333333333333
3,"148(A)(1)PC RESIST PEACE OFFCR -> 487(A) PC GRAND THEFT",1,0.00833333333333333
3,"148(A)(1)PC RESIST PEACE OFFCR -> CASUALTY REPORT",1,0.00833333333333333
3,"148(A)(1)PC RESIST PEACE OFFCR -> POSSIBLE STOLEN PROPERTY-I RPT",1,0.00833333333333333
3,"148.9 PC FALSE ID TO OFFICER -> 487(A) GRAND THEFT-INSIDE",1,0.00833333333333333
3,"148.9 PC FALSE ID TO OFFICER -> TOWED/STORED VEHICLE",1,0.00833333333333333
3,"148.9 PC FALSE ID TO OFFICER -> TRAFFIC-ACCIDENT-NON INJURY",1,0.00833333333333333
3,"1551(A) FUGITIVE FROM JUSTICE -> 415(3) PC DIST PEACE OFF WORDS",1,0.00833333333333333
3,"1551(A) FUGITIVE FROM JUSTICE -> 484 PC   PETTY THEFT/INSIDE",1,0.00833333333333333
3,"1551(A) FUGITIVE FROM JUSTICE -> 484 PC PETTY THEFT",1,0.00833333333333333
3,"1551(A) FUGITIVE FROM JUSTICE -> MISCELLANEOUS I RPT (ZMISC)",1,0.00833333333333333
3,"1551(A) FUGITIVE FROM JUSTICE -> TELEPEST -I RPT",1,0.00833333333333333
3,"1551(A) FUGITIVE FROM JUSTICE -> TRAFFIC-ACCIDENT INJURY",1,0.00833333333333333
3,"166(A)(4) WILFUL DISOBEY CT OR -> 459 PC  BURGLARY BUSINESS",1,0.00833333333333333
3,"166(A)(4) WILFUL DISOBEY CT OR -> 459 PC  BURGLARY RESIDENCE",1,0.00833333333333333
3,"166(A)(4) WILFUL DISOBEY CT OR -> 459 PC  BURGLARY VEHICLE",1,0.00833333333333333
3,"166(A)(4) WILFUL DISOBEY CT OR -> 594(B)(2)(A) VANDALISM/ -$400",1,0.00833333333333333
3,"1708 US   THEFT OF MAIL -> 10851(A)VC TAKE VEH W/O OWNER",1,0.00833333333333333
3,"1708 US   THEFT OF MAIL -> 11377(A)HS POSS AMPHETAMINES",1,0.00833333333333333
3,"1708 US   THEFT OF MAIL -> 243(E)1 BATTERY NONCOHAB SPOUS",1,0.00833333333333333
3,"1708 US   THEFT OF MAIL -> 530.5 PC USE PERSONAL ID INFO",1,0.00833333333333333
3,"1708 US   THEFT OF MAIL -> CASUALTY REPORT",1,0.00833333333333333
3,"1708 US   THEFT OF MAIL -> TOWED/STORED VEH-14602.6",1,0.00833333333333333
3,"1708 US   THEFT OF MAIL -> TOWED/STORED VEHICLE",1,0.00833333333333333
3,"197 JUSTIFIABLE HOMI-CIVILIAN -> TRAFFIC-ACCIDENT-NON INJURY",1,0.00833333333333333
3,"20001(A) VC HIT/RUN INJ/DEATH -> 11351.5 HS POSS SALE RCK COCAI",1,0.00833333333333333
3,"20001(A) VC HIT/RUN INJ/DEATH -> 242 PC  BATTERY CIVILIAN",1,0.00833333333333333
3,"20001(A) VC HIT/RUN INJ/DEATH -> 459 PC  BURGLARY VEHICLE",1,0.00833333333333333
3,"20001(A) VC HIT/RUN INJ/DEATH -> MISSING PERSON I RPT",1,0.00833333333333333
3,"20002(A) HIT/RUN -> 10851(A)VC TAKE VEH W/O OWNER",1,0.00833333333333333
3,"20002(A) HIT/RUN -> 25632 BP CONSM ALC AFT CLOSING",1,0.00833333333333333
3,"20002(A) HIT/RUN -> 459 PC  BURGLARY RESIDENCE",1,0.00833333333333333
3,"20002(A) HIT/RUN -> 484 PC   PETTY THEFT/INSIDE",1,0.00833333333333333
3,"20002(A) HIT/RUN -> 487(D) PC GRAND THEFT AUTO",1,0.00833333333333333
3,"20002(A) HIT/RUN -> 9.40.020(A) JUVENILE CURFEW",1,0.00833333333333333
3,"20002(A) HIT/RUN -> SUSP PERS-NO CRIME - I RPT",1,0.00833333333333333
3,"20002(A) HIT/RUN -> TRAFFIC-ACCIDENT-NON INJURY",1,0.00833333333333333
3,"203 PC    MAYHEM -> 20002(A) HIT/RUN",1,0.00833333333333333
3,"203 PC    MAYHEM -> TOWED/STORED VEHICLE",1,0.00833333333333333
3,"211 PC  ROBBERY UNSPECIFIED -> 10855 VC LSE/RENT NOT RETURNED",1,0.00833333333333333
3,"211 PC  ROBBERY UNSPECIFIED -> 11350(A)HS POSS CNTRL SUBST",1,0.00833333333333333
3,"211 PC  ROBBERY UNSPECIFIED -> 12021(A)(1)PC FELON POSS FRARM",1,0.00833333333333333
3,"211 PC  ROBBERY UNSPECIFIED -> 20002(A) HIT/RUN",1,0.00833333333333333
3,"211 PC  ROBBERY UNSPECIFIED -> 211 PC ROBBERY- BUSINESS",1,0.00833333333333333
3,"211 PC  ROBBERY UNSPECIFIED -> 215(A) PC    CARJACKING",1,0.00833333333333333
3,"211 PC  ROBBERY UNSPECIFIED -> 23152(A) VC DUI-ALCOHOL/DRUGS",1,0.00833333333333333
3,"211 PC  ROBBERY UNSPECIFIED -> 242 PC  BATTERY CIVILIAN",1,0.00833333333333333
3,"211 PC  ROBBERY UNSPECIFIED -> 3056 PAROLE VIO - I RPT",1,0.00833333333333333
3,"211 PC  ROBBERY UNSPECIFIED -> 459 PC  BURGLARY BUSINESS",1,0.00833333333333333
3,"211 PC  ROBBERY UNSPECIFIED -> 484 PETTY THEFT-SHOPLIFT",1,0.00833333333333333
3,"211 PC  ROBBERY UNSPECIFIED -> 487(A) GRAND THEFT-COIN MACHIN",1,0.00833333333333333
3,"211 PC  ROBBERY UNSPECIFIED -> 594(B)(1)PC  VANDALISM +$400",1,0.00833333333333333
3,"211 PC  ROBBERY UNSPECIFIED -> 666 PC PETTY THEFT W/PRI CONV",1,0.00833333333333333
3,"211 PC  ROBBERY UNSPECIFIED -> BATTERY - I RPT",1,0.00833333333333333
3,"211 PC  ROBBERY UNSPECIFIED -> FOUND PROPERTY - I RPT",1,0.00833333333333333
3,"211 PC  ROBBERY UNSPECIFIED -> LOST PROPERTY - I RPT",1,0.00833333333333333
3,"211 PC  ROBBERY UNSPECIFIED -> TOWED/STORED VEHICLE",1,0.00833333333333333
3,"211 PC  ROBBERY UNSPECIFIED -> TRAFFIC-ACCIDENT INJURY",1,0.00833333333333333
3,"211 PC  ROBBERY UNSPECIFIED -> WARRANT SERVED - I RPT",1,0.00833333333333333
3,"211 PC ROBBERY- BUSINESS -> 10851(A)VC TAKE VEH W/O OWNER",1,0.00833333333333333
3,"211 PC ROBBERY- BUSINESS -> 23152(A) VC DUI-ALCOHOL/DRUGS",1,0.00833333333333333
3,"211 PC ROBBERY- BUSINESS -> 484 PETTY THEFT/LICENSE PLATE",1,0.00833333333333333
3,"211 PC ROBBERY- BUSINESS -> 594(B)(2)(A) VANDALISM/ -$400",1,0.00833333333333333
3,"211 PC ROBBERY- BUSINESS -> DUI I RPT",1,0.00833333333333333
3,"211 PC ROBBERY- BUSINESS -> TRAFFIC-ACCIDENT INJURY",1,0.00833333333333333
3,"211 PC ROBBERY-PURSE SNATCH -> 20001(A) VC HIT/RUN INJ/DEATH",1,0.00833333333333333
3,"211 PC ROBBERY-PURSE SNATCH -> 242 PC  BATTERY CIVILIAN",1,0.00833333333333333
3,"211 PC ROBBERY-PURSE SNATCH -> 3056 PAROLE VIO - I RPT",1,0.00833333333333333
3,"211 PC ROBBERY-PURSE SNATCH -> HARASSMENT - I RPT",1,0.00833333333333333
3,"212.5(A)ROBBERY-INHAB DWELLING -> MISCELLANEOUS I RPT (ZMISC)",1,0.00833333333333333
3,"22435.2(A) BP POSS SHOP CART -> TOWED/STORED VEH-14602.6",1,0.00833333333333333
3,"22435.2(A) BP POSS SHOP CART -> TOWED/STORED VEHICLE",1,0.00833333333333333
3,"22435.2(A) BP POSS SHOP CART -> TRAFFIC-ACCIDENT-NON INJURY",1,0.00833333333333333
3,"23152(A) VC DUI-ALCOHOL/DRUGS -> 211 PC  ROBBERY UNSPECIFIED",1,0.00833333333333333
3,"23152(A) VC DUI-ALCOHOL/DRUGS -> 23152(A) VC DUI-ALCOHOL/DRUGS",1,0.00833333333333333
3,"23152(A) VC DUI-ALCOHOL/DRUGS -> 243(D) PC BATT/CIVILIAN W/INJ",1,0.00833333333333333
3,"23152(A) VC DUI-ALCOHOL/DRUGS -> 459 PC  BURGLARY BUSINESS",1,0.00833333333333333
3,"23152(A) VC DUI-ALCOHOL/DRUGS -> 484 PC   PETTY THEFT/INSIDE",1,0.00833333333333333
3,"23152(A) VC DUI-ALCOHOL/DRUGS -> 484 PETTY THEFT/LICENSE PLATE",1,0.00833333333333333
3,"23152(A) VC DUI-ALCOHOL/DRUGS -> 487(A) GRAND THEFT-INSIDE",1,0.00833333333333333
3,"23152(A) VC DUI-ALCOHOL/DRUGS -> BATTERY - I RPT",1,0.00833333333333333
3,"23152(A) VC DUI-ALCOHOL/DRUGS -> HARASSMENT - I RPT",1,0.00833333333333333
3,"23152(A) VC DUI-ALCOHOL/DRUGS -> INTOX REPORT/ADMIN PER - I RPT",1,0.00833333333333333
3,"23152(A) VC DUI-ALCOHOL/DRUGS -> NEIGHBORHOOD DISTURBANCE-I RPT",1,0.00833333333333333
3,"23152(A) VC DUI-ALCOHOL/DRUGS -> TRAFFIC - I RPT",1,0.00833333333333333
3,"23222(B)POSSESS MARIJ IN VEH -> 459 PC  BURGLARY RESIDENCE",1,0.00833333333333333
3,"23222(B)POSSESS MARIJ IN VEH -> 459 PC  BURGLARY VEHICLE",1,0.00833333333333333
3,"23222(B)POSSESS MARIJ IN VEH -> FOUND PROPERTY - I RPT",1,0.00833333333333333
3,"241(B) ASSAULT ON POLICE OFFIC -> 11350(A)HS POSS CNTRL SUBST",1,0.00833333333333333
3,"241(B) ASSAULT ON POLICE OFFIC -> 12021(A)(1)PC FELON POSS FRARM",1,0.00833333333333333
3,"241(B) ASSAULT ON POLICE OFFIC -> 211 PC  ROBBERY UNSPECIFIED",1,0.00833333333333333
3,"241(B) ASSAULT ON POLICE OFFIC -> 484 PETTY THEFT-SHOPLIFT",1,0.00833333333333333
3,"242 PC  BATTERY CIVILIAN -> 20001(A) VC HIT/RUN INJ/DEATH",1,0.00833333333333333
3,"242 PC  BATTERY CIVILIAN -> 242 PC  BATTERY CIVILIAN",1,0.00833333333333333
3,"242 PC  BATTERY CIVILIAN -> 3056 PAROLE VIO - I RPT",1,0.00833333333333333
3,"242 PC  BATTERY CIVILIAN -> 4140 BP  POSS OF HYPO NEEDLE",1,0.00833333333333333
3,"242 PC  BATTERY CIVILIAN -> 484G(B) PC ACCESS CARD FRAUD",1,0.00833333333333333
3,"242 PC  BATTERY CIVILIAN -> 487(A) PC GRAND THEFT",1,0.00833333333333333
3,"242 PC  BATTERY CIVILIAN -> ABC LICENSE VIO/INFO - I RPT",1,0.00833333333333333
3,"242 PC  BATTERY CIVILIAN -> HARASSMENT - I RPT",1,0.00833333333333333
3,"242 PC  BATTERY CIVILIAN -> MISSING PERSON I RPT",1,0.00833333333333333
3,"242 PC  BATTERY CIVILIAN -> O/S AGENCY -ASSISTANCE- I RPT",1,0.00833333333333333
3,"242 PC  BATTERY CIVILIAN -> POSSIBLE MENTAL - I RPT",1,0.00833333333333333
3,"242 PC  BATTERY CIVILIAN -> TOWED/STORED VEHICLE",1,0.00833333333333333
3,"242 PC  BATTERY CIVILIAN -> WARRANT SERVED - I RPT",1,0.00833333333333333
3,"243(C)(1)BATT EMERG PERSON-INJ -> 484 PC PETTY THEFT",1,0.00833333333333333
3,"243(D) PC BATT/CIVILIAN W/INJ -> 211 PC  ROBBERY UNSPECIFIED",1,0.00833333333333333
3,"243(D) PC BATT/CIVILIAN W/INJ -> 211 PC ROBBERY- BUSINESS",1,0.00833333333333333
3,"243(D) PC BATT/CIVILIAN W/INJ -> 245(A)(1)AWDW/NO FIREARM/CIVIL",1,0.00833333333333333
3,"243(D) PC BATT/CIVILIAN W/INJ -> 487(A) PC GRAND THEFT",1,0.00833333333333333
3,"243(D) PC BATT/CIVILIAN W/INJ -> NEIGHBORHOOD DISTURBANCE-I RPT",1,0.00833333333333333
3,"243(D) PC BATT/CIVILIAN W/INJ -> TOWED/STORED VEH-14602.6",1,0.00833333333333333
3,"243(E)1 BATTERY NONCOHAB SPOUS -> 10851(A)VC TAKE VEH W/O OWNER",1,0.00833333333333333
3,"243(E)1 BATTERY NONCOHAB SPOUS -> 11377(A)HS POSS AMPHETAMINES",1,0.00833333333333333
3,"243(E)1 BATTERY NONCOHAB SPOUS -> 215(A) PC    CARJACKING",1,0.00833333333333333
3,"243(E)1 BATTERY NONCOHAB SPOUS -> 484 PC PETTY THEFT",1,0.00833333333333333
3,"243(E)1 BATTERY NONCOHAB SPOUS -> 484 PETTY THEFT/LICENSE PLATE",1,0.00833333333333333
3,"243(E)1 BATTERY NONCOHAB SPOUS -> 484J PC PUBLISH CARD INFO",1,0.00833333333333333
3,"243(E)1 BATTERY NONCOHAB SPOUS -> 594(B)(2)(A) VANDALISM/ -$400",1,0.00833333333333333
3,"243(E)1 BATTERY NONCOHAB SPOUS -> TOWED/STORED VEHICLE",1,0.00833333333333333
3,"243.3 BATT TRANS PERS/PASS/INJ -> 215(A) PC    CARJACKING",1,0.00833333333333333
3,"243.6 BATTERY SCHOOL EMPLOYEE -> LOST PROPERTY - I RPT",1,0.00833333333333333
3,"245(A)(1)AWDW/NO FIREARM/CIVIL -> 20002(A) HIT/RUN",1,0.00833333333333333
3,"245(A)(1)AWDW/NO FIREARM/CIVIL -> 459 PC  BURGLARY BUSINESS",1,0.00833333333333333
3,"245(A)(1)AWDW/NO FIREARM/CIVIL -> 459 PC  BURGLARY VEHICLE",1,0.00833333333333333
3,"245(A)(1)AWDW/NO FIREARM/CIVIL -> 487(A) PC GRAND THEFT",1,0.00833333333333333
3,"245(A)(1)AWDW/NO FIREARM/CIVIL -> 594(B)(1)PC  VANDALISM +$400",1,0.00833333333333333
3,"245(A)(1)AWDW/NO FIREARM/CIVIL -> 594(B)(1)VANDALISM GRAF +$400",1,0.00833333333333333
3,"245(A)(1)AWDW/NO FIREARM/CIVIL -> ELDER ABUSE/PHYS/MENTAL-I RPT",1,0.00833333333333333
3,"245(A)(1)AWDW/NO FIREARM/CIVIL -> SUSP PERS-NO CRIME - I RPT",1,0.00833333333333333
3,"245(A)(1)AWDW/NO FIREARM/CIVIL -> THREATS - I RPT",1,0.00833333333333333
3,"25661 BP FALSE EVIDENCE OF AGE -> 242 PC  BATTERY CIVILIAN",1,0.00833333333333333
3,"273.6(A) PC VIO DV COURT ORDER -> CASUALTY REPORT",1,0.00833333333333333
3,"273.6(A) PC VIO DV COURT ORDER -> SUSP PERS-NO CRIME - I RPT",1,0.00833333333333333
3,"2800.2(A) VC EVADING/RECKLESS -> 459 PC  BURGLARY VEHICLE",1,0.00833333333333333
3,"290(A)(1)(D) FAIL TO REG-5 DAY -> 211 PC  ROBBERY UNSPECIFIED",1,0.00833333333333333
3,"290(A)(1)(D) FAIL TO REG-5 DAY -> 459 PC  BURGLARY VEHICLE",1,0.00833333333333333
3,"290(A)(1)(D) FAIL TO REG-5 DAY -> 487(A) PC GRAND THEFT",1,0.00833333333333333
3,"290(A)(1)(D) FAIL TO REG-5 DAY -> NON INJ HR/MAIL OUT REPORT",1,0.00833333333333333
3,"290(A)(1)(D) FAIL TO REG-5 DAY -> TOWED/STORED VEHICLE",1,0.00833333333333333
3,"3056 PAROLE VIO - I RPT -> 20001(A) VC HIT/RUN INJ/DEATH",1,0.00833333333333333
3,"3056 PAROLE VIO - I RPT -> 23152(A) VC DUI-ALCOHOL/DRUGS",1,0.00833333333333333
3,"3056 PAROLE VIO - I RPT -> 242 PC  BATTERY CIVILIAN",1,0.00833333333333333
3,"3056 PAROLE VIO - I RPT -> 484 PETTY THEFT-SHOPLIFT",1,0.00833333333333333
3,"3056 PAROLE VIO - I RPT -> 666 PC PETTY THEFT W/PRI CONV",1,0.00833333333333333
3,"3056 PAROLE VIO - I RPT -> FOUND PROPERTY - I RPT",1,0.00833333333333333
3,"3056 PAROLE VIO - I RPT -> MISSING PERSON I RPT",1,0.00833333333333333
3,"3056 PAROLE VIO - I RPT -> TRAFFIC-ACCIDENT-NON INJURY",1,0.00833333333333333
3,"314.1 PC   INDECENT EXPOSURE -> 459 PC  BURGLARY VEHICLE",1,0.00833333333333333
3,"368(D) THEFT-ELDER >400 -> 243.6 BATTERY SCHOOL EMPLOYEE",1,0.00833333333333333
3,"368(D) THEFT-ELDER >400 -> 459 PC  BURGLARY BUSINESS",1,0.00833333333333333
3,"368(D) THEFT-ELDER >400 -> 459 PC  BURGLARY VEHICLE",1,0.00833333333333333
3,"368(D) THEFT-ELDER >400 -> 484 PC PETTY THEFT",1,0.00833333333333333
3,"374.4(A) LITTERING -> 211 PC ROBBERY- BUSINESS",1,0.00833333333333333
3,"374.4(A) LITTERING -> 23152(A) VC DUI-ALCOHOL/DRUGS",1,0.00833333333333333
3,"374.4(A) LITTERING -> 459 PC  BURGLARY VEHICLE",1,0.00833333333333333
3,"374.4(A) LITTERING -> 530.5 PC USE PERSONAL ID INFO",1,0.00833333333333333
3,"4140 BP  POSS OF HYPO NEEDLE -> 459 PC  BURGLARY VEHICLE",1,0.00833333333333333
3,"4140 BP  POSS OF HYPO NEEDLE -> TRAFFIC-ACCIDENT-NON INJURY",1,0.00833333333333333
3,"415(3) PC DIST PEACE OFF WORDS -> 10851(A)VC TAKE VEH W/O OWNER",1,0.00833333333333333
3,"459 PC  BURGLARY BUSINESS -> 11357(B)HS POSS -28.5GR MARIJ",1,0.00833333333333333
3,"459 PC  BURGLARY BUSINESS -> 11364 HS POSS DRUG PARAPH",1,0.00833333333333333
3,"459 PC  BURGLARY BUSINESS -> 11532(A)HS LOITER DRG ACTIVITY",1,0.00833333333333333
3,"459 PC  BURGLARY BUSINESS -> 12.52.030 SCC UNLAWFUL CAMPING",1,0.00833333333333333
3,"459 PC  BURGLARY BUSINESS -> 211 PC  ROBBERY UNSPECIFIED",1,0.00833333333333333
3,"459 PC  BURGLARY BUSINESS -> 243(E)1 BATTERY NONCOHAB SPOUS",1,0.00833333333333333
3,"459 PC  BURGLARY BUSINESS -> 3056 PAROLE VIO - I RPT",1,0.00833333333333333
3,"459 PC  BURGLARY BUSINESS -> 459 PC  BURGLARY BUSINESS",1,0.00833333333333333
3,"459 PC  BURGLARY BUSINESS -> 459 PC  BURGLARY VEHICLE",1,0.00833333333333333
3,"459 PC  BURGLARY BUSINESS -> 484 PC PETTY THEFT",1,0.00833333333333333
3,"459 PC  BURGLARY BUSINESS -> 484 PETTY THEFT CLOUT UNLOCKED",1,0.00833333333333333
3,"459 PC  BURGLARY BUSINESS -> 487(A) PC GRAND THEFT",1,0.00833333333333333
3,"459 PC  BURGLARY BUSINESS -> 666 PC PETTY THEFT W/PRI CONV",1,0.00833333333333333
3,"459 PC  BURGLARY BUSINESS -> CASUALTY REPORT",1,0.00833333333333333
3,"459 PC  BURGLARY BUSINESS -> HIT AND RUN /SUSPECTS- I RPT",1,0.00833333333333333
3,"459 PC  BURGLARY BUSINESS -> SAFEKEEPING - I RPT",1,0.00833333333333333
3,"459 PC  BURGLARY BUSINESS -> TELEPEST -I RPT",1,0.00833333333333333
3,"459 PC  BURGLARY BUSINESS -> THREATS - I RPT",1,0.00833333333333333
3,"459 PC  BURGLARY BUSINESS -> TOWED/STORED VEH-14602.6",1,0.00833333333333333
3,"459 PC  BURGLARY BUSINESS -> TRAFFIC-ACCIDENT INJURY",1,0.00833333333333333
3,"459 PC  BURGLARY BUSINESS -> TRAFFIC-ACCIDENT-NON INJURY",1,0.00833333333333333
3,"459 PC  BURGLARY BUSINESS -> WARRANT SERVED - I RPT",1,0.00833333333333333
3,"459 PC  BURGLARY RESIDENCE -> 1551(A) FUGITIVE FROM JUSTICE",1,0.00833333333333333
3,"459 PC  BURGLARY RESIDENCE -> 23152(A) VC DUI-ALCOHOL/DRUGS",1,0.00833333333333333
3,"459 PC  BURGLARY RESIDENCE -> 459 PC  BURGLARY BUSINESS",1,0.00833333333333333
3,"459 PC  BURGLARY RESIDENCE -> 459 PC  BURGLARY RESIDENCE",1,0.00833333333333333
3,"459 PC  BURGLARY RESIDENCE -> 484 PC PETTY THEFT",1,0.00833333333333333
3,"459 PC  BURGLARY RESIDENCE -> 487(A) PC GRAND THEFT",1,0.00833333333333333
3,"459 PC  BURGLARY RESIDENCE -> 5150 WI DANGER SELF/OTHERS",1,0.00833333333333333
3,"459 PC  BURGLARY RESIDENCE -> 594(B)(1)PC  VANDALISM +$400",1,0.00833333333333333
3,"459 PC  BURGLARY RESIDENCE -> 666 PC PETTY THEFT W/PRI CONV",1,0.00833333333333333
3,"459 PC  BURGLARY RESIDENCE -> CAR CLOUT -  I RPT",1,0.00833333333333333
3,"459 PC  BURGLARY RESIDENCE -> CASUALTY REPORT",1,0.00833333333333333
3,"459 PC  BURGLARY RESIDENCE -> MISCELLANEOUS I RPT (ZMISC)",1,0.00833333333333333
3,"459 PC  BURGLARY RESIDENCE -> THREATS - I RPT",1,0.00833333333333333
3,"459 PC  BURGLARY RESIDENCE -> TOWED/STORED VEHICLE",1,0.00833333333333333
3,"459 PC  BURGLARY VEHICLE -> 10855 VC LSE/RENT NOT RETURNED",1,0.00833333333333333
3,"459 PC  BURGLARY VEHICLE -> 11350(A)HS POSS CNTRL SUBST",1,0.00833333333333333
3,"459 PC  BURGLARY VEHICLE -> 11377(A)HS POSS AMPHETAMINES",1,0.00833333333333333
3,"459 PC  BURGLARY VEHICLE -> 215(A) PC    CARJACKING",1,0.00833333333333333
3,"459 PC  BURGLARY VEHICLE -> 23152(A) VC DUI-ALCOHOL/DRUGS",1,0.00833333333333333
3,"459 PC  BURGLARY VEHICLE -> 243(E)1 BATTERY NONCOHAB SPOUS",1,0.00833333333333333
3,"459 PC  BURGLARY VEHICLE -> 243.3 BATT TRANS PERS/PASS/INJ",1,0.00833333333333333
3,"459 PC  BURGLARY VEHICLE -> 3056 PAROLE VIO - I RPT",1,0.00833333333333333
3,"459 PC  BURGLARY VEHICLE -> 459 PC  BURGLARY BUSINESS",1,0.00833333333333333
3,"459 PC  BURGLARY VEHICLE -> 484 PC   PETTY THEFT/INSIDE",1,0.00833333333333333
3,"459 PC  BURGLARY VEHICLE -> 484G(B) PC ACCESS CARD FRAUD",1,0.00833333333333333
3,"459 PC  BURGLARY VEHICLE -> 484J PC PUBLISH CARD INFO",1,0.00833333333333333
3,"459 PC  BURGLARY VEHICLE -> 487(A) PC GRAND THEFT",1,0.00833333333333333
3,"459 PC  BURGLARY VEHICLE -> 5150 WI DANGER SELF/OTHERS",1,0.00833333333333333
3,"459 PC  BURGLARY VEHICLE -> 594(B)(2)(A)VANDALISM GRAF-400",1,0.00833333333333333
3,"459 PC  BURGLARY VEHICLE -> 666 PC PETTY THEFT W/PRI CONV",1,0.00833333333333333
3,"459 PC  BURGLARY VEHICLE -> ASSAULT WITH WEAPON - I RPT",1,0.00833333333333333
3,"459 PC  BURGLARY VEHICLE -> FOUND PROPERTY - I RPT",1,0.00833333333333333
3,"459 PC  BURGLARY VEHICLE -> FRAUD OR BUNCO - I RPT",1,0.00833333333333333
3,"459 PC  BURGLARY VEHICLE -> GANG ACTIVITY - I RPT",1,0.00833333333333333
3,"459 PC  BURGLARY VEHICLE -> LOST PROPERTY - I RPT",1,0.00833333333333333
3,"459 PC  BURGLARY VEHICLE -> NON INJ HR/MAIL OUT REPORT",1,0.00833333333333333
3,"459 PC  BURGLARY VEHICLE -> TELEPEST -I RPT",1,0.00833333333333333
3,"459 PC  BURGLARY VEHICLE -> TRAFFIC-ACCIDENT-NON INJURY",1,0.00833333333333333
3,"466 PC   POSS OF BURG TOOLS -> 459 PC  BURGLARY BUSINESS",1,0.00833333333333333
3,"475(A)PC POSS FORGED CHK/NOTE -> 10851(A)VC TAKE VEH W/O OWNER",1,0.00833333333333333
3,"475(A)PC POSS FORGED CHK/NOTE -> 459 PC  BURGLARY VEHICLE",1,0.00833333333333333
3,"475(C) PASS FORGED NOTE -> 484 PC   PETTY THEFT/INSIDE",1,0.00833333333333333
3,"475(C) PASS FORGED NOTE -> SAFEKEEPING - I RPT",1,0.00833333333333333
3,"476 PC PASS FICTICIOUS CHECK -> 1203.2 PC VIOLATION OF PROBATI",1,0.00833333333333333
3,"476 PC PASS FICTICIOUS CHECK -> 484 PETTY THEFT/LICENSE PLATE",1,0.00833333333333333
3,"484 PC   PETTY THEFT/INSIDE -> 10851 VC AUTO THEFT LOCATE",1,0.00833333333333333
3,"484 PC   PETTY THEFT/INSIDE -> 211 PC ROBBERY- BUSINESS",1,0.00833333333333333
3,"484 PC   PETTY THEFT/INSIDE -> 23152(A) VC DUI-ALCOHOL/DRUGS",1,0.00833333333333333
3,"484 PC   PETTY THEFT/INSIDE -> 242 PC  BATTERY CIVILIAN",1,0.00833333333333333
3,"484 PC   PETTY THEFT/INSIDE -> 487(A) PC GRAND THEFT",1,0.00833333333333333
3,"484 PC   PETTY THEFT/INSIDE -> 594(B)(2)(A) VANDALISM/ -$400",1,0.00833333333333333
3,"484 PC   PETTY THEFT/INSIDE -> CASUALTY REPORT",1,0.00833333333333333
3,"484 PC   PETTY THEFT/INSIDE -> FRAUD OR BUNCO - I RPT",1,0.00833333333333333
3,"484 PC   PETTY THEFT/INSIDE -> NEIGHBORHOOD DISTURBANCE-I RPT",1,0.00833333333333333
3,"484 PC   PETTY THEFT/INSIDE -> TELEPEST -I RPT",1,0.00833333333333333
3,"484 PC   PETTY THEFT/INSIDE -> THREATS - I RPT",1,0.00833333333333333
3,"484 PC   PETTY THEFT/INSIDE -> TOWED/STORED VEH-14602.6",1,0.00833333333333333
3,"484 PC   PETTY THEFT/INSIDE -> TRAFFIC-ACCIDENT INJURY",1,0.00833333333333333
3,"484 PC   PETTY THEFT/INSIDE -> TRAFFIC-ACCIDENT-NON INJURY",1,0.00833333333333333
3,"484 PC   THEFT-LIC PLATE TABS -> 459 PC  BURGLARY VEHICLE",1,0.00833333333333333
3,"484 PC  PETTY THEFT/ OUTSIDE -> 10855 VC LSE/RENT NOT RETURNED",1,0.00833333333333333
3,"484 PC  PETTY THEFT/ OUTSIDE -> 459 PC  BURGLARY VEHICLE",1,0.00833333333333333
3,"484 PC  PETTY THEFT/ OUTSIDE -> 475(C) PASS FORGED NOTE",1,0.00833333333333333
3,"484 PC  PETTY THEFT/ OUTSIDE -> 484 PC   PETTY THEFT/INSIDE",1,0.00833333333333333
3,"484 PC  PETTY THEFT/ OUTSIDE -> 529 PC FALSE PERSONATION",1,0.00833333333333333
3,"484 PC  PETTY THEFT/ OUTSIDE -> 594(B)(1)PC  VANDALISM +$400",1,0.00833333333333333
3,"484 PC  PETTY THEFT/ OUTSIDE -> 647(F) PC DIP - DISORDERLY",1,0.00833333333333333
3,"484 PC  PETTY THEFT/ OUTSIDE -> 666 PC PETTY THEFT W/PRI CONV",1,0.00833333333333333
3,"484 PC PETTY THEFT -> 10855 VC LSE/RENT NOT RETURNED",1,0.00833333333333333
3,"484 PC PETTY THEFT -> 11357(B)HS POSS -28.5GR MARIJ",1,0.00833333333333333
3,"484 PC PETTY THEFT -> 459 PC  BURGLARY RESIDENCE",1,0.00833333333333333
3,"484 PC PETTY THEFT -> 459 PC  BURGLARY VEHICLE",1,0.00833333333333333
3,"484 PC PETTY THEFT -> 484 PC PETTY THEFT",1,0.00833333333333333
3,"484 PC PETTY THEFT -> 484 PETTY THEFT-SHOPLIFT",1,0.00833333333333333
3,"484 PC PETTY THEFT -> 484 PETTY THEFT/LICENSE PLATE",1,0.00833333333333333
3,"484 PC PETTY THEFT -> 9.04.050 A DRINKING IN PUBLIC",1,0.00833333333333333
3,"484 PC PETTY THEFT -> FOUND PROPERTY - I RPT",1,0.00833333333333333
3,"484 PC PETTY THEFT -> TRAFFIC-ACCIDENT INJURY",1,0.00833333333333333
3,"484 PETTY THEFT-SHOPLIFT -> 10851 VC AUTO THEFT LOCATE",1,0.00833333333333333
3,"484 PETTY THEFT-SHOPLIFT -> 23152(A) VC DUI-ALCOHOL/DRUGS",1,0.00833333333333333
3,"484 PETTY THEFT-SHOPLIFT -> 484 PC  PETTY THEFT/ OUTSIDE",1,0.00833333333333333
3,"484 PETTY THEFT-SHOPLIFT -> 484 PC PETTY THEFT",1,0.00833333333333333
3,"484 PETTY THEFT-SHOPLIFT -> 487(D)GRAND THEFT FIREARM/ANIM",1,0.00833333333333333
3,"484 PETTY THEFT-SHOPLIFT -> 594(B)(1)VANDALISM GRAF +$400",1,0.00833333333333333
3,"484 PETTY THEFT-SHOPLIFT -> 647(F) PC DIP - DISORDERLY",1,0.00833333333333333
3,"484 PETTY THEFT-SHOPLIFT -> BURGLARY - I RPT",1,0.00833333333333333
3,"484 PETTY THEFT-SHOPLIFT -> CASUALTY REPORT",1,0.00833333333333333
3,"484 PETTY THEFT-SHOPLIFT -> GANG ACTIVITY - I RPT",1,0.00833333333333333
3,"484 PETTY THEFT-SHOPLIFT -> MISSING PERSON",1,0.00833333333333333
3,"484 PETTY THEFT-SHOPLIFT -> NON INJ HR/MAIL OUT REPORT",1,0.00833333333333333
3,"484 PETTY THEFT-SHOPLIFT -> TELEPEST -I RPT",1,0.00833333333333333
3,"484 PETTY THEFT-SHOPLIFT -> TOWED/STORED VEH-14602.6",1,0.00833333333333333
3,"484 PETTY THEFT/LICENSE PLATE -> 11377(A)HS POSS AMPHETAMINES",1,0.00833333333333333
3,"484 PETTY THEFT/LICENSE PLATE -> 211 PC  ROBBERY UNSPECIFIED",1,0.00833333333333333
3,"484 PETTY THEFT/LICENSE PLATE -> 211 PC ROBBERY- BUSINESS",1,0.00833333333333333
3,"484 PETTY THEFT/LICENSE PLATE -> 212.5(A)ROBBERY-INHAB DWELLING",1,0.00833333333333333
3,"484 PETTY THEFT/LICENSE PLATE -> 459 PC  BURGLARY RESIDENCE",1,0.00833333333333333
3,"484 PETTY THEFT/LICENSE PLATE -> 484 PETTY THEFT CLOUT UNLOCKED",1,0.00833333333333333
3,"484 PETTY THEFT/LICENSE PLATE -> 484 PETTY THEFT/LICENSE PLATE",1,0.00833333333333333
3,"484 PETTY THEFT/LICENSE PLATE -> 487(A) PC GRAND THEFT",1,0.00833333333333333
3,"484 PETTY THEFT/LICENSE PLATE -> 5150 WI DANGER SELF/OTHERS",1,0.00833333333333333
3,"484 PETTY THEFT/LICENSE PLATE -> 594(B)(1)PC  VANDALISM +$400",1,0.00833333333333333
3,"484 PETTY THEFT/LICENSE PLATE -> FOUND PROPERTY - I RPT",1,0.00833333333333333
3,"484 PETTY THEFT/LICENSE PLATE -> LOST PROPERTY - I RPT",1,0.00833333333333333
3,"484 PETTY THEFT/LICENSE PLATE -> TRAFFIC-ACCIDENT INJURY",1,0.00833333333333333
3,"484 PETTY THEFT/LICENSE PLATE -> TRAFFIC-ACCIDENT-NON INJURY",1,0.00833333333333333
3,"484G(A)PC USE FORGED CARD -> 23152(A) VC DUI-ALCOHOL/DRUGS",1,0.00833333333333333
3,"484G(A)PC USE FORGED CARD -> FOUND PROPERTY - I RPT",1,0.00833333333333333
3,"484G(A)PC USE FORGED CARD -> TRAFFIC - I RPT",1,0.00833333333333333
3,"484G(B) PC ACCESS CARD FRAUD -> 10851(A)VC TAKE VEH W/O OWNER",1,0.00833333333333333
3,"484G(B) PC ACCESS CARD FRAUD -> 211 PC ROBBERY- BUSINESS",1,0.00833333333333333
3,"484G(B) PC ACCESS CARD FRAUD -> 484 PETTY THEFT/LICENSE PLATE",1,0.00833333333333333
3,"484G(B) PC ACCESS CARD FRAUD -> 487(A) PC GRAND THEFT",1,0.00833333333333333
3,"484G(B) PC ACCESS CARD FRAUD -> 594(B)(2)(A) VANDALISM/ -$400",1,0.00833333333333333
3,"484J PC PUBLISH CARD INFO -> 212.5(A)ROBBERY-INHAB DWELLING",1,0.00833333333333333
3,"487(A) GRAND THEFT-COIN MACHIN -> 459 PC  BURGLARY VEHICLE",1,0.00833333333333333
3,"487(A) GRAND THEFT-INSIDE -> 10851 VC AUTO THEFT LOCATE",1,0.00833333333333333
3,"487(A) GRAND THEFT-INSIDE -> 11364 HS POSS DRUG PARAPH",1,0.00833333333333333
3,"487(A) GRAND THEFT-INSIDE -> 459 PC  BURGLARY RESIDENCE",1,0.00833333333333333
3,"487(A) GRAND THEFT-INSIDE -> 470 PC FORGERY",1,0.00833333333333333
3,"487(A) GRAND THEFT-INSIDE -> 484 PC PETTY THEFT",1,0.00833333333333333
3,"487(A) GRAND THEFT-INSIDE -> 484 PC-PETTY THEFT-COIN MACHIN",1,0.00833333333333333
3,"487(A) GRAND THEFT-INSIDE -> 484 PETTY THEFT/LICENSE PLATE",1,0.00833333333333333
3,"487(A) GRAND THEFT-INSIDE -> 484G(A)PC USE FORGED CARD",1,0.00833333333333333
3,"487(A) GRAND THEFT-INSIDE -> THREATS - I RPT",1,0.00833333333333333
3,"487(A) PC GRAND THEFT -> 10851 VC AUTO THEFT LOCATE",1,0.00833333333333333
3,"487(A) PC GRAND THEFT -> 10851(A)VC TAKE VEH W/O OWNER",1,0.00833333333333333
3,"487(A) PC GRAND THEFT -> 211 PC  ROBBERY UNSPECIFIED",1,0.00833333333333333
3,"487(A) PC GRAND THEFT -> 211 PC ROBBERY- BUSINESS",1,0.00833333333333333
3,"487(A) PC GRAND THEFT -> 242 PC  BATTERY CIVILIAN",1,0.00833333333333333
3,"487(A) PC GRAND THEFT -> 243(D) PC BATT/CIVILIAN W/INJ",1,0.00833333333333333
3,"487(A) PC GRAND THEFT -> 459 PC  BURGLARY VEHICLE",1,0.00833333333333333
3,"487(A) PC GRAND THEFT -> 484 PC   PETTY THEFT/INSIDE",1,0.00833333333333333
3,"487(A) PC GRAND THEFT -> 537(A)(1) DEFRAUD INKEEP/-$400",1,0.00833333333333333
3,"487(A) PC GRAND THEFT -> 594(B)(2)(A) VANDALISM/ -$400",1,0.00833333333333333
3,"487(A) PC GRAND THEFT -> NON INJ HR/MAIL OUT REPORT",1,0.00833333333333333
3,"487(A) PC GRAND THEFT -> TOWED/STORED VEHICLE",1,0.00833333333333333
3,"487(A) PC GRAND THEFT -> TRAFFIC-ACCIDENT INJURY",1,0.00833333333333333
3,"496(A) RECEIVE STOLEN PROPERTY -> TRAFFIC-ACCIDENT INJURY",1,0.00833333333333333
3,"498(B)(5) THEFT OF ELECTRICITY -> 487(A) GRAND THEFT-INSIDE",1,0.00833333333333333
3,"498(B)(5) THEFT OF ELECTRICITY -> 647(F) PC DIP - DISORDERLY",1,0.00833333333333333
3,"5.136.050 NO TAXICAB PERMIT -> 484 PETTY THEFT/LICENSE PLATE",1,0.00833333333333333
3,"5150 WI DANGER SELF/OTHERS -> 11364 HS POSS DRUG PARAPH",1,0.00833333333333333
3,"5150 WI DANGER SELF/OTHERS -> 12.52.030 SCC UNLAWFUL CAMPING",1,0.00833333333333333
3,"5150 WI DANGER SELF/OTHERS -> 12020(A)(4) PC DIRK/DAGGER",1,0.00833333333333333
3,"5150 WI DANGER SELF/OTHERS -> 1708 US   THEFT OF MAIL",1,0.00833333333333333
3,"5150 WI DANGER SELF/OTHERS -> 211 PC  ROBBERY UNSPECIFIED",1,0.00833333333333333
3,"5150 WI DANGER SELF/OTHERS -> 245(A)(1)AWDW/NO FIREARM/CIVIL",1,0.00833333333333333
3,"5150 WI DANGER SELF/OTHERS -> 459 PC  BURGLARY BUSINESS",1,0.00833333333333333
3,"5150 WI DANGER SELF/OTHERS -> 484 PC  PETTY THEFT/ OUTSIDE",1,0.00833333333333333
3,"5150 WI DANGER SELF/OTHERS -> 484 PETTY THEFT-SHOPLIFT",1,0.00833333333333333
3,"5150 WI DANGER SELF/OTHERS -> 9.40.020(A) JUVENILE CURFEW",1,0.00833333333333333
3,"5150 WI DANGER SELF/OTHERS -> FOUND PROPERTY - I RPT",1,0.00833333333333333
3,"5150 WI DANGER SELF/OTHERS -> IMPOUNDED VEHICLE",1,0.00833333333333333
3,"5150 WI DANGER SELF/OTHERS -> THREATS - I RPT",1,0.00833333333333333
3,"5150 WI DANGER SELF/OTHERS -> TOWED/STORED VEHICLE",1,0.00833333333333333
3,"530 PC FALSE PERS. REC PROP -> FOUND PROPERTY - I RPT",1,0.00833333333333333
3,"530.5 PC USE PERSONAL ID INFO -> 211 PC ROBBERY- BUSINESS",1,0.00833333333333333
3,"530.5 PC USE PERSONAL ID INFO -> 23152(A) VC DUI-ALCOHOL/DRUGS",1,0.00833333333333333
3,"530.5 PC USE PERSONAL ID INFO -> 459 PC  BURGLARY BUSINESS",1,0.00833333333333333
3,"530.5 PC USE PERSONAL ID INFO -> 459 PC  BURGLARY RESIDENCE",1,0.00833333333333333
3,"530.5 PC USE PERSONAL ID INFO -> 484 PC PETTY THEFT",1,0.00833333333333333
3,"530.5 PC USE PERSONAL ID INFO -> 530.5 PC USE PERSONAL ID INFO",1,0.00833333333333333
3,"530.5 PC USE PERSONAL ID INFO -> 594(B)(1)PC  VANDALISM +$400",1,0.00833333333333333
3,"530.5 PC USE PERSONAL ID INFO -> 594(B)(2)(A) VANDALISM/ -$400",1,0.00833333333333333
3,"530.5 PC USE PERSONAL ID INFO -> ASSAULT WITH WEAPON - I RPT",1,0.00833333333333333
3,"530.5 PC USE PERSONAL ID INFO -> TOWED/STORED VEH-14602.6",1,0.00833333333333333
3,"537(A)(1) DEFRAUD INKEEP/-$400 -> 20002(A) HIT/RUN",1,0.00833333333333333
3,"587C PC EVADE PAYMENT RAILFARE -> TOWED/STORED VEHICLE",1,0.00833333333333333
3,"594(B)(1)PC  VANDALISM +$400 -> 11377(A)HS POSS AMPHETAMINES",1,0.00833333333333333
3,"594(B)(1)PC  VANDALISM +$400 -> 23152(A) VC DUI-ALCOHOL/DRUGS",1,0.00833333333333333
3,"594(B)(1)PC  VANDALISM +$400 -> 243(E)1 BATTERY NONCOHAB SPOUS",1,0.00833333333333333
3,"594(B)(1)PC  VANDALISM +$400 -> 459 PC  BURGLARY BUSINESS",1,0.00833333333333333
3,"594(B)(1)PC  VANDALISM +$400 -> 459 PC  BURGLARY RESIDENCE",1,0.00833333333333333
3,"594(B)(1)PC  VANDALISM +$400 -> 459 PC  BURGLARY VEHICLE",1,0.00833333333333333
3,"594(B)(1)PC  VANDALISM +$400 -> 484 PC   PETTY THEFT/INSIDE",1,0.00833333333333333
3,"594(B)(1)PC  VANDALISM +$400 -> 484 PETTY THEFT-SHOPLIFT",1,0.00833333333333333
3,"594(B)(1)PC  VANDALISM +$400 -> 487(A) GRAND THEFT-INSIDE",1,0.00833333333333333
3,"594(B)(1)PC  VANDALISM +$400 -> 530.5 PC USE PERSONAL ID INFO",1,0.00833333333333333
3,"594(B)(1)PC  VANDALISM +$400 -> 594(B)(1)PC  VANDALISM +$400",1,0.00833333333333333
3,"594(B)(1)PC  VANDALISM +$400 -> 594(B)(2)(A) VANDALISM/ -$400",1,0.00833333333333333
3,"594(B)(1)PC  VANDALISM +$400 -> 9.04.050 A DRINKING IN PUBLIC",1,0.00833333333333333
3,"594(B)(1)PC  VANDALISM +$400 -> BURGLARY - I RPT",1,0.00833333333333333
3,"594(B)(1)PC  VANDALISM +$400 -> CASUALTY REPORT",1,0.00833333333333333
3,"594(B)(1)PC  VANDALISM +$400 -> TOWED/STORED VEH-14602.6",1,0.00833333333333333
3,"594(B)(1)PC  VANDALISM +$400 -> TRAFFIC-ACCIDENT-NON INJURY",1,0.00833333333333333
3,"594(B)(1)VANDALISM GRAF +$400 -> 459 PC  BURGLARY BUSINESS",1,0.00833333333333333
3,"594(B)(1)VANDALISM GRAF +$400 -> 459 PC  BURGLARY RESIDENCE",1,0.00833333333333333
3,"594(B)(1)VANDALISM GRAF +$400 -> 594(B)(2)(A)VANDALISM GRAF-400",1,0.00833333333333333
3,"594(B)(1)VANDALISM GRAF +$400 -> TRAFFIC-ACCIDENT-NON INJURY",1,0.00833333333333333
3,"594(B)(2)(A) VANDALISM/ -$400 -> 215(A) PC    CARJACKING",1,0.00833333333333333
3,"594(B)(2)(A) VANDALISM/ -$400 -> 243.6 BATTERY SCHOOL EMPLOYEE",1,0.00833333333333333
3,"594(B)(2)(A) VANDALISM/ -$400 -> 245(A)(1)AWDW/NO FIREARM/CIVIL",1,0.00833333333333333
3,"594(B)(2)(A) VANDALISM/ -$400 -> 459 PC  BURGLARY BUSINESS",1,0.00833333333333333
3,"594(B)(2)(A) VANDALISM/ -$400 -> 459 PC  BURGLARY RESIDENCE",1,0.00833333333333333
3,"594(B)(2)(A) VANDALISM/ -$400 -> 459 PC  BURGLARY-UNSPECIFIED",1,0.00833333333333333
3,"594(B)(2)(A) VANDALISM/ -$400 -> 484 PC PETTY THEFT",1,0.00833333333333333
3,"594(B)(2)(A) VANDALISM/ -$400 -> 484 PETTY THEFT-SHOPLIFT",1,0.00833333333333333
3,"594(B)(2)(A) VANDALISM/ -$400 -> 484 PETTY THEFT/LICENSE PLATE",1,0.00833333333333333
3,"594(B)(2)(A) VANDALISM/ -$400 -> 487(A) PC GRAND THEFT",1,0.00833333333333333
3,"594(B)(2)(A) VANDALISM/ -$400 -> 530.5 PC USE PERSONAL ID INFO",1,0.00833333333333333
3,"594(B)(2)(A) VANDALISM/ -$400 -> 602(K)TRESPASS:INJURE PROPERTY",1,0.00833333333333333
3,"594(B)(2)(A) VANDALISM/ -$400 -> 666 PC PETTY THEFT W/PRI CONV",1,0.00833333333333333
3,"594(B)(2)(A) VANDALISM/ -$400 -> TOWED/STORED VEH-14602.6",1,0.00833333333333333
3,"594(B)(2)(A) VANDALISM/ -$400 -> TOWED/STORED VEHICLE",1,0.00833333333333333
3,"594(B)(2)(A)VANDALISM GRAF-400 -> 10.48.150 E FALSIFY PKG PERMIT",1,0.00833333333333333
3,"594(B)(2)(A)VANDALISM GRAF-400 -> 484 PC  PETTY THEFT/ OUTSIDE",1,0.00833333333333333
3,"594(B)(2)(A)VANDALISM GRAF-400 -> CASUALTY REPORT",1,0.00833333333333333
3,"594.3(A)VANDAL/PLACE OF WORSHI -> 245(A)(1)AWDW/NO FIREARM/CIVIL",1,0.00833333333333333
3,"594.3(A)VANDAL/PLACE OF WORSHI -> NON INJ HR/MAIL OUT REPORT",1,0.00833333333333333
3,"602(K)TRESPASS:INJURE PROPERTY -> ABC LICENSE VIO/INFO - I RPT",1,0.00833333333333333
3,"602(K)TRESPASS:INJURE PROPERTY -> SUSP PERS-NO CRIME - I RPT",1,0.00833333333333333
3,"602(K)TRESPASS:INJURE PROPERTY -> TOWED/STORED VEH-14602.6",1,0.00833333333333333
3,"602(K)TRESPASS:INJURE PROPERTY -> TOWED/STORED VEHICLE",1,0.00833333333333333
3,"602(K)TRESPASS:INJURE PROPERTY -> TRAFFIC-ACCIDENT INJURY",1,0.00833333333333333
3,"647(F) PC DIP - DISORDERLY -> 20001(A) VC HIT/RUN INJ/DEATH",1,0.00833333333333333
3,"647(F) PC DIP - DISORDERLY -> 484 PETTY THEFT/LICENSE PLATE",1,0.00833333333333333
3,"647(F) PC DIP - DISORDERLY -> 487(A) GRAND THEFT-INSIDE",1,0.00833333333333333
3,"647(F) PC DIP - DISORDERLY -> 487(D) PC GRAND THEFT AUTO",1,0.00833333333333333
3,"647(F) PC DIP - DISORDERLY -> 5150 WI DANGER SELF/OTHERS",1,0.00833333333333333
3,"647(F) PC DIP - DISORDERLY -> 530.5 PC USE PERSONAL ID INFO",1,0.00833333333333333
3,"647(F) PC DIP - DISORDERLY -> 587C PC EVADE PAYMENT RAILFARE",1,0.00833333333333333
3,"647(F) PC DIP - DISORDERLY -> 594(B)(2)(A) VANDALISM/ -$400",1,0.00833333333333333
3,"647(F) PC DIP - DISORDERLY -> TOWED/STORED VEHICLE",1,0.00833333333333333
3,"647(F) PC DIP - DISORDERLY -> TRAFFIC-ACCIDENT-NON INJURY",1,0.00833333333333333
3,"647(F) PC PUB INTOX-DETOX ONLY -> THREATS - I RPT",1,0.00833333333333333
3,"653M(A) PC OBSCENE/THREAT CALL -> 459 PC  BURGLARY RESIDENCE",1,0.00833333333333333
3,"653M(A) PC OBSCENE/THREAT CALL -> THREATS - I RPT",1,0.00833333333333333
3,"653M(B) PC ANNOY/RPT CALL HOME -> 451(D) PC  ARSON OF PROPERTY",1,0.00833333333333333
3,"666 PC PETTY THEFT W/PRI CONV -> 487(A) GRAND THEFT-COIN MACHIN",1,0.00833333333333333
3,"666 PC PETTY THEFT W/PRI CONV -> FOUND PROPERTY - I RPT",1,0.00833333333333333
3,"849(B)(1) CERTIFICATE OF RELEA -> 594(B)(2)(A) VANDALISM/ -$400",1,0.00833333333333333
3,"849(B)(1) CERTIFICATE OF RELEA -> HARASSMENT - I RPT",1,0.00833333333333333
3,"849(B)(1) CERTIFICATE OF RELEA -> NON INJ HR/MAIL OUT REPORT",1,0.00833333333333333
3,"9.04.050 A DRINKING IN PUBLIC -> 653M(A) PC OBSCENE/THREAT CALL",1,0.00833333333333333
3,"9.04.050 A DRINKING IN PUBLIC -> FOUND PROPERTY - I RPT",1,0.00833333333333333
3,"9.04.050 A DRINKING IN PUBLIC -> TOWED/STORED VEHICLE",1,0.00833333333333333
3,"9.40.020(A) JUVENILE CURFEW -> 23152(A) VC DUI-ALCOHOL/DRUGS",1,0.00833333333333333
3,"ABC LICENSE VIO/INFO - I RPT -> 211 PC ROBBERY-PURSE SNATCH",1,0.00833333333333333
3,"ABC LICENSE VIO/INFO - I RPT -> 25632 BP CONSM ALC AFT CLOSING",1,0.00833333333333333
3,"ABC LICENSE VIO/INFO - I RPT -> 459 PC  BURGLARY VEHICLE",1,0.00833333333333333
3,"ABC LICENSE VIO/INFO - I RPT -> HARASSMENT - I RPT",1,0.00833333333333333
3,"ABC LICENSE VIO/INFO - I RPT -> TOWED/STORED VEH-14602.6",1,0.00833333333333333
3,"ACCIDENTAL FIRES/ARSON -I RPT -> WARRANT SERVED - I RPT",1,0.00833333333333333
3,"ASSAULT WITH WEAPON - I RPT -> 496(A) RECEIVE STOLEN PROPERTY",1,0.00833333333333333
3,"BATTERY - I RPT -> 1708 US   THEFT OF MAIL",1,0.00833333333333333
3,"BATTERY - I RPT -> 20002(A) HIT/RUN",1,0.00833333333333333
3,"BATTERY - I RPT -> 211 PC ROBBERY-PURSE SNATCH",1,0.00833333333333333
3,"BATTERY - I RPT -> 23153(A) VC DUI CAUSE INJURY",1,0.00833333333333333
3,"BATTERY - I RPT -> 415(3) PC DIST PEACE OFF WORDS",1,0.00833333333333333
3,"BATTERY - I RPT -> 530.5 PC USE PERSONAL ID INFO",1,0.00833333333333333
3,"BATTERY - I RPT -> BATTERY - I RPT",1,0.00833333333333333
3,"BATTERY - I RPT -> TOWED/STORED VEH-14602.6",1,0.00833333333333333
3,"BATTERY - I RPT -> TRAFFIC-ACCIDENT-NON INJURY",1,0.00833333333333333
3,"BURGLARY - I RPT -> 10851(A)VC TAKE VEH W/O OWNER",1,0.00833333333333333
3,"BUSINESS PERMITS - I RPT -> 11377(A)HS POSS AMPHETAMINES",1,0.00833333333333333
3,"CAR CLOUT -  I RPT -> 594(B)(1)PC  VANDALISM +$400",1,0.00833333333333333
3,"CASUALTY REPORT -> 11364 HS POSS DRUG PARAPH",1,0.00833333333333333
3,"CASUALTY REPORT -> 11377(A)HS POSS AMPHETAMINES",1,0.00833333333333333
3,"CASUALTY REPORT -> 20002(A) HIT/RUN",1,0.00833333333333333
3,"CASUALTY REPORT -> 243(D) PC BATT/CIVILIAN W/INJ",1,0.00833333333333333
3,"CASUALTY REPORT -> 243(E)1 BATTERY NONCOHAB SPOUS",1,0.00833333333333333
3,"CASUALTY REPORT -> 5150 WI DANGER SELF/OTHERS",1,0.00833333333333333
3,"CASUALTY REPORT -> 594(B)(2)(A) VANDALISM/ -$400",1,0.00833333333333333
3,"CASUALTY REPORT -> 653M(B) PC ANNOY/RPT CALL HOME",1,0.00833333333333333
3,"CASUALTY REPORT -> BURGLARY - I RPT",1,0.00833333333333333
3,"CASUALTY REPORT -> CAR CLOUT -  I RPT",1,0.00833333333333333
3,"CASUALTY REPORT -> POSSIBLE STOLEN PROPERTY-I RPT",1,0.00833333333333333
3,"CASUALTY REPORT -> TOWED/STORED VEHICLE",1,0.00833333333333333
3,"CASUALTY REPORT -> TRAFFIC-ACCIDENT-NON INJURY",1,0.00833333333333333
3,"CHILD WELFARE - I RPT -> FOUND PROPERTY - I RPT",1,0.00833333333333333
3,"DUI I RPT -> 459 PC  BURGLARY VEHICLE",1,0.00833333333333333
3,"DUI I RPT -> 484 PETTY THEFT/LICENSE PLATE",1,0.00833333333333333
3,"FOUND PROPERTY - I RPT -> 10851(A)VC TAKE VEH W/O OWNER",1,0.00833333333333333
3,"FOUND PROPERTY - I RPT -> 245(A)(1)AWDW/NO FIREARM/CIVIL",1,0.00833333333333333
3,"FOUND PROPERTY - I RPT -> 459 PC  BURGLARY RESIDENCE",1,0.00833333333333333
3,"FOUND PROPERTY - I RPT -> 475(C) PASS FORGED NOTE",1,0.00833333333333333
3,"FOUND PROPERTY - I RPT -> 476 PC PASS FICTICIOUS CHECK",1,0.00833333333333333
3,"FOUND PROPERTY - I RPT -> 484 PETTY THEFT-SHOPLIFT",1,0.00833333333333333
3,"FOUND PROPERTY - I RPT -> 530.5 PC USE PERSONAL ID INFO",1,0.00833333333333333
3,"FOUND PROPERTY - I RPT -> 594(B)(1)PC  VANDALISM +$400",1,0.00833333333333333
3,"FOUND PROPERTY - I RPT -> 594(B)(1)VANDALISM GRAF +$400",1,0.00833333333333333
3,"FOUND PROPERTY - I RPT -> 594(B)(2)(A)VANDALISM GRAF-400",1,0.00833333333333333
3,"FOUND PROPERTY - I RPT -> FOUND PROPERTY - I RPT",1,0.00833333333333333
3,"FOUND PROPERTY - I RPT -> HOMICIDE ASSAULT - I RPT",1,0.00833333333333333
3,"FOUND PROPERTY - I RPT -> MISCELLANEOUS I RPT (ZMISC)",1,0.00833333333333333
3,"FOUND PROPERTY - I RPT -> TOWED/STORED VEH-14602.6",1,0.00833333333333333
3,"FOUND PROPERTY - I RPT -> TRAFFIC-ACCIDENT INJURY",1,0.00833333333333333
3,"FRAUD OR BUNCO - I RPT -> 10851(A)VC TAKE VEH W/O OWNER",1,0.00833333333333333
3,"GANG ACTIVITY - I RPT -> 484 PC PETTY THEFT",1,0.00833333333333333
3,"GANG ACTIVITY - I RPT -> 484 PETTY THEFT-SHOPLIFT",1,0.00833333333333333
3,"GRAND THEFT - I RPT -> TOWED/STORED VEH-14602.6",1,0.00833333333333333
3,"GRAND THEFT - I RPT -> TRAFFIC-ACCIDENT INJURY",1,0.00833333333333333
3,"HARASSMENT - I RPT -> 2800.2(A) VC EVADING/RECKLESS",1,0.00833333333333333
3,"HARASSMENT - I RPT -> 459 PC  BURGLARY VEHICLE",1,0.00833333333333333
3,"HARASSMENT - I RPT -> 475(A)PC POSS FORGED CHK/NOTE",1,0.00833333333333333
3,"HARASSMENT - I RPT -> 487(A) PC GRAND THEFT-SHOPLIFT",1,0.00833333333333333
3,"HARASSMENT - I RPT -> 487(D)GRAND THEFT FIREARM/ANIM",1,0.00833333333333333
3,"HARASSMENT - I RPT -> SUSP PERS-NO CRIME - I RPT",1,0.00833333333333333
3,"HARASSMENT - I RPT -> TRAFFIC-ACCIDENT-NON INJURY",1,0.00833333333333333
3,"HOMICIDE ASSAULT - I RPT -> 487(A) GRAND THEFT-COIN MACHIN",1,0.00833333333333333
3,"HOMICIDE ASSAULT - I RPT -> FOUND PROPERTY - I RPT",1,0.00833333333333333
3,"INTOX REPORT/ADMIN PER - I RPT -> 459 PC  BURGLARY BUSINESS",1,0.00833333333333333
3,"JUVENILE DISURBANCE - I RPT -> RPT # CANCELLED- I RPT",1,0.00833333333333333
3,"LOST PROPERTY - I RPT -> 211 PC  ROBBERY UNSPECIFIED",1,0.00833333333333333
3,"LOST PROPERTY - I RPT -> 245(A)(1)AWDW/NO FIREARM/CIVIL",1,0.00833333333333333
3,"LOST PROPERTY - I RPT -> 5150 WI DANGER SELF/OTHERS",1,0.00833333333333333
3,"LOST PROPERTY - I RPT -> PETTY THEFT - I RPT",1,0.00833333333333333
3,"MISCELLANEOUS I RPT (ZMISC) -> 10851(A)VC TAKE VEH W/O OWNER",1,0.00833333333333333
3,"MISCELLANEOUS I RPT (ZMISC) -> 11357(B)HS POSS -28.5GR MARIJ",1,0.00833333333333333
3,"MISCELLANEOUS I RPT (ZMISC) -> 20002(A) HIT/RUN",1,0.00833333333333333
3,"MISCELLANEOUS I RPT (ZMISC) -> 459 PC  BURGLARY VEHICLE",1,0.00833333333333333
3,"MISCELLANEOUS I RPT (ZMISC) -> 484 PC   PETTY THEFT/INSIDE",1,0.00833333333333333
3,"MISCELLANEOUS I RPT (ZMISC) -> 487(A) PC GRAND THEFT",1,0.00833333333333333
3,"MISCELLANEOUS I RPT (ZMISC) -> 530.5 PC USE PERSONAL ID INFO",1,0.00833333333333333
3,"MISCELLANEOUS I RPT (ZMISC) -> CASUALTY REPORT",1,0.00833333333333333
3,"MISCELLANEOUS I RPT (ZMISC) -> FOUND PROPERTY - I RPT",1,0.00833333333333333
3,"MISCELLANEOUS I RPT (ZMISC) -> MISSING PERSON",1,0.00833333333333333
3,"MISCELLANEOUS I RPT (ZMISC) -> SUSP PERS-NO CRIME - I RPT",1,0.00833333333333333
3,"MISCELLANEOUS I RPT (ZMISC) -> TELEPEST -I RPT",1,0.00833333333333333
3,"MISCELLANEOUS I RPT (ZMISC) -> THREATS - I RPT",1,0.00833333333333333
3,"MISCELLANEOUS I RPT (ZMISC) -> TRAFFIC-ACCIDENT INJURY",1,0.00833333333333333
3,"MISSING PERSON -> 10851(A)VC TAKE VEH W/O OWNER",1,0.00833333333333333
3,"MISSING PERSON -> 11364 HS POSS DRUG PARAPH",1,0.00833333333333333
3,"MISSING PERSON -> 20002(A) HIT/RUN",1,0.00833333333333333
3,"MISSING PERSON -> 484G(B) PC ACCESS CARD FRAUD",1,0.00833333333333333
3,"MISSING PERSON -> 594(B)(2)(A) VANDALISM/ -$400",1,0.00833333333333333
3,"MISSING PERSON -> CASUALTY REPORT",1,0.00833333333333333
3,"MISSING PERSON -> MISCELLANEOUS I RPT (ZMISC)",1,0.00833333333333333
3,"MISSING PERSON -> MISSING PERSON",1,0.00833333333333333
3,"MISSING PERSON -> SUSP PERS-NO CRIME - I RPT",1,0.00833333333333333
3,"MISSING PERSON I RPT -> 242 PC  BATTERY CIVILIAN",1,0.00833333333333333
3,"MISSING PERSON I RPT -> 459 PC  BURGLARY RESIDENCE",1,0.00833333333333333
3,"MISSING PERSON I RPT -> 459 PC  BURGLARY VEHICLE",1,0.00833333333333333
3,"MISSING PERSON I RPT -> NON INJ HR/MAIL OUT REPORT",1,0.00833333333333333
3,"MISSING PERSON LOCATE O/S ASSI -> MISSING PERSON",1,0.00833333333333333
3,"NARCOTICS SUSP/EVID/ACT- I RPT -> 215(A) PC    CARJACKING",1,0.00833333333333333
3,"NEIGHBORHOOD DISTURBANCE-I RPT -> 243.6 BATTERY SCHOOL EMPLOYEE",1,0.00833333333333333
3,"NEIGHBORHOOD DISTURBANCE-I RPT -> 459 PC  BURGLARY VEHICLE",1,0.00833333333333333
3,"NEIGHBORHOOD DISTURBANCE-I RPT -> ACCIDENTAL FIRES/ARSON -I RPT",1,0.00833333333333333
3,"NEIGHBORHOOD DISTURBANCE-I RPT -> CASUALTY REPORT",1,0.00833333333333333
3,"NEIGHBORHOOD DISTURBANCE-I RPT -> NARCOTICS SUSP/EVID/ACT- I RPT",1,0.00833333333333333
3,"NEIGHBORHOOD DISTURBANCE-I RPT -> NEIGHBORHOOD DISTURBANCE-I RPT",1,0.00833333333333333
3,"NEIGHBORHOOD DISTURBANCE-I RPT -> SUSP PERS-NO CRIME - I RPT",1,0.00833333333333333
3,"NON INJ HR/MAIL OUT REPORT -> 459 PC  BURGLARY VEHICLE",1,0.00833333333333333
3,"NON INJ HR/MAIL OUT REPORT -> 484 PETTY THEFT CLOUT UNLOCKED",1,0.00833333333333333
3,"NON INJ HR/MAIL OUT REPORT -> NON INJ HR/MAIL OUT REPORT",1,0.00833333333333333
3,"NON INJ HR/MAIL OUT REPORT -> TRAFFIC-ACCIDENT-NON INJURY",1,0.00833333333333333
3,"O/S AGENCY -ASSISTANCE- I RPT -> 23222(B)POSSESS MARIJ IN VEH",1,0.00833333333333333
3,"O/S AGENCY -ASSISTANCE- I RPT -> 5150 WI DANGER SELF/OTHERS",1,0.00833333333333333
3,"O/S AGENCY -ASSISTANCE- I RPT -> TRAFFIC-ACCIDENT-NON INJURY",1,0.00833333333333333
3,"PERSON INFORMATION - I RPT -> 484 PC   PETTY THEFT/INSIDE",1,0.00833333333333333
3,"PETTY THEFT - I RPT -> 5150 WI DANGER SELF/OTHERS",1,0.00833333333333333
3,"PROTECTIVE CUSTODY-I RPT -> 10851(A)VC TAKE VEH W/O OWNER",1,0.00833333333333333
3,"PROTECTIVE CUSTODY-I RPT -> 459 PC  BURGLARY RESIDENCE",1,0.00833333333333333
3,"PROTECTIVE CUSTODY-I RPT -> SAFEKEEPING - I RPT",1,0.00833333333333333
3,"ROBBERY - I RPT -> 10851(A)VC TAKE VEH W/O OWNER",1,0.00833333333333333
3,"ROBBERY - I RPT -> 10855 VC LSE/RENT NOT RETURNED",1,0.00833333333333333
3,"ROBBERY - I RPT -> 211 PC  ROBBERY UNSPECIFIED",1,0.00833333333333333
3,"ROBBERY - I RPT -> CASUALTY REPORT",1,0.00833333333333333
3,"ROBBERY - I RPT -> WARRANT SERVED - I RPT",1,0.00833333333333333
3,"SAFEKEEPING - I RPT -> 10851 VC AUTO THEFT LOCATE",1,0.00833333333333333
3,"SAFEKEEPING - I RPT -> 10851(A)VC TAKE VEH W/O OWNER",1,0.00833333333333333
3,"SAFEKEEPING - I RPT -> 11350(A)HS POSS CNTRL SUBST",1,0.00833333333333333
3,"SAFEKEEPING - I RPT -> 308(B) PC MINOR POSS TOBACCO",1,0.00833333333333333
3,"SAFEKEEPING - I RPT -> 484 PC PETTY THEFT",1,0.00833333333333333
3,"SAFEKEEPING - I RPT -> 5150 WI DANGER SELF/OTHERS",1,0.00833333333333333
3,"SAFEKEEPING - I RPT -> 594(B)(1)PC  VANDALISM +$400",1,0.00833333333333333
3,"SAFEKEEPING - I RPT -> MISSING PERSON I RPT",1,0.00833333333333333
3,"SAFEKEEPING - I RPT -> TOWED/STORED VEH-14602.6",1,0.00833333333333333
3,"SUSP PERS-NO CRIME - I RPT -> 10851(A)VC TAKE VEH W/O OWNER",1,0.00833333333333333
3,"SUSP PERS-NO CRIME - I RPT -> 20002(A) HIT/RUN",1,0.00833333333333333
3,"SUSP PERS-NO CRIME - I RPT -> 243(E)1 BATTERY NONCOHAB SPOUS",1,0.00833333333333333
3,"SUSP PERS-NO CRIME - I RPT -> 459 PC  BURGLARY VEHICLE",1,0.00833333333333333
3,"SUSP PERS-NO CRIME - I RPT -> 594(B)(1)PC  VANDALISM +$400",1,0.00833333333333333
3,"SUSP PERS-NO CRIME - I RPT -> 647(F) PC DIP - DISORDERLY",1,0.00833333333333333
3,"SUSP PERS-NO CRIME - I RPT -> CASUALTY REPORT",1,0.00833333333333333
3,"SUSP PERS-NO CRIME - I RPT -> TOWED/STORED VEH-14602.6",1,0.00833333333333333
3,"SUSP PERS-NO CRIME - I RPT -> TOWED/STORED VEHICLE",1,0.00833333333333333
3,"SUSPICIOUS VEHICLE - I RPT -> MISCELLANEOUS I RPT (ZMISC)",1,0.00833333333333333
3,"SUSPICIOUS VEHICLE - I RPT -> SUSP PERS-NO CRIME - I RPT",1,0.00833333333333333
3,"TELEPEST -I RPT -> 594(B)(2)(A) VANDALISM/ -$400",1,0.00833333333333333
3,"THREATS - I RPT -> 10851 VC AUTO THEFT LOCATE",1,0.00833333333333333
3,"THREATS - I RPT -> 10851(A)VC TAKE VEH W/O OWNER",1,0.00833333333333333
3,"THREATS - I RPT -> 459 PC  BURGLARY RESIDENCE",1,0.00833333333333333
3,"THREATS - I RPT -> 459 PC  BURGLARY VEHICLE",1,0.00833333333333333
3,"THREATS - I RPT -> 484 PC  PETTY THEFT/ OUTSIDE",1,0.00833333333333333
3,"THREATS - I RPT -> 484 PETTY THEFT-SHOPLIFT",1,0.00833333333333333
3,"THREATS - I RPT -> 5150 WI DANGER SELF/OTHERS",1,0.00833333333333333
3,"THREATS - I RPT -> FOUND PROPERTY - I RPT",1,0.00833333333333333
3,"THREATS - I RPT -> TOWED/STORED VEHICLE",1,0.00833333333333333
3,"TOWED/STORED VEH-14602.6 -> 10851 VC AUTO THEFT LOCATE",1,0.00833333333333333
3,"TOWED/STORED VEH-14602.6 -> 11357(B)HS POSS -28.5GR MARIJ",1,0.00833333333333333
3,"TOWED/STORED VEH-14602.6 -> 11377(A)HS POSS AMPHETAMINES",1,0.00833333333333333
3,"TOWED/STORED VEH-14602.6 -> 11532(A)HS LOITER DRG ACTIVITY",1,0.00833333333333333
3,"TOWED/STORED VEH-14602.6 -> 1203.2 PC VIOLATION OF PROBATI",1,0.00833333333333333
3,"TOWED/STORED VEH-14602.6 -> 1551(A) FUGITIVE FROM JUSTICE",1,0.00833333333333333
3,"TOWED/STORED VEH-14602.6 -> 242 PC  BATTERY CIVILIAN",1,0.00833333333333333
3,"TOWED/STORED VEH-14602.6 -> 4140 BP  POSS OF HYPO NEEDLE",1,0.00833333333333333
3,"TOWED/STORED VEH-14602.6 -> 484 PC   PETTY THEFT/INSIDE",1,0.00833333333333333
3,"TOWED/STORED VEH-14602.6 -> 484 PC PETTY THEFT",1,0.00833333333333333
3,"TOWED/STORED VEH-14602.6 -> 484 PETTY THEFT CLOUT UNLOCKED",1,0.00833333333333333
3,"TOWED/STORED VEH-14602.6 -> 484 PETTY THEFT/LICENSE PLATE",1,0.00833333333333333
3,"TOWED/STORED VEH-14602.6 -> 487(A) GRAND THEFT-INSIDE",1,0.00833333333333333
3,"TOWED/STORED VEH-14602.6 -> 5150 WI DANGER SELF/OTHERS",1,0.00833333333333333
3,"TOWED/STORED VEH-14602.6 -> 594(B)(2)(A) VANDALISM/ -$400",1,0.00833333333333333
3,"TOWED/STORED VEH-14602.6 -> 603  FORCED ENTRY/PROP DAMAGE",1,0.00833333333333333
3,"TOWED/STORED VEH-14602.6 -> BURGLARY - I RPT",1,0.00833333333333333
3,"TOWED/STORED VEH-14602.6 -> HIT AND RUN /SUSPECTS- I RPT",1,0.00833333333333333
3,"TOWED/STORED VEH-14602.6 -> MISSING PERSON",1,0.00833333333333333
3,"TOWED/STORED VEHICLE -> 10851 VC AUTO THEFT LOCATE",1,0.00833333333333333
3,"TOWED/STORED VEHICLE -> 1551(A) FUGITIVE FROM JUSTICE",1,0.00833333333333333
3,"TOWED/STORED VEHICLE -> 23152(A) VC DUI-ALCOHOL/DRUGS",1,0.00833333333333333
3,"TOWED/STORED VEHICLE -> 242 PC  BATTERY CIVILIAN",1,0.00833333333333333
3,"TOWED/STORED VEHICLE -> 243(D) PC BATT/CIVILIAN W/INJ",1,0.00833333333333333
3,"TOWED/STORED VEHICLE -> 243.3 BATT TRANS PERS/PASS/INJ",1,0.00833333333333333
3,"TOWED/STORED VEHICLE -> 4140 BP  POSS OF HYPO NEEDLE",1,0.00833333333333333
3,"TOWED/STORED VEHICLE -> 487(A) PC GRAND THEFT",1,0.00833333333333333
3,"TOWED/STORED VEHICLE -> 5.136.050 NO TAXICAB PERMIT",1,0.00833333333333333
3,"TOWED/STORED VEHICLE -> 602(N)TRESP DRIVE ON PRIVATE P",1,0.00833333333333333
3,"TOWED/STORED VEHICLE -> 647(F) PC DIP - DISORDERLY",1,0.00833333333333333
3,"TOWED/STORED VEHICLE -> BURGLARY - I RPT",1,0.00833333333333333
3,"TOWED/STORED VEHICLE -> HARASSMENT - I RPT",1,0.00833333333333333
3,"TOWED/STORED VEHICLE -> LOST PROPERTY - I RPT",1,0.00833333333333333
3,"TOWED/STORED VEHICLE -> NARCOTICS SUSP/EVID/ACT- I RPT",1,0.00833333333333333
3,"TOWED/STORED VEHICLE -> O/S AGENCY -ASSISTANCE- I RPT",1,0.00833333333333333
3,"TOWED/STORED VEHICLE -> SUSP PERS-NO CRIME - I RPT",1,0.00833333333333333
3,"TOWED/STORED VEHICLE -> THREATS - I RPT",1,0.00833333333333333
3,"TRAFFIC - I RPT -> 10851(A)VC TAKE VEH W/O OWNER",1,0.00833333333333333
3,"TRAFFIC - I RPT -> 459 PC  BURGLARY VEHICLE",1,0.00833333333333333
3,"TRAFFIC - I RPT -> 484 PC   PETTY THEFT/INSIDE",1,0.00833333333333333
3,"TRAFFIC-ACCIDENT INJURY -> 11357(B)HS POSS -28.5GR MARIJ",1,0.00833333333333333
3,"TRAFFIC-ACCIDENT INJURY -> 11377(A)HS POSS AMPHETAMINES",1,0.00833333333333333
3,"TRAFFIC-ACCIDENT INJURY -> 11550(A)HS UNDER INFL NARCOTIC",1,0.00833333333333333
3,"TRAFFIC-ACCIDENT INJURY -> 20002(A) HIT/RUN",1,0.00833333333333333
3,"TRAFFIC-ACCIDENT INJURY -> 23222(B)POSSESS MARIJ IN VEH",1,0.00833333333333333
3,"TRAFFIC-ACCIDENT INJURY -> 242 PC  BATTERY CIVILIAN",1,0.00833333333333333
3,"TRAFFIC-ACCIDENT INJURY -> 243(D) PC BATT/CIVILIAN W/INJ",1,0.00833333333333333
3,"TRAFFIC-ACCIDENT INJURY -> 245(A)(1)AWDW/NO FIREARM/CIVIL",1,0.00833333333333333
3,"TRAFFIC-ACCIDENT INJURY -> 459 PC  BURGLARY RESIDENCE",1,0.00833333333333333
3,"TRAFFIC-ACCIDENT INJURY -> 459 PC  BURGLARY VEHICLE",1,0.00833333333333333
3,"TRAFFIC-ACCIDENT INJURY -> 476 PC PASS FICTICIOUS CHECK",1,0.00833333333333333
3,"TRAFFIC-ACCIDENT INJURY -> 496(A) RECEIVE STOLEN PROPERTY",1,0.00833333333333333
3,"TRAFFIC-ACCIDENT INJURY -> 594(B)(1)PC  VANDALISM +$400",1,0.00833333333333333
3,"TRAFFIC-ACCIDENT INJURY -> 594(B)(2)(A) VANDALISM/ -$400",1,0.00833333333333333
3,"TRAFFIC-ACCIDENT INJURY -> 647(F) PC DIP - DISORDERLY",1,0.00833333333333333
3,"TRAFFIC-ACCIDENT INJURY -> BURGLARY - I RPT",1,0.00833333333333333
3,"TRAFFIC-ACCIDENT INJURY -> DUI I RPT",1,0.00833333333333333
3,"TRAFFIC-ACCIDENT INJURY -> GANG ACTIVITY - I RPT",1,0.00833333333333333
3,"TRAFFIC-ACCIDENT INJURY -> MISCELLANEOUS I RPT (ZMISC)",1,0.00833333333333333
3,"TRAFFIC-ACCIDENT INJURY -> NON INJ HR/MAIL OUT REPORT",1,0.00833333333333333
3,"TRAFFIC-ACCIDENT INJURY -> O/S AGENCY -ASSISTANCE- I RPT",1,0.00833333333333333
3,"TRAFFIC-ACCIDENT INJURY -> THREATS - I RPT",1,0.00833333333333333
3,"TRAFFIC-ACCIDENT INJURY -> TOWED/STORED VEHICLE",1,0.00833333333333333
3,"TRAFFIC-ACCIDENT INJURY -> WANTED SUBJ-O/S WANT/ I RPT",1,0.00833333333333333
3,"TRAFFIC-ACCIDENT-NON INJURY -> 11350(B)HS POSSESS QUAALUDES",1,0.00833333333333333
3,"TRAFFIC-ACCIDENT-NON INJURY -> 11364 HS POSS DRUG PARAPH",1,0.00833333333333333
3,"TRAFFIC-ACCIDENT-NON INJURY -> 20002(A) HIT/RUN",1,0.00833333333333333
3,"TRAFFIC-ACCIDENT-NON INJURY -> 211 PC  ROBBERY UNSPECIFIED",1,0.00833333333333333
3,"TRAFFIC-ACCIDENT-NON INJURY -> 242 PC  BATTERY CIVILIAN",1,0.00833333333333333
3,"TRAFFIC-ACCIDENT-NON INJURY -> 4140 BP  POSS OF HYPO NEEDLE",1,0.00833333333333333
3,"TRAFFIC-ACCIDENT-NON INJURY -> 422 PC THREAT/INTENT TO TERROR",1,0.00833333333333333
3,"TRAFFIC-ACCIDENT-NON INJURY -> 451(D) PC  ARSON OF PROPERTY",1,0.00833333333333333
3,"TRAFFIC-ACCIDENT-NON INJURY -> 487(A) PC GRAND THEFT",1,0.00833333333333333
3,"TRAFFIC-ACCIDENT-NON INJURY -> 487(C) PC  GRAND THEFT-PERSON",1,0.00833333333333333
3,"TRAFFIC-ACCIDENT-NON INJURY -> 5150 WI DANGER SELF/OTHERS",1,0.00833333333333333
3,"TRAFFIC-ACCIDENT-NON INJURY -> 594.3(A)VANDAL/PLACE OF WORSHI",1,0.00833333333333333
3,"TRAFFIC-ACCIDENT-NON INJURY -> ACCIDENTAL FIRES/ARSON -I RPT",1,0.00833333333333333
3,"TRAFFIC-ACCIDENT-NON INJURY -> NARCOTICS SUSP/EVID/ACT- I RPT",1,0.00833333333333333
3,"TRAFFIC-ACCIDENT-NON INJURY -> TOWED/STORED VEH-14602.6",1,0.00833333333333333
3,"TRAFFIC-ACCIDENT-NON INJURY -> TRAFFIC-ACCIDENT INJURY",1,0.00833333333333333
3,"TRAFFIC-ACCIDENT-NON INJURY -> WARRANT SERVED - I RPT",1,0.00833333333333333
3,"VANDALISM - I RPT -> TRAFFIC-ACCIDENT-NON INJURY",1,0.00833333333333333
3,"VICE/GAMBLING ACT - I RPT -> 20002(A) HIT/RUN",1,0.00833333333333333
3,"VICE/GAMBLING ACT - I RPT -> 459 PC  BURGLARY VEHICLE",1,0.00833333333333333
3,"WANTED SUBJ-O/S WANT/ I RPT -> 484 PETTY THEFT/LICENSE PLATE",1,0.00833333333333333
3,"WARRANT SERVED - I RPT -> 11364 HS POSS DRUG PARAPH",1,0.00833333333333333
3,"WARRANT SERVED - I RPT -> 459 PC  BURGLARY VEHICLE",1,0.00833333333333333
3,"WARRANT SERVED - I RPT -> 484 PC   PETTY THEFT/INSIDE",1,0.00833333333333333
3,"WARRANT SERVED - I RPT -> HIT AND RUN /SUSPECTS- I RPT",1,0.00833333333333333
4,"TOWED/STORED VEHICLE -> TOWED/STORED VEHICLE",6,0.0465116279069767
4,"459 PC  BURGLARY RESIDENCE -> TOWED/STORED VEHICLE",5,0.0387596899224806
4,"TOWED/STORED VEH-14602.6 -> TOWED/STORED VEH-14602.6",5,0.0387596899224806
4,"TOWED/STORED VEHICLE -> TOWED/STORED VEH-14602.6",5,0.0387596899224806
4,"459 PC  BURGLARY RESIDENCE -> TOWED/STORED VEH-14602.6",4,0.0310077519379845
4,"459 PC  BURGLARY VEHICLE -> 10851(A)VC TAKE VEH W/O OWNER",4,0.0310077519379845
4,"459 PC  BURGLARY VEHICLE -> 459 PC  BURGLARY RESIDENCE",4,0.0310077519379845
4,"459 PC  BURGLARY VEHICLE -> 459 PC  BURGLARY VEHICLE",4,0.0310077519379845
4,"459 PC  BURGLARY VEHICLE -> 594(B)(2)(A) VANDALISM/ -$400",4,0.0310077519379845
4,"TOWED/STORED VEHICLE -> 459 PC  BURGLARY VEHICLE",4,0.0310077519379845
4,"TRAFFIC-ACCIDENT INJURY -> 459 PC  BURGLARY VEHICLE",4,0.0310077519379845
4,"10851 VC AUTO THEFT LOCATE -> 10851 VC AUTO THEFT LOCATE",3,0.0232558139534884
4,"10851(A)VC TAKE VEH W/O OWNER -> 10851(A)VC TAKE VEH W/O OWNER",3,0.0232558139534884
4,"243(E)1 BATTERY NONCOHAB SPOUS -> TOWED/STORED VEH-14602.6",3,0.0232558139534884
4,"459 PC  BURGLARY RESIDENCE -> 459 PC  BURGLARY VEHICLE",3,0.0232558139534884
4,"459 PC  BURGLARY RESIDENCE -> 594(B)(2)(A) VANDALISM/ -$400",3,0.0232558139534884
4,"459 PC  BURGLARY VEHICLE -> TOWED/STORED VEH-14602.6",3,0.0232558139534884
4,"459 PC  BURGLARY VEHICLE -> TOWED/STORED VEHICLE",3,0.0232558139534884
4,"594(B)(2)(A) VANDALISM/ -$400 -> 459 PC  BURGLARY VEHICLE",3,0.0232558139534884
4,"MISSING PERSON -> 459 PC  BURGLARY VEHICLE",3,0.0232558139534884
4,"MISSING PERSON -> TRAFFIC-ACCIDENT INJURY",3,0.0232558139534884
4,"TOWED/STORED VEH-14602.6 -> TOWED/STORED VEHICLE",3,0.0232558139534884
4,"10851 VC AUTO THEFT LOCATE -> 594(B)(1)PC  VANDALISM +$400",2,0.0155038759689922
4,"10851 VC AUTO THEFT LOCATE -> 594(B)(2)(A) VANDALISM/ -$400",2,0.0155038759689922
4,"10851 VC AUTO THEFT LOCATE -> CASUALTY REPORT",2,0.0155038759689922
4,"10851 VC AUTO THEFT LOCATE -> TOWED/STORED VEH-14602.6",2,0.0155038759689922
4,"10851(A)VC TAKE VEH W/O OWNER -> 10851 VC AUTO THEFT LOCATE",2,0.0155038759689922
4,"10851(A)VC TAKE VEH W/O OWNER -> 12021(A)(1)PC FELON POSS FRARM",2,0.0155038759689922
4,"10851(A)VC TAKE VEH W/O OWNER -> 166(A)(4) WILFUL DISOBEY CT OR",2,0.0155038759689922
4,"10851(A)VC TAKE VEH W/O OWNER -> 459 PC  BURGLARY RESIDENCE",2,0.0155038759689922
4,"10851(A)VC TAKE VEH W/O OWNER -> 459 PC  BURGLARY VEHICLE",2,0.0155038759689922
4,"10851(A)VC TAKE VEH W/O OWNER -> 5150 WI DANGER SELF/OTHERS",2,0.0155038759689922
4,"10851(A)VC TAKE VEH W/O OWNER -> 594(B)(1)PC  VANDALISM +$400",2,0.0155038759689922
4,"10851(A)VC TAKE VEH W/O OWNER -> GANG ACTIVITY - I RPT",2,0.0155038759689922
4,"10851(A)VC TAKE VEH W/O OWNER -> MISSING PERSON",2,0.0155038759689922
4,"10851(A)VC TAKE VEH W/O OWNER -> TOWED/STORED VEH-14602.6",2,0.0155038759689922
4,"10851(A)VC TAKE VEH W/O OWNER -> TRAFFIC-ACCIDENT INJURY",2,0.0155038759689922
4,"11364 HS POSS DRUG PARAPH -> TOWED/STORED VEH-14602.6",2,0.0155038759689922
4,"1708 US   THEFT OF MAIL -> TOWED/STORED VEHICLE",2,0.0155038759689922
4,"211 PC  ROBBERY UNSPECIFIED -> TOWED/STORED VEH-14602.6",2,0.0155038759689922
4,"459 PC  BURGLARY BUSINESS -> 459 PC  BURGLARY VEHICLE",2,0.0155038759689922
4,"459 PC  BURGLARY BUSINESS -> TOWED/STORED VEH-14602.6",2,0.0155038759689922
4,"459 PC  BURGLARY RESIDENCE -> 10851(A)VC TAKE VEH W/O OWNER",2,0.0155038759689922
4,"459 PC  BURGLARY RESIDENCE -> 23152(A) VC DUI-ALCOHOL/DRUGS",2,0.0155038759689922
4,"459 PC  BURGLARY RESIDENCE -> FOUND PROPERTY - I RPT",2,0.0155038759689922
4,"459 PC  BURGLARY RESIDENCE -> MISSING PERSON",2,0.0155038759689922
4,"459 PC  BURGLARY VEHICLE -> 484 PC   PETTY THEFT/INSIDE",2,0.0155038759689922
4,"459 PC  BURGLARY VEHICLE -> 487(A) PC GRAND THEFT",2,0.0155038759689922
4,"459 PC  BURGLARY VEHICLE -> 496(A) RECEIVE STOLEN PROPERTY",2,0.0155038759689922
4,"484 PC PETTY THEFT -> 11364 HS POSS DRUG PARAPH",2,0.0155038759689922
4,"484 PC PETTY THEFT -> 4140 BP  POSS OF HYPO NEEDLE",2,0.0155038759689922
4,"484 PETTY THEFT-SHOPLIFT -> TOWED/STORED VEH-14602.6",2,0.0155038759689922
4,"5150 WI DANGER SELF/OTHERS -> 5150 WI DANGER SELF/OTHERS",2,0.0155038759689922
4,"5150 WI DANGER SELF/OTHERS -> TOWED/STORED VEH-14602.6",2,0.0155038759689922
4,"594(B)(1)PC  VANDALISM +$400 -> 459 PC  BURGLARY VEHICLE",2,0.0155038759689922
4,"594(B)(2)(A) VANDALISM/ -$400 -> TOWED/STORED VEH-14602.6",2,0.0155038759689922
4,"594(B)(2)(A) VANDALISM/ -$400 -> TOWED/STORED VEHICLE",2,0.0155038759689922
4,"FOUND PROPERTY - I RPT -> 484 PC   PETTY THEFT/INSIDE",2,0.0155038759689922
4,"FOUND PROPERTY - I RPT -> GANG ACTIVITY - I RPT",2,0.0155038759689922
4,"MISSING PERSON -> MISSING PERSON",2,0.0155038759689922
4,"MISSING PERSON -> NON INJ HR/MAIL OUT REPORT",2,0.0155038759689922
4,"MISSING PERSON -> TOWED/STORED VEH-14602.6",2,0.0155038759689922
4,"MISSING PERSON -> TOWED/STORED VEHICLE",2,0.0155038759689922
4,"NON INJ HR/MAIL OUT REPORT -> 459 PC  BURGLARY VEHICLE",2,0.0155038759689922
4,"TOWED/STORED VEH-14602.6 -> 10851(A)VC TAKE VEH W/O OWNER",2,0.0155038759689922
4,"TOWED/STORED VEH-14602.6 -> LOST PROPERTY - I RPT",2,0.0155038759689922
4,"TOWED/STORED VEH-14602.6 -> MISSING PERSON",2,0.0155038759689922
4,"TOWED/STORED VEH-14602.6 -> TRAFFIC-ACCIDENT-NON INJURY",2,0.0155038759689922
4,"TOWED/STORED VEHICLE -> 23152(A) VC DUI-ALCOHOL/DRUGS",2,0.0155038759689922
4,"TOWED/STORED VEHICLE -> FOUND PROPERTY - I RPT",2,0.0155038759689922
4,"TOWED/STORED VEHICLE -> GRAFFITI PROBLEMS- I RPT",2,0.0155038759689922
4,"TOWED/STORED VEHICLE -> LOST PROPERTY - I RPT",2,0.0155038759689922
4,"TOWED/STORED VEHICLE -> TRAFFIC-ACCIDENT-NON INJURY",2,0.0155038759689922
4,"TRAFFIC-ACCIDENT-NON INJURY -> 459 PC  BURGLARY VEHICLE",2,0.0155038759689922
4,"10851 VC AUTO THEFT LOCATE -> 187(A)  HOMICIDE",1,0.00775193798449612
4,"10851 VC AUTO THEFT LOCATE -> 23152(A) VC DUI-ALCOHOL/DRUGS",1,0.00775193798449612
4,"10851 VC AUTO THEFT LOCATE -> 245(A)(1)AWDW/NO FIREARM/CIVIL",1,0.00775193798449612
4,"10851 VC AUTO THEFT LOCATE -> 422 PC THREAT/INTENT TO TERROR",1,0.00775193798449612
4,"10851 VC AUTO THEFT LOCATE -> 459 PC  BURGLARY VEHICLE",1,0.00775193798449612
4,"10851 VC AUTO THEFT LOCATE -> 484 PC   PETTY THEFT/INSIDE",1,0.00775193798449612
4,"10851 VC AUTO THEFT LOCATE -> 484 PETTY THEFT-SHOPLIFT",1,0.00775193798449612
4,"10851 VC AUTO THEFT LOCATE -> 487(A) GRAND THEFT-INSIDE",1,0.00775193798449612
4,"10851 VC AUTO THEFT LOCATE -> 9.04.070 URINATE/DEFECATE PUB",1,0.00775193798449612
4,"10851 VC AUTO THEFT LOCATE -> ACCIDENTAL FIRES/ARSON -I RPT",1,0.00775193798449612
4,"10851 VC AUTO THEFT LOCATE -> BURGLARY - I RPT",1,0.00775193798449612
4,"10851 VC AUTO THEFT LOCATE -> MISSING PERSON",1,0.00775193798449612
4,"10851 VC AUTO THEFT LOCATE -> MISSING PERSON LOCATE O/S ASSI",1,0.00775193798449612
4,"10851 VC AUTO THEFT LOCATE -> NON INJ HR/MAIL OUT REPORT",1,0.00775193798449612
4,"10851 VC AUTO THEFT LOCATE -> TOWED/STORED VEHICLE",1,0.00775193798449612
4,"10851 VC AUTO THEFT LOCATE -> TRAFFIC-ACCIDENT INJURY",1,0.00775193798449612
4,"10851 VC AUTO THEFT LOCATE -> TRAFFIC-ACCIDENT-NON INJURY",1,0.00775193798449612
4,"10851(A)VC TAKE VEH W/O OWNER -> 11350(B)HS POSSESS QUAALUDES",1,0.00775193798449612
4,"10851(A)VC TAKE VEH W/O OWNER -> 1551(A) FUGITIVE FROM JUSTICE",1,0.00775193798449612
4,"10851(A)VC TAKE VEH W/O OWNER -> 211 PC  ROBBERY UNSPECIFIED",1,0.00775193798449612
4,"10851(A)VC TAKE VEH W/O OWNER -> 23152(A) VC DUI-ALCOHOL/DRUGS",1,0.00775193798449612
4,"10851(A)VC TAKE VEH W/O OWNER -> 273.6(A) PC VIO DV COURT ORDER",1,0.00775193798449612
4,"10851(A)VC TAKE VEH W/O OWNER -> 290(A)(1)(D) FAIL TO REG-5 DAY",1,0.00775193798449612
4,"10851(A)VC TAKE VEH W/O OWNER -> 459 PC  BURGLARY-UNSPECIFIED",1,0.00775193798449612
4,"10851(A)VC TAKE VEH W/O OWNER -> 484 PC   PETTY THEFT/INSIDE",1,0.00775193798449612
4,"10851(A)VC TAKE VEH W/O OWNER -> 484 PC  PETTY THEFT/ OUTSIDE",1,0.00775193798449612
4,"10851(A)VC TAKE VEH W/O OWNER -> 594(B)(2)(A) VANDALISM/ -$400",1,0.00775193798449612
4,"10851(A)VC TAKE VEH W/O OWNER -> CHILD CUSTODY - I RPT",1,0.00775193798449612
4,"10851(A)VC TAKE VEH W/O OWNER -> FILE-UNABLE TO DEFINE - I RPT",1,0.00775193798449612
4,"10851(A)VC TAKE VEH W/O OWNER -> FOUND PROPERTY - I RPT",1,0.00775193798449612
4,"10851(A)VC TAKE VEH W/O OWNER -> MISCELLANEOUS I RPT (ZMISC)",1,0.00775193798449612
4,"10851(A)VC TAKE VEH W/O OWNER -> SAFEKEEPING - I RPT",1,0.00775193798449612
4,"10851(A)VC TAKE VEH W/O OWNER -> SUSP PERS-NO CRIME - I RPT",1,0.00775193798449612
4,"10851(A)VC TAKE VEH W/O OWNER -> VANDALISM - I RPT",1,0.00775193798449612
4,"11350(A)HS POSS CNTRL SUBST -> 459 PC  BURGLARY VEHICLE",1,0.00775193798449612
4,"11350(A)HS POSS CNTRL SUBST -> TOWED/STORED VEHICLE",1,0.00775193798449612
4,"11357(B)HS POSS -28.5GR MARIJ -> 10851 VC AUTO THEFT LOCATE",1,0.00775193798449612
4,"11357(B)HS POSS -28.5GR MARIJ -> 5150 WI DANGER SELF/OTHERS",1,0.00775193798449612
4,"11357(B)HS POSS -28.5GR MARIJ -> ASSAULT WITH WEAPON - I RPT",1,0.00775193798449612
4,"11364 HS POSS DRUG PARAPH -> 242 PC  BATTERY CIVILIAN",1,0.00775193798449612
4,"11364 HS POSS DRUG PARAPH -> 459 PC  BURGLARY VEHICLE",1,0.00775193798449612
4,"11377(A)HS POSS AMPHETAMINES -> 211 PC ROBBERY- BUSINESS",1,0.00775193798449612
4,"11377(A)HS POSS AMPHETAMINES -> 459 PC  BURGLARY VEHICLE",1,0.00775193798449612
4,"11377(A)HS POSS AMPHETAMINES -> 487(A) PC GRAND THEFT",1,0.00775193798449612
4,"11377(A)HS POSS AMPHETAMINES -> HARASSMENT - I RPT",1,0.00775193798449612
4,"11378 HS POSS/SALE AMPHETAMINE -> 211 PC  ROBBERY UNSPECIFIED",1,0.00775193798449612
4,"12020(A)1) PROHIBITED FIREARM -> CASUALTY REPORT",1,0.00775193798449612
4,"12020(A)1) PROHIBITED FIREARM -> TOWED/STORED VEH-14602.6",1,0.00775193798449612
4,"12020(A)1) PROHIBITED FIREARM -> TOWED/STORED VEHICLE",1,0.00775193798449612
4,"12500(A) VC UNLIC DRIVER -> 529 PC FALSE PERSONATION",1,0.00775193798449612
4,"148.1(A)PC FALSE REPT OF BOMB -> 10851(A)VC TAKE VEH W/O OWNER",1,0.00775193798449612
4,"1551(A) FUGITIVE FROM JUSTICE -> 1551(A) FUGITIVE FROM JUSTICE",1,0.00775193798449612
4,"166(A)(4) WILFUL DISOBEY CT OR -> 211 PC  ROBBERY UNSPECIFIED",1,0.00775193798449612
4,"166(A)(4) WILFUL DISOBEY CT OR -> 5150 WI DANGER SELF/OTHERS",1,0.00775193798449612
4,"166(A)(4) WILFUL DISOBEY CT OR -> TRAFFIC-ACCIDENT INJURY",1,0.00775193798449612
4,"1708 US   THEFT OF MAIL -> HARASSMENT - I RPT",1,0.00775193798449612
4,"187(A)  HOMICIDE -> ACCIDENTAL FIRES/ARSON -I RPT",1,0.00775193798449612
4,"20001(A) VC HIT/RUN INJ/DEATH -> 594(B)(2)(A) VANDALISM/ -$400",1,0.00775193798449612
4,"20001(A) VC HIT/RUN INJ/DEATH -> TOWED/STORED VEH-14602.6",1,0.00775193798449612
4,"20002(A) HIT/RUN -> 10851(A)VC TAKE VEH W/O OWNER",1,0.00775193798449612
4,"20002(A) HIT/RUN -> 243(E)1 BATTERY NONCOHAB SPOUS",1,0.00775193798449612
4,"20002(A) HIT/RUN -> 5150 WI DANGER SELF/OTHERS",1,0.00775193798449612
4,"20002(A) HIT/RUN -> TOWED/STORED VEHICLE",1,0.00775193798449612
4,"20002(A) HIT/RUN -> TRAFFIC-ACCIDENT INJURY",1,0.00775193798449612
4,"211 PC  ROBBERY UNSPECIFIED -> 11377(A)HS POSS AMPHETAMINES",1,0.00775193798449612
4,"211 PC  ROBBERY UNSPECIFIED -> 1551(A) FUGITIVE FROM JUSTICE",1,0.00775193798449612
4,"211 PC  ROBBERY UNSPECIFIED -> 243.2(A)(1) BATT/SCHOOL INJURY",1,0.00775193798449612
4,"211 PC  ROBBERY UNSPECIFIED -> 245(A)(1)AWDW/NO FIREARM/CIVIL",1,0.00775193798449612
4,"211 PC  ROBBERY UNSPECIFIED -> FOUND PROPERTY - I RPT",1,0.00775193798449612
4,"211 PC  ROBBERY UNSPECIFIED -> TRAFFIC - I RPT",1,0.00775193798449612
4,"211 PC ROBBERY- BUSINESS -> 1551(A) FUGITIVE FROM JUSTICE",1,0.00775193798449612
4,"211 PC ROBBERY- BUSINESS -> NARCOTICS SUSP/EVID/ACT- I RPT",1,0.00775193798449612
4,"211 PC ROBBERY- BUSINESS -> TELEPEST -I RPT",1,0.00775193798449612
4,"211 PC ROBBERY- BUSINESS -> TOWED/STORED VEH-14602.6",1,0.00775193798449612
4,"22435.2(A) BP POSS SHOP CART -> 23152(A) VC DUI-ALCOHOL/DRUGS",1,0.00775193798449612
4,"23152(A) VC DUI-ALCOHOL/DRUGS -> 11357(C)HS POSS +28.5GR MARIJ",1,0.00775193798449612
4,"23152(A) VC DUI-ALCOHOL/DRUGS -> 23222(B)POSSESS MARIJ IN VEH",1,0.00775193798449612
4,"23152(A) VC DUI-ALCOHOL/DRUGS -> 459 PC  BURGLARY BUSINESS",1,0.00775193798449612
4,"23152(A) VC DUI-ALCOHOL/DRUGS -> 459 PC  BURGLARY RESIDENCE",1,0.00775193798449612
4,"23152(A) VC DUI-ALCOHOL/DRUGS -> 459 PC  BURGLARY VEHICLE",1,0.00775193798449612
4,"23152(A) VC DUI-ALCOHOL/DRUGS -> TOWED/STORED VEH-14602.6",1,0.00775193798449612
4,"23222(B)POSSESS MARIJ IN VEH -> 11350(A)HS POSS CNTRL SUBST",1,0.00775193798449612
4,"23222(B)POSSESS MARIJ IN VEH -> 459 PC  BURGLARY RESIDENCE",1,0.00775193798449612
4,"23222(B)POSSESS MARIJ IN VEH -> 459 PC  BURGLARY VEHICLE",1,0.00775193798449612
4,"242 PC  BATTERY CIVILIAN -> GANG ACTIVITY - I RPT",1,0.00775193798449612
4,"243(E)1 BATTERY NONCOHAB SPOUS -> 11550(A)HS UNDER INFL NARCOTIC",1,0.00775193798449612
4,"243(E)1 BATTERY NONCOHAB SPOUS -> TOWED/STORED VEHICLE",1,0.00775193798449612
4,"243.2(A)(1) BATT/SCHOOL INJURY -> 666 PC PETTY THEFT W/PRI CONV",1,0.00775193798449612
4,"243.6 BATTERY SCHOOL EMPLOYEE -> 415.5(A)(1) PC FIGHT SCHOOL GR",1,0.00775193798449612
4,"243.6 BATTERY SCHOOL EMPLOYEE -> TOWED/STORED VEH-14602.6",1,0.00775193798449612
4,"245(A)(1)AWDW/NO FIREARM/CIVIL -> 211 PC  ROBBERY UNSPECIFIED",1,0.00775193798449612
4,"245(A)(1)AWDW/NO FIREARM/CIVIL -> 487(A) GRAND THEFT-INSIDE",1,0.00775193798449612
4,"245(A)(1)AWDW/NO FIREARM/CIVIL -> 594(B)(1)PC  VANDALISM +$400",1,0.00775193798449612
4,"245(A)(1)AWDW/NO FIREARM/CIVIL -> MISSING PERSON",1,0.00775193798449612
4,"245(A)(1)AWDW/NO FIREARM/CIVIL -> TRAFFIC - I RPT",1,0.00775193798449612
4,"245(A)(1)AWDW/NO FIREARM/CIVIL -> TRAFFIC-ACCIDENT INJURY",1,0.00775193798449612
4,"246 PC SHOOT OCCUP DWELL/VEH -> 211 PC ROBBERY- BUSINESS",1,0.00775193798449612
4,"290(A)(1)(A) FAIL REG-CHG ADD -> 653M(B) PC ANNOY/RPT CALL HOME",1,0.00775193798449612
4,"290(A)(1)(A) FAIL REG-CHG ADD -> GANG ACTIVITY - I RPT",1,0.00775193798449612
4,"290(F)1 W/I 5 DAYS ADD CHANGE -> 11364 HS POSS DRUG PARAPH",1,0.00775193798449612
4,"3056 PC PAROLE VIOLATION -> TOWED/STORED VEHICLE",1,0.00775193798449612
4,"32210 EC WILFL DISTURB PUB SCH -> SUSP PERS-NO CRIME - I RPT",1,0.00775193798449612
4,"368(E) THEFT OF ELDER <$400 -> 5150 WI DANGER SELF/OTHERS",1,0.00775193798449612
4,"4140 BP  POSS OF HYPO NEEDLE -> 23222(B)POSSESS MARIJ IN VEH",1,0.00775193798449612
4,"415(1) PC DISTURB PEACE/FIGHT -> 3056 PAROLE VIO - I RPT",1,0.00775193798449612
4,"415(1) PC DISTURB PEACE/FIGHT -> TOWED/STORED VEHICLE",1,0.00775193798449612
4,"459 PC  BURGLARY BUSINESS -> 20002(A) HIT/RUN",1,0.00775193798449612
4,"459 PC  BURGLARY BUSINESS -> 23152(A) VC DUI-ALCOHOL/DRUGS",1,0.00775193798449612
4,"459 PC  BURGLARY BUSINESS -> 243(E)1 BATTERY NONCOHAB SPOUS",1,0.00775193798449612
4,"459 PC  BURGLARY BUSINESS -> 3056 PAROLE VIO - I RPT",1,0.00775193798449612
4,"459 PC  BURGLARY BUSINESS -> 484J PC PUBLISH CARD INFO",1,0.00775193798449612
4,"459 PC  BURGLARY BUSINESS -> 487(A) GRAND THEFT-CLOUT-UNLOC",1,0.00775193798449612
4,"459 PC  BURGLARY BUSINESS -> 487(A) PC GRAND THEFT",1,0.00775193798449612
4,"459 PC  BURGLARY BUSINESS -> MISSING PERSON",1,0.00775193798449612
4,"459 PC  BURGLARY RESIDENCE -> 10851 VC AUTO THEFT LOCATE",1,0.00775193798449612
4,"459 PC  BURGLARY RESIDENCE -> 148.1(A)PC FALSE REPT OF BOMB",1,0.00775193798449612
4,"459 PC  BURGLARY RESIDENCE -> 23110(B) VC THROW AT VEH W/INT",1,0.00775193798449612
4,"459 PC  BURGLARY RESIDENCE -> 290(F)1 W/I 5 DAYS ADD CHANGE",1,0.00775193798449612
4,"459 PC  BURGLARY RESIDENCE -> 451(D) PC  ARSON OF PROPERTY",1,0.00775193798449612
4,"459 PC  BURGLARY RESIDENCE -> 484 PC PETTY THEFT",1,0.00775193798449612
4,"459 PC  BURGLARY RESIDENCE -> 487(C) PC  GRAND THEFT-PERSON",1,0.00775193798449612
4,"459 PC  BURGLARY RESIDENCE -> GANG ACTIVITY - I RPT",1,0.00775193798449612
4,"459 PC  BURGLARY RESIDENCE -> JUVENILE PROBLEMS - I RPT",1,0.00775193798449612
4,"459 PC  BURGLARY RESIDENCE -> LOST PROPERTY - I RPT",1,0.00775193798449612
4,"459 PC  BURGLARY RESIDENCE -> O/S AGENCY -ASSISTANCE- I RPT",1,0.00775193798449612
4,"459 PC  BURGLARY RESIDENCE -> TRAFFIC-ACCIDENT-NON INJURY",1,0.00775193798449612
4,"459 PC  BURGLARY VEHICLE -> 1551(A) FUGITIVE FROM JUSTICE",1,0.00775193798449612
4,"459 PC  BURGLARY VEHICLE -> 211 PC  ROBBERY UNSPECIFIED",1,0.00775193798449612
4,"459 PC  BURGLARY VEHICLE -> 23152(A) VC DUI-ALCOHOL/DRUGS",1,0.00775193798449612
4,"459 PC  BURGLARY VEHICLE -> 243(E)1 BATTERY NONCOHAB SPOUS",1,0.00775193798449612
4,"459 PC  BURGLARY VEHICLE -> 245(A)(2) AWDW/FIREARM/CIVILIA",1,0.00775193798449612
4,"459 PC  BURGLARY VEHICLE -> 374.4(A) LITTERING",1,0.00775193798449612
4,"459 PC  BURGLARY VEHICLE -> 475(C) PASS FORGED NOTE",1,0.00775193798449612
4,"459 PC  BURGLARY VEHICLE -> 484J PC PUBLISH CARD INFO",1,0.00775193798449612
4,"459 PC  BURGLARY VEHICLE -> 487(C) PC  GRAND THEFT-PERSON",1,0.00775193798449612
4,"459 PC  BURGLARY VEHICLE -> BOMBS/THREATS/EXPLOSIV- I RPT",1,0.00775193798449612
4,"459 PC  BURGLARY VEHICLE -> CASUALTY REPORT",1,0.00775193798449612
4,"459 PC  BURGLARY VEHICLE -> MISSING PERSON",1,0.00775193798449612
4,"459 PC  BURGLARY VEHICLE -> MISSING PERSON I RPT",1,0.00775193798449612
4,"459 PC  BURGLARY VEHICLE -> TRAFFIC-ACCIDENT INJURY",1,0.00775193798449612
4,"459 PC  BURGLARY VEHICLE -> TRAFFIC-ACCIDENT-NON INJURY",1,0.00775193798449612
4,"459 PC  BURGLARY VEHICLE -> WARRANT SERVED - I RPT",1,0.00775193798449612
4,"459 PC  BURGLARY-UNSPECIFIED -> 148.1(A)PC FALSE REPT OF BOMB",1,0.00775193798449612
4,"459 PC  BURGLARY-UNSPECIFIED -> 484 PC   PETTY THEFT/INSIDE",1,0.00775193798449612
4,"475(A)PC POSS FORGED CHK/NOTE -> 12020(A)1) PROHIBITED FIREARM",1,0.00775193798449612
4,"475(A)PC POSS FORGED CHK/NOTE -> GANG ACTIVITY - I RPT",1,0.00775193798449612
4,"475(A)PC POSS FORGED CHK/NOTE -> TOWED/STORED VEH-14602.6",1,0.00775193798449612
4,"475(A)PC POSS FORGED CHK/NOTE -> TOWED/STORED VEHICLE",1,0.00775193798449612
4,"475(C) PASS FORGED NOTE -> 23103(A) RECKLESS ON HIGHWAY",1,0.00775193798449612
4,"476 PC PASS FICTICIOUS CHECK -> 3056 PAROLE VIO - I RPT",1,0.00775193798449612
4,"476 PC PASS FICTICIOUS CHECK -> 459 PC  BURGLARY VEHICLE",1,0.00775193798449612
4,"476 PC PASS FICTICIOUS CHECK -> 594(B)(1)PC  VANDALISM +$400",1,0.00775193798449612
4,"484 PC   PETTY THEFT/INSIDE -> 14601(A) VC LIC SUSP NEGLIGENT",1,0.00775193798449612
4,"484 PC   PETTY THEFT/INSIDE -> 23152(A) VC DUI-ALCOHOL/DRUGS",1,0.00775193798449612
4,"484 PC   PETTY THEFT/INSIDE -> 459 PC  BURGLARY BUSINESS",1,0.00775193798449612
4,"484 PC   PETTY THEFT/INSIDE -> 484 PC   PETTY THEFT/INSIDE",1,0.00775193798449612
4,"484 PC   PETTY THEFT/INSIDE -> 487(A) GRAND THEFT-INSIDE",1,0.00775193798449612
4,"484 PC   PETTY THEFT/INSIDE -> 9.04.050C POSS OPEN CONTAINER",1,0.00775193798449612
4,"484 PC   PETTY THEFT/INSIDE -> MISSING PERSON",1,0.00775193798449612
4,"484 PC  PETTY THEFT/ OUTSIDE -> 459 PC  BURGLARY VEHICLE",1,0.00775193798449612
4,"484 PC  PETTY THEFT/ OUTSIDE -> 484J PC PUBLISH CARD INFO",1,0.00775193798449612
4,"484 PC  PETTY THEFT/ OUTSIDE -> MISSING PERSON",1,0.00775193798449612
4,"484 PC PETTY THEFT -> 12.52.030 SCC UNLAWFUL CAMPING",1,0.00775193798449612
4,"484 PC PETTY THEFT -> 243(E)1 BATTERY NONCOHAB SPOUS",1,0.00775193798449612
4,"484 PC PETTY THEFT -> 459 PC  BURGLARY VEHICLE",1,0.00775193798449612
4,"484 PC PETTY THEFT -> TOWED/STORED VEHICLE",1,0.00775193798449612
4,"484 PETTY THEFT-SHOPLIFT -> 11364 HS POSS DRUG PARAPH",1,0.00775193798449612
4,"484 PETTY THEFT-SHOPLIFT -> 12.52.030 SCC UNLAWFUL CAMPING",1,0.00775193798449612
4,"484 PETTY THEFT-SHOPLIFT -> 466 PC   POSS OF BURG TOOLS",1,0.00775193798449612
4,"484 PETTY THEFT-SHOPLIFT -> 484 PC PETTY THEFT",1,0.00775193798449612
4,"484 PETTY THEFT-SHOPLIFT -> NON INJ HR/MAIL OUT REPORT",1,0.00775193798449612
4,"484 PETTY THEFT/LICENSE PLATE -> 23103(A) RECKLESS ON HIGHWAY",1,0.00775193798449612
4,"484 PETTY THEFT/LICENSE PLATE -> 484 PC   PETTY THEFT/INSIDE",1,0.00775193798449612
4,"484 PETTY THEFT/LICENSE PLATE -> CASUALTY REPORT",1,0.00775193798449612
4,"484 PETTY THEFT/LICENSE PLATE -> FOUND PROPERTY - I RPT",1,0.00775193798449612
4,"484 PETTY THEFT/LICENSE PLATE -> TRAFFIC-ACCIDENT-NON INJURY",1,0.00775193798449612
4,"484G(B) PC ACCESS CARD FRAUD -> 1551(A) FUGITIVE FROM JUSTICE",1,0.00775193798449612
4,"484G(B) PC ACCESS CARD FRAUD -> 484J PC PUBLISH CARD INFO",1,0.00775193798449612
4,"484G(B) PC ACCESS CARD FRAUD -> 487(A) PC GRAND THEFT",1,0.00775193798449612
4,"484G(B) PC ACCESS CARD FRAUD -> TOWED/STORED VEH-14602.6",1,0.00775193798449612
4,"484G(B) PC ACCESS CARD FRAUD -> TOWED/STORED VEHICLE",1,0.00775193798449612
4,"484G(B) PC ACCESS CARD FRAUD -> TRAFFIC-ACCIDENT INJURY",1,0.00775193798449612
4,"484J PC PUBLISH CARD INFO -> 484 PC  PETTY THEFT/ OUTSIDE",1,0.00775193798449612
4,"484J PC PUBLISH CARD INFO -> 484 PC PETTY THEFT",1,0.00775193798449612
4,"484J PC PUBLISH CARD INFO -> CHILD WELFARE - I RPT",1,0.00775193798449612
4,"484J PC PUBLISH CARD INFO -> LOST PROPERTY - I RPT",1,0.00775193798449612
4,"484J PC PUBLISH CARD INFO -> TELEPEST -I RPT",1,0.00775193798449612
4,"484J PC PUBLISH CARD INFO -> TOWED/STORED VEHICLE",1,0.00775193798449612
4,"484J PC PUBLISH CARD INFO -> VANDALISM - I RPT",1,0.00775193798449612
4,"487(A) GRAND THEFT-AUTO PARTS -> 459 PC  BURGLARY BUSINESS",1,0.00775193798449612
4,"487(A) GRAND THEFT-AUTO PARTS -> TOWED/STORED VEH-14602.6",1,0.00775193798449612
4,"487(A) GRAND THEFT-CLOUT-UNLOC -> 12025(B)6 UNREG/CONCLED FIREAR",1,0.00775193798449612
4,"487(A) GRAND THEFT-INSIDE -> 10851(A)VC TAKE VEH W/O OWNER",1,0.00775193798449612
4,"487(A) GRAND THEFT-INSIDE -> 5150 WI DANGER SELF/OTHERS",1,0.00775193798449612
4,"487(A) GRAND THEFT-INSIDE -> RECOVERED PROPERTY - I RPT",1,0.00775193798449612
4,"487(A) GRAND THEFT-INSIDE -> VANDALISM - I RPT",1,0.00775193798449612
4,"487(A) PC GRAND THEFT -> 10851(A)VC TAKE VEH W/O OWNER",1,0.00775193798449612
4,"487(A) PC GRAND THEFT -> 211 PC  ROBBERY UNSPECIFIED",1,0.00775193798449612
4,"487(A) PC GRAND THEFT -> 476 PC PASS FICTICIOUS CHECK",1,0.00775193798449612
4,"487(A) PC GRAND THEFT -> 484 PETTY THEFT-SHOPLIFT",1,0.00775193798449612
4,"487(A) PC GRAND THEFT -> 666 PC PETTY THEFT W/PRI CONV",1,0.00775193798449612
4,"487(A) PC GRAND THEFT -> ASSAULT WITH WEAPON - I RPT",1,0.00775193798449612
4,"487(A) PC GRAND THEFT -> CASUALTY REPORT",1,0.00775193798449612
4,"487(A) PC GRAND THEFT -> MISSING PERSON",1,0.00775193798449612
4,"487(A) PC GRAND THEFT -> NON INJ HR/MAIL OUT REPORT",1,0.00775193798449612
4,"496(A) RECEIVE STOLEN PROPERTY -> 243.2(A)(1) BATT/SCHOOL INJURY",1,0.00775193798449612
4,"496(A) RECEIVE STOLEN PROPERTY -> 415(1) PC DISTURB PEACE/FIGHT",1,0.00775193798449612
4,"496(A) RECEIVE STOLEN PROPERTY -> 459 PC  BURGLARY VEHICLE",1,0.00775193798449612
4,"508 PC   EMBEZZLEMENT/EMPLOYEE -> TOWED/STORED VEH-14602.6",1,0.00775193798449612
4,"5150 WI DANGER SELF/OTHERS -> 459 PC  BURGLARY VEHICLE",1,0.00775193798449612
4,"5150 WI DANGER SELF/OTHERS -> 484 PC   PETTY THEFT/INSIDE",1,0.00775193798449612
4,"5150 WI DANGER SELF/OTHERS -> BURGLARY - I RPT",1,0.00775193798449612
4,"5150 WI DANGER SELF/OTHERS -> MISSING PERSON",1,0.00775193798449612
4,"5150 WI DANGER SELF/OTHERS -> TOWED/STORED VEHICLE",1,0.00775193798449612
4,"5150 WI DANGER SELF/OTHERS -> TRAFFIC-ACCIDENT-NON INJURY",1,0.00775193798449612
4,"5150 WI DANGER SELF/OTHERS -> VANDALISM - I RPT",1,0.00775193798449612
4,"529 PC FALSE PERSONATION -> 243(E)1 BATTERY NONCOHAB SPOUS",1,0.00775193798449612
4,"529 PC FALSE PERSONATION -> TOWED/STORED VEHICLE",1,0.00775193798449612
4,"530.5 PC USE PERSONAL ID INFO -> 459 PC  BURGLARY VEHICLE",1,0.00775193798449612
4,"530.5 PC USE PERSONAL ID INFO -> 484 PC  PETTY THEFT/ OUTSIDE",1,0.00775193798449612
4,"530.5 PC USE PERSONAL ID INFO -> MISSING PERSON",1,0.00775193798449612
4,"530.5 PC USE PERSONAL ID INFO -> NON INJ HR/MAIL OUT REPORT",1,0.00775193798449612
4,"530.5 PC USE PERSONAL ID INFO -> TOWED/STORED VEHICLE",1,0.00775193798449612
4,"594(B)(1)PC  VANDALISM +$400 -> 10851 VC AUTO THEFT LOCATE",1,0.00775193798449612
4,"594(B)(1)PC  VANDALISM +$400 -> 10851(A)VC TAKE VEH W/O OWNER",1,0.00775193798449612
4,"594(B)(1)PC  VANDALISM +$400 -> 11364 HS POSS DRUG PARAPH",1,0.00775193798449612
4,"594(B)(1)PC  VANDALISM +$400 -> 148.1(A)PC FALSE REPT OF BOMB",1,0.00775193798449612
4,"594(B)(1)PC  VANDALISM +$400 -> 23152(A) VC DUI-ALCOHOL/DRUGS",1,0.00775193798449612
4,"594(B)(1)PC  VANDALISM +$400 -> 459 PC  BURGLARY RESIDENCE",1,0.00775193798449612
4,"594(B)(1)PC  VANDALISM +$400 -> 459 PC  BURGLARY-UNSPECIFIED",1,0.00775193798449612
4,"594(B)(1)PC  VANDALISM +$400 -> 484 PC  PETTY THEFT/ OUTSIDE",1,0.00775193798449612
4,"594(B)(1)PC  VANDALISM +$400 -> BOMBS/THREATS/EXPLOSIV- I RPT",1,0.00775193798449612
4,"594(B)(1)PC  VANDALISM +$400 -> POSSIBLE FINANCIAL CRIME-I RPT",1,0.00775193798449612
4,"594(B)(1)PC  VANDALISM +$400 -> TOWED/STORED VEHICLE",1,0.00775193798449612
4,"594(B)(2)(A) VANDALISM/ -$400 -> 10851(A)VC TAKE VEH W/O OWNER",1,0.00775193798449612
4,"594(B)(2)(A) VANDALISM/ -$400 -> 11364 HS POSS DRUG PARAPH",1,0.00775193798449612
4,"594(B)(2)(A) VANDALISM/ -$400 -> 20002(A) HIT/RUN",1,0.00775193798449612
4,"594(B)(2)(A) VANDALISM/ -$400 -> 4140 BP  POSS OF HYPO NEEDLE",1,0.00775193798449612
4,"594(B)(2)(A) VANDALISM/ -$400 -> 484 PC   PETTY THEFT/INSIDE",1,0.00775193798449612
4,"594(B)(2)(A) VANDALISM/ -$400 -> 484 PC PETTY THEFT",1,0.00775193798449612
4,"594(B)(2)(A) VANDALISM/ -$400 -> 484J PC PUBLISH CARD INFO",1,0.00775193798449612
4,"594(B)(2)(A) VANDALISM/ -$400 -> 496(A) RECEIVE STOLEN PROPERTY",1,0.00775193798449612
4,"594(B)(2)(A) VANDALISM/ -$400 -> LOST PROPERTY - I RPT",1,0.00775193798449612
4,"594(B)(2)(A) VANDALISM/ -$400 -> NARCOTICS SUSP/EVID/ACT- I RPT",1,0.00775193798449612
4,"594(B)(2)(A) VANDALISM/ -$400 -> POSS STOLEN VEHICLE- I RPT",1,0.00775193798449612
4,"594(B)(2)(A)VANDALISM GRAF-400 -> 5150 WI DANGER SELF/OTHERS",1,0.00775193798449612
4,"594(B)(2)(A)VANDALISM GRAF-400 -> 529 PC FALSE PERSONATION",1,0.00775193798449612
4,"594(B)(2)(A)VANDALISM GRAF-400 -> 594(B)(1)PC  VANDALISM +$400",1,0.00775193798449612
4,"594(B)(2)(A)VANDALISM GRAF-400 -> TOWED/STORED VEH-14602.6",1,0.00775193798449612
4,"594(B)(2)(A)VANDALISM GRAF-400 -> TOWED/STORED VEHICLE",1,0.00775193798449612
4,"601(A) WI JUVENILE INCORRIGIBL -> 242 PC  BATTERY CIVILIAN",1,0.00775193798449612
4,"626.10(A) PC POSS WPN SCHL ZN -> 1551(A) FUGITIVE FROM JUSTICE",1,0.00775193798449612
4,"626.10(A) PC POSS WPN SCHL ZN -> 594(B)(1)PC  VANDALISM +$400",1,0.00775193798449612
4,"647(F) PC DIP - DISORDERLY -> 487(A) GRAND THEFT-INSIDE",1,0.00775193798449612
4,"653M(B) PC ANNOY/RPT CALL HOME -> 10851(A)VC TAKE VEH W/O OWNER",1,0.00775193798449612
4,"653M(B) PC ANNOY/RPT CALL HOME -> PERSON INFORMATION - I RPT",1,0.00775193798449612
4,"653M(B) PC ANNOY/RPT CALL HOME -> TOWED/STORED VEHICLE",1,0.00775193798449612
4,"666 PC PETTY THEFT W/PRI CONV -> 529 PC FALSE PERSONATION",1,0.00775193798449612
4,"666 PC PETTY THEFT W/PRI CONV -> TOWED/STORED VEH-14602.6",1,0.00775193798449612
4,"666 PC PETTY THEFT W/PRI CONV -> TOWED/STORED VEHICLE",1,0.00775193798449612
4,"666 PC PETTY THEFT W/PRI CONV -> TRAFFIC-ACCIDENT-NON INJURY",1,0.00775193798449612
4,"9.04.050C POSS OPEN CONTAINER -> 212.5(B) ROB-VICINITY OF ATM",1,0.00775193798449612
4,"ASSAULT WITH WEAPON - I RPT -> MISSING PERSON LOCATE O/S ASSI",1,0.00775193798449612
4,"BATTERY - I RPT -> 1551(A) FUGITIVE FROM JUSTICE",1,0.00775193798449612
4,"BATTERY - I RPT -> 594(B)(1)PC  VANDALISM +$400",1,0.00775193798449612
4,"BATTERY - I RPT -> NARCOTICS SUSP/EVID/ACT- I RPT",1,0.00775193798449612
4,"BURGLARY - I RPT -> GANG ACTIVITY - I RPT",1,0.00775193798449612
4,"BURGLARY - I RPT -> TOWED/STORED VEHICLE",1,0.00775193798449612
4,"CASUALTY REPORT -> 11350(A)HS POSS CNTRL SUBST",1,0.00775193798449612
4,"CASUALTY REPORT -> 211 PC  ROBBERY-BANK",1,0.00775193798449612
4,"CASUALTY REPORT -> 23103(A) RECKLESS ON HIGHWAY",1,0.00775193798449612
4,"CASUALTY REPORT -> 242 PC  BATTERY CIVILIAN",1,0.00775193798449612
4,"CASUALTY REPORT -> 476 PC PASS FICTICIOUS CHECK",1,0.00775193798449612
4,"CASUALTY REPORT -> 529 PC FALSE PERSONATION",1,0.00775193798449612
4,"CASUALTY REPORT -> 666 PC PETTY THEFT W/PRI CONV",1,0.00775193798449612
4,"CASUALTY REPORT -> TOWED/STORED VEHICLE",1,0.00775193798449612
4,"CASUALTY REPORT -> TRAFFIC-ACCIDENT-NON INJURY",1,0.00775193798449612
4,"CHILD WELFARE - I RPT -> 484 PETTY THEFT-SHOPLIFT",1,0.00775193798449612
4,"ELDER ABUSE/PHYS/MENTAL-I RPT -> 459 PC  BURGLARY RESIDENCE",1,0.00775193798449612
4,"ELDER ABUSE/PHYS/MENTAL-I RPT -> TRAFFIC-ACCIDENT INJURY",1,0.00775193798449612
4,"FAMILY DISTURBANCE - I RPT -> 487(A) PC GRAND THEFT",1,0.00775193798449612
4,"FAMILY DISTURBANCE - I RPT -> 530 PC FALSE PERS. REC PROP",1,0.00775193798449612
4,"FOUND EVIDENCE-NON NARC -I RPT -> 459 PC  BURGLARY BUSINESS",1,0.00775193798449612
4,"FOUND PROPERTY - I RPT -> 211 PC ROBBERY- BUSINESS",1,0.00775193798449612
4,"FOUND PROPERTY - I RPT -> FOUND PROPERTY - I RPT",1,0.00775193798449612
4,"FOUND PROPERTY - I RPT -> LOST PROPERTY - I RPT",1,0.00775193798449612
4,"FOUND PROPERTY - I RPT -> NARCOTICS SUSP/EVID/ACT- I RPT",1,0.00775193798449612
4,"FRAUD OR BUNCO - I RPT -> 484 PETTY THEFT-SHOPLIFT",1,0.00775193798449612
4,"FRAUD-SWINDLE -> FILE-UNABLE TO DEFINE - I RPT",1,0.00775193798449612
4,"FRAUD-SWINDLE -> TRAFFIC-ACCIDENT INJURY",1,0.00775193798449612
4,"GANG ACTIVITY - I RPT -> 12020(A)1) PROHIBITED FIREARM",1,0.00775193798449612
4,"GANG ACTIVITY - I RPT -> 23103(A) RECKLESS ON HIGHWAY",1,0.00775193798449612
4,"GANG ACTIVITY - I RPT -> 459 PC  BURGLARY VEHICLE",1,0.00775193798449612
4,"GANG ACTIVITY - I RPT -> FILE-UNABLE TO DEFINE - I RPT",1,0.00775193798449612
4,"GANG ACTIVITY - I RPT -> TOWED/STORED VEH-14602.6",1,0.00775193798449612
4,"GRAFFITI PROBLEMS- I RPT -> 11357(B)HS POSS -28.5GR MARIJ",1,0.00775193798449612
4,"GRAND THEFT - I RPT -> MISSING PERSON LOCATE O/S ASSI",1,0.00775193798449612
4,"HARASSMENT - I RPT -> 23222(B)POSSESS MARIJ IN VEH",1,0.00775193798449612
4,"HARASSMENT - I RPT -> 245(A)(1)AWDW/NO FIREARM/CIVIL",1,0.00775193798449612
4,"HARASSMENT - I RPT -> 459 PC  BURGLARY VEHICLE",1,0.00775193798449612
4,"HARASSMENT - I RPT -> 666 PC PETTY THEFT W/PRI CONV",1,0.00775193798449612
4,"HARASSMENT - I RPT -> TOWED/STORED VEHICLE",1,0.00775193798449612
4,"IMPOUNDED VEHICLE -> FOUND PROPERTY - I RPT",1,0.00775193798449612
4,"JUVENILE PROBLEMS - I RPT -> FOUND PROPERTY - I RPT",1,0.00775193798449612
4,"LOST PROPERTY - I RPT -> 243(E)1 BATTERY NONCOHAB SPOUS",1,0.00775193798449612
4,"LOST PROPERTY - I RPT -> 459 PC  BURGLARY BUSINESS",1,0.00775193798449612
4,"LOST PROPERTY - I RPT -> 496(A) RECEIVE STOLEN PROPERTY",1,0.00775193798449612
4,"LOST PROPERTY - I RPT -> FOUND PROPERTY - I RPT",1,0.00775193798449612
4,"LOST PROPERTY - I RPT -> NARCOTICS SUSP/EVID/ACT- I RPT",1,0.00775193798449612
4,"LOST PROPERTY - I RPT -> TOWED/STORED VEHICLE",1,0.00775193798449612
4,"LOST PROPERTY - I RPT -> TRAFFIC-ACCIDENT INJURY",1,0.00775193798449612
4,"MISCELLANEOUS I RPT (ZMISC) -> 459 PC  BURGLARY VEHICLE",1,0.00775193798449612
4,"MISCELLANEOUS I RPT (ZMISC) -> 496(A) RECEIVE STOLEN PROPERTY",1,0.00775193798449612
4,"MISCELLANEOUS I RPT (ZMISC) -> LOST PROPERTY - I RPT",1,0.00775193798449612
4,"MISSING PERSON -> 10851 VC AUTO THEFT LOCATE",1,0.00775193798449612
4,"MISSING PERSON -> 1551(A) FUGITIVE FROM JUSTICE",1,0.00775193798449612
4,"MISSING PERSON -> 20002(A) HIT/RUN",1,0.00775193798449612
4,"MISSING PERSON -> 211 PC  ROBBERY UNSPECIFIED",1,0.00775193798449612
4,"MISSING PERSON -> 22435.2(A) BP POSS SHOP CART",1,0.00775193798449612
4,"MISSING PERSON -> 245(A)(1)AWDW/NO FIREARM/CIVIL",1,0.00775193798449612
4,"MISSING PERSON -> 484 PC PETTY THEFT",1,0.00775193798449612
4,"MISSING PERSON -> 594(B)(1)PC  VANDALISM +$400",1,0.00775193798449612
4,"MISSING PERSON -> 626.10(A) PC POSS WPN SCHL ZN",1,0.00775193798449612
4,"MISSING PERSON -> 666 PC PETTY THEFT W/PRI CONV",1,0.00775193798449612
4,"MISSING PERSON -> ACCIDENTAL FIRES/ARSON -I RPT",1,0.00775193798449612
4,"MISSING PERSON -> TRAFFIC-ACCIDENT-NON INJURY",1,0.00775193798449612
4,"MISSING PERSON I RPT -> 459 PC  BURGLARY BUSINESS",1,0.00775193798449612
4,"MISSING PERSON I RPT -> TOWED/STORED VEH-14602.6",1,0.00775193798449612
4,"MISSING PERSON LOCATE O/S ASSI -> 10851(A)VC TAKE VEH W/O OWNER",1,0.00775193798449612
4,"NARCOTICS SUSP/EVID/ACT- I RPT -> TOWED/STORED VEH-14602.6",1,0.00775193798449612
4,"NARCOTICS SUSP/EVID/ACT- I RPT -> TRAFFIC-ACCIDENT INJURY",1,0.00775193798449612
4,"NON INJ HR/MAIL OUT REPORT -> 10851(A)VC TAKE VEH W/O OWNER",1,0.00775193798449612
4,"NON INJ HR/MAIL OUT REPORT -> 11350(B)HS POSSESS QUAALUDES",1,0.00775193798449612
4,"NON INJ HR/MAIL OUT REPORT -> 1551(A) FUGITIVE FROM JUSTICE",1,0.00775193798449612
4,"NON INJ HR/MAIL OUT REPORT -> 20002(A) HIT/RUN",1,0.00775193798449612
4,"NON INJ HR/MAIL OUT REPORT -> 243(E)1 BATTERY NONCOHAB SPOUS",1,0.00775193798449612
4,"NON INJ HR/MAIL OUT REPORT -> 487(A) PC GRAND THEFT",1,0.00775193798449612
4,"NON INJ HR/MAIL OUT REPORT -> 626.10(A) PC POSS WPN SCHL ZN",1,0.00775193798449612
4,"NON INJ HR/MAIL OUT REPORT -> HARASSMENT - I RPT",1,0.00775193798449612
4,"NON INJ HR/MAIL OUT REPORT -> MISSING PERSON",1,0.00775193798449612
4,"NON INJ HR/MAIL OUT REPORT -> TOWED/STORED VEH-14602.6",1,0.00775193798449612
4,"O/S AGENCY -ASSISTANCE- I RPT -> 10851 VC AUTO THEFT LOCATE",1,0.00775193798449612
4,"O/S AGENCY -ASSISTANCE- I RPT -> NON INJ HR/MAIL OUT REPORT",1,0.00775193798449612
4,"PERSON INFORMATION - I RPT -> NON INJ HR/MAIL OUT REPORT",1,0.00775193798449612
4,"POSSIBLE FINANCIAL CRIME-I RPT -> 459 PC  BURGLARY VEHICLE",1,0.00775193798449612
4,"POSSIBLE FINANCIAL CRIME-I RPT -> 484J PC PUBLISH CARD INFO",1,0.00775193798449612
4,"POSSIBLE FINANCIAL CRIME-I RPT -> 594(B)(2)(A) VANDALISM/ -$400",1,0.00775193798449612
4,"PROTECTIVE CUSTODY-I RPT -> 594(B)(2)(A) VANDALISM/ -$400",1,0.00775193798449612
4,"PROTECTIVE CUSTODY-I RPT -> TOWED/STORED VEH-14602.6",1,0.00775193798449612
4,"ROBBERY - I RPT -> 459 PC  BURGLARY BUSINESS",1,0.00775193798449612
4,"SAFEKEEPING - I RPT -> 594(B)(2)(A) VANDALISM/ -$400",1,0.00775193798449612
4,"SUSP PERS-NO CRIME - I RPT -> 211 PC ROBBERY- BUSINESS",1,0.00775193798449612
4,"SUSP PERS-NO CRIME - I RPT -> 484 PC  PETTY THEFT/ OUTSIDE",1,0.00775193798449612
4,"SUSP PERS-NO CRIME - I RPT -> LOST PROPERTY - I RPT",1,0.00775193798449612
4,"SUSP PERS-NO CRIME - I RPT -> TELEPEST -I RPT",1,0.00775193798449612
4,"SUSPICIOUS VEHICLE - I RPT -> 459 PC  BURGLARY VEHICLE",1,0.00775193798449612
4,"SUSPICIOUS VEHICLE - I RPT -> TOWED/STORED VEHICLE",1,0.00775193798449612
4,"TELEPEST -I RPT -> 243(E)1 BATTERY NONCOHAB SPOUS",1,0.00775193798449612
4,"TELEPEST -I RPT -> FOUND PROPERTY - I RPT",1,0.00775193798449612
4,"THREATS - I RPT -> 20002(A) HIT/RUN",1,0.00775193798449612
4,"THREATS - I RPT -> 211 PC ROBBERY- BUSINESS",1,0.00775193798449612
4,"THREATS - I RPT -> 459 PC  BURGLARY VEHICLE",1,0.00775193798449612
4,"THREATS - I RPT -> 484 PETTY THEFT/LICENSE PLATE",1,0.00775193798449612
4,"THREATS - I RPT -> BATTERY - I RPT",1,0.00775193798449612
4,"THREATS - I RPT -> NON INJ HR/MAIL OUT REPORT",1,0.00775193798449612
4,"TOWED/STORED VEH-14602.6 -> 459 PC  BURGLARY VEHICLE",1,0.00775193798449612
4,"TOWED/STORED VEH-14602.6 -> 484 PC   PETTY THEFT/INSIDE",1,0.00775193798449612
4,"TOWED/STORED VEH-14602.6 -> 487(A) GRAND THEFT-INSIDE",1,0.00775193798449612
4,"TOWED/STORED VEH-14602.6 -> 5150 WI DANGER SELF/OTHERS",1,0.00775193798449612
4,"TOWED/STORED VEH-14602.6 -> 529 PC FALSE PERSONATION",1,0.00775193798449612
4,"TOWED/STORED VEH-14602.6 -> 594(B)(2)(A) VANDALISM/ -$400",1,0.00775193798449612
4,"TOWED/STORED VEH-14602.6 -> BUSINESS PERMITS - I RPT",1,0.00775193798449612
4,"TOWED/STORED VEH-14602.6 -> CAR CLOUT -  I RPT",1,0.00775193798449612
4,"TOWED/STORED VEH-14602.6 -> CHILD CUSTODY - I RPT",1,0.00775193798449612
4,"TOWED/STORED VEH-14602.6 -> NARCOTICS SUSP/EVID/ACT- I RPT",1,0.00775193798449612
4,"TOWED/STORED VEHICLE -> 10851 VC AUTO THEFT LOCATE",1,0.00775193798449612
4,"TOWED/STORED VEHICLE -> 10851(A)VC TAKE VEH W/O OWNER",1,0.00775193798449612
4,"TOWED/STORED VEHICLE -> 11350(A)HS POSS CNTRL SUBST",1,0.00775193798449612
4,"TOWED/STORED VEHICLE -> 290(F)1 W/I 5 DAYS ADD CHANGE",1,0.00775193798449612
4,"TOWED/STORED VEHICLE -> 459 PC  BURGLARY BUSINESS",1,0.00775193798449612
4,"TOWED/STORED VEHICLE -> 476 PC PASS FICTICIOUS CHECK",1,0.00775193798449612
4,"TOWED/STORED VEHICLE -> 484 PC   PETTY THEFT/INSIDE",1,0.00775193798449612
4,"TOWED/STORED VEHICLE -> 484 PETTY THEFT/LICENSE PLATE",1,0.00775193798449612
4,"TOWED/STORED VEHICLE -> 496(A) RECEIVE STOLEN PROPERTY",1,0.00775193798449612
4,"TOWED/STORED VEHICLE -> 5150 WI DANGER SELF/OTHERS",1,0.00775193798449612
4,"TOWED/STORED VEHICLE -> 529 PC FALSE PERSONATION",1,0.00775193798449612
4,"TOWED/STORED VEHICLE -> 594(B)(1)PC  VANDALISM +$400",1,0.00775193798449612
4,"TOWED/STORED VEHICLE -> 594(B)(2)(A) VANDALISM/ -$400",1,0.00775193798449612
4,"TOWED/STORED VEHICLE -> BATTERY - I RPT",1,0.00775193798449612
4,"TOWED/STORED VEHICLE -> BURGLARY - I RPT",1,0.00775193798449612
4,"TOWED/STORED VEHICLE -> FOUND EVIDENCE-NON NARC -I RPT",1,0.00775193798449612
4,"TOWED/STORED VEHICLE -> HARASSMENT - I RPT",1,0.00775193798449612
4,"TOWED/STORED VEHICLE -> MISSING PERSON",1,0.00775193798449612
4,"TOWED/STORED VEHICLE -> NON INJ HR/MAIL OUT REPORT",1,0.00775193798449612
4,"TRAFFIC - I RPT -> 459 PC  BURGLARY BUSINESS",1,0.00775193798449612
4,"TRAFFIC-ACCIDENT INJURY -> 11350(B)HS POSSESS QUAALUDES",1,0.00775193798449612
4,"TRAFFIC-ACCIDENT INJURY -> 20001(A) VC HIT/RUN INJ/DEATH",1,0.00775193798449612
4,"TRAFFIC-ACCIDENT INJURY -> 20002(A) HIT/RUN",1,0.00775193798449612
4,"TRAFFIC-ACCIDENT INJURY -> 23222(B)POSSESS MARIJ IN VEH",1,0.00775193798449612
4,"TRAFFIC-ACCIDENT INJURY -> 273.6(A) PC VIO DV COURT ORDER",1,0.00775193798449612
4,"TRAFFIC-ACCIDENT INJURY -> 459 PC  BURGLARY RESIDENCE",1,0.00775193798449612
4,"TRAFFIC-ACCIDENT INJURY -> 487(A) PC GRAND THEFT",1,0.00775193798449612
4,"TRAFFIC-ACCIDENT INJURY -> 5150 WI DANGER SELF/OTHERS",1,0.00775193798449612
4,"TRAFFIC-ACCIDENT INJURY -> 626.10(A) PC POSS WPN SCHL ZN",1,0.00775193798449612
4,"TRAFFIC-ACCIDENT INJURY -> FILE-UNABLE TO DEFINE - I RPT",1,0.00775193798449612
4,"TRAFFIC-ACCIDENT INJURY -> HARASSMENT - I RPT",1,0.00775193798449612
4,"TRAFFIC-ACCIDENT INJURY -> MISCELLANEOUS I RPT (ZMISC)",1,0.00775193798449612
4,"TRAFFIC-ACCIDENT INJURY -> NON INJ HR/MAIL OUT REPORT",1,0.00775193798449612
4,"TRAFFIC-ACCIDENT INJURY -> TOWED/STORED VEHICLE",1,0.00775193798449612
4,"TRAFFIC-ACCIDENT-NON INJURY -> 11364 HS POSS DRUG PARAPH",1,0.00775193798449612
4,"TRAFFIC-ACCIDENT-NON INJURY -> 4140 BP  POSS OF HYPO NEEDLE",1,0.00775193798449612
4,"TRAFFIC-ACCIDENT-NON INJURY -> 484 PC PETTY THEFT",1,0.00775193798449612
4,"TRAFFIC-ACCIDENT-NON INJURY -> 484J PC PUBLISH CARD INFO",1,0.00775193798449612
4,"TRAFFIC-ACCIDENT-NON INJURY -> 529 PC FALSE PERSONATION",1,0.00775193798449612
4,"TRAFFIC-ACCIDENT-NON INJURY -> 594(B)(1)VANDALISM GRAF +$400",1,0.00775193798449612
4,"TRAFFIC-ACCIDENT-NON INJURY -> FRAUD OR BUNCO - I RPT",1,0.00775193798449612
4,"TRAFFIC-ACCIDENT-NON INJURY -> GRAFFITI PROBLEMS- I RPT",1,0.00775193798449612
4,"TRAFFIC-ACCIDENT-NON INJURY -> POSSIBLE FINANCIAL CRIME-I RPT",1,0.00775193798449612
4,"TRAFFIC-ACCIDENT-NON INJURY -> SHOOT INTO OCCUP DWELL - I RPT",1,0.00775193798449612
4,"TRAFFIC-ACCIDENT-NON INJURY -> TOWED/STORED VEH-14602.6",1,0.00775193798449612
4,"TRAFFIC-ACCIDENT-NON INJURY -> TOWED/STORED VEHICLE",1,0.00775193798449612
4,"VANDALISM - I RPT -> 459 PC  BURGLARY RESIDENCE",1,0.00775193798449612
4,"WARRANT SERVED - I RPT -> TOWED/STORED VEH-14602.6",1,0.00775193798449612
5,"TOWED/STORED VEH-14602.6 -> 10851(A)VC TAKE VEH W/O OWNER",7,0.104477611940299
5,"10851(A)VC TAKE VEH W/O OWNER -> 10851(A)VC TAKE VEH W/O OWNER",6,0.0895522388059701
5,"TOWED/STORED VEHICLE -> TOWED/STORED VEHICLE",6,0.0895522388059701
5,"10851(A)VC TAKE VEH W/O OWNER -> 11364 HS POSS DRUG PARAPH",4,0.0597014925373134
5,"10851(A)VC TAKE VEH W/O OWNER -> TOWED/STORED VEHICLE",4,0.0597014925373134
5,"459 PC  BURGLARY RESIDENCE -> TOWED/STORED VEH-14602.6",4,0.0597014925373134
5,"MISSING PERSON -> TOWED/STORED VEHICLE",4,0.0597014925373134
5,"TOWED/STORED VEH-14602.6 -> 245(A)(1)AWDW/NO FIREARM/CIVIL",4,0.0597014925373134
5,"TOWED/STORED VEH-14602.6 -> TOWED/STORED VEH-14602.6",4,0.0597014925373134
5,"TOWED/STORED VEHICLE -> 459 PC  BURGLARY RESIDENCE",4,0.0597014925373134
5,"TOWED/STORED VEHICLE -> MISSING PERSON",4,0.0597014925373134
5,"TRAFFIC-ACCIDENT INJURY -> 459 PC  BURGLARY RESIDENCE",4,0.0597014925373134
5,"TRAFFIC-ACCIDENT INJURY -> TOWED/STORED VEH-14602.6",4,0.0597014925373134
5,"10851 VC AUTO THEFT LOCATE -> 10851(A)VC TAKE VEH W/O OWNER",3,0.0447761194029851
5,"10851(A)VC TAKE VEH W/O OWNER -> 459 PC  BURGLARY VEHICLE",3,0.0447761194029851
5,"10851(A)VC TAKE VEH W/O OWNER -> 594(B)(2)(A) VANDALISM/ -$400",3,0.0447761194029851
5,"245(A)(1)AWDW/NO FIREARM/CIVIL -> TOWED/STORED VEH-14602.6",3,0.0447761194029851
5,"459 PC  BURGLARY RESIDENCE -> 10851(A)VC TAKE VEH W/O OWNER",3,0.0447761194029851
5,"459 PC  BURGLARY RESIDENCE -> 459 PC  BURGLARY VEHICLE",3,0.0447761194029851
5,"459 PC  BURGLARY RESIDENCE -> TOWED/STORED VEHICLE",3,0.0447761194029851
5,"459 PC  BURGLARY VEHICLE -> 459 PC  BURGLARY RESIDENCE",3,0.0447761194029851
5,"MISSING PERSON -> 10851(A)VC TAKE VEH W/O OWNER",3,0.0447761194029851
5,"TOWED/STORED VEH-14602.6 -> 459 PC  BURGLARY RESIDENCE",3,0.0447761194029851
5,"TOWED/STORED VEHICLE -> 10851 VC AUTO THEFT LOCATE",3,0.0447761194029851
5,"TRAFFIC-ACCIDENT INJURY -> TOWED/STORED VEHICLE",3,0.0447761194029851
5,"VANDALISM - I RPT -> TRAFFIC-ACCIDENT-NON INJURY",3,0.0447761194029851
5,"10851 VC AUTO THEFT LOCATE -> TOWED/STORED VEHICLE",2,0.0298507462686567
5,"10851(A)VC TAKE VEH W/O OWNER -> 10851 VC AUTO THEFT LOCATE",2,0.0298507462686567
5,"10851(A)VC TAKE VEH W/O OWNER -> 459 PC  BURGLARY RESIDENCE",2,0.0298507462686567
5,"10851(A)VC TAKE VEH W/O OWNER -> 484 PC  PETTY THEFT/ OUTSIDE",2,0.0298507462686567
5,"10851(A)VC TAKE VEH W/O OWNER -> 484 PC PETTY THEFT",2,0.0298507462686567
5,"10851(A)VC TAKE VEH W/O OWNER -> 487(A) PC GRAND THEFT",2,0.0298507462686567
5,"10851(A)VC TAKE VEH W/O OWNER -> 529 PC FALSE PERSONATION",2,0.0298507462686567
5,"10851(A)VC TAKE VEH W/O OWNER -> 647(B) PC   PROSTITUTION",2,0.0298507462686567
5,"10851(A)VC TAKE VEH W/O OWNER -> TOWED/STORED VEH-14602.6",2,0.0298507462686567
5,"11364 HS POSS DRUG PARAPH -> 459 PC  BURGLARY VEHICLE",2,0.0298507462686567
5,"20002(A) HIT/RUN -> 20002(A) HIT/RUN",2,0.0298507462686567
5,"20002(A) HIT/RUN -> 529 PC FALSE PERSONATION",2,0.0298507462686567
5,"211 PC  ROBBERY UNSPECIFIED -> 10851(A)VC TAKE VEH W/O OWNER",2,0.0298507462686567
5,"23103(A) RECKLESS ON HIGHWAY -> 459 PC  BURGLARY RESIDENCE",2,0.0298507462686567
5,"23152(A) VC DUI-ALCOHOL/DRUGS -> 10851(A)VC TAKE VEH W/O OWNER",2,0.0298507462686567
5,"23152(A) VC DUI-ALCOHOL/DRUGS -> 459 PC  BURGLARY VEHICLE",2,0.0298507462686567
5,"243(E)1 BATTERY NONCOHAB SPOUS -> 243(E)1 BATTERY NONCOHAB SPOUS",2,0.0298507462686567
5,"243(E)1 BATTERY NONCOHAB SPOUS -> 459 PC  BURGLARY RESIDENCE",2,0.0298507462686567
5,"246 PC SHOOT OCCUP DWELL/VEH -> 459 PC  BURGLARY RESIDENCE",2,0.0298507462686567
5,"459 PC  BURGLARY BUSINESS -> 459 PC  BURGLARY RESIDENCE",2,0.0298507462686567
5,"459 PC  BURGLARY RESIDENCE -> 10851 VC AUTO THEFT LOCATE",2,0.0298507462686567
5,"459 PC  BURGLARY RESIDENCE -> 11357(B)HS POSS -28.5GR MARIJ",2,0.0298507462686567
5,"459 PC  BURGLARY RESIDENCE -> 459 PC  BURGLARY BUSINESS",2,0.0298507462686567
5,"459 PC  BURGLARY RESIDENCE -> MISSING PERSON",2,0.0298507462686567
5,"459 PC  BURGLARY RESIDENCE -> NON INJ HR/MAIL OUT REPORT",2,0.0298507462686567
5,"459 PC  BURGLARY VEHICLE -> 10851(A)VC TAKE VEH W/O OWNER",2,0.0298507462686567
5,"459 PC  BURGLARY VEHICLE -> MISSING PERSON",2,0.0298507462686567
5,"459 PC  BURGLARY VEHICLE -> TOWED/STORED VEH-14602.6",2,0.0298507462686567
5,"484 PC   PETTY THEFT/INSIDE -> TOWED/STORED VEHICLE",2,0.0298507462686567
5,"484 PETTY THEFT/LICENSE PLATE -> TOWED/STORED VEHICLE",2,0.0298507462686567
5,"484G(B) PC ACCESS CARD FRAUD -> 211 PC  ROBBERY UNSPECIFIED",2,0.0298507462686567
5,"484G(B) PC ACCESS CARD FRAUD -> TOWED/STORED VEH-14602.6",2,0.0298507462686567
5,"5150 WI DANGER SELF/OTHERS -> 5150 WI DANGER SELF/OTHERS",2,0.0298507462686567
5,"GANG ACTIVITY - I RPT -> 10851(A)VC TAKE VEH W/O OWNER",2,0.0298507462686567
5,"GANG ACTIVITY - I RPT -> TOWED/STORED VEH-14602.6",2,0.0298507462686567
5,"MISSING PERSON -> 11364 HS POSS DRUG PARAPH",2,0.0298507462686567
5,"MISSING PERSON -> 459 PC  BURGLARY RESIDENCE",2,0.0298507462686567
5,"MISSING PERSON -> 5150 WI DANGER SELF/OTHERS",2,0.0298507462686567
5,"MISSING PERSON -> 653M(A) PC OBSCENE/THREAT CALL",2,0.0298507462686567
5,"MISSING PERSON -> TOWED/STORED VEH-14602.6",2,0.0298507462686567
5,"MISSING PERSON -> TRAFFIC-ACCIDENT-NON INJURY",2,0.0298507462686567
5,"THREATS - I RPT -> 459 PC  BURGLARY RESIDENCE",2,0.0298507462686567
5,"TOWED/STORED VEH-14602.6 -> 11377(A)HS POSS AMPHETAMINES",2,0.0298507462686567
5,"TOWED/STORED VEH-14602.6 -> 459 PC  BURGLARY BUSINESS",2,0.0298507462686567
5,"TOWED/STORED VEH-14602.6 -> MISCELLANEOUS I RPT (ZMISC)",2,0.0298507462686567
5,"TOWED/STORED VEH-14602.6 -> TOWED/STORED VEHICLE",2,0.0298507462686567
5,"TOWED/STORED VEHICLE -> TOWED/STORED VEH-14602.6",2,0.0298507462686567
5,"TOWED/STORED VEHICLE -> TRAFFIC-ACCIDENT-NON INJURY",2,0.0298507462686567
5,"TRAFFIC-ACCIDENT INJURY -> 10851(A)VC TAKE VEH W/O OWNER",2,0.0298507462686567
5,"TRAFFIC-ACCIDENT-NON INJURY -> 10851 VC AUTO THEFT LOCATE",2,0.0298507462686567
5,"TRAFFIC-ACCIDENT-NON INJURY -> 23152(A) VC DUI-ALCOHOL/DRUGS",2,0.0298507462686567
5,"TRAFFIC-ACCIDENT-NON INJURY -> 459 PC  BURGLARY RESIDENCE",2,0.0298507462686567
5,"TRAFFIC-ACCIDENT-NON INJURY -> 594(B)(1)PC  VANDALISM +$400",2,0.0298507462686567
5,"TRAFFIC-ACCIDENT-NON INJURY -> TOWED/STORED VEH-14602.6",2,0.0298507462686567
5,"10851 VC AUTO THEFT LOCATE -> 10851 VC AUTO THEFT LOCATE",1,0.0149253731343284
5,"10851 VC AUTO THEFT LOCATE -> 211 PC  ROBBERY UNSPECIFIED",1,0.0149253731343284
5,"10851 VC AUTO THEFT LOCATE -> 22435.2(A) BP POSS SHOP CART",1,0.0149253731343284
5,"10851 VC AUTO THEFT LOCATE -> 245(A)(1)AWDW/NO FIREARM/CIVIL",1,0.0149253731343284
5,"10851 VC AUTO THEFT LOCATE -> 459 PC  BURGLARY RESIDENCE",1,0.0149253731343284
5,"10851 VC AUTO THEFT LOCATE -> 5150 WI DANGER SELF/OTHERS",1,0.0149253731343284
5,"10851 VC AUTO THEFT LOCATE -> 594(B)(2)(A) VANDALISM/ -$400",1,0.0149253731343284
5,"10851 VC AUTO THEFT LOCATE -> FAMILY DISTURBANCE - I RPT",1,0.0149253731343284
5,"10851 VC AUTO THEFT LOCATE -> MISSING PERSON",1,0.0149253731343284
5,"10851 VC AUTO THEFT LOCATE -> THREATS - I RPT",1,0.0149253731343284
5,"10851(A)VC TAKE VEH W/O OWNER -> 11357(B)HS POSS -28.5GR MARIJ",1,0.0149253731343284
5,"10851(A)VC TAKE VEH W/O OWNER -> 12021(A)(1)PC FELON POSS FRARM",1,0.0149253731343284
5,"10851(A)VC TAKE VEH W/O OWNER -> 1203.2 PC VIOLATION OF PROBATI",1,0.0149253731343284
5,"10851(A)VC TAKE VEH W/O OWNER -> 211 PC  ROBBERY UNSPECIFIED",1,0.0149253731343284
5,"10851(A)VC TAKE VEH W/O OWNER -> 243(E)1 BATTERY NONCOHAB SPOUS",1,0.0149253731343284
5,"10851(A)VC TAKE VEH W/O OWNER -> 245(A)(1)AWDW/NO FIREARM/CIVIL",1,0.0149253731343284
5,"10851(A)VC TAKE VEH W/O OWNER -> 246 PC SHOOT OCCUP DWELL/VEH",1,0.0149253731343284
5,"10851(A)VC TAKE VEH W/O OWNER -> 4140 BP  POSS OF HYPO NEEDLE",1,0.0149253731343284
5,"10851(A)VC TAKE VEH W/O OWNER -> 417(A)1) PC BRANDISH NON-GUN",1,0.0149253731343284
5,"10851(A)VC TAKE VEH W/O OWNER -> 4462.5 VC FALSE TAB/AVOID REG",1,0.0149253731343284
5,"10851(A)VC TAKE VEH W/O OWNER -> 475(C) PASS FORGED NOTE",1,0.0149253731343284
5,"10851(A)VC TAKE VEH W/O OWNER -> 484 PC   PETTY THEFT/INSIDE",1,0.0149253731343284
5,"10851(A)VC TAKE VEH W/O OWNER -> 496(A) RECEIVE STOLEN PROPERTY",1,0.0149253731343284
5,"10851(A)VC TAKE VEH W/O OWNER -> 594(B)(1)PC  VANDALISM +$400",1,0.0149253731343284
5,"10851(A)VC TAKE VEH W/O OWNER -> 602(L)(1)TRESPASS REFUSE TO LV",1,0.0149253731343284
5,"10851(A)VC TAKE VEH W/O OWNER -> FAMILY DISTURBANCE - I RPT",1,0.0149253731343284
5,"10851(A)VC TAKE VEH W/O OWNER -> JUVENILE DISURBANCE - I RPT",1,0.0149253731343284
5,"10851(A)VC TAKE VEH W/O OWNER -> LOST PROPERTY - I RPT",1,0.0149253731343284
5,"10851(A)VC TAKE VEH W/O OWNER -> MISCELLANEOUS I RPT (ZMISC)",1,0.0149253731343284
5,"10851(A)VC TAKE VEH W/O OWNER -> MISSING PERSON",1,0.0149253731343284
5,"10851(A)VC TAKE VEH W/O OWNER -> TRAFFIC-ACCIDENT-NON INJURY",1,0.0149253731343284
5,"11350(A)HS POSS CNTRL SUBST -> 10851(A)VC TAKE VEH W/O OWNER",1,0.0149253731343284
5,"11350(A)HS POSS CNTRL SUBST -> 11364 HS POSS DRUG PARAPH",1,0.0149253731343284
5,"11350(A)HS POSS CNTRL SUBST -> 20002(A) HIT/RUN",1,0.0149253731343284
5,"11350(A)HS POSS CNTRL SUBST -> 459 PC  BURGLARY VEHICLE",1,0.0149253731343284
5,"11350(B)HS POSSESS QUAALUDES -> 10851(A)VC TAKE VEH W/O OWNER",1,0.0149253731343284
5,"11350(B)HS POSSESS QUAALUDES -> 31 VC FALSE INFO TO OFFICER",1,0.0149253731343284
5,"11350(B)HS POSSESS QUAALUDES -> 459 PC  BURGLARY VEHICLE",1,0.0149253731343284
5,"11351.5 HS POSS SALE RCK COCAI -> 20002(A) HIT/RUN",1,0.0149253731343284
5,"11357(B)HS POSS -28.5GR MARIJ -> 10851(A)VC TAKE VEH W/O OWNER",1,0.0149253731343284
5,"11357(B)HS POSS -28.5GR MARIJ -> 4140 BP  POSS OF HYPO NEEDLE",1,0.0149253731343284
5,"11357(B)HS POSS -28.5GR MARIJ -> 459 PC  BURGLARY VEHICLE",1,0.0149253731343284
5,"11357(B)HS POSS -28.5GR MARIJ -> 487(A) PC GRAND THEFT",1,0.0149253731343284
5,"11357(B)HS POSS -28.5GR MARIJ -> 487(D)GRAND THEFT FIREARM/ANIM",1,0.0149253731343284
5,"11357(B)HS POSS -28.5GR MARIJ -> 529 PC FALSE PERSONATION",1,0.0149253731343284
5,"11357(B)HS POSS -28.5GR MARIJ -> 594(B)(1)PC  VANDALISM +$400",1,0.0149253731343284
5,"11357(B)HS POSS -28.5GR MARIJ -> TRAFFIC-ACCIDENT-NON INJURY",1,0.0149253731343284
5,"11359 HS POSS FOR SALE MARIJ -> 459 PC  BURGLARY RESIDENCE",1,0.0149253731343284
5,"11364 HS POSS DRUG PARAPH -> 211 PC  ROBBERY UNSPECIFIED",1,0.0149253731343284
5,"11364 HS POSS DRUG PARAPH -> 23152(A) VC DUI-ALCOHOL/DRUGS",1,0.0149253731343284
5,"11364 HS POSS DRUG PARAPH -> 459 PC  BURGLARY RESIDENCE",1,0.0149253731343284
5,"11364 HS POSS DRUG PARAPH -> 647(B) PC   PROSTITUTION",1,0.0149253731343284
5,"11364 HS POSS DRUG PARAPH -> MISSING PERSON",1,0.0149253731343284
5,"11364 HS POSS DRUG PARAPH -> TRAFFIC-ACCIDENT INJURY",1,0.0149253731343284
5,"11377(A)HS POSS AMPHETAMINES -> 10852 VC VEHICLE TAMPERING",1,0.0149253731343284
5,"11377(A)HS POSS AMPHETAMINES -> 459 PC  BURGLARY RESIDENCE",1,0.0149253731343284
5,"11377(A)HS POSS AMPHETAMINES -> 594(B)(1)PC  VANDALISM +$400",1,0.0149253731343284
5,"11377(A)HS POSS AMPHETAMINES -> 594(B)(2)(A)VANDALISM GRAF-400",1,0.0149253731343284
5,"11377(A)HS POSS CNTRL SUBST -> 475(A)PC POSS FORGED CHK/NOTE",1,0.0149253731343284
5,"11550(A)HS UNDER INFL NARCOTIC -> 273.6(A) PC VIO DV COURT ORDER",1,0.0149253731343284
5,"11550(A)HS UNDER INFL NARCOTIC -> BURGLARY - I RPT",1,0.0149253731343284
5,"11550(A)HS UNDER INFL NARCOTIC -> TOWED/STORED VEHICLE",1,0.0149253731343284
5,"1203.2 PC VIOLATION OF PROBATI -> 10851(A)VC TAKE VEH W/O OWNER",1,0.0149253731343284
5,"1203.2 PC VIOLATION OF PROBATI -> 484 PC PETTY THEFT",1,0.0149253731343284
5,"12316(B)(1)FELON POSSESS AMMO -> 10851(A)VC TAKE VEH W/O OWNER",1,0.0149253731343284
5,"12316(B)(1)FELON POSSESS AMMO -> CHILD WELFARE - I RPT",1,0.0149253731343284
5,"12316(B)(1)FELON POSSESS AMMO -> JUVENILE DISURBANCE - I RPT",1,0.0149253731343284
5,"14601.1(A) VC LIC SUSP OTHER -> 4463(A)(1) VC ALTER REG",1,0.0149253731343284
5,"14601.1(A) VC LIC SUSP OTHER -> 484 PC   PETTY THEFT/INSIDE",1,0.0149253731343284
5,"14601.1(A) VC LIC SUSP OTHER -> 487(A) GRAND THEFT-CLOUT-UNLOC",1,0.0149253731343284
5,"148(A)(1)PC RESIST PEACE OFFCR -> 459 PC  BURGLARY BUSINESS",1,0.0149253731343284
5,"148.4(A)PC TAMPER FIRE PROT EQ -> 10851(A)VC TAKE VEH W/O OWNER",1,0.0149253731343284
5,"148.9 PC FALSE ID TO OFFICER -> 211 PC ROBBERY-PURSE SNATCH",1,0.0149253731343284
5,"148.9 PC FALSE ID TO OFFICER -> 242 PC  BATTERY CIVILIAN",1,0.0149253731343284
5,"148.9 PC FALSE ID TO OFFICER -> 459 PC  BURGLARY VEHICLE",1,0.0149253731343284
5,"148.9 PC FALSE ID TO OFFICER -> 484 PC   PETTY THEFT/INSIDE",1,0.0149253731343284
5,"1708 US   THEFT OF MAIL -> 10851(A)VC TAKE VEH W/O OWNER",1,0.0149253731343284
5,"1708 US   THEFT OF MAIL -> 11364 HS POSS DRUG PARAPH",1,0.0149253731343284
5,"1708 US   THEFT OF MAIL -> 459 PC  BURGLARY VEHICLE",1,0.0149253731343284
5,"1708 US   THEFT OF MAIL -> GANG ACTIVITY - I RPT",1,0.0149253731343284
5,"20001(A) VC HIT/RUN INJ/DEATH -> 11364 HS POSS DRUG PARAPH",1,0.0149253731343284
5,"20001(A) VC HIT/RUN INJ/DEATH -> 459 PC  BURGLARY RESIDENCE",1,0.0149253731343284
5,"20001(A) VC HIT/RUN INJ/DEATH -> MISSING PERSON",1,0.0149253731343284
5,"20001(A) VC HIT/RUN INJ/DEATH -> TOWED/STORED VEHICLE",1,0.0149253731343284
5,"20002(A) HIT/RUN -> 10851(A)VC TAKE VEH W/O OWNER",1,0.0149253731343284
5,"20002(A) HIT/RUN -> 242 PC  BATTERY CIVILIAN",1,0.0149253731343284
5,"20002(A) HIT/RUN -> 245(C) AWDW/NO FIREARM/OFFICER",1,0.0149253731343284
5,"20002(A) HIT/RUN -> 459 PC  BURGLARY RESIDENCE",1,0.0149253731343284
5,"20002(A) HIT/RUN -> TOWED/STORED VEHICLE",1,0.0149253731343284
5,"211 PC  ROBBERY UNSPECIFIED -> 11364 HS POSS DRUG PARAPH",1,0.0149253731343284
5,"211 PC  ROBBERY UNSPECIFIED -> LOST PROPERTY - I RPT",1,0.0149253731343284
5,"211 PC  ROBBERY UNSPECIFIED -> MISCELLANEOUS I RPT (ZMISC)",1,0.0149253731343284
5,"211 PC ROBBERY- BUSINESS -> 484J PC PUBLISH CARD INFO",1,0.0149253731343284
5,"211 PC ROBBERY- BUSINESS -> TRAFFIC-ACCIDENT-NON INJURY",1,0.0149253731343284
5,"211 PC ROBBERY-PURSE SNATCH -> 211 PC  ROBBERY UNSPECIFIED",1,0.0149253731343284
5,"211 PC ROBBERY-PURSE SNATCH -> 459 PC  BURGLARY VEHICLE",1,0.0149253731343284
5,"215(A) PC    CARJACKING -> TOWED/STORED VEH-14602.6",1,0.0149253731343284
5,"22435.2(A) BP POSS SHOP CART -> 11378 HS POSS/SALE AMPHETAMINE",1,0.0149253731343284
5,"23103(A) RECKLESS ON HIGHWAY -> 11359 HS POSS FOR SALE MARIJ",1,0.0149253731343284
5,"23103(A) RECKLESS ON HIGHWAY -> TOWED/STORED VEHICLE",1,0.0149253731343284
5,"23152(A) VC DUI-ALCOHOL/DRUGS -> 211 PC ROBBERY-PURSE SNATCH",1,0.0149253731343284
5,"23152(A) VC DUI-ALCOHOL/DRUGS -> 23152(A) VC DUI-ALCOHOL/DRUGS",1,0.0149253731343284
5,"23152(A) VC DUI-ALCOHOL/DRUGS -> 245(A)(1)AWDW/NO FIREARM/CIVIL",1,0.0149253731343284
5,"23152(A) VC DUI-ALCOHOL/DRUGS -> 484 PETTY THEFT/LICENSE PLATE",1,0.0149253731343284
5,"23152(A) VC DUI-ALCOHOL/DRUGS -> 5150 WI DANGER SELF/OTHERS",1,0.0149253731343284
5,"23152(A) VC DUI-ALCOHOL/DRUGS -> 594(B)(1)PC  VANDALISM +$400",1,0.0149253731343284
5,"23152(A) VC DUI-ALCOHOL/DRUGS -> MISCELLANEOUS I RPT (ZMISC)",1,0.0149253731343284
5,"23152(A) VC DUI-ALCOHOL/DRUGS -> MISSING PERSON",1,0.0149253731343284
5,"23152(A) VC DUI-ALCOHOL/DRUGS -> POSSIBLE STOLEN PROPERTY-I RPT",1,0.0149253731343284
5,"23152(A) VC DUI-ALCOHOL/DRUGS -> TOWED/STORED VEH-14602.6",1,0.0149253731343284
5,"23152(B) VC DUI BA .08 OR MORE -> MISSING PERSON",1,0.0149253731343284
5,"23152(B) VC DUI BA .08 OR MORE -> TRAFFIC-ACCIDENT INJURY",1,0.0149253731343284
5,"23153(A) VC DUI CAUSE INJURY -> 484G(B) PC ACCESS CARD FRAUD",1,0.0149253731343284
5,"23222(B)POSSESS MARIJ IN VEH -> 11364 HS POSS DRUG PARAPH",1,0.0149253731343284
5,"23222(B)POSSESS MARIJ IN VEH -> 459 PC  BURGLARY RESIDENCE",1,0.0149253731343284
5,"23222(B)POSSESS MARIJ IN VEH -> 647(B) PC   PROSTITUTION",1,0.0149253731343284
5,"240 PC ASSAULT/SIMPLE-CIVILIAN -> 10851(A)VC TAKE VEH W/O OWNER",1,0.0149253731343284
5,"240 PC ASSAULT/SIMPLE-CIVILIAN -> 11357(B)HS POSS -28.5GR MARIJ",1,0.0149253731343284
5,"242 PC  BATTERY CIVILIAN -> 10851(A)VC TAKE VEH W/O OWNER",1,0.0149253731343284
5,"242 PC  BATTERY CIVILIAN -> 459 PC  BURGLARY BUSINESS",1,0.0149253731343284
5,"242 PC  BATTERY CIVILIAN -> 484G(B) PC ACCESS CARD FRAUD",1,0.0149253731343284
5,"242 PC  BATTERY CIVILIAN -> 487(A) GRAND THEFT-INSIDE",1,0.0149253731343284
5,"242 PC  BATTERY CIVILIAN -> 653M(B) PC ANNOY/RPT CALL HOME",1,0.0149253731343284
5,"242 PC  BATTERY CIVILIAN -> MISSING PERSON",1,0.0149253731343284
5,"243(D) PC BATT/CIVILIAN W/INJ -> MISCELLANEOUS I RPT (ZMISC)",1,0.0149253731343284
5,"243(D) PC BATT/CIVILIAN W/INJ -> SUSPICIOUS VEHICLE - I RPT",1,0.0149253731343284
5,"243(E)1 BATTERY NONCOHAB SPOUS -> 10851(A)VC TAKE VEH W/O OWNER",1,0.0149253731343284
5,"243(E)1 BATTERY NONCOHAB SPOUS -> 459 PC  BURGLARY BUSINESS",1,0.0149253731343284
5,"243(E)1 BATTERY NONCOHAB SPOUS -> JUVENILE DISURBANCE - I RPT",1,0.0149253731343284
5,"243(E)1 BATTERY NONCOHAB SPOUS -> MISSING PERSON",1,0.0149253731343284
5,"243.4(A) SEXUAL BATTERY -> 10851(A)VC TAKE VEH W/O OWNER",1,0.0149253731343284
5,"243.4(A) SEXUAL BATTERY -> 246 PC SHOOT OCCUP DWELL/VEH",1,0.0149253731343284
5,"243.4(A) SEXUAL BATTERY -> TRAFFIC-ACCIDENT INJURY",1,0.0149253731343284
5,"243.4(E)(1)TOUCH FOR SEX PLEAS -> 10851(A)VC TAKE VEH W/O OWNER",1,0.0149253731343284
5,"245(A)(1)AWDW/NO FIREARM/CIVIL -> 10851(A)VC TAKE VEH W/O OWNER",1,0.0149253731343284
5,"245(A)(1)AWDW/NO FIREARM/CIVIL -> 11364 HS POSS DRUG PARAPH",1,0.0149253731343284
5,"245(A)(1)AWDW/NO FIREARM/CIVIL -> 11377(A)HS POSS AMPHETAMINES",1,0.0149253731343284
5,"245(A)(1)AWDW/NO FIREARM/CIVIL -> 14601.1(A) VC LIC SUSP OTHER",1,0.0149253731343284
5,"245(A)(1)AWDW/NO FIREARM/CIVIL -> 1708 US   THEFT OF MAIL",1,0.0149253731343284
5,"245(A)(1)AWDW/NO FIREARM/CIVIL -> 20002(A) HIT/RUN",1,0.0149253731343284
5,"245(A)(1)AWDW/NO FIREARM/CIVIL -> 484E(D)PC FRAUD POSS CARD INFO",1,0.0149253731343284
5,"245(A)(1)AWDW/NO FIREARM/CIVIL -> 487(A) PC GRAND THEFT-SHOPLIFT",1,0.0149253731343284
5,"245(A)(1)AWDW/NO FIREARM/CIVIL -> 594(B)(1)PC  VANDALISM +$400",1,0.0149253731343284
5,"245(A)(1)AWDW/NO FIREARM/CIVIL -> ACCIDENTAL FIRES/ARSON -I RPT",1,0.0149253731343284
5,"245(A)(1)AWDW/NO FIREARM/CIVIL -> GANG ACTIVITY - I RPT",1,0.0149253731343284
5,"245(A)(1)AWDW/NO FIREARM/CIVIL -> TOWED/STORED VEHICLE",1,0.0149253731343284
5,"245(A)(2) AWDW/FIREARM/CIVILIA -> 11357(B)HS POSS -28.5GR MARIJ",1,0.0149253731343284
5,"245(A)(2) AWDW/FIREARM/CIVILIA -> TRAFFIC-ACCIDENT INJURY",1,0.0149253731343284
5,"246 PC SHOOT OCCUP DWELL/VEH -> 459 PC  BURGLARY VEHICLE",1,0.0149253731343284
5,"246 PC SHOOT OCCUP DWELL/VEH -> 475(C) PASS FORGED NOTE",1,0.0149253731343284
5,"246 PC SHOOT OCCUP DWELL/VEH -> 594(B)(2)(A) VANDALISM/ -$400",1,0.0149253731343284
5,"273.6(A) PC VIO DV COURT ORDER -> 487(A) PC GRAND THEFT-SHOPLIFT",1,0.0149253731343284
5,"278.5(A)DEPRIVE RIGHT OF CUSTO -> 10851(A)VC TAKE VEH W/O OWNER",1,0.0149253731343284
5,"278.5(A)DEPRIVE RIGHT OF CUSTO -> 484 PETTY THEFT/LICENSE PLATE",1,0.0149253731343284
5,"290(F)1 W/I 5 DAYS ADD CHANGE -> MISSING PERSON",1,0.0149253731343284
5,"3056 PC PAROLE VIOLATION -> 10851(A)VC TAKE VEH W/O OWNER",1,0.0149253731343284
5,"3056 PC PAROLE VIOLATION -> 243(E)1 BATTERY NONCOHAB SPOUS",1,0.0149253731343284
5,"3056 PC PAROLE VIOLATION -> 647(B) PC   PROSTITUTION",1,0.0149253731343284
5,"308(B) PC MINOR POSS TOBACCO -> MISSING PERSON",1,0.0149253731343284
5,"4140 BP  POSS OF HYPO NEEDLE -> 529 PC FALSE PERSONATION",1,0.0149253731343284
5,"415(1) PC DISTURB PEACE/FIGHT -> 10851 VC AUTO THEFT LOCATE",1,0.0149253731343284
5,"415(1) PC DISTURB PEACE/FIGHT -> 211 PC  ROBBERY UNSPECIFIED",1,0.0149253731343284
5,"417(A)1) PC BRANDISH NON-GUN -> 11364 HS POSS DRUG PARAPH",1,0.0149253731343284
5,"422 PC THREAT/INTENT TO TERROR -> 10851 VC AUTO THEFT LOCATE",1,0.0149253731343284
5,"422 PC THREAT/INTENT TO TERROR -> 23153(A) VC DUI CAUSE INJURY",1,0.0149253731343284
5,"422 PC THREAT/INTENT TO TERROR -> 484 PC   PETTY THEFT/INSIDE",1,0.0149253731343284
5,"422 PC THREAT/INTENT TO TERROR -> THREATS - I RPT",1,0.0149253731343284
5,"422 PC THREAT/INTENT TO TERROR -> TOWED/STORED VEHICLE",1,0.0149253731343284
5,"4462.5 VC FALSE TAB/AVOID REG -> 23152(A) VC DUI-ALCOHOL/DRUGS",1,0.0149253731343284
5,"451(D) PC  ARSON OF PROPERTY -> 10851 VC AUTO THEFT LOCATE",1,0.0149253731343284
5,"451(D) PC  ARSON OF PROPERTY -> 245(A)(1)AWDW/NO FIREARM/CIVIL",1,0.0149253731343284
5,"451(D) PC  ARSON OF PROPERTY -> 415(1) PC DISTURB PEACE/FIGHT",1,0.0149253731343284
5,"451(D) PC  ARSON OF PROPERTY -> 594(B)(2)(A) VANDALISM/ -$400",1,0.0149253731343284
5,"459 PC  BURGLARY BUSINESS -> 20001(A) VC HIT/RUN INJ/DEATH",1,0.0149253731343284
5,"459 PC  BURGLARY BUSINESS -> FAMILY DISTURBANCE - I RPT",1,0.0149253731343284
5,"459 PC  BURGLARY BUSINESS -> TOWED/STORED VEH-14602.6",1,0.0149253731343284
5,"459 PC  BURGLARY RESIDENCE -> 10852 VC VEHICLE TAMPERING",1,0.0149253731343284
5,"459 PC  BURGLARY RESIDENCE -> 23222(B)POSSESS MARIJ IN VEH",1,0.0149253731343284
5,"459 PC  BURGLARY RESIDENCE -> 243(D) PC BATT/CIVILIAN W/INJ",1,0.0149253731343284
5,"459 PC  BURGLARY RESIDENCE -> 246 PC SHOOT OCCUP DWELL/VEH",1,0.0149253731343284
5,"459 PC  BURGLARY RESIDENCE -> 459 PC  BURGLARY RESIDENCE",1,0.0149253731343284
5,"459 PC  BURGLARY RESIDENCE -> 475(C) PASS FORGED NOTE",1,0.0149253731343284
5,"459 PC  BURGLARY RESIDENCE -> 484 PC  PETTY THEFT/ OUTSIDE",1,0.0149253731343284
5,"459 PC  BURGLARY RESIDENCE -> 484 PETTY THEFT/LICENSE PLATE",1,0.0149253731343284
5,"459 PC  BURGLARY RESIDENCE -> 484G(B) PC ACCESS CARD FRAUD",1,0.0149253731343284
5,"459 PC  BURGLARY RESIDENCE -> 487(A) PC GRAND THEFT",1,0.0149253731343284
5,"459 PC  BURGLARY RESIDENCE -> 487(D)GRAND THEFT FIREARM/ANIM",1,0.0149253731343284
5,"459 PC  BURGLARY RESIDENCE -> 5150 WI DANGER SELF/OTHERS",1,0.0149253731343284
5,"459 PC  BURGLARY RESIDENCE -> 530.5 PC USE PERSONAL ID INFO",1,0.0149253731343284
5,"459 PC  BURGLARY RESIDENCE -> 594(B)(2)(A) VANDALISM/ -$400",1,0.0149253731343284
5,"459 PC  BURGLARY RESIDENCE -> FOUND PROPERTY - I RPT",1,0.0149253731343284
5,"459 PC  BURGLARY RESIDENCE -> HARASSMENT - I RPT",1,0.0149253731343284
5,"459 PC  BURGLARY RESIDENCE -> LOST PROPERTY - I RPT",1,0.0149253731343284
5,"459 PC  BURGLARY RESIDENCE -> SUSPICIOUS VEHICLE - I RPT",1,0.0149253731343284
5,"459 PC  BURGLARY RESIDENCE -> TELEPEST -I RPT",1,0.0149253731343284
5,"459 PC  BURGLARY RESIDENCE -> TRAFFIC - I RPT",1,0.0149253731343284
5,"459 PC  BURGLARY RESIDENCE -> TRAFFIC-ACCIDENT INJURY",1,0.0149253731343284
5,"459 PC  BURGLARY RESIDENCE -> TRAFFIC-ACCIDENT-NON INJURY",1,0.0149253731343284
5,"459 PC  BURGLARY RESIDENCE -> VANDALISM - I RPT",1,0.0149253731343284
5,"459 PC  BURGLARY VEHICLE -> 11377(A)HS POSS AMPHETAMINES",1,0.0149253731343284
5,"459 PC  BURGLARY VEHICLE -> 20002(A) HIT/RUN",1,0.0149253731343284
5,"459 PC  BURGLARY VEHICLE -> 242 PC  BATTERY CIVILIAN",1,0.0149253731343284
5,"459 PC  BURGLARY VEHICLE -> 243(D) PC BATT/CIVILIAN W/INJ",1,0.0149253731343284
5,"459 PC  BURGLARY VEHICLE -> 422 PC THREAT/INTENT TO TERROR",1,0.0149253731343284
5,"459 PC  BURGLARY VEHICLE -> 459 PC  BURGLARY VEHICLE",1,0.0149253731343284
5,"459 PC  BURGLARY VEHICLE -> 484 PC   PETTY THEFT/INSIDE",1,0.0149253731343284
5,"459 PC  BURGLARY VEHICLE -> 484 PETTY THEFT-SHOPLIFT",1,0.0149253731343284
5,"459 PC  BURGLARY VEHICLE -> 487(A) GRAND THEFT-CLOUT-UNLOC",1,0.0149253731343284
5,"459 PC  BURGLARY VEHICLE -> 487(D)GRAND THEFT FIREARM/ANIM",1,0.0149253731343284
5,"459 PC  BURGLARY VEHICLE -> 529 PC FALSE PERSONATION",1,0.0149253731343284
5,"459 PC  BURGLARY VEHICLE -> NON INJ HR/MAIL OUT REPORT",1,0.0149253731343284
5,"459 PC  BURGLARY VEHICLE -> TRAFFIC-ACCIDENT-NON INJURY",1,0.0149253731343284
5,"459 PC  BURGLARY-UNSPECIFIED -> 10851(A)VC TAKE VEH W/O OWNER",1,0.0149253731343284
5,"459 PC  BURGLARY-UNSPECIFIED -> 245(A)(1)AWDW/NO FIREARM/CIVIL",1,0.0149253731343284
5,"475(A)PC POSS FORGED CHK/NOTE -> 11357(B)HS POSS -28.5GR MARIJ",1,0.0149253731343284
5,"475(C) PASS FORGED NOTE -> BURGLARY - I RPT",1,0.0149253731343284
5,"484 PC   PETTY THEFT/INSIDE -> 10851 VC AUTO THEFT LOCATE",1,0.0149253731343284
5,"484 PC   PETTY THEFT/INSIDE -> 242 PC  BATTERY CIVILIAN",1,0.0149253731343284
5,"484 PC   PETTY THEFT/INSIDE -> 459 PC  BURGLARY VEHICLE",1,0.0149253731343284
5,"484 PC   PETTY THEFT/INSIDE -> TRAFFIC OFFENSE",1,0.0149253731343284
5,"484 PC  PETTY THEFT AUTO PART -> 148.9 PC FALSE ID TO OFFICER",1,0.0149253731343284
5,"484 PC  PETTY THEFT/ OUTSIDE -> TOWED/STORED VEHICLE",1,0.0149253731343284
5,"484 PC PETTY THEFT -> TOWED/STORED VEHICLE",1,0.0149253731343284
5,"484 PETTY THEFT CLOUT UNLOCKED -> 653.22(A) LOITER PROSTITUTION",1,0.0149253731343284
5,"484 PETTY THEFT-SHOPLIFT -> 10851(A)VC TAKE VEH W/O OWNER",1,0.0149253731343284
5,"484 PETTY THEFT-SHOPLIFT -> 243(E)1 BATTERY NONCOHAB SPOUS",1,0.0149253731343284
5,"484 PETTY THEFT-SHOPLIFT -> MISSING PERSON LOCATE O/S ASSI",1,0.0149253731343284
5,"484 PETTY THEFT/LICENSE PLATE -> 10851 VC AUTO THEFT LOCATE",1,0.0149253731343284
5,"484 PETTY THEFT/LICENSE PLATE -> 10851(A)VC TAKE VEH W/O OWNER",1,0.0149253731343284
5,"484 PETTY THEFT/LICENSE PLATE -> 11364 HS POSS DRUG PARAPH",1,0.0149253731343284
5,"484 PETTY THEFT/LICENSE PLATE -> 23152(A) VC DUI-ALCOHOL/DRUGS",1,0.0149253731343284
5,"484 PETTY THEFT/LICENSE PLATE -> 459 PC  BURGLARY RESIDENCE",1,0.0149253731343284
5,"484 PETTY THEFT/LICENSE PLATE -> TELEPEST -I RPT",1,0.0149253731343284
5,"484 PETTY THEFT/LICENSE PLATE -> TRAFFIC-ACCIDENT-NON INJURY",1,0.0149253731343284
5,"484G(B) PC ACCESS CARD FRAUD -> 10851 VC AUTO THEFT LOCATE",1,0.0149253731343284
5,"484G(B) PC ACCESS CARD FRAUD -> 10851(A)VC TAKE VEH W/O OWNER",1,0.0149253731343284
5,"484G(B) PC ACCESS CARD FRAUD -> 459 PC  BURGLARY BUSINESS",1,0.0149253731343284
5,"484G(B) PC ACCESS CARD FRAUD -> 484 PETTY THEFT-SHOPLIFT",1,0.0149253731343284
5,"484G(B) PC ACCESS CARD FRAUD -> 594(B)(2)(A) VANDALISM/ -$400",1,0.0149253731343284
5,"484G(B) PC ACCESS CARD FRAUD -> LOST PROPERTY - I RPT",1,0.0149253731343284
5,"484G(B) PC ACCESS CARD FRAUD -> SUSP PERS-NO CRIME - I RPT",1,0.0149253731343284
5,"484G(B) PC ACCESS CARD FRAUD -> TRAFFIC-ACCIDENT-NON INJURY",1,0.0149253731343284
5,"484J PC PUBLISH CARD INFO -> 211 PC  ROBBERY UNSPECIFIED",1,0.0149253731343284
5,"484J PC PUBLISH CARD INFO -> 594(B)(2)(A) VANDALISM/ -$400",1,0.0149253731343284
5,"484J PC PUBLISH CARD INFO -> LOST PROPERTY - I RPT",1,0.0149253731343284
5,"487(A) GRAND THEFT-CLOUT-UNLOC -> 459 PC  BURGLARY BUSINESS",1,0.0149253731343284
5,"487(A) GRAND THEFT-INSIDE -> 10851(A)VC TAKE VEH W/O OWNER",1,0.0149253731343284
5,"487(A) GRAND THEFT-INSIDE -> 20002(A) HIT/RUN",1,0.0149253731343284
5,"487(A) GRAND THEFT-INSIDE -> MISSING PERSON",1,0.0149253731343284
5,"487(A) PC GRAND THEFT -> 10851 VC AUTO THEFT LOCATE",1,0.0149253731343284
5,"487(A) PC GRAND THEFT -> 11364 HS POSS DRUG PARAPH",1,0.0149253731343284
5,"487(A) PC GRAND THEFT -> 246 PC SHOOT OCCUP DWELL/VEH",1,0.0149253731343284
5,"487(A) PC GRAND THEFT -> 459 PC  BURGLARY RESIDENCE",1,0.0149253731343284
5,"496(A) RECEIVE STOLEN PROPERTY -> 10851(A)VC TAKE VEH W/O OWNER",1,0.0149253731343284
5,"496(A) RECEIVE STOLEN PROPERTY -> MISSING PERSON",1,0.0149253731343284
5,"5150 WI DANGER SELF/OTHERS -> 11364 HS POSS DRUG PARAPH",1,0.0149253731343284
5,"5150 WI DANGER SELF/OTHERS -> 308(B) PC MINOR POSS TOBACCO",1,0.0149253731343284
5,"5150 WI DANGER SELF/OTHERS -> 459 PC  BURGLARY RESIDENCE",1,0.0149253731343284
5,"5150 WI DANGER SELF/OTHERS -> 459 PC  BURGLARY VEHICLE",1,0.0149253731343284
5,"5150 WI DANGER SELF/OTHERS -> 484 PETTY THEFT/LICENSE PLATE",1,0.0149253731343284
5,"5150 WI DANGER SELF/OTHERS -> 529 PC FALSE PERSONATION",1,0.0149253731343284
5,"5150 WI DANGER SELF/OTHERS -> 594(B)(1)PC  VANDALISM +$400",1,0.0149253731343284
5,"5150 WI DANGER SELF/OTHERS -> PROTECTIVE CUSTODY-I RPT",1,0.0149253731343284
5,"5150 WI DANGER SELF/OTHERS -> TRAFFIC-ACCIDENT INJURY",1,0.0149253731343284
5,"529 PC FALSE PERSONATION -> 10851(A)VC TAKE VEH W/O OWNER",1,0.0149253731343284
5,"529 PC FALSE PERSONATION -> 484 PC  PETTY THEFT/ OUTSIDE",1,0.0149253731343284
5,"529 PC FALSE PERSONATION -> LOST PROPERTY - I RPT",1,0.0149253731343284
5,"530.5 PC USE PERSONAL ID INFO -> 10851 VC AUTO THEFT LOCATE",1,0.0149253731343284
5,"530.5 PC USE PERSONAL ID INFO -> 459 PC  BURGLARY BUSINESS",1,0.0149253731343284
5,"530.5 PC USE PERSONAL ID INFO -> 459 PC  BURGLARY RESIDENCE",1,0.0149253731343284
5,"530.5 PC USE PERSONAL ID INFO -> TOWED/STORED VEH-14602.6",1,0.0149253731343284
5,"532 PC FRAUD OBTAIN MONEY ETC -> 11364 HS POSS DRUG PARAPH",1,0.0149253731343284
5,"538D PC IMPERSON PEACE OFFICER -> 10851 VC AUTO THEFT LOCATE",1,0.0149253731343284
5,"594(B)(1)PC  VANDALISM +$400 -> 10851(A)VC TAKE VEH W/O OWNER",1,0.0149253731343284
5,"594(B)(1)PC  VANDALISM +$400 -> 11364 HS POSS DRUG PARAPH",1,0.0149253731343284
5,"594(B)(1)PC  VANDALISM +$400 -> 23152(B) VC DUI BA .08 OR MORE",1,0.0149253731343284
5,"594(B)(1)PC  VANDALISM +$400 -> 459 PC  BURGLARY BUSINESS",1,0.0149253731343284
5,"594(B)(1)PC  VANDALISM +$400 -> TOWED/STORED VEH-14602.6",1,0.0149253731343284
5,"594(B)(1)PC  VANDALISM +$400 -> TRAFFIC-ACCIDENT INJURY",1,0.0149253731343284
5,"594(B)(2)(A) VANDALISM/ -$400 -> 211 PC  ROBBERY UNSPECIFIED",1,0.0149253731343284
5,"594(B)(2)(A) VANDALISM/ -$400 -> 459 PC  BURGLARY BUSINESS",1,0.0149253731343284
5,"594(B)(2)(A) VANDALISM/ -$400 -> 475(C) PASS FORGED NOTE",1,0.0149253731343284
5,"594(B)(2)(A) VANDALISM/ -$400 -> 487(A) GRAND THEFT-INSIDE",1,0.0149253731343284
5,"594(B)(2)(A) VANDALISM/ -$400 -> 647(B) PC   PROSTITUTION",1,0.0149253731343284
5,"594(B)(2)(A) VANDALISM/ -$400 -> CASUALTY REPORT",1,0.0149253731343284
5,"594(B)(2)(A) VANDALISM/ -$400 -> FORGERY-COUNTERFEITING",1,0.0149253731343284
5,"594(B)(2)(A) VANDALISM/ -$400 -> LOST PROPERTY - I RPT",1,0.0149253731343284
5,"594(B)(2)(A) VANDALISM/ -$400 -> TOWED/STORED VEH-14602.6",1,0.0149253731343284
5,"594(B)(2)(A) VANDALISM/ -$400 -> TRAFFIC-ACCIDENT INJURY",1,0.0149253731343284
5,"594(B)(2)(A)VANDALISM GRAF-400 -> 10851 VC AUTO THEFT LOCATE",1,0.0149253731343284
5,"594(B)(2)(A)VANDALISM GRAF-400 -> 10851(A)VC TAKE VEH W/O OWNER",1,0.0149253731343284
5,"602(K)TRESPASS:INJURE PROPERTY -> 242 PC  BATTERY CIVILIAN",1,0.0149253731343284
5,"602(L)(1)TRESPASS REFUSE TO LV -> 10851(A)VC TAKE VEH W/O OWNER",1,0.0149253731343284
5,"602(L)(1)TRESPASS REFUSE TO LV -> 5150 WI DANGER SELF/OTHERS",1,0.0149253731343284
5,"602(L)(1)TRESPASS REFUSE TO LV -> MISSING PERSON",1,0.0149253731343284
5,"647(B) PC   PROSTITUTION -> 14601.1(A) VC LIC SUSP OTHER",1,0.0149253731343284
5,"647(B) PC   PROSTITUTION -> 21200.5 VC BICYCLE DUI",1,0.0149253731343284
5,"647(B) PC   PROSTITUTION -> 459 PC  BURGLARY VEHICLE",1,0.0149253731343284
5,"647(B) PC   PROSTITUTION -> 647(B) PC   PROSTITUTION",1,0.0149253731343284
5,"647(B) PC   PROSTITUTION -> 647(F) PC DIP - DISORDERLY",1,0.0149253731343284
5,"647(B) PC   PROSTITUTION -> 653.22(A) LOITER PROSTITUTION",1,0.0149253731343284
5,"647(B) PC   PROSTITUTION -> MISSING PERSON",1,0.0149253731343284
5,"647(F) PC DIP - DISORDERLY -> 487(D)GRAND THEFT FIREARM/ANIM",1,0.0149253731343284
5,"647(F) PC DIP - DISORDERLY -> NON INJ HR/MAIL OUT REPORT",1,0.0149253731343284
5,"647(F) PC PUB INTOX-DETOX ONLY -> 459 PC  BURGLARY RESIDENCE",1,0.0149253731343284
5,"647(F) PC PUB INTOX-DETOX ONLY -> TOWED/STORED VEH-14602.6",1,0.0149253731343284
5,"647(F) PC PUB INTOX-DETOX ONLY -> TRAFFIC-ACCIDENT INJURY",1,0.0149253731343284
5,"653.22(A) LOITER PROSTITUTION -> 10851(A)VC TAKE VEH W/O OWNER",1,0.0149253731343284
5,"653.22(A) LOITER PROSTITUTION -> 243(E)1 BATTERY NONCOHAB SPOUS",1,0.0149253731343284
5,"653.22(A) LOITER PROSTITUTION -> 647(B) PC   PROSTITUTION",1,0.0149253731343284
5,"653.22(A) LOITER PROSTITUTION -> 653.22(A) LOITER PROSTITUTION",1,0.0149253731343284
5,"653K PC POSS/SELL SWITCHBLADE -> 10851(A)VC TAKE VEH W/O OWNER",1,0.0149253731343284
5,"653M(A) PC OBSCENE/THREAT CALL -> 10851(A)VC TAKE VEH W/O OWNER",1,0.0149253731343284
5,"653M(A) PC OBSCENE/THREAT CALL -> 459 PC  BURGLARY VEHICLE",1,0.0149253731343284
5,"653M(A) PC OBSCENE/THREAT CALL -> MISSING PERSON",1,0.0149253731343284
5,"664/187(A) ATTEMPTED HOMICIDE -> TOWED/STORED VEHICLE",1,0.0149253731343284
5,"ASSAULT WITH WEAPON - I RPT -> 10851(A)VC TAKE VEH W/O OWNER",1,0.0149253731343284
5,"ASSAULT WITH WEAPON - I RPT -> 11357(B)HS POSS -28.5GR MARIJ",1,0.0149253731343284
5,"ASSAULT WITH WEAPON - I RPT -> 243.4(A) SEXUAL BATTERY",1,0.0149253731343284
5,"ASSAULT WITH WEAPON - I RPT -> 653.22(A) LOITER PROSTITUTION",1,0.0149253731343284
5,"ASSAULT WITH WEAPON - I RPT -> TRAFFIC-ACCIDENT INJURY",1,0.0149253731343284
5,"BATTERY - I RPT -> 10851 VC AUTO THEFT LOCATE",1,0.0149253731343284
5,"BATTERY - I RPT -> 246 PC SHOOT OCCUP DWELL/VEH",1,0.0149253731343284
5,"CASUALTY REPORT -> 243(E)1 BATTERY NONCOHAB SPOUS",1,0.0149253731343284
5,"CASUALTY REPORT -> 5150 WI DANGER SELF/OTHERS",1,0.0149253731343284
5,"CASUALTY REPORT -> THREATS - I RPT",1,0.0149253731343284
5,"CHILD WELFARE - I RPT -> 10851(A)VC TAKE VEH W/O OWNER",1,0.0149253731343284
5,"CHILD WELFARE - I RPT -> 20002(A) HIT/RUN",1,0.0149253731343284
5,"CHILD WELFARE - I RPT -> 594(B)(2)(A) VANDALISM/ -$400",1,0.0149253731343284
5,"CHILD WELFARE - I RPT -> FRAUD OR BUNCO - I RPT",1,0.0149253731343284
5,"CHILD WELFARE - I RPT -> GANG ACTIVITY - I RPT",1,0.0149253731343284
5,"CHILD WELFARE - I RPT -> TRAFFIC - I RPT",1,0.0149253731343284
5,"COLLISION/ACCIDENT BOATS -> 148.9 PC FALSE ID TO OFFICER",1,0.0149253731343284
5,"FAMILY DISTURBANCE - I RPT -> 23152(A) VC DUI-ALCOHOL/DRUGS",1,0.0149253731343284
5,"FAMILY DISTURBANCE - I RPT -> 487(A) PC GRAND THEFT-SHOPLIFT",1,0.0149253731343284
5,"FOUND PROPERTY - I RPT -> 10851(A)VC TAKE VEH W/O OWNER",1,0.0149253731343284
5,"FOUND PROPERTY - I RPT -> 459 PC  BURGLARY VEHICLE",1,0.0149253731343284
5,"FRAUD OR BUNCO - I RPT -> 653M(A) PC OBSCENE/THREAT CALL",1,0.0149253731343284
5,"GANG ACTIVITY - I RPT -> 1708 US   THEFT OF MAIL",1,0.0149253731343284
5,"GANG ACTIVITY - I RPT -> 20002(A) HIT/RUN",1,0.0149253731343284
5,"GANG ACTIVITY - I RPT -> 245(A)(1)AWDW/NO FIREARM/CIVIL",1,0.0149253731343284
5,"GANG ACTIVITY - I RPT -> 422 PC THREAT/INTENT TO TERROR",1,0.0149253731343284
5,"GANG ACTIVITY - I RPT -> 459 PC  BURGLARY VEHICLE",1,0.0149253731343284
5,"GANG ACTIVITY - I RPT -> 484 PETTY THEFT-SHOPLIFT",1,0.0149253731343284
5,"GANG ACTIVITY - I RPT -> 484E(D)PC FRAUD POSS CARD INFO",1,0.0149253731343284
5,"GANG ACTIVITY - I RPT -> CASUALTY REPORT",1,0.0149253731343284
5,"GANG ACTIVITY - I RPT -> MISSING PERSON",1,0.0149253731343284
5,"GANG ACTIVITY - I RPT -> TRAFFIC-ACCIDENT INJURY",1,0.0149253731343284
5,"HARASSMENT - I RPT -> GANG ACTIVITY - I RPT",1,0.0149253731343284
5,"HARASSMENT - I RPT -> TOWED/STORED VEH-14602.6",1,0.0149253731343284
5,"JUVENILE DISURBANCE - I RPT -> 11364 HS POSS DRUG PARAPH",1,0.0149253731343284
5,"JUVENILE DISURBANCE - I RPT -> 594(B)(2)(A)VANDALISM GRAF-400",1,0.0149253731343284
5,"JUVENILE PROBLEMS - I RPT -> 23152(A) VC DUI-ALCOHOL/DRUGS",1,0.0149253731343284
5,"JUVENILE PROBLEMS - I RPT -> TRAFFIC-ACCIDENT-NON INJURY",1,0.0149253731343284
5,"LOST PROPERTY-MATRICULA I RPT -> 211 PC  ROBBERY UNSPECIFIED",1,0.0149253731343284
5,"MISCELLANEOUS I RPT (ZMISC) -> 10851(A)VC TAKE VEH W/O OWNER",1,0.0149253731343284
5,"MISCELLANEOUS I RPT (ZMISC) -> 459 PC  BURGLARY BUSINESS",1,0.0149253731343284
5,"MISCELLANEOUS I RPT (ZMISC) -> 459 PC  BURGLARY RESIDENCE",1,0.0149253731343284
5,"MISCELLANEOUS I RPT (ZMISC) -> 487(A) GRAND THEFT-CLOUT-UNLOC",1,0.0149253731343284
5,"MISCELLANEOUS I RPT (ZMISC) -> 647(F) PC PUB INTOX-DETOX ONLY",1,0.0149253731343284
5,"MISCELLANEOUS I RPT (ZMISC) -> FOUND PROPERTY - I RPT",1,0.0149253731343284
5,"MISCELLANEOUS I RPT (ZMISC) -> MISSING PERSON",1,0.0149253731343284
5,"MISCELLANEOUS I RPT (ZMISC) -> THREATS - I RPT",1,0.0149253731343284
5,"MISCELLANEOUS I RPT (ZMISC) -> TRAFFIC-ACCIDENT INJURY",1,0.0149253731343284
5,"MISSING PERSON -> 1708 US   THEFT OF MAIL",1,0.0149253731343284
5,"MISSING PERSON -> 20002(A) HIT/RUN",1,0.0149253731343284
5,"MISSING PERSON -> 23152(A) VC DUI-ALCOHOL/DRUGS",1,0.0149253731343284
5,"MISSING PERSON -> 23153(A) VC DUI CAUSE INJURY",1,0.0149253731343284
5,"MISSING PERSON -> 243(E)1 BATTERY NONCOHAB SPOUS",1,0.0149253731343284
5,"MISSING PERSON -> 273.6(A) PC VIO DV COURT ORDER",1,0.0149253731343284
5,"MISSING PERSON -> 484 PETTY THEFT/LICENSE PLATE",1,0.0149253731343284
5,"MISSING PERSON -> JUVENILE PROBLEMS - I RPT",1,0.0149253731343284
5,"MISSING PERSON -> MISSING PERSON",1,0.0149253731343284
5,"MISSING PERSON -> POSSIBLE FINANCIAL CRIME-I RPT",1,0.0149253731343284
5,"MISSING PERSON I RPT -> 240 PC ASSAULT/SIMPLE-CIVILIAN",1,0.0149253731343284
5,"MISSING PERSON I RPT -> 459 PC  BURGLARY RESIDENCE",1,0.0149253731343284
5,"MISSING PERSON I RPT -> MISSING PERSON I RPT",1,0.0149253731343284
5,"MISSING PERSON LOCATE O/S ASSI -> 243(E)1 BATTERY NONCOHAB SPOUS",1,0.0149253731343284
5,"MISSING PERSON LOCATE O/S ASSI -> 5150 WI DANGER SELF/OTHERS",1,0.0149253731343284
5,"NARCOTICS SUSP/EVID/ACT- I RPT -> 242 PC  BATTERY CIVILIAN",1,0.0149253731343284
5,"NEIGHBORHOOD DISTURBANCE-I RPT -> MISSING PERSON I RPT",1,0.0149253731343284
5,"NON INJ HR/MAIL OUT REPORT -> 10851(A)VC TAKE VEH W/O OWNER",1,0.0149253731343284
5,"NON INJ HR/MAIL OUT REPORT -> 23152(A) VC DUI-ALCOHOL/DRUGS",1,0.0149253731343284
5,"NON INJ HR/MAIL OUT REPORT -> 459 PC  BURGLARY RESIDENCE",1,0.0149253731343284
5,"NON INJ HR/MAIL OUT REPORT -> 647(F) PC DIP - DISORDERLY",1,0.0149253731343284
5,"NON INJ HR/MAIL OUT REPORT -> NON INJ HR/MAIL OUT REPORT",1,0.0149253731343284
5,"NON INJ HR/MAIL OUT REPORT -> TRAFFIC-ACCIDENT-NON INJURY",1,0.0149253731343284
5,"PERSON INFORMATION - I RPT -> 243.2(A)(1) BATT/SCHOOL INJURY",1,0.0149253731343284
5,"PERSON INFORMATION - I RPT -> 273.6(A) PC VIO DV COURT ORDER",1,0.0149253731343284
5,"PERSON INFORMATION - I RPT -> MISSING PERSON",1,0.0149253731343284
5,"POSSIBLE FINANCIAL CRIME-I RPT -> LOST PROPERTY - I RPT",1,0.0149253731343284
5,"POSSIBLE MENTAL - I RPT -> 5150 WI DANGER SELF/OTHERS",1,0.0149253731343284
5,"POSSIBLE STOLEN PROPERTY-I RPT -> 484 PETTY THEFT/LICENSE PLATE",1,0.0149253731343284
5,"SUSP PERS-NO CRIME - I RPT -> 459 PC  BURGLARY BUSINESS",1,0.0149253731343284
5,"SUSP PERS-NO CRIME - I RPT -> 459 PC  BURGLARY RESIDENCE",1,0.0149253731343284
5,"SUSP PERS-NO CRIME - I RPT -> TOWED/STORED VEH-14602.6",1,0.0149253731343284
5,"THREATS - I RPT -> ACCIDENTAL FIRES/ARSON -I RPT",1,0.0149253731343284
5,"THREATS - I RPT -> JUVENILE PROBLEMS - I RPT",1,0.0149253731343284
5,"TOWED/STORED VEH-14602.6 -> 11357(C)HS POSS +28.5GR MARIJ",1,0.0149253731343284
5,"TOWED/STORED VEH-14602.6 -> 11364 HS POSS DRUG PARAPH",1,0.0149253731343284
5,"TOWED/STORED VEH-14602.6 -> 1203.2 PC VIOLATION OF PROBATI",1,0.0149253731343284
5,"TOWED/STORED VEH-14602.6 -> 148.9 PC FALSE ID TO OFFICER",1,0.0149253731343284
5,"TOWED/STORED VEH-14602.6 -> 20002(A) HIT/RUN",1,0.0149253731343284
5,"TOWED/STORED VEH-14602.6 -> 22435.2(A) BP POSS SHOP CART",1,0.0149253731343284
5,"TOWED/STORED VEH-14602.6 -> 422 PC THREAT/INTENT TO TERROR",1,0.0149253731343284
5,"TOWED/STORED VEH-14602.6 -> 459 PC  BURGLARY VEHICLE",1,0.0149253731343284
5,"TOWED/STORED VEH-14602.6 -> 484 PC PETTY THEFT",1,0.0149253731343284
5,"TOWED/STORED VEH-14602.6 -> 484G(A)PC USE FORGED CARD",1,0.0149253731343284
5,"TOWED/STORED VEH-14602.6 -> 484G(B) PC ACCESS CARD FRAUD",1,0.0149253731343284
5,"TOWED/STORED VEH-14602.6 -> 487(D)GRAND THEFT FIREARM/ANIM",1,0.0149253731343284
5,"TOWED/STORED VEH-14602.6 -> 594(B)(1)PC  VANDALISM +$400",1,0.0149253731343284
5,"TOWED/STORED VEH-14602.6 -> MISSING PERSON LOCATE O/S ASSI",1,0.0149253731343284
5,"TOWED/STORED VEHICLE -> 10851(A)VC TAKE VEH W/O OWNER",1,0.0149253731343284
5,"TOWED/STORED VEHICLE -> 11364 HS POSS DRUG PARAPH",1,0.0149253731343284
5,"TOWED/STORED VEHICLE -> 211 PC ROBBERY-PURSE SNATCH",1,0.0149253731343284
5,"TOWED/STORED VEHICLE -> 273.6(A) PC VIO DV COURT ORDER",1,0.0149253731343284
5,"TOWED/STORED VEHICLE -> 459 PC  BURGLARY VEHICLE",1,0.0149253731343284
5,"TOWED/STORED VEHICLE -> 487(D)GRAND THEFT FIREARM/ANIM",1,0.0149253731343284
5,"TOWED/STORED VEHICLE -> 594(B)(2)(A) VANDALISM/ -$400",1,0.0149253731343284
5,"TOWED/STORED VEHICLE -> 594(B)(2)(A)VANDALISM GRAF-400",1,0.0149253731343284
5,"TOWED/STORED VEHICLE -> 647(B) PC   PROSTITUTION",1,0.0149253731343284
5,"TOWED/STORED VEHICLE -> CHILD WELFARE - I RPT",1,0.0149253731343284
5,"TOWED/STORED VEHICLE -> JUVENILE DISURBANCE - I RPT",1,0.0149253731343284
5,"TOWED/STORED VEHICLE -> MISCELLANEOUS I RPT (ZMISC)",1,0.0149253731343284
5,"TOWED/STORED VEHICLE -> NON INJ HR/MAIL OUT REPORT",1,0.0149253731343284
5,"TOWED/STORED VEHICLE -> POSSIBLE FINANCIAL CRIME-I RPT",1,0.0149253731343284
5,"TOWED/STORED VEHICLE -> TELEPEST -I RPT",1,0.0149253731343284
5,"TOWED/STORED VEHICLE -> TRAFFIC-ACCIDENT INJURY",1,0.0149253731343284
5,"TRAFFIC - I RPT -> 10851(A)VC TAKE VEH W/O OWNER",1,0.0149253731343284
5,"TRAFFIC - I RPT -> 211 PC  ROBBERY UNSPECIFIED",1,0.0149253731343284
5,"TRAFFIC - I RPT -> 594(B)(2)(A) VANDALISM/ -$400",1,0.0149253731343284
5,"TRAFFIC - I RPT -> LOST PROPERTY-MATRICULA I RPT",1,0.0149253731343284
5,"TRAFFIC - I RPT -> TOWED/STORED VEHICLE",1,0.0149253731343284
5,"TRAFFIC-ACCIDENT INJURY -> 243(E)1 BATTERY NONCOHAB SPOUS",1,0.0149253731343284
5,"TRAFFIC-ACCIDENT INJURY -> 246 PC SHOOT OCCUP DWELL/VEH",1,0.0149253731343284
5,"TRAFFIC-ACCIDENT INJURY -> 459 PC  BURGLARY BUSINESS",1,0.0149253731343284
5,"TRAFFIC-ACCIDENT INJURY -> 475(C) PASS FORGED NOTE",1,0.0149253731343284
5,"TRAFFIC-ACCIDENT INJURY -> 484 PC   PETTY THEFT/INSIDE",1,0.0149253731343284
5,"TRAFFIC-ACCIDENT INJURY -> 594(B)(2)(A) VANDALISM/ -$400",1,0.0149253731343284
5,"TRAFFIC-ACCIDENT INJURY -> FORGERY-COUNTERFEITING",1,0.0149253731343284
5,"TRAFFIC-ACCIDENT INJURY -> GANG ACTIVITY - I RPT",1,0.0149253731343284
5,"TRAFFIC-ACCIDENT INJURY -> MISSING PERSON",1,0.0149253731343284
5,"TRAFFIC-ACCIDENT-NON INJURY -> 211 PC ROBBERY- BUSINESS",1,0.0149253731343284
5,"TRAFFIC-ACCIDENT-NON INJURY -> 242 PC  BATTERY CIVILIAN",1,0.0149253731343284
5,"TRAFFIC-ACCIDENT-NON INJURY -> 245(A)(2) AWDW/FIREARM/CIVILIA",1,0.0149253731343284
5,"TRAFFIC-ACCIDENT-NON INJURY -> 487(A) GRAND THEFT-INSIDE",1,0.0149253731343284
5,"TRAFFIC-ACCIDENT-NON INJURY -> 529 PC FALSE PERSONATION",1,0.0149253731343284
5,"TRAFFIC-ACCIDENT-NON INJURY -> 594(B)(2)(A)VANDALISM GRAF-400",1,0.0149253731343284
5,"TRAFFIC-ACCIDENT-NON INJURY -> 653M(B) PC ANNOY/RPT CALL HOME",1,0.0149253731343284
5,"TRAFFIC-ACCIDENT-NON INJURY -> ACCIDENTAL FIRES/ARSON -I RPT",1,0.0149253731343284
5,"TRAFFIC-ACCIDENT-NON INJURY -> MISCELLANEOUS I RPT (ZMISC)",1,0.0149253731343284
5,"TRAFFIC-ACCIDENT-NON INJURY -> MISSING PERSON",1,0.0149253731343284
5,"TRAFFIC-ACCIDENT-NON INJURY -> THREATS - I RPT",1,0.0149253731343284
5,"TRAFFIC-ACCIDENT-NON INJURY -> TRAFFIC-ACCIDENT INJURY",1,0.0149253731343284
5,"VANDALISM - I RPT -> 647(F) PC DIP - DISORDERLY",1,0.0149253731343284
5,"VANDALISM - I RPT -> MISSING PERSON",1,0.0149253731343284
5,"VANDALISM - I RPT -> THREATS - I RPT",1,0.0149253731343284
6,"TOWED/STORED VEHICLE -> TOWED/STORED VEHICLE",13,0.127450980392157
6,"TOWED/STORED VEH-14602.6 -> TOWED/STORED VEH-14602.6",12,0.117647058823529
6,"TOWED/STORED VEH-14602.6 -> TOWED/STORED VEHICLE",11,0.107843137254902
6,"TOWED/STORED VEHICLE -> TOWED/STORED VEH-14602.6",8,0.0784313725490196
6,"TOWED/STORED VEH-14602.6 -> 459 PC  BURGLARY RESIDENCE",7,0.0686274509803922
6,"TOWED/STORED VEH-14602.6 -> 10851(A)VC TAKE VEH W/O OWNER",6,0.0588235294117647
6,"11364 HS POSS DRUG PARAPH -> TOWED/STORED VEH-14602.6",5,0.0490196078431373
6,"TOWED/STORED VEH-14602.6 -> 459 PC  BURGLARY VEHICLE",5,0.0490196078431373
6,"459 PC  BURGLARY VEHICLE -> 459 PC  BURGLARY RESIDENCE",4,0.0392156862745098
6,"TOWED/STORED VEH-14602.6 -> 10851 VC AUTO THEFT LOCATE",4,0.0392156862745098
6,"TOWED/STORED VEH-14602.6 -> MISSING PERSON",4,0.0392156862745098
6,"TOWED/STORED VEH-14602.6 -> TRAFFIC-ACCIDENT-NON INJURY",4,0.0392156862745098
6,"10851 VC AUTO THEFT LOCATE -> MISSING PERSON",3,0.0294117647058824
6,"11364 HS POSS DRUG PARAPH -> 11364 HS POSS DRUG PARAPH",3,0.0294117647058824
6,"23152(A) VC DUI-ALCOHOL/DRUGS -> 594(B)(2)(A) VANDALISM/ -$400",3,0.0294117647058824
6,"459 PC  BURGLARY RESIDENCE -> TRAFFIC-ACCIDENT INJURY",3,0.0294117647058824
6,"459 PC  BURGLARY VEHICLE -> 11364 HS POSS DRUG PARAPH",3,0.0294117647058824
6,"459 PC  BURGLARY VEHICLE -> TOWED/STORED VEHICLE",3,0.0294117647058824
6,"5150 WI DANGER SELF/OTHERS -> 459 PC  BURGLARY RESIDENCE",3,0.0294117647058824
6,"530.5 PC USE PERSONAL ID INFO -> 246 PC SHOOT OCCUP DWELL/VEH",3,0.0294117647058824
6,"530.5 PC USE PERSONAL ID INFO -> 503 PC   EMBEZZLEMENT",3,0.0294117647058824
6,"594(B)(2)(A) VANDALISM/ -$400 -> 10851 VC AUTO THEFT LOCATE",3,0.0294117647058824
6,"TOWED/STORED VEH-14602.6 -> 20002(A) HIT/RUN",3,0.0294117647058824
6,"TOWED/STORED VEH-14602.6 -> 3056 PAROLE VIO - I RPT",3,0.0294117647058824
6,"TOWED/STORED VEH-14602.6 -> SUSP PERS-NO CRIME - I RPT",3,0.0294117647058824
6,"TOWED/STORED VEH-14602.6 -> TRAFFIC-ACCIDENT INJURY",3,0.0294117647058824
6,"TRAFFIC-ACCIDENT INJURY -> TRAFFIC-ACCIDENT INJURY",3,0.0294117647058824
6,"10851 VC AUTO THEFT LOCATE -> 10851(A)VC TAKE VEH W/O OWNER",2,0.0196078431372549
6,"10851(A)VC TAKE VEH W/O OWNER -> 10851(A)VC TAKE VEH W/O OWNER",2,0.0196078431372549
6,"10851(A)VC TAKE VEH W/O OWNER -> 23152(A) VC DUI-ALCOHOL/DRUGS",2,0.0196078431372549
6,"10851(A)VC TAKE VEH W/O OWNER -> 484 PETTY THEFT/LICENSE PLATE",2,0.0196078431372549
6,"10851(A)VC TAKE VEH W/O OWNER -> PERSON INFORMATION - I RPT",2,0.0196078431372549
6,"10851(A)VC TAKE VEH W/O OWNER -> TOWED/STORED VEHICLE",2,0.0196078431372549
6,"10851(A)VC TAKE VEH W/O OWNER -> TRAFFIC-ACCIDENT-NON INJURY",2,0.0196078431372549
6,"11352(A)HS SALE/TRANS CNTL SUB -> 459 PC  BURGLARY VEHICLE",2,0.0196078431372549
6,"11352(A)HS SALE/TRANS CNTL SUB -> TOWED/STORED VEHICLE",2,0.0196078431372549
6,"11364 HS POSS DRUG PARAPH -> 459 PC  BURGLARY RESIDENCE",2,0.0196078431372549
6,"11364 HS POSS DRUG PARAPH -> 459 PC  BURGLARY VEHICLE",2,0.0196078431372549
6,"11364 HS POSS DRUG PARAPH -> 594(B)(2)(A) VANDALISM/ -$400",2,0.0196078431372549
6,"11364 HS POSS DRUG PARAPH -> MISSING PERSON",2,0.0196078431372549
6,"11377(A)HS POSS AMPHETAMINES -> 459 PC  BURGLARY RESIDENCE",2,0.0196078431372549
6,"12020(A)(4) PC DIRK/DAGGER -> 594(B)(2)(A) VANDALISM/ -$400",2,0.0196078431372549
6,"1203.2 PC VIOLATION OF PROBATI -> 10851(A)VC TAKE VEH W/O OWNER",2,0.0196078431372549
6,"20002(A) HIT/RUN -> 10851(A)VC TAKE VEH W/O OWNER",2,0.0196078431372549
6,"211 PC  ROBBERY UNSPECIFIED -> 459 PC  BURGLARY VEHICLE",2,0.0196078431372549
6,"23153(A) VC DUI CAUSE INJURY -> TOWED/STORED VEHICLE",2,0.0196078431372549
6,"242 PC  BATTERY CIVILIAN -> TRAFFIC-ACCIDENT INJURY",2,0.0196078431372549
6,"243(E)1 BATTERY NONCOHAB SPOUS -> 10851 VC AUTO THEFT LOCATE",2,0.0196078431372549
6,"243(E)1 BATTERY NONCOHAB SPOUS -> 10851(A)VC TAKE VEH W/O OWNER",2,0.0196078431372549
6,"243(E)1 BATTERY NONCOHAB SPOUS -> TOWED/STORED VEH-14602.6",2,0.0196078431372549
6,"3056 PAROLE VIO - I RPT -> 459 PC  BURGLARY RESIDENCE",2,0.0196078431372549
6,"459 PC  BURGLARY BUSINESS -> MISSING PERSON",2,0.0196078431372549
6,"459 PC  BURGLARY RESIDENCE -> 10851 VC AUTO THEFT LOCATE",2,0.0196078431372549
6,"459 PC  BURGLARY RESIDENCE -> 10851(A)VC TAKE VEH W/O OWNER",2,0.0196078431372549
6,"459 PC  BURGLARY RESIDENCE -> 11364 HS POSS DRUG PARAPH",2,0.0196078431372549
6,"459 PC  BURGLARY RESIDENCE -> 484G(B) PC ACCESS CARD FRAUD",2,0.0196078431372549
6,"459 PC  BURGLARY RESIDENCE -> GANG ACTIVITY - I RPT",2,0.0196078431372549
6,"459 PC  BURGLARY RESIDENCE -> TRAFFIC-ACCIDENT-NON INJURY",2,0.0196078431372549
6,"459 PC  BURGLARY VEHICLE -> 10851(A)VC TAKE VEH W/O OWNER",2,0.0196078431372549
6,"459 PC  BURGLARY VEHICLE -> 11352(A)HS SALE/TRANS CNTL SUB",2,0.0196078431372549
6,"459 PC  BURGLARY VEHICLE -> 594(B)(2)(A) VANDALISM/ -$400",2,0.0196078431372549
6,"459 PC  BURGLARY VEHICLE -> TOWED/STORED VEH-14602.6",2,0.0196078431372549
6,"484 PC   PETTY THEFT/INSIDE -> 242 PC  BATTERY CIVILIAN",2,0.0196078431372549
6,"484 PC   PETTY THEFT/INSIDE -> TRAFFIC-ACCIDENT INJURY",2,0.0196078431372549
6,"484 PC   PETTY THEFT/INSIDE -> TRAFFIC-ACCIDENT-NON INJURY",2,0.0196078431372549
6,"484 PETTY THEFT CLOUT UNLOCKED -> 459 PC  BURGLARY RESIDENCE",2,0.0196078431372549
6,"496(A) RECEIVE STOLEN PROPERTY -> TOWED/STORED VEHICLE",2,0.0196078431372549
6,"5150 WI DANGER SELF/OTHERS -> TOWED/STORED VEHICLE",2,0.0196078431372549
6,"530.5 PC USE PERSONAL ID INFO -> SHOOT INTO OCCUP DWELL - I RPT",2,0.0196078431372549
6,"594(B)(1)PC  VANDALISM +$400 -> TOWED/STORED VEHICLE",2,0.0196078431372549
6,"594(B)(2)(A) VANDALISM/ -$400 -> 10851(A)VC TAKE VEH W/O OWNER",2,0.0196078431372549
6,"594(B)(2)(A) VANDALISM/ -$400 -> 11364 HS POSS DRUG PARAPH",2,0.0196078431372549
6,"647(B) PC   PROSTITUTION -> 11357(B)HS POSS -28.5GR MARIJ",2,0.0196078431372549
6,"647(B) PC   PROSTITUTION -> 459 PC  BURGLARY BUSINESS",2,0.0196078431372549
6,"647(B) PC   PROSTITUTION -> 647(B) PC   PROSTITUTION",2,0.0196078431372549
6,"647(B) PC   PROSTITUTION -> TOWED/STORED VEHICLE",2,0.0196078431372549
6,"CASUALTY REPORT -> 11364 HS POSS DRUG PARAPH",2,0.0196078431372549
6,"FOUND PROPERTY - I RPT -> TOWED/STORED VEHICLE",2,0.0196078431372549
6,"MISCELLANEOUS I RPT (ZMISC) -> MISSING PERSON",2,0.0196078431372549
6,"MISCELLANEOUS I RPT (ZMISC) -> TOWED/STORED VEHICLE",2,0.0196078431372549
6,"MISSING PERSON -> 10851 VC AUTO THEFT LOCATE",2,0.0196078431372549
6,"MISSING PERSON -> 10851(A)VC TAKE VEH W/O OWNER",2,0.0196078431372549
6,"MISSING PERSON -> 459 PC  BURGLARY BUSINESS",2,0.0196078431372549
6,"MISSING PERSON -> GANG ACTIVITY - I RPT",2,0.0196078431372549
6,"MISSING PERSON -> MISSING PERSON",2,0.0196078431372549
6,"MISSING PERSON -> TOWED/STORED VEHICLE",2,0.0196078431372549
6,"MISSING PERSON I RPT -> 11364 HS POSS DRUG PARAPH",2,0.0196078431372549
6,"NARCOTICS SUSP/EVID/ACT- I RPT -> 10851(A)VC TAKE VEH W/O OWNER",2,0.0196078431372549
6,"NON INJ HR/MAIL OUT REPORT -> NON INJ HR/MAIL OUT REPORT",2,0.0196078431372549
6,"TOWED/STORED VEH-14602.6 -> 243(E)1 BATTERY NONCOHAB SPOUS",2,0.0196078431372549
6,"TOWED/STORED VEH-14602.6 -> 415(1) PC DISTURB PEACE/FIGHT",2,0.0196078431372549
6,"TOWED/STORED VEH-14602.6 -> 422 PC THREAT/INTENT TO TERROR",2,0.0196078431372549
6,"TOWED/STORED VEH-14602.6 -> 484 PC   PETTY THEFT/INSIDE",2,0.0196078431372549
6,"TOWED/STORED VEH-14602.6 -> 484 PC  PETTY THEFT/ OUTSIDE",2,0.0196078431372549
6,"TOWED/STORED VEH-14602.6 -> ASSAULT WITH WEAPON - I RPT",2,0.0196078431372549
6,"TOWED/STORED VEH-14602.6 -> THREATS - I RPT",2,0.0196078431372549
6,"TOWED/STORED VEHICLE -> 10851(A)VC TAKE VEH W/O OWNER",2,0.0196078431372549
6,"TOWED/STORED VEHICLE -> 11364 HS POSS DRUG PARAPH",2,0.0196078431372549
6,"TOWED/STORED VEHICLE -> 242 PC  BATTERY CIVILIAN",2,0.0196078431372549
6,"TOWED/STORED VEHICLE -> 459 PC  BURGLARY VEHICLE",2,0.0196078431372549
6,"TOWED/STORED VEHICLE -> 484 PC   PETTY THEFT/INSIDE",2,0.0196078431372549
6,"TOWED/STORED VEHICLE -> MISCELLANEOUS I RPT (ZMISC)",2,0.0196078431372549
6,"TRAFFIC-ACCIDENT INJURY -> 10851(A)VC TAKE VEH W/O OWNER",2,0.0196078431372549
6,"TRAFFIC-ACCIDENT INJURY -> GANG ACTIVITY - I RPT",2,0.0196078431372549
6,"10851 VC AUTO THEFT LOCATE -> 11377(A)HS POSS AMPHETAMINES",1,0.00980392156862745
6,"10851 VC AUTO THEFT LOCATE -> 1551(A) FUGITIVE FROM JUSTICE",1,0.00980392156862745
6,"10851 VC AUTO THEFT LOCATE -> 245(A)(2) AWDW/FIREARM/CIVILIA",1,0.00980392156862745
6,"10851 VC AUTO THEFT LOCATE -> 459 PC  BURGLARY VEHICLE",1,0.00980392156862745
6,"10851 VC AUTO THEFT LOCATE -> 484 PC  PETTY THEFT/ OUTSIDE",1,0.00980392156862745
6,"10851 VC AUTO THEFT LOCATE -> 484G(B) PC ACCESS CARD FRAUD",1,0.00980392156862745
6,"10851 VC AUTO THEFT LOCATE -> 487(A) PC GRAND THEFT",1,0.00980392156862745
6,"10851 VC AUTO THEFT LOCATE -> 5150 WI DANGER SELF/OTHERS",1,0.00980392156862745
6,"10851 VC AUTO THEFT LOCATE -> 530.5 PC USE PERSONAL ID INFO",1,0.00980392156862745
6,"10851 VC AUTO THEFT LOCATE -> 594(B)(1)PC  VANDALISM +$400",1,0.00980392156862745
6,"10851 VC AUTO THEFT LOCATE -> 594(B)(2)(A) VANDALISM/ -$400",1,0.00980392156862745
6,"10851 VC AUTO THEFT LOCATE -> CASUALTY REPORT",1,0.00980392156862745
6,"10851(A)VC TAKE VEH W/O OWNER -> 10851 VC AUTO THEFT LOCATE",1,0.00980392156862745
6,"10851(A)VC TAKE VEH W/O OWNER -> 11379(A)HS SELL/TRANSP AMPHET",1,0.00980392156862745
6,"10851(A)VC TAKE VEH W/O OWNER -> 20002(A) HIT/RUN",1,0.00980392156862745
6,"10851(A)VC TAKE VEH W/O OWNER -> 211 PC  ROBBERY UNSPECIFIED",1,0.00980392156862745
6,"10851(A)VC TAKE VEH W/O OWNER -> 211 PC ROBBERY-PURSE SNATCH",1,0.00980392156862745
6,"10851(A)VC TAKE VEH W/O OWNER -> 212.5(A)ROBBERY-INHAB DWELLING",1,0.00980392156862745
6,"10851(A)VC TAKE VEH W/O OWNER -> 242 PC  BATTERY CIVILIAN",1,0.00980392156862745
6,"10851(A)VC TAKE VEH W/O OWNER -> 245(A)(1)AWDW/NO FIREARM/CIVIL",1,0.00980392156862745
6,"10851(A)VC TAKE VEH W/O OWNER -> 245(A)(2) AWDW/FIREARM/CIVILIA",1,0.00980392156862745
6,"10851(A)VC TAKE VEH W/O OWNER -> 3056 PAROLE VIO - I RPT",1,0.00980392156862745
6,"10851(A)VC TAKE VEH W/O OWNER -> 368(E) THEFT OF ELDER <$400",1,0.00980392156862745
6,"10851(A)VC TAKE VEH W/O OWNER -> 4140 BP  POSS OF HYPO NEEDLE",1,0.00980392156862745
6,"10851(A)VC TAKE VEH W/O OWNER -> 422 PC THREAT/INTENT TO TERROR",1,0.00980392156862745
6,"10851(A)VC TAKE VEH W/O OWNER -> 459 PC  BURGLARY BUSINESS",1,0.00980392156862745
6,"10851(A)VC TAKE VEH W/O OWNER -> 459 PC  BURGLARY RESIDENCE",1,0.00980392156862745
6,"10851(A)VC TAKE VEH W/O OWNER -> 594(B)(2)(A) VANDALISM/ -$400",1,0.00980392156862745
6,"10851(A)VC TAKE VEH W/O OWNER -> 653M(A) PC OBSCENE/THREAT CALL",1,0.00980392156862745
6,"10851(A)VC TAKE VEH W/O OWNER -> CASUALTY REPORT",1,0.00980392156862745
6,"10851(A)VC TAKE VEH W/O OWNER -> FOUND PROPERTY - I RPT",1,0.00980392156862745
6,"10851(A)VC TAKE VEH W/O OWNER -> MISCELLANEOUS I RPT (ZMISC)",1,0.00980392156862745
6,"10851(A)VC TAKE VEH W/O OWNER -> MISSING PERSON",1,0.00980392156862745
6,"10851(A)VC TAKE VEH W/O OWNER -> NARCOTICS SUSP/EVID/ACT- I RPT",1,0.00980392156862745
6,"10851(A)VC TAKE VEH W/O OWNER -> NON INJ HR/MAIL OUT REPORT",1,0.00980392156862745
6,"10851(A)VC TAKE VEH W/O OWNER -> PROB VIOLA/FEL-MISD - I RPT",1,0.00980392156862745
6,"10851(A)VC TAKE VEH W/O OWNER -> TOWED/STORED VEH-14602.6",1,0.00980392156862745
6,"10851(A)VC TAKE VEH W/O OWNER -> TRAFFIC-ACCIDENT INJURY",1,0.00980392156862745
6,"11350(A)HS POSS CNTRL SUBST -> 20002(A) HIT/RUN",1,0.00980392156862745
6,"11350(A)HS POSS CNTRL SUBST -> 415(1) PC DISTURB PEACE/FIGHT",1,0.00980392156862745
6,"11350(A)HS POSS CNTRL SUBST -> 459 PC  BURGLARY RESIDENCE",1,0.00980392156862745
6,"11350(A)HS POSS CNTRL SUBST -> 459 PC  BURGLARY VEHICLE",1,0.00980392156862745
6,"11350(A)HS POSS CNTRL SUBST -> 484G(B) PC ACCESS CARD FRAUD",1,0.00980392156862745
6,"11350(A)HS POSS CNTRL SUBST -> TRAFFIC-ACCIDENT-NON INJURY",1,0.00980392156862745
6,"11350(B)HS POSSESS QUAALUDES -> 243(E)1 BATTERY NONCOHAB SPOUS",1,0.00980392156862745
6,"11352(A)HS SALE/TRANS CNTL SUB -> 10851(A)VC TAKE VEH W/O OWNER",1,0.00980392156862745
6,"11352(A)HS SALE/TRANS CNTL SUB -> 11352(A)HS SALE/TRANS CNTL SUB",1,0.00980392156862745
6,"11352(A)HS SALE/TRANS CNTL SUB -> 459 PC  BURGLARY BUSINESS",1,0.00980392156862745
6,"11352(A)HS SALE/TRANS CNTL SUB -> 459 PC  BURGLARY RESIDENCE",1,0.00980392156862745
6,"11352(A)HS SALE/TRANS CNTL SUB -> FOUND PROPERTY - I RPT",1,0.00980392156862745
6,"11352(A)HS SALE/TRANS CNTL SUB -> MISCELLANEOUS I RPT (ZMISC)",1,0.00980392156862745
6,"11352(A)HS SALE/TRANS CNTL SUB -> NEIGHBORHOOD DISTURBANCE-I RPT",1,0.00980392156862745
6,"11352(A)HS SALE/TRANS CNTL SUB -> TOWED/STORED VEH-14602.6",1,0.00980392156862745
6,"11352(B)HS TRANS SUBST TO CNTY -> 11352(A)HS SALE/TRANS CNTL SUB",1,0.00980392156862745
6,"11352(B)HS TRANS SUBST TO CNTY -> FOUND PROPERTY - I RPT",1,0.00980392156862745
6,"11352(B)HS TRANS SUBST TO CNTY -> TOWED/STORED VEHICLE",1,0.00980392156862745
6,"11357(B)HS POSS -28.5GR MARIJ -> 11352(A)HS SALE/TRANS CNTL SUB",1,0.00980392156862745
6,"11357(B)HS POSS -28.5GR MARIJ -> 211 PC  ROBBERY UNSPECIFIED",1,0.00980392156862745
6,"11357(B)HS POSS -28.5GR MARIJ -> 211 PC ROBBERY- BUSINESS",1,0.00980392156862745
6,"11357(B)HS POSS -28.5GR MARIJ -> MISCELLANEOUS I RPT (ZMISC)",1,0.00980392156862745
6,"11357(B)HS POSS -28.5GR MARIJ -> TOWED/STORED VEHICLE",1,0.00980392156862745
6,"11358 HS CULTIVATE MARIJUANA -> 10851 VC AUTO THEFT LOCATE",1,0.00980392156862745
6,"11358 HS CULTIVATE MARIJUANA -> 459 PC  BURGLARY VEHICLE",1,0.00980392156862745
6,"11361(B)HS ADLT FURN MNR MARIJ -> 10851 VC AUTO THEFT LOCATE",1,0.00980392156862745
6,"11364 HS POSS DRUG PARAPH -> 11532(A)HS LOITER DRG ACTIVITY",1,0.00980392156862745
6,"11364 HS POSS DRUG PARAPH -> 23152(A) VC DUI-ALCOHOL/DRUGS",1,0.00980392156862745
6,"11364 HS POSS DRUG PARAPH -> 245(A)(1)AWDW/NO FIREARM/CIVIL",1,0.00980392156862745
6,"11364 HS POSS DRUG PARAPH -> 451(D) PC  ARSON OF PROPERTY",1,0.00980392156862745
6,"11364 HS POSS DRUG PARAPH -> 459 PC  BURGLARY-UNSPECIFIED",1,0.00980392156862745
6,"11364 HS POSS DRUG PARAPH -> 484 PETTY THEFT/LICENSE PLATE",1,0.00980392156862745
6,"11364 HS POSS DRUG PARAPH -> LOST PROPERTY - I RPT",1,0.00980392156862745
6,"11377(A)HS POSS AMPHETAMINES -> 10851(A)VC TAKE VEH W/O OWNER",1,0.00980392156862745
6,"11377(A)HS POSS AMPHETAMINES -> 11364 HS POSS DRUG PARAPH",1,0.00980392156862745
6,"11377(A)HS POSS AMPHETAMINES -> 243(D) PC BATT/CIVILIAN W/INJ",1,0.00980392156862745
6,"11377(A)HS POSS AMPHETAMINES -> 273.6(A) PC VIO DV COURT ORDER",1,0.00980392156862745
6,"11377(A)HS POSS AMPHETAMINES -> 459 PC  BURGLARY VEHICLE",1,0.00980392156862745
6,"11377(A)HS POSS AMPHETAMINES -> 484 PC   PETTY THEFT/INSIDE",1,0.00980392156862745
6,"11377(A)HS POSS AMPHETAMINES -> 485 PC PT OF FOUND PROPERTY",1,0.00980392156862745
6,"11377(A)HS POSS AMPHETAMINES -> 594(B)(2)(A) VANDALISM/ -$400",1,0.00980392156862745
6,"11377(A)HS POSS AMPHETAMINES -> TRAFFIC-ACCIDENT-NON INJURY",1,0.00980392156862745
6,"11378 HS POSS/SALE AMPHETAMINE -> FOUND PROPERTY - I RPT",1,0.00980392156862745
6,"11378 HS POSS/SALE AMPHETAMINE -> TRAFFIC-ACCIDENT INJURY",1,0.00980392156862745
6,"11378 HS POSS/SALE AMPHETAMINE -> TRAFFIC-ACCIDENT-NON INJURY",1,0.00980392156862745
6,"12020(A)(4) PC DIRK/DAGGER -> 20002(A) HIT/RUN",1,0.00980392156862745
6,"12020(A)(4) PC DIRK/DAGGER -> VANDALISM - I RPT",1,0.00980392156862745
6,"12020(A)1) PROHIBITED FIREARM -> 459 PC  BURGLARY VEHICLE",1,0.00980392156862745
6,"12020(A)1) PROHIBITED FIREARM -> 594(B)(2)(A) VANDALISM/ -$400",1,0.00980392156862745
6,"12021(A)(1)PC FELON POSS FRARM -> TOWED/STORED VEHICLE",1,0.00980392156862745
6,"12022(A)(1)PC ARMED COMM FEL -> TRAFFIC-ACCIDENT-NON INJURY",1,0.00980392156862745
6,"1203.2 PC VIOLATION OF PROBATI -> 368(C) CAUSE PAIN/INJ TO ELDER",1,0.00980392156862745
6,"1203.2 PC VIOLATION OF PROBATI -> 459 PC  BURGLARY-UNSPECIFIED",1,0.00980392156862745
6,"1203.2 PC VIOLATION OF PROBATI -> 529 PC FALSE PERSONATION",1,0.00980392156862745
6,"1203.2 PC VIOLATION OF PROBATI -> 532 PC FRAUD OBTAIN MONEY ETC",1,0.00980392156862745
6,"1203.2 PC VIOLATION OF PROBATI -> TOWED/STORED VEHICLE",1,0.00980392156862745
6,"12316(B)(1)FELON POSSESS AMMO -> 11357(B)HS POSS -28.5GR MARIJ",1,0.00980392156862745
6,"12420 PC SELL/TRANSP TEAR GAS -> 594(B)(1)PC  VANDALISM +$400",1,0.00980392156862745
6,"12500(A) VC UNLIC DRIVER -> PETTY THEFT - I RPT",1,0.00980392156862745
6,"12671 HS SALE/POSS ILLGL FRWRK -> 594(B)(2)(A)VANDALISM GRAF-400",1,0.00980392156862745
6,"12671 HS SALE/POSS ILLGL FRWRK -> LOST PROPERTY - I RPT",1,0.00980392156862745
6,"148(A)(1)PC RESIST PEACE OFFCR -> 594(B)(1)PC  VANDALISM +$400",1,0.00980392156862745
6,"148.9 PC FALSE ID TO OFFICER -> 20001(A) VC HIT/RUN INJ/DEATH",1,0.00980392156862745
6,"148.9 PC FALSE ID TO OFFICER -> NARCOTICS SUSP/EVID/ACT- I RPT",1,0.00980392156862745
6,"148.9 PC FALSE ID TO OFFICER -> TOWED/STORED VEHICLE",1,0.00980392156862745
6,"166(A)(4) WILFUL DISOBEY CT OR -> 484 PC  PETTY THEFT/ OUTSIDE",1,0.00980392156862745
6,"192(C)(2)VEH MAN W/O GROSS NEG -> 246 PC SHOOT OCCUP DWELL/VEH",1,0.00980392156862745
6,"20001(A) VC HIT/RUN INJ/DEATH -> TOWED/STORED VEHICLE",1,0.00980392156862745
6,"20002(A) HIT/RUN -> 1708 US   THEFT OF MAIL",1,0.00980392156862745
6,"20002(A) HIT/RUN -> 243(E)1 BATTERY NONCOHAB SPOUS",1,0.00980392156862745
6,"20002(A) HIT/RUN -> 459 PC  BURGLARY VEHICLE",1,0.00980392156862745
6,"20002(A) HIT/RUN -> 484 PC  PETTY THEFT/ OUTSIDE",1,0.00980392156862745
6,"20002(A) HIT/RUN -> 5150 WI DANGER SELF/OTHERS",1,0.00980392156862745
6,"20002(A) HIT/RUN -> 653M(A) PC OBSCENE/THREAT CALL",1,0.00980392156862745
6,"20002(A) HIT/RUN -> GANG ACTIVITY - I RPT",1,0.00980392156862745
6,"20002(A) HIT/RUN -> MISSING PERSON",1,0.00980392156862745
6,"20002(A) HIT/RUN -> NON INJ HR/MAIL OUT REPORT",1,0.00980392156862745
6,"20002(A) HIT/RUN -> TRAFFIC-ACCIDENT-NON INJURY",1,0.00980392156862745
6,"20002(A) HIT/RUN -> VANDALISM - I RPT",1,0.00980392156862745
6,"211 PC  ROBBERY UNSPECIFIED -> 10851 VC AUTO THEFT LOCATE",1,0.00980392156862745
6,"211 PC  ROBBERY UNSPECIFIED -> 10851(A)VC TAKE VEH W/O OWNER",1,0.00980392156862745
6,"211 PC  ROBBERY UNSPECIFIED -> 11357(B)HS POSS -28.5GR MARIJ",1,0.00980392156862745
6,"211 PC  ROBBERY UNSPECIFIED -> 11364 HS POSS DRUG PARAPH",1,0.00980392156862745
6,"211 PC  ROBBERY UNSPECIFIED -> 12020(A)1) PROHIBITED FIREARM",1,0.00980392156862745
6,"211 PC  ROBBERY UNSPECIFIED -> 20002(A) HIT/RUN",1,0.00980392156862745
6,"211 PC  ROBBERY UNSPECIFIED -> 245(A)(1)AWDW/NO FIREARM/CIVIL",1,0.00980392156862745
6,"211 PC  ROBBERY UNSPECIFIED -> 4462.5 VC FALSE TAB/AVOID REG",1,0.00980392156862745
6,"211 PC  ROBBERY UNSPECIFIED -> 459 PC  BURGLARY RESIDENCE",1,0.00980392156862745
6,"211 PC  ROBBERY UNSPECIFIED -> 484 PETTY THEFT CLOUT UNLOCKED",1,0.00980392156862745
6,"211 PC  ROBBERY UNSPECIFIED -> 484 PETTY THEFT/LICENSE PLATE",1,0.00980392156862745
6,"211 PC  ROBBERY UNSPECIFIED -> 594(B)(2)(A) VANDALISM/ -$400",1,0.00980392156862745
6,"211 PC  ROBBERY UNSPECIFIED -> CASUALTY REPORT",1,0.00980392156862745
6,"211 PC  ROBBERY UNSPECIFIED -> LOST PROPERTY - I RPT",1,0.00980392156862745
6,"211 PC  ROBBERY UNSPECIFIED -> MISSING PERSON",1,0.00980392156862745
6,"211 PC  ROBBERY UNSPECIFIED -> NARCOTICS SUSP/EVID/ACT- I RPT",1,0.00980392156862745
6,"211 PC  ROBBERY UNSPECIFIED -> NON INJ HR/MAIL OUT REPORT",1,0.00980392156862745
6,"211 PC  ROBBERY UNSPECIFIED -> TERRORIST THREATS - I RPT",1,0.00980392156862745
6,"211 PC  ROBBERY UNSPECIFIED -> TOWED/STORED VEHICLE",1,0.00980392156862745
6,"211 PC  ROBBERY UNSPECIFIED -> VANDALISM - I RPT",1,0.00980392156862745
6,"211 PC ROBBERY- BUSINESS -> 484 PC PETTY THEFT",1,0.00980392156862745
6,"212.5(A)ROBBERY-INHAB DWELLING -> CASUALTY REPORT",1,0.00980392156862745
6,"215(A) PC    CARJACKING -> 4462.5 VC FALSE TAB/AVOID REG",1,0.00980392156862745
6,"215(A) PC    CARJACKING -> 484 PC  PETTY THEFT/ OUTSIDE",1,0.00980392156862745
6,"215(A) PC    CARJACKING -> 602(K)TRESPASS:INJURE PROPERTY",1,0.00980392156862745
6,"215(A) PC    CARJACKING -> NON INJ HR/MAIL OUT REPORT",1,0.00980392156862745
6,"22435.2(A) BP POSS SHOP CART -> 23152(A) VC DUI-ALCOHOL/DRUGS",1,0.00980392156862745
6,"23152(A) VC DUI-ALCOHOL/DRUGS -> 4140 BP  POSS OF HYPO NEEDLE",1,0.00980392156862745
6,"23152(A) VC DUI-ALCOHOL/DRUGS -> 459 PC  BURGLARY VEHICLE",1,0.00980392156862745
6,"23152(A) VC DUI-ALCOHOL/DRUGS -> 487(A) GRAND THEFT-INSIDE",1,0.00980392156862745
6,"23152(A) VC DUI-ALCOHOL/DRUGS -> LOST PROPERTY - I RPT",1,0.00980392156862745
6,"23153(A) VC DUI CAUSE INJURY -> 10851 VC AUTO THEFT LOCATE",1,0.00980392156862745
6,"23153(A) VC DUI CAUSE INJURY -> 11364 HS POSS DRUG PARAPH",1,0.00980392156862745
6,"23153(A) VC DUI CAUSE INJURY -> 459 PC  BURGLARY VEHICLE",1,0.00980392156862745
6,"23153(A) VC DUI CAUSE INJURY -> TOWED/STORED VEH-14602.6",1,0.00980392156862745
6,"23220 VC DRINKING WHILE DRVING -> 484G(B) PC ACCESS CARD FRAUD",1,0.00980392156862745
6,"23220 VC DRINKING WHILE DRVING -> 594(B)(2)(A) VANDALISM/ -$400",1,0.00980392156862745
6,"242 PC  BATTERY CIVILIAN -> MISSING PERSON",1,0.00980392156862745
6,"243(C)2 PC BATT/PO WITH INJURY -> 242 PC  BATTERY CIVILIAN",1,0.00980392156862745
6,"243(D) PC BATT/CIVILIAN W/INJ -> 243(D) PC BATT/CIVILIAN W/INJ",1,0.00980392156862745
6,"243(D) PC BATT/CIVILIAN W/INJ -> CASUALTY REPORT",1,0.00980392156862745
6,"243(D) PC BATT/CIVILIAN W/INJ -> FAMILY DISTURBANCE - I RPT",1,0.00980392156862745
6,"243(D) PC BATT/CIVILIAN W/INJ -> MISSING PERSON",1,0.00980392156862745
6,"243(D) PC BATT/CIVILIAN W/INJ -> TOWED/STORED VEH-14602.6",1,0.00980392156862745
6,"243(E)1 BATTERY NONCOHAB SPOUS -> 211 PC  ROBBERY UNSPECIFIED",1,0.00980392156862745
6,"243(E)1 BATTERY NONCOHAB SPOUS -> 23152(A) VC DUI-ALCOHOL/DRUGS",1,0.00980392156862745
6,"243(E)1 BATTERY NONCOHAB SPOUS -> 242 PC  BATTERY CIVILIAN",1,0.00980392156862745
6,"243(E)1 BATTERY NONCOHAB SPOUS -> 245(A)(2) AWDW/FIREARM/CIVILIA",1,0.00980392156862745
6,"243(E)1 BATTERY NONCOHAB SPOUS -> 246 PC SHOOT OCCUP DWELL/VEH",1,0.00980392156862745
6,"243(E)1 BATTERY NONCOHAB SPOUS -> 459 PC  BURGLARY VEHICLE",1,0.00980392156862745
6,"243(E)1 BATTERY NONCOHAB SPOUS -> 484 PC  PETTY THEFT/ OUTSIDE",1,0.00980392156862745
6,"243(E)1 BATTERY NONCOHAB SPOUS -> 5150 WI DANGER SELF/OTHERS",1,0.00980392156862745
6,"243(E)1 BATTERY NONCOHAB SPOUS -> 594(B)(2)(A) VANDALISM/ -$400",1,0.00980392156862745
6,"243(E)1 BATTERY NONCOHAB SPOUS -> LOST PROPERTY - I RPT",1,0.00980392156862745
6,"243(E)1 BATTERY NONCOHAB SPOUS -> MISCELLANEOUS I RPT (ZMISC)",1,0.00980392156862745
6,"243(E)1 BATTERY NONCOHAB SPOUS -> MISSING PERSON",1,0.00980392156862745
6,"243(E)1 BATTERY NONCOHAB SPOUS -> MISSING PERSON I RPT",1,0.00980392156862745
6,"243(E)1 BATTERY NONCOHAB SPOUS -> THREATS - I RPT",1,0.00980392156862745
6,"243(E)1 BATTERY NONCOHAB SPOUS -> TOWED/STORED VEHICLE",1,0.00980392156862745
6,"243(E)1 BATTERY NONCOHAB SPOUS -> TRAFFIC-ACCIDENT INJURY",1,0.00980392156862745
6,"243(E)1 BATTERY NONCOHAB SPOUS -> TRAFFIC-ACCIDENT-NON INJURY",1,0.00980392156862745
6,"245(A)(1)AWDW/NO FIREARM/CIVIL -> 23153(A) VC DUI CAUSE INJURY",1,0.00980392156862745
6,"245(A)(1)AWDW/NO FIREARM/CIVIL -> 459 PC  BURGLARY RESIDENCE",1,0.00980392156862745
6,"245(A)(1)AWDW/NO FIREARM/CIVIL -> 594(B)(2)(A) VANDALISM/ -$400",1,0.00980392156862745
6,"245(A)(1)AWDW/NO FIREARM/CIVIL -> NON INJ HR/MAIL OUT REPORT",1,0.00980392156862745
6,"245(A)(1)AWDW/NO FIREARM/CIVIL -> PERSON INFORMATION - I RPT",1,0.00980392156862745
6,"245(A)(1)AWDW/NO FIREARM/CIVIL -> TOWED/STORED VEH-14602.6",1,0.00980392156862745
6,"245(A)(2) AWDW/FIREARM/CIVILIA -> 10851(A)VC TAKE VEH W/O OWNER",1,0.00980392156862745
6,"245(A)(2) AWDW/FIREARM/CIVILIA -> 23153(A) VC DUI CAUSE INJURY",1,0.00980392156862745
6,"245(A)(2) AWDW/FIREARM/CIVILIA -> 245(A)(1)AWDW/NO FIREARM/CIVIL",1,0.00980392156862745
6,"245(A)(2) AWDW/FIREARM/CIVILIA -> 594(B)(2)(A) VANDALISM/ -$400",1,0.00980392156862745
6,"245(A)(2) AWDW/FIREARM/CIVILIA -> NON INJ HR/MAIL OUT REPORT",1,0.00980392156862745
6,"273.6(A) PC VIO DV COURT ORDER -> 215(A) PC    CARJACKING",1,0.00980392156862745
6,"273.6(A) PC VIO DV COURT ORDER -> 484G(B) PC ACCESS CARD FRAUD",1,0.00980392156862745
6,"273.6(A) PC VIO DV COURT ORDER -> 496(A) RECEIVE STOLEN PROPERTY",1,0.00980392156862745
6,"3056 PAROLE VIO - I RPT -> 10851 VC AUTO THEFT LOCATE",1,0.00980392156862745
6,"3056 PAROLE VIO - I RPT -> TOWED/STORED VEHICLE",1,0.00980392156862745
6,"368(B)(1) CRUELTY/ELDER/ W/INJ -> 594(B)(2)(A) VANDALISM/ -$400",1,0.00980392156862745
6,"368(E) THEFT OF ELDER <$400 -> PROB VIOLA/FEL-MISD - I RPT",1,0.00980392156862745
6,"374.3(A) PC ILLEGAL DUMPING -> 10851 VC AUTO THEFT LOCATE",1,0.00980392156862745
6,"415(1) PC DISTURB PEACE/FIGHT -> TOWED/STORED VEH-14602.6",1,0.00980392156862745
6,"415(1) PC DISTURB PEACE/FIGHT -> TOWED/STORED VEHICLE",1,0.00980392156862745
6,"415(3) PC DIST PEACE OFF WORDS -> 459 PC  BURGLARY VEHICLE",1,0.00980392156862745
6,"451(D) PC  ARSON OF PROPERTY -> 10851 VC AUTO THEFT LOCATE",1,0.00980392156862745
6,"451(D) PC  ARSON OF PROPERTY -> 10851(A)VC TAKE VEH W/O OWNER",1,0.00980392156862745
6,"451(D) PC  ARSON OF PROPERTY -> 11377(A)HS POSS AMPHETAMINES",1,0.00980392156862745
6,"451(D) PC  ARSON OF PROPERTY -> 459 PC  BURGLARY VEHICLE",1,0.00980392156862745
6,"459 PC  BURGLARY BUSINESS -> 10851 VC AUTO THEFT LOCATE",1,0.00980392156862745
6,"459 PC  BURGLARY BUSINESS -> 11364 HS POSS DRUG PARAPH",1,0.00980392156862745
6,"459 PC  BURGLARY BUSINESS -> 1551(A) FUGITIVE FROM JUSTICE",1,0.00980392156862745
6,"459 PC  BURGLARY BUSINESS -> 20002(A) HIT/RUN",1,0.00980392156862745
6,"459 PC  BURGLARY BUSINESS -> 3056 PAROLE VIO - I RPT",1,0.00980392156862745
6,"459 PC  BURGLARY BUSINESS -> 484G(B) PC ACCESS CARD FRAUD",1,0.00980392156862745
6,"459 PC  BURGLARY BUSINESS -> GANG ACTIVITY - I RPT",1,0.00980392156862745
6,"459 PC  BURGLARY BUSINESS -> IMPOUNDED VEHICLE",1,0.00980392156862745
6,"459 PC  BURGLARY BUSINESS -> THREATS - I RPT",1,0.00980392156862745
6,"459 PC  BURGLARY RESIDENCE -> 11350(A)HS POSS CNTRL SUBST",1,0.00980392156862745
6,"459 PC  BURGLARY RESIDENCE -> 11357(B)HS POSS -28.5GR MARIJ",1,0.00980392156862745
6,"459 PC  BURGLARY RESIDENCE -> 12020(A)1) PROHIBITED FIREARM",1,0.00980392156862745
6,"459 PC  BURGLARY RESIDENCE -> 23220 VC DRINKING WHILE DRVING",1,0.00980392156862745
6,"459 PC  BURGLARY RESIDENCE -> 245(A)(1)AWDW/NO FIREARM/CIVIL",1,0.00980392156862745
6,"459 PC  BURGLARY RESIDENCE -> 3056 PAROLE VIO - I RPT",1,0.00980392156862745
6,"459 PC  BURGLARY RESIDENCE -> 459 PC  BURGLARY RESIDENCE",1,0.00980392156862745
6,"459 PC  BURGLARY RESIDENCE -> 594(B)(2)(A) VANDALISM/ -$400",1,0.00980392156862745
6,"459 PC  BURGLARY RESIDENCE -> 594(B)(2)(A)VANDALISM GRAF-400",1,0.00980392156862745
6,"459 PC  BURGLARY RESIDENCE -> 666 PC PETTY THEFT W/PRI CONV",1,0.00980392156862745
6,"459 PC  BURGLARY RESIDENCE -> 9.04.050 A DRINKING IN PUBLIC",1,0.00980392156862745
6,"459 PC  BURGLARY RESIDENCE -> FOUND PROPERTY - I RPT",1,0.00980392156862745
6,"459 PC  BURGLARY RESIDENCE -> HARASSMENT - I RPT",1,0.00980392156862745
6,"459 PC  BURGLARY RESIDENCE -> MISSING PERSON",1,0.00980392156862745
6,"459 PC  BURGLARY RESIDENCE -> TOWED/STORED VEHICLE",1,0.00980392156862745
6,"459 PC  BURGLARY VEHICLE -> 11377(A)HS POSS AMPHETAMINES",1,0.00980392156862745
6,"459 PC  BURGLARY VEHICLE -> 20002(A) HIT/RUN",1,0.00980392156862745
6,"459 PC  BURGLARY VEHICLE -> 242 PC  BATTERY CIVILIAN",1,0.00980392156862745
6,"459 PC  BURGLARY VEHICLE -> 484 PC   PETTY THEFT/INSIDE",1,0.00980392156862745
6,"459 PC  BURGLARY VEHICLE -> 484 PETTY THEFT/LICENSE PLATE",1,0.00980392156862745
6,"459 PC  BURGLARY VEHICLE -> 485 PC PT OF FOUND PROPERTY",1,0.00980392156862745
6,"459 PC  BURGLARY VEHICLE -> 487(A) PC GRAND THEFT",1,0.00980392156862745
6,"459 PC  BURGLARY VEHICLE -> CHILD WELFARE - I RPT",1,0.00980392156862745
6,"459 PC  BURGLARY VEHICLE -> MISCELLANEOUS I RPT (ZMISC)",1,0.00980392156862745
6,"459 PC  BURGLARY VEHICLE -> MISSING PERSON",1,0.00980392156862745
6,"459 PC  BURGLARY VEHICLE -> NARCOTICS SUSP/EVID/ACT- I RPT",1,0.00980392156862745
6,"459 PC  BURGLARY VEHICLE -> PERSON INFORMATION - I RPT",1,0.00980392156862745
6,"459 PC  BURGLARY VEHICLE -> TRAFFIC-ACCIDENT INJURY",1,0.00980392156862745
6,"475(A)PC POSS FORGED CHK/NOTE -> 11350(A)HS POSS CNTRL SUBST",1,0.00980392156862745
6,"475(A)PC POSS FORGED CHK/NOTE -> 11357(B)HS POSS -28.5GR MARIJ",1,0.00980392156862745
6,"475(A)PC POSS FORGED CHK/NOTE -> TOWED/STORED VEH-14602.6",1,0.00980392156862745
6,"484 PC   PETTY THEFT/INSIDE -> 10851 VC AUTO THEFT LOCATE",1,0.00980392156862745
6,"484 PC   PETTY THEFT/INSIDE -> 11350(A)HS POSS CNTRL SUBST",1,0.00980392156862745
6,"484 PC   PETTY THEFT/INSIDE -> 484G(B) PC ACCESS CARD FRAUD",1,0.00980392156862745
6,"484 PC   PETTY THEFT/INSIDE -> 487(A) PC GRAND THEFT",1,0.00980392156862745
6,"484 PC   PETTY THEFT/INSIDE -> CHILD CUSTODY - I RPT",1,0.00980392156862745
6,"484 PC   PETTY THEFT/INSIDE -> GANG ACTIVITY - I RPT",1,0.00980392156862745
6,"484 PC   PETTY THEFT/INSIDE -> TOWED/STORED VEHICLE",1,0.00980392156862745
6,"484 PC  PETTY THEFT/ OUTSIDE -> 529 PC FALSE PERSONATION",1,0.00980392156862745
6,"484 PC  PETTY THEFT/ OUTSIDE -> 602(K)TRESPASS:INJURE PROPERTY",1,0.00980392156862745
6,"484 PC  PETTY THEFT/ OUTSIDE -> THREATS - I RPT",1,0.00980392156862745
6,"484 PC PETTY THEFT -> 10851 VC AUTO THEFT LOCATE",1,0.00980392156862745
6,"484 PC PETTY THEFT -> 11350(A)HS POSS CNTRL SUBST",1,0.00980392156862745
6,"484 PC PETTY THEFT -> 1551(A) FUGITIVE FROM JUSTICE",1,0.00980392156862745
6,"484 PC PETTY THEFT -> NARCOTICS SUSP/EVID/ACT- I RPT",1,0.00980392156862745
6,"484 PC PETTY THEFT -> TOWED/STORED VEH-14602.6",1,0.00980392156862745
6,"484 PC PETTY THEFT -> TRAFFIC-ACCIDENT INJURY",1,0.00980392156862745
6,"484 PETTY THEFT CLOUT UNLOCKED -> 10851 VC AUTO THEFT LOCATE",1,0.00980392156862745
6,"484 PETTY THEFT CLOUT UNLOCKED -> 487(A) GRAND THEFT-INSIDE",1,0.00980392156862745
6,"484 PETTY THEFT CLOUT UNLOCKED -> 5150 WI DANGER SELF/OTHERS",1,0.00980392156862745
6,"484 PETTY THEFT CLOUT UNLOCKED -> 594(B)(2)(A) VANDALISM/ -$400",1,0.00980392156862745
6,"484 PETTY THEFT CLOUT UNLOCKED -> TOWED/STORED VEHICLE",1,0.00980392156862745
6,"484 PETTY THEFT CLOUT UNLOCKED -> TRAFFIC-ACCIDENT-NON INJURY",1,0.00980392156862745
6,"484 PETTY THEFT-SHOPLIFT -> 10851(A)VC TAKE VEH W/O OWNER",1,0.00980392156862745
6,"484 PETTY THEFT-SHOPLIFT -> 11357(B)HS POSS -28.5GR MARIJ",1,0.00980392156862745
6,"484 PETTY THEFT-SHOPLIFT -> 459 PC  BURGLARY VEHICLE",1,0.00980392156862745
6,"484 PETTY THEFT/LICENSE PLATE -> 10851(A)VC TAKE VEH W/O OWNER",1,0.00980392156862745
6,"484 PETTY THEFT/LICENSE PLATE -> 12020(A)1) PROHIBITED FIREARM",1,0.00980392156862745
6,"484 PETTY THEFT/LICENSE PLATE -> 243(E)1 BATTERY NONCOHAB SPOUS",1,0.00980392156862745
6,"484 PETTY THEFT/LICENSE PLATE -> 484 PC   PETTY THEFT/INSIDE",1,0.00980392156862745
6,"484 PETTY THEFT/LICENSE PLATE -> TOWED/STORED VEHICLE",1,0.00980392156862745
6,"484 PETTY THEFT/LICENSE PLATE -> TRAFFIC-ACCIDENT INJURY",1,0.00980392156862745
6,"484E(D)PC FRAUD POSS CARD INFO -> 247(B) PC SHOOT UNOCC BLDG/VEH",1,0.00980392156862745
6,"484G(B) PC ACCESS CARD FRAUD -> 245(A)(1)AWDW/NO FIREARM/CIVIL",1,0.00980392156862745
6,"484G(B) PC ACCESS CARD FRAUD -> 459 PC  BURGLARY BUSINESS",1,0.00980392156862745
6,"484G(B) PC ACCESS CARD FRAUD -> TRAFFIC-ACCIDENT INJURY",1,0.00980392156862745
6,"487(A) GRAND THEFT-INSIDE -> 487(A) GRAND THEFT-CLOUT-UNLOC",1,0.00980392156862745
6,"487(A) PC GRAND THEFT -> 246 PC SHOOT OCCUP DWELL/VEH",1,0.00980392156862745
6,"487(A) PC GRAND THEFT -> 4140 BP  POSS OF HYPO NEEDLE",1,0.00980392156862745
6,"487(A) PC GRAND THEFT -> 459 PC  BURGLARY BUSINESS",1,0.00980392156862745
6,"487(A) PC GRAND THEFT -> 459 PC  BURGLARY RESIDENCE",1,0.00980392156862745
6,"487(A) PC GRAND THEFT -> 503 PC   EMBEZZLEMENT",1,0.00980392156862745
6,"487(A) PC GRAND THEFT -> SHOOT INTO OCCUP DWELL - I RPT",1,0.00980392156862745
6,"496(A) RECEIVE STOLEN PROPERTY -> 459 PC  BURGLARY VEHICLE",1,0.00980392156862745
6,"496(A) RECEIVE STOLEN PROPERTY -> TOWED/STORED VEH-14602.6",1,0.00980392156862745
6,"5150 WI DANGER SELF/OTHERS -> 245(A)(2) AWDW/FIREARM/CIVILIA",1,0.00980392156862745
6,"5150 WI DANGER SELF/OTHERS -> 459 PC  BURGLARY VEHICLE",1,0.00980392156862745
6,"5150 WI DANGER SELF/OTHERS -> 459 PC  BURGLARY-UNSPECIFIED",1,0.00980392156862745
6,"5150 WI DANGER SELF/OTHERS -> 484 PETTY THEFT CLOUT UNLOCKED",1,0.00980392156862745
6,"5150 WI DANGER SELF/OTHERS -> 487(A) PC GRAND THEFT",1,0.00980392156862745
6,"5150 WI DANGER SELF/OTHERS -> GANG ACTIVITY - I RPT",1,0.00980392156862745
6,"5150 WI DANGER SELF/OTHERS -> HARASSMENT - I RPT",1,0.00980392156862745
6,"5150 WI DANGER SELF/OTHERS -> NON INJ HR/MAIL OUT REPORT",1,0.00980392156862745
6,"5150 WI DANGER SELF/OTHERS -> THREATS - I RPT",1,0.00980392156862745
6,"5150 WI DANGER SELF/OTHERS -> TRAFFIC-ACCIDENT INJURY",1,0.00980392156862745
6,"529 PC FALSE PERSONATION -> 211 PC ROBBERY- BUSINESS",1,0.00980392156862745
6,"529 PC FALSE PERSONATION -> 245(A)(2) AWDW/FIREARM/CIVILIA",1,0.00980392156862745
6,"529 PC FALSE PERSONATION -> 247(B) PC SHOOT UNOCC BLDG/VEH",1,0.00980392156862745
6,"529 PC FALSE PERSONATION -> 484 PC PETTY THEFT",1,0.00980392156862745
6,"529 PC FALSE PERSONATION -> 484E(D)PC FRAUD POSS CARD INFO",1,0.00980392156862745
6,"529 PC FALSE PERSONATION -> 532 PC FRAUD OBTAIN MONEY ETC",1,0.00980392156862745
6,"529 PC FALSE PERSONATION -> 594(B)(1)PC  VANDALISM +$400",1,0.00980392156862745
6,"529 PC FALSE PERSONATION -> FOUND PROPERTY - I RPT",1,0.00980392156862745
6,"529 PC FALSE PERSONATION -> MISCELLANEOUS I RPT (ZMISC)",1,0.00980392156862745
6,"529 PC FALSE PERSONATION -> TOWED/STORED VEHICLE",1,0.00980392156862745
6,"530.5 PC USE PERSONAL ID INFO -> 10851(A)VC TAKE VEH W/O OWNER",1,0.00980392156862745
6,"530.5 PC USE PERSONAL ID INFO -> 211 PC  ROBBERY UNSPECIFIED",1,0.00980392156862745
6,"530.5 PC USE PERSONAL ID INFO -> 23152(A) VC DUI-ALCOHOL/DRUGS",1,0.00980392156862745
6,"530.5 PC USE PERSONAL ID INFO -> 459 PC  BURGLARY BUSINESS",1,0.00980392156862745
6,"530.5 PC USE PERSONAL ID INFO -> 484 PETTY THEFT/LICENSE PLATE",1,0.00980392156862745
6,"530.5 PC USE PERSONAL ID INFO -> 594(B)(1)PC  VANDALISM +$400",1,0.00980392156862745
6,"530.5 PC USE PERSONAL ID INFO -> GRAND THEFT - I RPT",1,0.00980392156862745
6,"594(B)(1)PC  VANDALISM +$400 -> 211 PC ROBBERY- BUSINESS",1,0.00980392156862745
6,"594(B)(1)PC  VANDALISM +$400 -> 215(A) PC    CARJACKING",1,0.00980392156862745
6,"594(B)(1)PC  VANDALISM +$400 -> 245(A)(1)AWDW/NO FIREARM/CIVIL",1,0.00980392156862745
6,"594(B)(1)PC  VANDALISM +$400 -> 246 PC SHOOT OCCUP DWELL/VEH",1,0.00980392156862745
6,"594(B)(1)PC  VANDALISM +$400 -> 422 PC THREAT/INTENT TO TERROR",1,0.00980392156862745
6,"594(B)(1)PC  VANDALISM +$400 -> 484 PC PETTY THEFT",1,0.00980392156862745
6,"594(B)(1)PC  VANDALISM +$400 -> SHOOT INTO OCCUP DWELL - I RPT",1,0.00980392156862745
6,"594(B)(1)PC  VANDALISM +$400 -> TOWED/STORED VEH-14602.6",1,0.00980392156862745
6,"594(B)(1)PC  VANDALISM +$400 -> TRAFFIC-ACCIDENT INJURY",1,0.00980392156862745
6,"594(B)(2)(A) VANDALISM/ -$400 -> 459 PC  BURGLARY RESIDENCE",1,0.00980392156862745
6,"594(B)(2)(A) VANDALISM/ -$400 -> 459 PC  BURGLARY VEHICLE",1,0.00980392156862745
6,"594(B)(2)(A) VANDALISM/ -$400 -> 487(A) GRAND THEFT-INSIDE",1,0.00980392156862745
6,"594(B)(2)(A) VANDALISM/ -$400 -> 487(A) PC GRAND THEFT",1,0.00980392156862745
6,"594(B)(2)(A) VANDALISM/ -$400 -> 647(B) PC   PROSTITUTION",1,0.00980392156862745
6,"594(B)(2)(A) VANDALISM/ -$400 -> CASUALTY REPORT",1,0.00980392156862745
6,"594(B)(2)(A) VANDALISM/ -$400 -> MISSING PERSON",1,0.00980392156862745
6,"594(B)(2)(A) VANDALISM/ -$400 -> SAFEKEEPING - I RPT",1,0.00980392156862745
6,"594(B)(2)(A) VANDALISM/ -$400 -> TELEPEST -I RPT",1,0.00980392156862745
6,"594(B)(2)(A) VANDALISM/ -$400 -> TOWED/STORED VEHICLE",1,0.00980392156862745
6,"594(B)(2)(A) VANDALISM/ -$400 -> VANDALISM - I RPT",1,0.00980392156862745
6,"594(B)(2)(A)VANDALISM GRAF-400 -> LOST PROPERTY - I RPT",1,0.00980392156862745
6,"594(B)(2)(A)VANDALISM GRAF-400 -> MISSING PERSON",1,0.00980392156862745
6,"594(B)(2)(A)VANDALISM GRAF-400 -> RPT # CANCELLED- I RPT",1,0.00980392156862745
6,"647(B) PC   PROSTITUTION -> 10851(A)VC TAKE VEH W/O OWNER",1,0.00980392156862745
6,"647(B) PC   PROSTITUTION -> 11352(A)HS SALE/TRANS CNTL SUB",1,0.00980392156862745
6,"647(B) PC   PROSTITUTION -> 11377(A)HS POSS AMPHETAMINES",1,0.00980392156862745
6,"647(B) PC   PROSTITUTION -> 20002(A) HIT/RUN",1,0.00980392156862745
6,"647(B) PC   PROSTITUTION -> 247(B) PC SHOOT UNOCC BLDG/VEH",1,0.00980392156862745
6,"647(B) PC   PROSTITUTION -> 3056 PAROLE VIO - I RPT",1,0.00980392156862745
6,"647(B) PC   PROSTITUTION -> 4140 BP  POSS OF HYPO NEEDLE",1,0.00980392156862745
6,"647(B) PC   PROSTITUTION -> 459 PC  BURGLARY VEHICLE",1,0.00980392156862745
6,"647(B) PC   PROSTITUTION -> 475(A)PC POSS FORGED CHK/NOTE",1,0.00980392156862745
6,"647(B) PC   PROSTITUTION -> 484 PETTY THEFT/LICENSE PLATE",1,0.00980392156862745
6,"647(B) PC   PROSTITUTION -> 487(A) PC GRAND THEFT",1,0.00980392156862745
6,"647(B) PC   PROSTITUTION -> 5150 WI DANGER SELF/OTHERS",1,0.00980392156862745
6,"647(B) PC   PROSTITUTION -> TOWED/STORED VEH-14602.6",1,0.00980392156862745
6,"647(B) PC   PROSTITUTION -> TRAFFIC-ACCIDENT-NON INJURY",1,0.00980392156862745
6,"647(F) PC DIP - DISORDERLY -> 10851(A)VC TAKE VEH W/O OWNER",1,0.00980392156862745
6,"647(F) PC DIP - DISORDERLY -> FOUND PROPERTY - I RPT",1,0.00980392156862745
6,"653.22(A) LOITER PROSTITUTION -> 459 PC  BURGLARY RESIDENCE",1,0.00980392156862745
6,"653.22(A) LOITER PROSTITUTION -> 459 PC  BURGLARY VEHICLE",1,0.00980392156862745
6,"653.22(A) LOITER PROSTITUTION -> 484 PC   PETTY THEFT/INSIDE",1,0.00980392156862745
6,"653.22(A) LOITER PROSTITUTION -> 5150 WI DANGER SELF/OTHERS",1,0.00980392156862745
6,"653.22(A) LOITER PROSTITUTION -> HARASSMENT - I RPT",1,0.00980392156862745
6,"653.22(A) LOITER PROSTITUTION -> NON INJ HR/MAIL OUT REPORT",1,0.00980392156862745
6,"836.6(B) PC ESCAPE FROM ARREST -> 459 PC  BURGLARY RESIDENCE",1,0.00980392156862745
6,"849(B)(1) CERTIFICATE OF RELEA -> HARASSMENT - I RPT",1,0.00980392156862745
6,"9.44.220 SCC ANIMAL AT LARGE -> 11364 HS POSS DRUG PARAPH",1,0.00980392156862745
6,"9.44.220 SCC ANIMAL AT LARGE -> 594(B)(2)(A) VANDALISM/ -$400",1,0.00980392156862745
6,"ACCIDENTAL FIRES/ARSON -I RPT -> 11350(B)HS POSSESS QUAALUDES",1,0.00980392156862745
6,"ASSAULT WITH WEAPON - I RPT -> 246 PC SHOOT OCCUP DWELL/VEH",1,0.00980392156862745
6,"ASSAULT WITH WEAPON - I RPT -> 503 PC   EMBEZZLEMENT",1,0.00980392156862745
6,"ASSAULT WITH WEAPON - I RPT -> 594(B)(1)PC  VANDALISM +$400",1,0.00980392156862745
6,"ASSAULT WITH WEAPON - I RPT -> SHOOT INTO OCCUP DWELL - I RPT",1,0.00980392156862745
6,"BATTERY - I RPT -> TOWED/STORED VEH-14602.6",1,0.00980392156862745
6,"BURGLARY - I RPT -> 242 PC  BATTERY CIVILIAN",1,0.00980392156862745
6,"BURGLARY - I RPT -> 243(E)1 BATTERY NONCOHAB SPOUS",1,0.00980392156862745
6,"CASUALTY REPORT -> 243(D) PC BATT/CIVILIAN W/INJ",1,0.00980392156862745
6,"CASUALTY REPORT -> 243(E)1 BATTERY NONCOHAB SPOUS",1,0.00980392156862745
6,"CASUALTY REPORT -> 3056 PAROLE VIO - I RPT",1,0.00980392156862745
6,"CASUALTY REPORT -> 459 PC  BURGLARY RESIDENCE",1,0.00980392156862745
6,"CASUALTY REPORT -> 484 PC   PETTY THEFT/INSIDE",1,0.00980392156862745
6,"CASUALTY REPORT -> TELEPEST -I RPT",1,0.00980392156862745
6,"CASUALTY REPORT -> THREATS - I RPT",1,0.00980392156862745
6,"CASUALTY REPORT -> TOWED/STORED VEHICLE",1,0.00980392156862745
6,"CASUALTY REPORT -> TRAFFIC-ACCIDENT-NON INJURY",1,0.00980392156862745
6,"CHILD CUSTODY - I RPT -> TOWED/STORED VEH-14602.6",1,0.00980392156862745
6,"CHILD WELFARE - I RPT -> 10851(A)VC TAKE VEH W/O OWNER",1,0.00980392156862745
6,"ELDER ABUSE/PHYS/MENTAL-I RPT -> TOWED/STORED VEHICLE",1,0.00980392156862745
6,"FAMILY DISTURBANCE - I RPT -> 459 PC  BURGLARY RESIDENCE",1,0.00980392156862745
6,"FAMILY DISTURBANCE - I RPT -> CHILD CUSTODY - I RPT",1,0.00980392156862745
6,"FORGERY-PASSING COUNTERFEIT -> 10851(A)VC TAKE VEH W/O OWNER",1,0.00980392156862745
6,"FOUND PROPERTY - I RPT -> 243(E)1 BATTERY NONCOHAB SPOUS",1,0.00980392156862745
6,"FOUND PROPERTY - I RPT -> 247(B) PC SHOOT UNOCC BLDG/VEH",1,0.00980392156862745
6,"FOUND PROPERTY - I RPT -> 626.10(A) PC POSS WPN SCHL ZN",1,0.00980392156862745
6,"GANG ACTIVITY - I RPT -> 10851 VC AUTO THEFT LOCATE",1,0.00980392156862745
6,"GANG ACTIVITY - I RPT -> 242 PC  BATTERY CIVILIAN",1,0.00980392156862745
6,"GANG ACTIVITY - I RPT -> 459 PC  BURGLARY BUSINESS",1,0.00980392156862745
6,"GANG ACTIVITY - I RPT -> 594(B)(1)PC  VANDALISM +$400",1,0.00980392156862745
6,"GANG ACTIVITY - I RPT -> MISSING PERSON",1,0.00980392156862745
6,"GANG ACTIVITY - I RPT -> TOWED/STORED VEHICLE",1,0.00980392156862745
6,"GANG ACTIVITY - I RPT -> TRAFFIC-ACCIDENT INJURY",1,0.00980392156862745
6,"GANG ACTIVITY - I RPT -> TRAFFIC-ACCIDENT-NON INJURY",1,0.00980392156862745
6,"HARASSMENT - I RPT -> 290(F)1 W/I 5 DAYS ADD CHANGE",1,0.00980392156862745
6,"HARASSMENT - I RPT -> 487(A) GRAND THEFT-INSIDE",1,0.00980392156862745
6,"HARASSMENT - I RPT -> 496(A) RECEIVE STOLEN PROPERTY",1,0.00980392156862745
6,"JUVENILE PROBLEMS - I RPT -> TOWED/STORED VEHICLE",1,0.00980392156862745
6,"LOST PROPERTY - I RPT -> 10851 VC AUTO THEFT LOCATE",1,0.00980392156862745
6,"LOST PROPERTY - I RPT -> 20002(A) HIT/RUN",1,0.00980392156862745
6,"LOST PROPERTY - I RPT -> 487(A) GRAND THEFT-INSIDE",1,0.00980392156862745
6,"LOST PROPERTY - I RPT -> 594(B)(2)(A)VANDALISM GRAF-400",1,0.00980392156862745
6,"LOST PROPERTY - I RPT -> GANG ACTIVITY - I RPT",1,0.00980392156862745
6,"LOST PROPERTY - I RPT -> MISSING PERSON",1,0.00980392156862745
6,"LOST PROPERTY - I RPT -> TOWED/STORED VEH-14602.6",1,0.00980392156862745
6,"LOST PROPERTY - I RPT -> TRAFFIC-ACCIDENT INJURY",1,0.00980392156862745
6,"MISCELLANEOUS I RPT (ZMISC) -> 11359 HS POSS FOR SALE MARIJ",1,0.00980392156862745
6,"MISCELLANEOUS I RPT (ZMISC) -> 211 PC ROBBERY- BUSINESS",1,0.00980392156862745
6,"MISCELLANEOUS I RPT (ZMISC) -> 245(A)(1)AWDW/NO FIREARM/CIVIL",1,0.00980392156862745
6,"MISCELLANEOUS I RPT (ZMISC) -> 417(A)2) PC BRANDISH FIREARM",1,0.00980392156862745
6,"MISCELLANEOUS I RPT (ZMISC) -> 459 PC  BURGLARY BUSINESS",1,0.00980392156862745
6,"MISCELLANEOUS I RPT (ZMISC) -> 475(C) PASS FORGED NOTE",1,0.00980392156862745
6,"MISCELLANEOUS I RPT (ZMISC) -> 484 PC PETTY THEFT",1,0.00980392156862745
6,"MISCELLANEOUS I RPT (ZMISC) -> 530.5 PC USE PERSONAL ID INFO",1,0.00980392156862745
6,"MISCELLANEOUS I RPT (ZMISC) -> 594(B)(1)PC  VANDALISM +$400",1,0.00980392156862745
6,"MISCELLANEOUS I RPT (ZMISC) -> JUVENILE PROBLEMS - I RPT",1,0.00980392156862745
6,"MISSING PERSON -> 148.9 PC FALSE ID TO OFFICER",1,0.00980392156862745
6,"MISSING PERSON -> 20002(A) HIT/RUN",1,0.00980392156862745
6,"MISSING PERSON -> 211 PC ROBBERY-PURSE SNATCH",1,0.00980392156862745
6,"MISSING PERSON -> 242 PC  BATTERY CIVILIAN",1,0.00980392156862745
6,"MISSING PERSON -> 245(A)(1)AWDW/NO FIREARM/CIVIL",1,0.00980392156862745
6,"MISSING PERSON -> 246 PC SHOOT OCCUP DWELL/VEH",1,0.00980392156862745
6,"MISSING PERSON -> 3056 PAROLE VIO - I RPT",1,0.00980392156862745
6,"MISSING PERSON -> 4140 BP  POSS OF HYPO NEEDLE",1,0.00980392156862745
6,"MISSING PERSON -> 487(A) PC GRAND THEFT",1,0.00980392156862745
6,"MISSING PERSON -> 647(B) PC   PROSTITUTION",1,0.00980392156862745
6,"MISSING PERSON -> CHILD WELFARE - I RPT",1,0.00980392156862745
6,"MISSING PERSON -> MISCELLANEOUS I RPT (ZMISC)",1,0.00980392156862745
6,"MISSING PERSON -> TOWED/STORED VEH-14602.6",1,0.00980392156862745
6,"MISSING PERSON I RPT -> 459 PC  BURGLARY RESIDENCE",1,0.00980392156862745
6,"MISSING PERSON I RPT -> TOWED/STORED VEH-14602.6",1,0.00980392156862745
6,"MISSING PERSON I RPT -> TOWED/STORED VEHICLE",1,0.00980392156862745
6,"MISSING PERSON I RPT -> TRAFFIC-ACCIDENT-NON INJURY",1,0.00980392156862745
6,"MISSING PERSON LOCATE O/S ASSI -> 368(B)(1) CRUELTY/ELDER/ W/INJ",1,0.00980392156862745
6,"MISSING PERSON LOCATE O/S ASSI -> 459 PC  BURGLARY VEHICLE",1,0.00980392156862745
6,"MISSING PERSON LOCATE O/S ASSI -> NON INJ HR/MAIL OUT REPORT",1,0.00980392156862745
6,"MISSING PERSON LOCATE O/S ASSI -> TOWED/STORED VEH-14602.6",1,0.00980392156862745
6,"NARCOTICS SUSP/EVID/ACT- I RPT -> 10851 VC AUTO THEFT LOCATE",1,0.00980392156862745
6,"NARCOTICS SUSP/EVID/ACT- I RPT -> 11352(A)HS SALE/TRANS CNTL SUB",1,0.00980392156862745
6,"NARCOTICS SUSP/EVID/ACT- I RPT -> 12021(A)(1)PC FELON POSS FRARM",1,0.00980392156862745
6,"NARCOTICS SUSP/EVID/ACT- I RPT -> 459 PC  BURGLARY VEHICLE",1,0.00980392156862745
6,"NARCOTICS SUSP/EVID/ACT- I RPT -> 484 PC   PETTY THEFT/INSIDE",1,0.00980392156862745
6,"NARCOTICS SUSP/EVID/ACT- I RPT -> LOST PROPERTY - I RPT",1,0.00980392156862745
6,"NARCOTICS SUSP/EVID/ACT- I RPT -> NARCOTICS SUSP/EVID/ACT- I RPT",1,0.00980392156862745
6,"NARCOTICS SUSP/EVID/ACT- I RPT -> NEIGHBORHOOD DISTURBANCE-I RPT",1,0.00980392156862745
6,"NARCOTICS SUSP/EVID/ACT- I RPT -> TOWED/STORED VEH-14602.6",1,0.00980392156862745
6,"NARCOTICS SUSP/EVID/ACT- I RPT -> TOWED/STORED VEHICLE",1,0.00980392156862745
6,"NEIGHBORHOOD DISTURBANCE-I RPT -> 459 PC  BURGLARY RESIDENCE",1,0.00980392156862745
6,"NON INJ HR/MAIL OUT REPORT -> 10851 VC AUTO THEFT LOCATE",1,0.00980392156862745
6,"NON INJ HR/MAIL OUT REPORT -> 368(B)(1) CRUELTY/ELDER/ W/INJ",1,0.00980392156862745
6,"NON INJ HR/MAIL OUT REPORT -> 459 PC  BURGLARY VEHICLE",1,0.00980392156862745
6,"NON INJ HR/MAIL OUT REPORT -> 594(B)(2)(A) VANDALISM/ -$400",1,0.00980392156862745
6,"NON INJ HR/MAIL OUT REPORT -> TOWED/STORED VEH-14602.6",1,0.00980392156862745
6,"NON INJ HR/MAIL OUT REPORT -> TRAFFIC-ACCIDENT-NON INJURY",1,0.00980392156862745
6,"POSS STOLEN VEHICLE- I RPT -> 484 PC  PETTY THEFT AUTO PART",1,0.00980392156862745
6,"POSS STOLEN VEHICLE- I RPT -> 529 PC FALSE PERSONATION",1,0.00980392156862745
6,"ROBBERY - I RPT -> 484 PC  PETTY THEFT AUTO PART",1,0.00980392156862745
6,"ROBBERY - I RPT -> 484 PC  PETTY THEFT/ OUTSIDE",1,0.00980392156862745
6,"ROBBERY - I RPT -> 529 PC FALSE PERSONATION",1,0.00980392156862745
6,"ROBBERY - I RPT -> POSS STOLEN VEHICLE- I RPT",1,0.00980392156862745
6,"SAFEKEEPING - I RPT -> 10851(A)VC TAKE VEH W/O OWNER",1,0.00980392156862745
6,"SAFEKEEPING - I RPT -> MISSING PERSON",1,0.00980392156862745
6,"SUSP PERS-NO CRIME - I RPT -> 211 PC  ROBBERY UNSPECIFIED",1,0.00980392156862745
6,"SUSP PERS-NO CRIME - I RPT -> 245(A)(1)AWDW/NO FIREARM/CIVIL",1,0.00980392156862745
6,"SUSP PERS-NO CRIME - I RPT -> CASUALTY REPORT",1,0.00980392156862745
6,"SUSP PERS-NO CRIME - I RPT -> LOST PROPERTY - I RPT",1,0.00980392156862745
6,"SUSP PERS-NO CRIME - I RPT -> THREATS - I RPT",1,0.00980392156862745
6,"SUSP PERS-NO CRIME - I RPT -> TOWED/STORED VEH-14602.6",1,0.00980392156862745
6,"SUSP PERS-NO CRIME - I RPT -> TOWED/STORED VEHICLE",1,0.00980392156862745
6,"TELEPEST -I RPT -> 246 PC SHOOT OCCUP DWELL/VEH",1,0.00980392156862745
6,"TELEPEST -I RPT -> 503 PC   EMBEZZLEMENT",1,0.00980392156862745
6,"TERRORIST THREATS - I RPT -> 10851(A)VC TAKE VEH W/O OWNER",1,0.00980392156862745
6,"THREATS - I RPT -> 459 PC  BURGLARY RESIDENCE",1,0.00980392156862745
6,"THREATS - I RPT -> POSSIBLE STOLEN PROPERTY-I RPT",1,0.00980392156862745
6,"THREATS - I RPT -> TOWED/STORED VEHICLE",1,0.00980392156862745
6,"THREATS - I RPT -> TRAFFIC-ACCIDENT INJURY",1,0.00980392156862745
6,"TOWED/STORED VEH-14602.6 -> 11350(B)HS POSSESS QUAALUDES",1,0.00980392156862745
6,"TOWED/STORED VEH-14602.6 -> 11352(B)HS TRANS SUBST TO CNTY",1,0.00980392156862745
6,"TOWED/STORED VEH-14602.6 -> 11357(B)HS POSS -28.5GR MARIJ",1,0.00980392156862745
6,"TOWED/STORED VEH-14602.6 -> 11361(B)HS ADLT FURN MNR MARIJ",1,0.00980392156862745
6,"TOWED/STORED VEH-14602.6 -> 11364 HS POSS DRUG PARAPH",1,0.00980392156862745
6,"TOWED/STORED VEH-14602.6 -> 1551(A) FUGITIVE FROM JUSTICE",1,0.00980392156862745
6,"TOWED/STORED VEH-14602.6 -> 1708 US   THEFT OF MAIL",1,0.00980392156862745
6,"TOWED/STORED VEH-14602.6 -> 20001(A) VC HIT/RUN INJ/DEATH",1,0.00980392156862745
6,"TOWED/STORED VEH-14602.6 -> 211 PC  ROBBERY UNSPECIFIED",1,0.00980392156862745
6,"TOWED/STORED VEH-14602.6 -> 22435.2(A) BP POSS SHOP CART",1,0.00980392156862745
6,"TOWED/STORED VEH-14602.6 -> 242 PC  BATTERY CIVILIAN",1,0.00980392156862745
6,"TOWED/STORED VEH-14602.6 -> 243(D) PC BATT/CIVILIAN W/INJ",1,0.00980392156862745
6,"TOWED/STORED VEH-14602.6 -> 4140 BP  POSS OF HYPO NEEDLE",1,0.00980392156862745
6,"TOWED/STORED VEH-14602.6 -> 459 PC  BURGLARY-UNSPECIFIED",1,0.00980392156862745
6,"TOWED/STORED VEH-14602.6 -> 484 PC PETTY THEFT",1,0.00980392156862745
6,"TOWED/STORED VEH-14602.6 -> 5150 WI DANGER SELF/OTHERS",1,0.00980392156862745
6,"TOWED/STORED VEH-14602.6 -> 594(B)(1)PC  VANDALISM +$400",1,0.00980392156862745
6,"TOWED/STORED VEH-14602.6 -> 594(B)(2)(A) VANDALISM/ -$400",1,0.00980392156862745
6,"TOWED/STORED VEH-14602.6 -> 9.04.050 A DRINKING IN PUBLIC",1,0.00980392156862745
6,"TOWED/STORED VEH-14602.6 -> CASUALTY REPORT",1,0.00980392156862745
6,"TOWED/STORED VEH-14602.6 -> CHILD CUSTODY - I RPT",1,0.00980392156862745
6,"TOWED/STORED VEH-14602.6 -> CHILD WELFARE - I RPT",1,0.00980392156862745
6,"TOWED/STORED VEH-14602.6 -> DAMAGE - I RPT",1,0.00980392156862745
6,"TOWED/STORED VEH-14602.6 -> FAMILY DISTURBANCE - I RPT",1,0.00980392156862745
6,"TOWED/STORED VEH-14602.6 -> FRAUD OR BUNCO - I RPT",1,0.00980392156862745
6,"TOWED/STORED VEH-14602.6 -> LOST PROPERTY - I RPT",1,0.00980392156862745
6,"TOWED/STORED VEH-14602.6 -> NARCOTICS SUSP/EVID/ACT- I RPT",1,0.00980392156862745
6,"TOWED/STORED VEHICLE -> 11357(E) MNR POSS MARIJ SCHOOL",1,0.00980392156862745
6,"TOWED/STORED VEHICLE -> 12020(A)1) PROHIBITED FIREARM",1,0.00980392156862745
6,"TOWED/STORED VEHICLE -> 1203.2 PC VIOLATION OF PROBATI",1,0.00980392156862745
6,"TOWED/STORED VEHICLE -> 20002(A) HIT/RUN",1,0.00980392156862745
6,"TOWED/STORED VEHICLE -> 243(E)1 BATTERY NONCOHAB SPOUS",1,0.00980392156862745
6,"TOWED/STORED VEHICLE -> 243.2(A)(1) BATT/SCHOOL INJURY",1,0.00980392156862745
6,"TOWED/STORED VEHICLE -> 5150 WI DANGER SELF/OTHERS",1,0.00980392156862745
6,"TOWED/STORED VEHICLE -> ACCIDENTAL FIRES/ARSON -I RPT",1,0.00980392156862745
6,"TOWED/STORED VEHICLE -> FOUND EVIDENCE-NON NARC -I RPT",1,0.00980392156862745
6,"TOWED/STORED VEHICLE -> FOUND PROPERTY - I RPT",1,0.00980392156862745
6,"TOWED/STORED VEHICLE -> IMPOUNDED VEHICLE",1,0.00980392156862745
6,"TOWED/STORED VEHICLE -> MISSING PERSON",1,0.00980392156862745
6,"TOWED/STORED VEHICLE -> TELEPEST -I RPT",1,0.00980392156862745
6,"TOWED/STORED VEHICLE -> THREATS - I RPT",1,0.00980392156862745
6,"TOWED/STORED VEHICLE -> TRAFFIC-ACCIDENT INJURY",1,0.00980392156862745
6,"TOWED/STORED VEHICLE -> VANDALISM - I RPT",1,0.00980392156862745
6,"TRAFFIC - I RPT -> 10851 VC AUTO THEFT LOCATE",1,0.00980392156862745
6,"TRAFFIC - I RPT -> NON INJ HR/MAIL OUT REPORT",1,0.00980392156862745
6,"TRAFFIC OFFENSE -> 11357(E) MNR POSS MARIJ SCHOOL",1,0.00980392156862745
6,"TRAFFIC OFFENSE -> NARCOTICS SUSP/EVID/ACT- I RPT",1,0.00980392156862745
6,"TRAFFIC OFFENSE -> TOWED/STORED VEHICLE",1,0.00980392156862745
6,"TRAFFIC-ACCIDENT INJURY -> 20001(A) VC HIT/RUN INJ/DEATH",1,0.00980392156862745
6,"TRAFFIC-ACCIDENT INJURY -> 23152(A) VC DUI-ALCOHOL/DRUGS",1,0.00980392156862745
6,"TRAFFIC-ACCIDENT INJURY -> 242 PC  BATTERY CIVILIAN",1,0.00980392156862745
6,"TRAFFIC-ACCIDENT INJURY -> 246 PC SHOOT OCCUP DWELL/VEH",1,0.00980392156862745
6,"TRAFFIC-ACCIDENT INJURY -> 459 PC  BURGLARY RESIDENCE",1,0.00980392156862745
6,"TRAFFIC-ACCIDENT INJURY -> 459 PC  BURGLARY VEHICLE",1,0.00980392156862745
6,"TRAFFIC-ACCIDENT INJURY -> 484 PETTY THEFT CLOUT UNLOCKED",1,0.00980392156862745
6,"TRAFFIC-ACCIDENT INJURY -> MISSING PERSON",1,0.00980392156862745
6,"TRAFFIC-ACCIDENT INJURY -> TOWED/STORED VEH-14602.6",1,0.00980392156862745
6,"TRAFFIC-ACCIDENT INJURY -> TRAFFIC-ACCIDENT-NON INJURY",1,0.00980392156862745
6,"TRAFFIC-ACCIDENT-NON INJURY -> 10851 VC AUTO THEFT LOCATE",1,0.00980392156862745
6,"TRAFFIC-ACCIDENT-NON INJURY -> 459 PC  BURGLARY BUSINESS",1,0.00980392156862745
6,"TRAFFIC-ACCIDENT-NON INJURY -> 487(A) GRAND THEFT-CLOUT-UNLOC",1,0.00980392156862745
6,"TRAFFIC-ACCIDENT-NON INJURY -> 487(A) PC GRAND THEFT",1,0.00980392156862745
6,"TRAFFIC-ACCIDENT-NON INJURY -> 530.5 PC USE PERSONAL ID INFO",1,0.00980392156862745
6,"TRAFFIC-ACCIDENT-NON INJURY -> FRAUD OR BUNCO - I RPT",1,0.00980392156862745
6,"TRAFFIC-ACCIDENT-NON INJURY -> LOST PROPERTY - I RPT",1,0.00980392156862745
6,"TRAFFIC-ACCIDENT-NON INJURY -> MISSING PERSON",1,0.00980392156862745
6,"TRAFFIC-ACCIDENT-NON INJURY -> TRAFFIC-ACCIDENT INJURY",1,0.00980392156862745
6,"TRAFFIC-ACCIDENT-NON INJURY -> TRAFFIC-ACCIDENT-NON INJURY",1,0.00980392156862745
6,"VANDALISM - I RPT -> 459 PC  BURGLARY VEHICLE",1,0.00980392156862745
