"ep","cases_with_ep","support"
"10851(A)VC TAKE VEH W/O OWNER -> 10851(A)VC TAKE VEH W/O OWNER",102,0.168316831683168
"10851(A)VC TAKE VEH W/O OWNER -> 459 PC  BURGLARY VEHICLE",95,0.156765676567657
"TOWED/STORED VEHICLE -> TOWED/STORED VEHICLE",85,0.14026402640264
"TOWED/STORED VEH-14602.6 -> TOWED/STORED VEH-14602.6",77,0.127062706270627
"459 PC  BURGLARY RESIDENCE -> TOWED/STORED VEH-14602.6",76,0.125412541254125
"459 PC  BURGLARY RESIDENCE -> TOWED/STORED VEHICLE",75,0.123762376237624
"459 PC  BURGLARY VEHICLE -> 10851(A)VC TAKE VEH W/O OWNER",75,0.123762376237624
"459 PC  BURGLARY VEHICLE -> 459 PC  BURGLARY VEHICLE",73,0.12046204620462
"TOWED/STORED VEHICLE -> TOWED/STORED VEH-14602.6",73,0.12046204620462
"10851(A)VC TAKE VEH W/O OWNER -> TOWED/STORED VEH-14602.6",71,0.117161716171617
"459 PC  BURGLARY RESIDENCE -> 10851(A)VC TAKE VEH W/O OWNER",70,0.115511551155116
"10851(A)VC TAKE VEH W/O OWNER -> TOWED/STORED VEHICLE",68,0.112211221122112
"TOWED/STORED VEH-14602.6 -> 10851(A)VC TAKE VEH W/O OWNER",68,0.112211221122112
"TOWED/STORED VEH-14602.6 -> TOWED/STORED VEHICLE",64,0.105610561056106
"TOWED/STORED VEHICLE -> 10851(A)VC TAKE VEH W/O OWNER",64,0.105610561056106
"10851(A)VC TAKE VEH W/O OWNER -> 459 PC  BURGLARY RESIDENCE",63,0.103960396039604
"10851(A)VC TAKE VEH W/O OWNER -> 594(B)(2)(A) VANDALISM/ -$400",62,0.102310231023102
"10851(A)VC TAKE VEH W/O OWNER -> 10851 VC AUTO THEFT LOCATE",59,0.0973597359735974
"TOWED/STORED VEHICLE -> 459 PC  BURGLARY VEHICLE",54,0.0891089108910891
"459 PC  BURGLARY RESIDENCE -> 459 PC  BURGLARY VEHICLE",52,0.0858085808580858
"TOWED/STORED VEH-14602.6 -> 459 PC  BURGLARY VEHICLE",51,0.0841584158415842
"10851(A)VC TAKE VEH W/O OWNER -> 459 PC  BURGLARY BUSINESS",50,0.0825082508250825
"10851(A)VC TAKE VEH W/O OWNER -> TRAFFIC-ACCIDENT INJURY",50,0.0825082508250825
"TOWED/STORED VEHICLE -> 10851 VC AUTO THEFT LOCATE",50,0.0825082508250825
"10851(A)VC TAKE VEH W/O OWNER -> CASUALTY REPORT",49,0.0808580858085809
"10851(A)VC TAKE VEH W/O OWNER -> MISSING PERSON",49,0.0808580858085809
"459 PC  BURGLARY VEHICLE -> TOWED/STORED VEH-14602.6",49,0.0808580858085809
"594(B)(2)(A) VANDALISM/ -$400 -> 10851(A)VC TAKE VEH W/O OWNER",49,0.0808580858085809
"TOWED/STORED VEHICLE -> 459 PC  BURGLARY RESIDENCE",49,0.0808580858085809
"10851 VC AUTO THEFT LOCATE -> 10851(A)VC TAKE VEH W/O OWNER",47,0.0775577557755776
"10851(A)VC TAKE VEH W/O OWNER -> TRAFFIC-ACCIDENT-NON INJURY",46,0.0759075907590759
"10851 VC AUTO THEFT LOCATE -> TOWED/STORED VEH-14602.6",44,0.0726072607260726
"459 PC  BURGLARY VEHICLE -> 459 PC  BURGLARY RESIDENCE",44,0.0726072607260726
"10851 VC AUTO THEFT LOCATE -> TOWED/STORED VEHICLE",42,0.0693069306930693
"10851(A)VC TAKE VEH W/O OWNER -> 20002(A) HIT/RUN",42,0.0693069306930693
"459 PC  BURGLARY VEHICLE -> TOWED/STORED VEHICLE",42,0.0693069306930693
"459 PC  BURGLARY RESIDENCE -> 459 PC  BURGLARY RESIDENCE",41,0.0676567656765677
"10851(A)VC TAKE VEH W/O OWNER -> 484 PETTY THEFT/LICENSE PLATE",40,0.066006600660066
"MISSING PERSON -> TOWED/STORED VEHICLE",40,0.066006600660066
"10851(A)VC TAKE VEH W/O OWNER -> 23152(A) VC DUI-ALCOHOL/DRUGS",39,0.0643564356435644
"10851(A)VC TAKE VEH W/O OWNER -> 5150 WI DANGER SELF/OTHERS",39,0.0643564356435644
"10851(A)VC TAKE VEH W/O OWNER -> 594(B)(1)PC  VANDALISM +$400",39,0.0643564356435644
"TOWED/STORED VEH-14602.6 -> TRAFFIC-ACCIDENT INJURY",38,0.0627062706270627
"TOWED/STORED VEHICLE -> MISSING PERSON",38,0.0627062706270627
"TOWED/STORED VEH-14602.6 -> 459 PC  BURGLARY RESIDENCE",37,0.0610561056105611
"10851 VC AUTO THEFT LOCATE -> 459 PC  BURGLARY VEHICLE",36,0.0594059405940594
"10851(A)VC TAKE VEH W/O OWNER -> 11364 HS POSS DRUG PARAPH",36,0.0594059405940594
"TRAFFIC-ACCIDENT-NON INJURY -> TOWED/STORED VEH-14602.6",36,0.0594059405940594
"10851(A)VC TAKE VEH W/O OWNER -> FOUND PROPERTY - I RPT",34,0.0561056105610561
"459 PC  BURGLARY RESIDENCE -> 594(B)(2)(A) VANDALISM/ -$400",34,0.0561056105610561
"459 PC  BURGLARY RESIDENCE -> MISSING PERSON",34,0.0561056105610561
"459 PC  BURGLARY VEHICLE -> 10851 VC AUTO THEFT LOCATE",33,0.0544554455445545
"459 PC  BURGLARY VEHICLE -> 594(B)(2)(A) VANDALISM/ -$400",33,0.0544554455445545
"459 PC  BURGLARY VEHICLE -> MISSING PERSON",33,0.0544554455445545
"TRAFFIC-ACCIDENT-NON INJURY -> 459 PC  BURGLARY VEHICLE",33,0.0544554455445545
"10851 VC AUTO THEFT LOCATE -> MISSING PERSON",32,0.0528052805280528
"459 PC  BURGLARY RESIDENCE -> 10851 VC AUTO THEFT LOCATE",32,0.0528052805280528
"459 PC  BURGLARY RESIDENCE -> TRAFFIC-ACCIDENT-NON INJURY",32,0.0528052805280528
"MISSING PERSON -> 10851(A)VC TAKE VEH W/O OWNER",32,0.0528052805280528
"TOWED/STORED VEH-14602.6 -> 10851 VC AUTO THEFT LOCATE",32,0.0528052805280528
"TOWED/STORED VEHICLE -> TRAFFIC-ACCIDENT-NON INJURY",32,0.0528052805280528
"TRAFFIC-ACCIDENT INJURY -> TOWED/STORED VEH-14602.6",32,0.0528052805280528
"20002(A) HIT/RUN -> 10851(A)VC TAKE VEH W/O OWNER",31,0.0511551155115512
"459 PC  BURGLARY RESIDENCE -> TRAFFIC-ACCIDENT INJURY",31,0.0511551155115512
"MISSING PERSON -> TOWED/STORED VEH-14602.6",31,0.0511551155115512
"TOWED/STORED VEH-14602.6 -> TRAFFIC-ACCIDENT-NON INJURY",31,0.0511551155115512
"TOWED/STORED VEHICLE -> TRAFFIC-ACCIDENT INJURY",31,0.0511551155115512
"TRAFFIC-ACCIDENT INJURY -> 10851(A)VC TAKE VEH W/O OWNER",31,0.0511551155115512
"TRAFFIC-ACCIDENT INJURY -> 459 PC  BURGLARY VEHICLE",30,0.0495049504950495
"TRAFFIC-ACCIDENT-NON INJURY -> 10851(A)VC TAKE VEH W/O OWNER",30,0.0495049504950495
"TRAFFIC-ACCIDENT-NON INJURY -> TOWED/STORED VEHICLE",30,0.0495049504950495
"459 PC  BURGLARY VEHICLE -> TRAFFIC-ACCIDENT INJURY",29,0.0478547854785479
"594(B)(2)(A) VANDALISM/ -$400 -> TOWED/STORED VEHICLE",29,0.0478547854785479
"MISSING PERSON -> 459 PC  BURGLARY VEHICLE",29,0.0478547854785479
"10851(A)VC TAKE VEH W/O OWNER -> 242 PC  BATTERY CIVILIAN",28,0.0462046204620462
"10851(A)VC TAKE VEH W/O OWNER -> 484 PETTY THEFT-SHOPLIFT",28,0.0462046204620462
"459 PC  BURGLARY RESIDENCE -> FOUND PROPERTY - I RPT",28,0.0462046204620462
"594(B)(2)(A) VANDALISM/ -$400 -> 459 PC  BURGLARY VEHICLE",28,0.0462046204620462
"10851 VC AUTO THEFT LOCATE -> 10851 VC AUTO THEFT LOCATE",27,0.0445544554455446
"10851(A)VC TAKE VEH W/O OWNER -> 11377(A)HS POSS AMPHETAMINES",27,0.0445544554455446
"10851(A)VC TAKE VEH W/O OWNER -> 211 PC  ROBBERY UNSPECIFIED",27,0.0445544554455446
"211 PC  ROBBERY UNSPECIFIED -> 10851(A)VC TAKE VEH W/O OWNER",27,0.0445544554455446
"243(E)1 BATTERY NONCOHAB SPOUS -> 10851(A)VC TAKE VEH W/O OWNER",27,0.0445544554455446
"459 PC  BURGLARY VEHICLE -> 20002(A) HIT/RUN",27,0.0445544554455446
"594(B)(1)PC  VANDALISM +$400 -> 10851(A)VC TAKE VEH W/O OWNER",27,0.0445544554455446
"MISSING PERSON -> MISSING PERSON",27,0.0445544554455446
"TOWED/STORED VEH-14602.6 -> 594(B)(2)(A) VANDALISM/ -$400",27,0.0445544554455446
"TOWED/STORED VEH-14602.6 -> MISSING PERSON",27,0.0445544554455446
"TOWED/STORED VEHICLE -> 484 PC   PETTY THEFT/INSIDE",27,0.0445544554455446
"TOWED/STORED VEHICLE -> 484 PETTY THEFT-SHOPLIFT",27,0.0445544554455446
"TRAFFIC-ACCIDENT INJURY -> TOWED/STORED VEHICLE",27,0.0445544554455446
"10851(A)VC TAKE VEH W/O OWNER -> 245(A)(1)AWDW/NO FIREARM/CIVIL",26,0.0429042904290429
"10851(A)VC TAKE VEH W/O OWNER -> 484 PC PETTY THEFT",26,0.0429042904290429
"10851(A)VC TAKE VEH W/O OWNER -> 487(A) PC GRAND THEFT",26,0.0429042904290429
"459 PC  BURGLARY BUSINESS -> 10851(A)VC TAKE VEH W/O OWNER",26,0.0429042904290429
"459 PC  BURGLARY RESIDENCE -> 459 PC  BURGLARY BUSINESS",26,0.0429042904290429
"459 PC  BURGLARY VEHICLE -> CASUALTY REPORT",26,0.0429042904290429
"459 PC  BURGLARY VEHICLE -> TRAFFIC-ACCIDENT-NON INJURY",26,0.0429042904290429
"MISSING PERSON -> 459 PC  BURGLARY RESIDENCE",26,0.0429042904290429
"MISSING PERSON -> TRAFFIC-ACCIDENT-NON INJURY",26,0.0429042904290429
"459 PC  BURGLARY RESIDENCE -> CASUALTY REPORT",25,0.0412541254125413
"484 PETTY THEFT/LICENSE PLATE -> 10851(A)VC TAKE VEH W/O OWNER",25,0.0412541254125413
"5150 WI DANGER SELF/OTHERS -> 10851(A)VC TAKE VEH W/O OWNER",25,0.0412541254125413
"TOWED/STORED VEH-14602.6 -> 459 PC  BURGLARY BUSINESS",25,0.0412541254125413
"TOWED/STORED VEH-14602.6 -> 5150 WI DANGER SELF/OTHERS",25,0.0412541254125413
"TRAFFIC-ACCIDENT INJURY -> TRAFFIC-ACCIDENT INJURY",25,0.0412541254125413
"10851(A)VC TAKE VEH W/O OWNER -> 484G(B) PC ACCESS CARD FRAUD",24,0.0396039603960396
"459 PC  BURGLARY VEHICLE -> 5150 WI DANGER SELF/OTHERS",24,0.0396039603960396
"5150 WI DANGER SELF/OTHERS -> 459 PC  BURGLARY VEHICLE",24,0.0396039603960396
"MISSING PERSON -> 594(B)(2)(A) VANDALISM/ -$400",24,0.0396039603960396
"TOWED/STORED VEHICLE -> 484 PETTY THEFT/LICENSE PLATE",24,0.0396039603960396
"10851 VC AUTO THEFT LOCATE -> 459 PC  BURGLARY RESIDENCE",23,0.037953795379538
"10851 VC AUTO THEFT LOCATE -> TRAFFIC-ACCIDENT INJURY",23,0.037953795379538
"10851(A)VC TAKE VEH W/O OWNER -> MISCELLANEOUS I RPT (ZMISC)",23,0.037953795379538
"10851(A)VC TAKE VEH W/O OWNER -> NON INJ HR/MAIL OUT REPORT",23,0.037953795379538
"11364 HS POSS DRUG PARAPH -> 459 PC  BURGLARY VEHICLE",23,0.037953795379538
"211 PC  ROBBERY UNSPECIFIED -> 459 PC  BURGLARY VEHICLE",23,0.037953795379538
"23152(A) VC DUI-ALCOHOL/DRUGS -> 10851(A)VC TAKE VEH W/O OWNER",23,0.037953795379538
"459 PC  BURGLARY VEHICLE -> 459 PC  BURGLARY BUSINESS",23,0.037953795379538
"TOWED/STORED VEH-14602.6 -> FOUND PROPERTY - I RPT",23,0.037953795379538
"TRAFFIC-ACCIDENT-NON INJURY -> 459 PC  BURGLARY RESIDENCE",23,0.037953795379538
"10851(A)VC TAKE VEH W/O OWNER -> 11350(A)HS POSS CNTRL SUBST",22,0.0363036303630363
"459 PC  BURGLARY VEHICLE -> 211 PC  ROBBERY UNSPECIFIED",22,0.0363036303630363
"459 PC  BURGLARY VEHICLE -> 23152(A) VC DUI-ALCOHOL/DRUGS",22,0.0363036303630363
"459 PC  BURGLARY VEHICLE -> 242 PC  BATTERY CIVILIAN",22,0.0363036303630363
"CASUALTY REPORT -> 459 PC  BURGLARY VEHICLE",22,0.0363036303630363
"TOWED/STORED VEH-14602.6 -> 484 PC   PETTY THEFT/INSIDE",22,0.0363036303630363
"TOWED/STORED VEH-14602.6 -> 594(B)(1)PC  VANDALISM +$400",22,0.0363036303630363
"TOWED/STORED VEHICLE -> 11364 HS POSS DRUG PARAPH",22,0.0363036303630363
"TOWED/STORED VEHICLE -> 594(B)(2)(A) VANDALISM/ -$400",22,0.0363036303630363
"TOWED/STORED VEHICLE -> FOUND PROPERTY - I RPT",22,0.0363036303630363
"11364 HS POSS DRUG PARAPH -> 10851(A)VC TAKE VEH W/O OWNER",21,0.0346534653465347
"20002(A) HIT/RUN -> 459 PC  BURGLARY VEHICLE",21,0.0346534653465347
"242 PC  BATTERY CIVILIAN -> 10851(A)VC TAKE VEH W/O OWNER",21,0.0346534653465347
"459 PC  BURGLARY RESIDENCE -> 484 PETTY THEFT/LICENSE PLATE",21,0.0346534653465347
"459 PC  BURGLARY VEHICLE -> 487(A) PC GRAND THEFT",21,0.0346534653465347
"594(B)(1)PC  VANDALISM +$400 -> 459 PC  BURGLARY VEHICLE",21,0.0346534653465347
"594(B)(2)(A) VANDALISM/ -$400 -> 5150 WI DANGER SELF/OTHERS",21,0.0346534653465347
"594(B)(2)(A) VANDALISM/ -$400 -> TOWED/STORED VEH-14602.6",21,0.0346534653465347
"NON INJ HR/MAIL OUT REPORT -> 10851(A)VC TAKE VEH W/O OWNER",21,0.0346534653465347
"TOWED/STORED VEHICLE -> 459 PC  BURGLARY BUSINESS",21,0.0346534653465347
"TRAFFIC-ACCIDENT INJURY -> 459 PC  BURGLARY RESIDENCE",21,0.0346534653465347
"TRAFFIC-ACCIDENT INJURY -> TRAFFIC-ACCIDENT-NON INJURY",21,0.0346534653465347
"23152(A) VC DUI-ALCOHOL/DRUGS -> 459 PC  BURGLARY VEHICLE",20,0.033003300330033
"459 PC  BURGLARY VEHICLE -> 11364 HS POSS DRUG PARAPH",20,0.033003300330033
"594(B)(2)(A) VANDALISM/ -$400 -> 459 PC  BURGLARY RESIDENCE",20,0.033003300330033
"CASUALTY REPORT -> 10851(A)VC TAKE VEH W/O OWNER",20,0.033003300330033
"MISSING PERSON -> 10851 VC AUTO THEFT LOCATE",20,0.033003300330033
"NON INJ HR/MAIL OUT REPORT -> TOWED/STORED VEH-14602.6",20,0.033003300330033
"TOWED/STORED VEH-14602.6 -> 242 PC  BATTERY CIVILIAN",20,0.033003300330033
"TOWED/STORED VEHICLE -> 242 PC  BATTERY CIVILIAN",20,0.033003300330033
"459 PC  BURGLARY RESIDENCE -> 5150 WI DANGER SELF/OTHERS",19,0.0313531353135314
"459 PC  BURGLARY VEHICLE -> 11377(A)HS POSS AMPHETAMINES",19,0.0313531353135314
"459 PC  BURGLARY VEHICLE -> 245(A)(1)AWDW/NO FIREARM/CIVIL",19,0.0313531353135314
"484 PETTY THEFT/LICENSE PLATE -> 459 PC  BURGLARY VEHICLE",19,0.0313531353135314
"487(A) PC GRAND THEFT -> 10851(A)VC TAKE VEH W/O OWNER",19,0.0313531353135314
"594(B)(2)(A) VANDALISM/ -$400 -> 594(B)(2)(A) VANDALISM/ -$400",19,0.0313531353135314
"MISSING PERSON -> TRAFFIC-ACCIDENT INJURY",19,0.0313531353135314
"TOWED/STORED VEHICLE -> 484 PC PETTY THEFT",19,0.0313531353135314
"TOWED/STORED VEHICLE -> 5150 WI DANGER SELF/OTHERS",19,0.0313531353135314
"TRAFFIC-ACCIDENT-NON INJURY -> MISSING PERSON",19,0.0313531353135314
"10851 VC AUTO THEFT LOCATE -> 594(B)(2)(A) VANDALISM/ -$400",18,0.0297029702970297
"10851(A)VC TAKE VEH W/O OWNER -> 484 PC   PETTY THEFT/INSIDE",18,0.0297029702970297
"10851(A)VC TAKE VEH W/O OWNER -> 484 PC  PETTY THEFT/ OUTSIDE",18,0.0297029702970297
"243(E)1 BATTERY NONCOHAB SPOUS -> 459 PC  BURGLARY VEHICLE",18,0.0297029702970297
"459 PC  BURGLARY BUSINESS -> 459 PC  BURGLARY VEHICLE",18,0.0297029702970297
"459 PC  BURGLARY BUSINESS -> TOWED/STORED VEHICLE",18,0.0297029702970297
"459 PC  BURGLARY VEHICLE -> 211 PC ROBBERY- BUSINESS",18,0.0297029702970297
"484 PC   PETTY THEFT/INSIDE -> 459 PC  BURGLARY VEHICLE",18,0.0297029702970297
"CASUALTY REPORT -> TOWED/STORED VEHICLE",18,0.0297029702970297
"MISSING PERSON -> 20002(A) HIT/RUN",18,0.0297029702970297
"TRAFFIC-ACCIDENT INJURY -> NON INJ HR/MAIL OUT REPORT",18,0.0297029702970297
"TRAFFIC-ACCIDENT-NON INJURY -> TRAFFIC-ACCIDENT-NON INJURY",18,0.0297029702970297
"10851(A)VC TAKE VEH W/O OWNER -> 243(E)1 BATTERY NONCOHAB SPOUS",17,0.0280528052805281
"10851(A)VC TAKE VEH W/O OWNER -> 487(A) GRAND THEFT-INSIDE",17,0.0280528052805281
"459 PC  BURGLARY RESIDENCE -> 23152(A) VC DUI-ALCOHOL/DRUGS",17,0.0280528052805281
"459 PC  BURGLARY RESIDENCE -> 484 PETTY THEFT-SHOPLIFT",17,0.0280528052805281
"459 PC  BURGLARY RESIDENCE -> 487(A) PC GRAND THEFT",17,0.0280528052805281
"459 PC  BURGLARY RESIDENCE -> NON INJ HR/MAIL OUT REPORT",17,0.0280528052805281
"459 PC  BURGLARY VEHICLE -> 484 PETTY THEFT/LICENSE PLATE",17,0.0280528052805281
"5150 WI DANGER SELF/OTHERS -> TOWED/STORED VEH-14602.6",17,0.0280528052805281
"MISCELLANEOUS I RPT (ZMISC) -> 10851(A)VC TAKE VEH W/O OWNER",17,0.0280528052805281
"THREATS - I RPT -> 459 PC  BURGLARY VEHICLE",17,0.0280528052805281
"TOWED/STORED VEH-14602.6 -> 484 PETTY THEFT-SHOPLIFT",17,0.0280528052805281
"TOWED/STORED VEH-14602.6 -> NON INJ HR/MAIL OUT REPORT",17,0.0280528052805281
"TRAFFIC-ACCIDENT INJURY -> 594(B)(2)(A) VANDALISM/ -$400",17,0.0280528052805281
"10851(A)VC TAKE VEH W/O OWNER -> 211 PC ROBBERY- BUSINESS",16,0.0264026402640264
"10851(A)VC TAKE VEH W/O OWNER -> 530.5 PC USE PERSONAL ID INFO",16,0.0264026402640264
"10851(A)VC TAKE VEH W/O OWNER -> BATTERY - I RPT",16,0.0264026402640264
"11377(A)HS POSS AMPHETAMINES -> 10851(A)VC TAKE VEH W/O OWNER",16,0.0264026402640264
"459 PC  BURGLARY RESIDENCE -> 242 PC  BATTERY CIVILIAN",16,0.0264026402640264
"459 PC  BURGLARY RESIDENCE -> 484 PC PETTY THEFT",16,0.0264026402640264
"459 PC  BURGLARY VEHICLE -> FOUND PROPERTY - I RPT",16,0.0264026402640264
"5150 WI DANGER SELF/OTHERS -> 459 PC  BURGLARY RESIDENCE",16,0.0264026402640264
"MISSING PERSON -> CASUALTY REPORT",16,0.0264026402640264
"NON INJ HR/MAIL OUT REPORT -> 459 PC  BURGLARY VEHICLE",16,0.0264026402640264
"NON INJ HR/MAIL OUT REPORT -> MISSING PERSON",16,0.0264026402640264
"TOWED/STORED VEH-14602.6 -> 484 PETTY THEFT/LICENSE PLATE",16,0.0264026402640264
"TOWED/STORED VEH-14602.6 -> 487(A) PC GRAND THEFT",16,0.0264026402640264
"TOWED/STORED VEH-14602.6 -> CASUALTY REPORT",16,0.0264026402640264
"TOWED/STORED VEH-14602.6 -> THREATS - I RPT",16,0.0264026402640264
"TOWED/STORED VEHICLE -> 211 PC  ROBBERY UNSPECIFIED",16,0.0264026402640264
"TOWED/STORED VEHICLE -> 487(A) PC GRAND THEFT",16,0.0264026402640264
"TOWED/STORED VEHICLE -> 594(B)(1)PC  VANDALISM +$400",16,0.0264026402640264
"TOWED/STORED VEHICLE -> CASUALTY REPORT",16,0.0264026402640264
"TRAFFIC-ACCIDENT INJURY -> 10851 VC AUTO THEFT LOCATE",16,0.0264026402640264
"10851 VC AUTO THEFT LOCATE -> 11377(A)HS POSS AMPHETAMINES",15,0.0247524752475248
"10851 VC AUTO THEFT LOCATE -> 459 PC  BURGLARY BUSINESS",15,0.0247524752475248
"10851 VC AUTO THEFT LOCATE -> 5150 WI DANGER SELF/OTHERS",15,0.0247524752475248
"10851(A)VC TAKE VEH W/O OWNER -> 11357(B)HS POSS -28.5GR MARIJ",15,0.0247524752475248
"10851(A)VC TAKE VEH W/O OWNER -> LOST PROPERTY - I RPT",15,0.0247524752475248
"11357(B)HS POSS -28.5GR MARIJ -> 10851(A)VC TAKE VEH W/O OWNER",15,0.0247524752475248
"245(A)(1)AWDW/NO FIREARM/CIVIL -> 10851(A)VC TAKE VEH W/O OWNER",15,0.0247524752475248
"245(A)(1)AWDW/NO FIREARM/CIVIL -> 459 PC  BURGLARY VEHICLE",15,0.0247524752475248
"459 PC  BURGLARY BUSINESS -> 459 PC  BURGLARY RESIDENCE",15,0.0247524752475248
"459 PC  BURGLARY RESIDENCE -> 245(A)(1)AWDW/NO FIREARM/CIVIL",15,0.0247524752475248
"459 PC  BURGLARY VEHICLE -> 11350(A)HS POSS CNTRL SUBST",15,0.0247524752475248
"459 PC  BURGLARY VEHICLE -> 484 PC   PETTY THEFT/INSIDE",15,0.0247524752475248
"459 PC  BURGLARY VEHICLE -> 484 PC PETTY THEFT",15,0.0247524752475248
"484 PC   PETTY THEFT/INSIDE -> 10851(A)VC TAKE VEH W/O OWNER",15,0.0247524752475248
"484 PETTY THEFT/LICENSE PLATE -> TOWED/STORED VEHICLE",15,0.0247524752475248
"487(A) PC GRAND THEFT -> TOWED/STORED VEHICLE",15,0.0247524752475248
"5150 WI DANGER SELF/OTHERS -> TOWED/STORED VEHICLE",15,0.0247524752475248
"594(B)(1)PC  VANDALISM +$400 -> TOWED/STORED VEHICLE",15,0.0247524752475248
"MISCELLANEOUS I RPT (ZMISC) -> TOWED/STORED VEHICLE",15,0.0247524752475248
"MISSING PERSON -> 459 PC  BURGLARY BUSINESS",15,0.0247524752475248
"MISSING PERSON -> 484 PETTY THEFT/LICENSE PLATE",15,0.0247524752475248
"THREATS - I RPT -> 10851(A)VC TAKE VEH W/O OWNER",15,0.0247524752475248
"TOWED/STORED VEH-14602.6 -> 20002(A) HIT/RUN",15,0.0247524752475248
"TOWED/STORED VEH-14602.6 -> 484 PC PETTY THEFT",15,0.0247524752475248
"TOWED/STORED VEHICLE -> NON INJ HR/MAIL OUT REPORT",15,0.0247524752475248
"TOWED/STORED VEHICLE -> THREATS - I RPT",15,0.0247524752475248
"TRAFFIC-ACCIDENT INJURY -> MISSING PERSON",15,0.0247524752475248
"10851 VC AUTO THEFT LOCATE -> 211 PC  ROBBERY UNSPECIFIED",14,0.0231023102310231
"10851 VC AUTO THEFT LOCATE -> 484 PETTY THEFT-SHOPLIFT",14,0.0231023102310231
"10851 VC AUTO THEFT LOCATE -> 594(B)(1)PC  VANDALISM +$400",14,0.0231023102310231
"10851 VC AUTO THEFT LOCATE -> THREATS - I RPT",14,0.0231023102310231
"10851 VC AUTO THEFT LOCATE -> TRAFFIC-ACCIDENT-NON INJURY",14,0.0231023102310231
"10851(A)VC TAKE VEH W/O OWNER -> THREATS - I RPT",14,0.0231023102310231
"11364 HS POSS DRUG PARAPH -> 594(B)(2)(A) VANDALISM/ -$400",14,0.0231023102310231
"11377(A)HS POSS AMPHETAMINES -> 459 PC  BURGLARY VEHICLE",14,0.0231023102310231
"211 PC  ROBBERY UNSPECIFIED -> TOWED/STORED VEH-14602.6",14,0.0231023102310231
"23152(A) VC DUI-ALCOHOL/DRUGS -> 459 PC  BURGLARY RESIDENCE",14,0.0231023102310231
"242 PC  BATTERY CIVILIAN -> 459 PC  BURGLARY VEHICLE",14,0.0231023102310231
"242 PC  BATTERY CIVILIAN -> TRAFFIC-ACCIDENT INJURY",14,0.0231023102310231
"245(A)(1)AWDW/NO FIREARM/CIVIL -> TOWED/STORED VEHICLE",14,0.0231023102310231
"459 PC  BURGLARY BUSINESS -> TOWED/STORED VEH-14602.6",14,0.0231023102310231
"459 PC  BURGLARY RESIDENCE -> 11357(B)HS POSS -28.5GR MARIJ",14,0.0231023102310231
"459 PC  BURGLARY RESIDENCE -> 243(E)1 BATTERY NONCOHAB SPOUS",14,0.0231023102310231
"459 PC  BURGLARY RESIDENCE -> MISCELLANEOUS I RPT (ZMISC)",14,0.0231023102310231
"459 PC  BURGLARY VEHICLE -> MISCELLANEOUS I RPT (ZMISC)",14,0.0231023102310231
"484 PC   PETTY THEFT/INSIDE -> TRAFFIC-ACCIDENT INJURY",14,0.0231023102310231
"484 PC   PETTY THEFT/INSIDE -> TRAFFIC-ACCIDENT-NON INJURY",14,0.0231023102310231
"484 PC PETTY THEFT -> 10851(A)VC TAKE VEH W/O OWNER",14,0.0231023102310231
"484 PETTY THEFT/LICENSE PLATE -> TRAFFIC-ACCIDENT-NON INJURY",14,0.0231023102310231
"487(A) PC GRAND THEFT -> 459 PC  BURGLARY VEHICLE",14,0.0231023102310231
"487(A) PC GRAND THEFT -> MISSING PERSON",14,0.0231023102310231
"530.5 PC USE PERSONAL ID INFO -> 10851(A)VC TAKE VEH W/O OWNER",14,0.0231023102310231
"594(B)(1)PC  VANDALISM +$400 -> 11364 HS POSS DRUG PARAPH",14,0.0231023102310231
"594(B)(2)(A) VANDALISM/ -$400 -> 10851 VC AUTO THEFT LOCATE",14,0.0231023102310231
"CASUALTY REPORT -> TRAFFIC-ACCIDENT INJURY",14,0.0231023102310231
"SUSP PERS-NO CRIME - I RPT -> 10851(A)VC TAKE VEH W/O OWNER",14,0.0231023102310231
"TOWED/STORED VEH-14602.6 -> 243(E)1 BATTERY NONCOHAB SPOUS",14,0.0231023102310231
"TOWED/STORED VEH-14602.6 -> 245(A)(1)AWDW/NO FIREARM/CIVIL",14,0.0231023102310231
"TOWED/STORED VEHICLE -> 23152(A) VC DUI-ALCOHOL/DRUGS",14,0.0231023102310231
"TRAFFIC-ACCIDENT INJURY -> 5150 WI DANGER SELF/OTHERS",14,0.0231023102310231
"TRAFFIC-ACCIDENT-NON INJURY -> TRAFFIC-ACCIDENT INJURY",14,0.0231023102310231
"11364 HS POSS DRUG PARAPH -> 459 PC  BURGLARY RESIDENCE",13,0.0214521452145215
"20002(A) HIT/RUN -> 459 PC  BURGLARY BUSINESS",13,0.0214521452145215
"20002(A) HIT/RUN -> TOWED/STORED VEHICLE",13,0.0214521452145215
"242 PC  BATTERY CIVILIAN -> 594(B)(2)(A) VANDALISM/ -$400",13,0.0214521452145215
"242 PC  BATTERY CIVILIAN -> TOWED/STORED VEHICLE",13,0.0214521452145215
"243(E)1 BATTERY NONCOHAB SPOUS -> MISSING PERSON",13,0.0214521452145215
"243(E)1 BATTERY NONCOHAB SPOUS -> TOWED/STORED VEH-14602.6",13,0.0214521452145215
"459 PC  BURGLARY BUSINESS -> 594(B)(2)(A) VANDALISM/ -$400",13,0.0214521452145215
"459 PC  BURGLARY VEHICLE -> 594(B)(1)PC  VANDALISM +$400",13,0.0214521452145215
"484 PC   PETTY THEFT/INSIDE -> TOWED/STORED VEHICLE",13,0.0214521452145215
"484 PC PETTY THEFT -> 459 PC  BURGLARY VEHICLE",13,0.0214521452145215
"484 PETTY THEFT/LICENSE PLATE -> TOWED/STORED VEH-14602.6",13,0.0214521452145215
"484G(B) PC ACCESS CARD FRAUD -> 459 PC  BURGLARY VEHICLE",13,0.0214521452145215
"487(A) PC GRAND THEFT -> 10851 VC AUTO THEFT LOCATE",13,0.0214521452145215
"530.5 PC USE PERSONAL ID INFO -> 459 PC  BURGLARY VEHICLE",13,0.0214521452145215
"530.5 PC USE PERSONAL ID INFO -> TOWED/STORED VEH-14602.6",13,0.0214521452145215
"594(B)(1)PC  VANDALISM +$400 -> TOWED/STORED VEH-14602.6",13,0.0214521452145215
"594(B)(2)(A) VANDALISM/ -$400 -> CASUALTY REPORT",13,0.0214521452145215
"FOUND PROPERTY - I RPT -> TOWED/STORED VEHICLE",13,0.0214521452145215
"LOST PROPERTY - I RPT -> TOWED/STORED VEHICLE",13,0.0214521452145215
"TOWED/STORED VEH-14602.6 -> LOST PROPERTY - I RPT",13,0.0214521452145215
"TOWED/STORED VEH-14602.6 -> MISCELLANEOUS I RPT (ZMISC)",13,0.0214521452145215
"TOWED/STORED VEHICLE -> 20002(A) HIT/RUN",13,0.0214521452145215
"TOWED/STORED VEHICLE -> MISCELLANEOUS I RPT (ZMISC)",13,0.0214521452145215
"TRAFFIC-ACCIDENT-NON INJURY -> 594(B)(1)PC  VANDALISM +$400",13,0.0214521452145215
"10851 VC AUTO THEFT LOCATE -> CASUALTY REPORT",12,0.0198019801980198
"10851(A)VC TAKE VEH W/O OWNER -> 647(F) PC DIP - DISORDERLY",12,0.0198019801980198
"10851(A)VC TAKE VEH W/O OWNER -> HARASSMENT - I RPT",12,0.0198019801980198
"11364 HS POSS DRUG PARAPH -> TOWED/STORED VEH-14602.6",12,0.0198019801980198
"11364 HS POSS DRUG PARAPH -> TOWED/STORED VEHICLE",12,0.0198019801980198
"20002(A) HIT/RUN -> MISSING PERSON",12,0.0198019801980198
"20002(A) HIT/RUN -> TOWED/STORED VEH-14602.6",12,0.0198019801980198
"242 PC  BATTERY CIVILIAN -> TOWED/STORED VEH-14602.6",12,0.0198019801980198
"243(E)1 BATTERY NONCOHAB SPOUS -> TOWED/STORED VEHICLE",12,0.0198019801980198
"459 PC  BURGLARY BUSINESS -> MISSING PERSON",12,0.0198019801980198
"459 PC  BURGLARY RESIDENCE -> 484G(B) PC ACCESS CARD FRAUD",12,0.0198019801980198
"459 PC  BURGLARY RESIDENCE -> 594(B)(1)PC  VANDALISM +$400",12,0.0198019801980198
"459 PC  BURGLARY RESIDENCE -> LOST PROPERTY - I RPT",12,0.0198019801980198
"459 PC  BURGLARY RESIDENCE -> THREATS - I RPT",12,0.0198019801980198
"459 PC  BURGLARY VEHICLE -> 243(E)1 BATTERY NONCOHAB SPOUS",12,0.0198019801980198
"459 PC  BURGLARY VEHICLE -> 484 PETTY THEFT-SHOPLIFT",12,0.0198019801980198
"484 PC   PETTY THEFT/INSIDE -> TOWED/STORED VEH-14602.6",12,0.0198019801980198
"484 PETTY THEFT/LICENSE PLATE -> 20002(A) HIT/RUN",12,0.0198019801980198
"484G(B) PC ACCESS CARD FRAUD -> 10851(A)VC TAKE VEH W/O OWNER",12,0.0198019801980198
"530.5 PC USE PERSONAL ID INFO -> 10851 VC AUTO THEFT LOCATE",12,0.0198019801980198
"594(B)(2)(A) VANDALISM/ -$400 -> 20002(A) HIT/RUN",12,0.0198019801980198
"594(B)(2)(A) VANDALISM/ -$400 -> 459 PC  BURGLARY BUSINESS",12,0.0198019801980198
"594(B)(2)(A) VANDALISM/ -$400 -> TRAFFIC-ACCIDENT INJURY",12,0.0198019801980198
"MISCELLANEOUS I RPT (ZMISC) -> TOWED/STORED VEH-14602.6",12,0.0198019801980198
"MISSING PERSON -> 245(A)(1)AWDW/NO FIREARM/CIVIL",12,0.0198019801980198
"MISSING PERSON -> NON INJ HR/MAIL OUT REPORT",12,0.0198019801980198
"SUSP PERS-NO CRIME - I RPT -> TOWED/STORED VEH-14602.6",12,0.0198019801980198
"TOWED/STORED VEH-14602.6 -> 11364 HS POSS DRUG PARAPH",12,0.0198019801980198
"TOWED/STORED VEH-14602.6 -> SUSP PERS-NO CRIME - I RPT",12,0.0198019801980198
"10851 VC AUTO THEFT LOCATE -> FOUND PROPERTY - I RPT",11,0.0181518151815182
"10851(A)VC TAKE VEH W/O OWNER -> 246 PC SHOOT OCCUP DWELL/VEH",11,0.0181518151815182
"10851(A)VC TAKE VEH W/O OWNER -> NARCOTICS SUSP/EVID/ACT- I RPT",11,0.0181518151815182
"11357(B)HS POSS -28.5GR MARIJ -> TOWED/STORED VEHICLE",11,0.0181518151815182
"11364 HS POSS DRUG PARAPH -> MISSING PERSON",11,0.0181518151815182
"20002(A) HIT/RUN -> 594(B)(2)(A) VANDALISM/ -$400",11,0.0181518151815182
"211 PC  ROBBERY UNSPECIFIED -> 459 PC  BURGLARY RESIDENCE",11,0.0181518151815182
"211 PC  ROBBERY UNSPECIFIED -> MISSING PERSON",11,0.0181518151815182
"211 PC  ROBBERY UNSPECIFIED -> TOWED/STORED VEHICLE",11,0.0181518151815182
"242 PC  BATTERY CIVILIAN -> MISSING PERSON",11,0.0181518151815182
"243(E)1 BATTERY NONCOHAB SPOUS -> 459 PC  BURGLARY BUSINESS",11,0.0181518151815182
"245(A)(1)AWDW/NO FIREARM/CIVIL -> MISSING PERSON",11,0.0181518151815182
"459 PC  BURGLARY BUSINESS -> TRAFFIC-ACCIDENT-NON INJURY",11,0.0181518151815182
"459 PC  BURGLARY RESIDENCE -> 11350(A)HS POSS CNTRL SUBST",11,0.0181518151815182
"459 PC  BURGLARY RESIDENCE -> 11364 HS POSS DRUG PARAPH",11,0.0181518151815182
"459 PC  BURGLARY RESIDENCE -> 484 PC   PETTY THEFT/INSIDE",11,0.0181518151815182
"459 PC  BURGLARY VEHICLE -> NON INJ HR/MAIL OUT REPORT",11,0.0181518151815182
"484 PC   PETTY THEFT/INSIDE -> 10851 VC AUTO THEFT LOCATE",11,0.0181518151815182
"484 PC PETTY THEFT -> TOWED/STORED VEH-14602.6",11,0.0181518151815182
"484 PETTY THEFT-SHOPLIFT -> TOWED/STORED VEH-14602.6",11,0.0181518151815182
"484 PETTY THEFT/LICENSE PLATE -> 10851 VC AUTO THEFT LOCATE",11,0.0181518151815182
"484G(B) PC ACCESS CARD FRAUD -> 459 PC  BURGLARY RESIDENCE",11,0.0181518151815182
"484G(B) PC ACCESS CARD FRAUD -> TOWED/STORED VEH-14602.6",11,0.0181518151815182
"484G(B) PC ACCESS CARD FRAUD -> TOWED/STORED VEHICLE",11,0.0181518151815182
"487(A) GRAND THEFT-INSIDE -> 10851(A)VC TAKE VEH W/O OWNER",11,0.0181518151815182
"487(A) GRAND THEFT-INSIDE -> TOWED/STORED VEH-14602.6",11,0.0181518151815182
"5150 WI DANGER SELF/OTHERS -> 5150 WI DANGER SELF/OTHERS",11,0.0181518151815182
"5150 WI DANGER SELF/OTHERS -> TRAFFIC-ACCIDENT INJURY",11,0.0181518151815182
"594(B)(1)PC  VANDALISM +$400 -> 10851 VC AUTO THEFT LOCATE",11,0.0181518151815182
"594(B)(1)PC  VANDALISM +$400 -> 459 PC  BURGLARY BUSINESS",11,0.0181518151815182
"594(B)(1)PC  VANDALISM +$400 -> 459 PC  BURGLARY RESIDENCE",11,0.0181518151815182
"594(B)(1)PC  VANDALISM +$400 -> 594(B)(1)PC  VANDALISM +$400",11,0.0181518151815182
"594(B)(1)PC  VANDALISM +$400 -> TRAFFIC-ACCIDENT INJURY",11,0.0181518151815182
"594(B)(2)(A) VANDALISM/ -$400 -> 484 PETTY THEFT/LICENSE PLATE",11,0.0181518151815182
"594(B)(2)(A) VANDALISM/ -$400 -> MISSING PERSON",11,0.0181518151815182
"647(B) PC   PROSTITUTION -> 459 PC  BURGLARY VEHICLE",11,0.0181518151815182
"CASUALTY REPORT -> 10851 VC AUTO THEFT LOCATE",11,0.0181518151815182
"CASUALTY REPORT -> 459 PC  BURGLARY RESIDENCE",11,0.0181518151815182
"CASUALTY REPORT -> TRAFFIC-ACCIDENT-NON INJURY",11,0.0181518151815182
"GANG ACTIVITY - I RPT -> TOWED/STORED VEH-14602.6",11,0.0181518151815182
"MISSING PERSON -> 242 PC  BATTERY CIVILIAN",11,0.0181518151815182
"MISSING PERSON -> MISCELLANEOUS I RPT (ZMISC)",11,0.0181518151815182
"NON INJ HR/MAIL OUT REPORT -> TRAFFIC-ACCIDENT-NON INJURY",11,0.0181518151815182
"TOWED/STORED VEH-14602.6 -> 11357(B)HS POSS -28.5GR MARIJ",11,0.0181518151815182
"TOWED/STORED VEH-14602.6 -> 211 PC  ROBBERY UNSPECIFIED",11,0.0181518151815182
"TOWED/STORED VEH-14602.6 -> GANG ACTIVITY - I RPT",11,0.0181518151815182
"TOWED/STORED VEHICLE -> GANG ACTIVITY - I RPT",11,0.0181518151815182
"TRAFFIC-ACCIDENT INJURY -> 242 PC  BATTERY CIVILIAN",11,0.0181518151815182
"TRAFFIC-ACCIDENT INJURY -> CASUALTY REPORT",11,0.0181518151815182
"TRAFFIC-ACCIDENT-NON INJURY -> 594(B)(2)(A) VANDALISM/ -$400",11,0.0181518151815182
"10851 VC AUTO THEFT LOCATE -> 484 PETTY THEFT/LICENSE PLATE",10,0.0165016501650165
"10851 VC AUTO THEFT LOCATE -> GANG ACTIVITY - I RPT",10,0.0165016501650165
"10851 VC AUTO THEFT LOCATE -> NON INJ HR/MAIL OUT REPORT",10,0.0165016501650165
"10851(A)VC TAKE VEH W/O OWNER -> 211 PC ROBBERY-PURSE SNATCH",10,0.0165016501650165
"10851(A)VC TAKE VEH W/O OWNER -> 243(D) PC BATT/CIVILIAN W/INJ",10,0.0165016501650165
"10851(A)VC TAKE VEH W/O OWNER -> 666 PC PETTY THEFT W/PRI CONV",10,0.0165016501650165
"11357(B)HS POSS -28.5GR MARIJ -> TOWED/STORED VEH-14602.6",10,0.0165016501650165
"11364 HS POSS DRUG PARAPH -> 10851 VC AUTO THEFT LOCATE",10,0.0165016501650165
"20001(A) VC HIT/RUN INJ/DEATH -> 10851(A)VC TAKE VEH W/O OWNER",10,0.0165016501650165
"20002(A) HIT/RUN -> 459 PC  BURGLARY RESIDENCE",10,0.0165016501650165
"23152(A) VC DUI-ALCOHOL/DRUGS -> 594(B)(2)(A) VANDALISM/ -$400",10,0.0165016501650165
"243(E)1 BATTERY NONCOHAB SPOUS -> 594(B)(2)(A) VANDALISM/ -$400",10,0.0165016501650165
"459 PC  BURGLARY BUSINESS -> 459 PC  BURGLARY BUSINESS",10,0.0165016501650165
"459 PC  BURGLARY BUSINESS -> TRAFFIC-ACCIDENT INJURY",10,0.0165016501650165
"459 PC  BURGLARY RESIDENCE -> 530.5 PC USE PERSONAL ID INFO",10,0.0165016501650165
"459 PC  BURGLARY VEHICLE -> 484 PC  PETTY THEFT/ OUTSIDE",10,0.0165016501650165
"459 PC  BURGLARY VEHICLE -> 484G(B) PC ACCESS CARD FRAUD",10,0.0165016501650165
"484 PETTY THEFT-SHOPLIFT -> 459 PC  BURGLARY VEHICLE",10,0.0165016501650165
"484 PETTY THEFT/LICENSE PLATE -> 459 PC  BURGLARY RESIDENCE",10,0.0165016501650165
"484 PETTY THEFT/LICENSE PLATE -> MISSING PERSON",10,0.0165016501650165
"487(A) PC GRAND THEFT -> TOWED/STORED VEH-14602.6",10,0.0165016501650165
"5150 WI DANGER SELF/OTHERS -> TRAFFIC-ACCIDENT-NON INJURY",10,0.0165016501650165
"530.5 PC USE PERSONAL ID INFO -> 459 PC  BURGLARY RESIDENCE",10,0.0165016501650165
"530.5 PC USE PERSONAL ID INFO -> TOWED/STORED VEHICLE",10,0.0165016501650165
"594(B)(1)PC  VANDALISM +$400 -> 594(B)(2)(A) VANDALISM/ -$400",10,0.0165016501650165
"594(B)(2)(A) VANDALISM/ -$400 -> 11364 HS POSS DRUG PARAPH",10,0.0165016501650165
"594(B)(2)(A) VANDALISM/ -$400 -> 211 PC  ROBBERY UNSPECIFIED",10,0.0165016501650165
"594(B)(2)(A) VANDALISM/ -$400 -> 23152(A) VC DUI-ALCOHOL/DRUGS",10,0.0165016501650165
"594(B)(2)(A) VANDALISM/ -$400 -> TRAFFIC-ACCIDENT-NON INJURY",10,0.0165016501650165
"BATTERY - I RPT -> TOWED/STORED VEH-14602.6",10,0.0165016501650165
"CASUALTY REPORT -> CASUALTY REPORT",10,0.0165016501650165
"FOUND PROPERTY - I RPT -> 10851(A)VC TAKE VEH W/O OWNER",10,0.0165016501650165
"FOUND PROPERTY - I RPT -> 459 PC  BURGLARY VEHICLE",10,0.0165016501650165
"GANG ACTIVITY - I RPT -> 459 PC  BURGLARY VEHICLE",10,0.0165016501650165
"MISCELLANEOUS I RPT (ZMISC) -> 459 PC  BURGLARY VEHICLE",10,0.0165016501650165
"MISCELLANEOUS I RPT (ZMISC) -> CASUALTY REPORT",10,0.0165016501650165
"MISSING PERSON -> 11364 HS POSS DRUG PARAPH",10,0.0165016501650165
"MISSING PERSON -> 484 PC   PETTY THEFT/INSIDE",10,0.0165016501650165
"MISSING PERSON -> 484 PETTY THEFT-SHOPLIFT",10,0.0165016501650165
"MISSING PERSON -> FOUND PROPERTY - I RPT",10,0.0165016501650165
"NARCOTICS SUSP/EVID/ACT- I RPT -> TOWED/STORED VEH-14602.6",10,0.0165016501650165
"NON INJ HR/MAIL OUT REPORT -> 484 PETTY THEFT-SHOPLIFT",10,0.0165016501650165
"NON INJ HR/MAIL OUT REPORT -> TOWED/STORED VEHICLE",10,0.0165016501650165
"TOWED/STORED VEH-14602.6 -> NARCOTICS SUSP/EVID/ACT- I RPT",10,0.0165016501650165
"TOWED/STORED VEHICLE -> 243(E)1 BATTERY NONCOHAB SPOUS",10,0.0165016501650165
"TOWED/STORED VEHICLE -> 484G(B) PC ACCESS CARD FRAUD",10,0.0165016501650165
"TRAFFIC-ACCIDENT INJURY -> MISCELLANEOUS I RPT (ZMISC)",10,0.0165016501650165
"TRAFFIC-ACCIDENT-NON INJURY -> 487(A) PC GRAND THEFT",10,0.0165016501650165
"10851 VC AUTO THEFT LOCATE -> 11364 HS POSS DRUG PARAPH",9,0.0148514851485149
"10851 VC AUTO THEFT LOCATE -> 20002(A) HIT/RUN",9,0.0148514851485149
"10851 VC AUTO THEFT LOCATE -> 487(A) PC GRAND THEFT",9,0.0148514851485149
"10851 VC AUTO THEFT LOCATE -> BATTERY - I RPT",9,0.0148514851485149
"11364 HS POSS DRUG PARAPH -> 594(B)(1)PC  VANDALISM +$400",9,0.0148514851485149
"11377(A)HS POSS AMPHETAMINES -> TOWED/STORED VEHICLE",9,0.0148514851485149
"20001(A) VC HIT/RUN INJ/DEATH -> TOWED/STORED VEHICLE",9,0.0148514851485149
"20002(A) HIT/RUN -> 10851 VC AUTO THEFT LOCATE",9,0.0148514851485149
"23152(A) VC DUI-ALCOHOL/DRUGS -> TOWED/STORED VEH-14602.6",9,0.0148514851485149
"243(E)1 BATTERY NONCOHAB SPOUS -> 23152(A) VC DUI-ALCOHOL/DRUGS",9,0.0148514851485149
"243(E)1 BATTERY NONCOHAB SPOUS -> 459 PC  BURGLARY RESIDENCE",9,0.0148514851485149
"243(E)1 BATTERY NONCOHAB SPOUS -> TRAFFIC-ACCIDENT INJURY",9,0.0148514851485149
"245(A)(1)AWDW/NO FIREARM/CIVIL -> 459 PC  BURGLARY RESIDENCE",9,0.0148514851485149
"245(A)(2) AWDW/FIREARM/CIVILIA -> 10851(A)VC TAKE VEH W/O OWNER",9,0.0148514851485149
"459 PC  BURGLARY BUSINESS -> 11364 HS POSS DRUG PARAPH",9,0.0148514851485149
"459 PC  BURGLARY BUSINESS -> 487(A) PC GRAND THEFT",9,0.0148514851485149
"459 PC  BURGLARY RESIDENCE -> 20001(A) VC HIT/RUN INJ/DEATH",9,0.0148514851485149
"459 PC  BURGLARY RESIDENCE -> GANG ACTIVITY - I RPT",9,0.0148514851485149
"459 PC  BURGLARY VEHICLE -> 530.5 PC USE PERSONAL ID INFO",9,0.0148514851485149
"459 PC  BURGLARY VEHICLE -> THREATS - I RPT",9,0.0148514851485149
"484 PC   PETTY THEFT/INSIDE -> 242 PC  BATTERY CIVILIAN",9,0.0148514851485149
"484 PC   PETTY THEFT/INSIDE -> 484 PETTY THEFT-SHOPLIFT",9,0.0148514851485149
"484 PC   PETTY THEFT/INSIDE -> 594(B)(2)(A) VANDALISM/ -$400",9,0.0148514851485149
"484 PC  PETTY THEFT/ OUTSIDE -> TOWED/STORED VEH-14602.6",9,0.0148514851485149
"484 PC  PETTY THEFT/ OUTSIDE -> TRAFFIC-ACCIDENT INJURY",9,0.0148514851485149
"484 PC PETTY THEFT -> FOUND PROPERTY - I RPT",9,0.0148514851485149
"484 PETTY THEFT/LICENSE PLATE -> 5150 WI DANGER SELF/OTHERS",9,0.0148514851485149
"484 PETTY THEFT/LICENSE PLATE -> 594(B)(2)(A) VANDALISM/ -$400",9,0.0148514851485149
"484 PETTY THEFT/LICENSE PLATE -> CASUALTY REPORT",9,0.0148514851485149
"484 PETTY THEFT/LICENSE PLATE -> FOUND PROPERTY - I RPT",9,0.0148514851485149
"484 PETTY THEFT/LICENSE PLATE -> TRAFFIC-ACCIDENT INJURY",9,0.0148514851485149
"484G(B) PC ACCESS CARD FRAUD -> 487(A) PC GRAND THEFT",9,0.0148514851485149
"487(A) PC GRAND THEFT -> 459 PC  BURGLARY RESIDENCE",9,0.0148514851485149
"5150 WI DANGER SELF/OTHERS -> 459 PC  BURGLARY BUSINESS",9,0.0148514851485149
"5150 WI DANGER SELF/OTHERS -> 484 PC   PETTY THEFT/INSIDE",9,0.0148514851485149
"5150 WI DANGER SELF/OTHERS -> 594(B)(2)(A) VANDALISM/ -$400",9,0.0148514851485149
"5150 WI DANGER SELF/OTHERS -> CASUALTY REPORT",9,0.0148514851485149
"594(B)(1)PC  VANDALISM +$400 -> MISSING PERSON",9,0.0148514851485149
"594(B)(2)(A) VANDALISM/ -$400 -> 487(A) PC GRAND THEFT",9,0.0148514851485149
"647(B) PC   PROSTITUTION -> 10851(A)VC TAKE VEH W/O OWNER",9,0.0148514851485149
"CASUALTY REPORT -> 484 PC   PETTY THEFT/INSIDE",9,0.0148514851485149
"CASUALTY REPORT -> 594(B)(2)(A) VANDALISM/ -$400",9,0.0148514851485149
"FOUND PROPERTY - I RPT -> FOUND PROPERTY - I RPT",9,0.0148514851485149
"MISSING PERSON -> 484 PC PETTY THEFT",9,0.0148514851485149
"MISSING PERSON -> 594(B)(1)PC  VANDALISM +$400",9,0.0148514851485149
"MISSING PERSON -> 647(F) PC DIP - DISORDERLY",9,0.0148514851485149
"MISSING PERSON I RPT -> TOWED/STORED VEHICLE",9,0.0148514851485149
"NARCOTICS SUSP/EVID/ACT- I RPT -> 10851(A)VC TAKE VEH W/O OWNER",9,0.0148514851485149
"NARCOTICS SUSP/EVID/ACT- I RPT -> TOWED/STORED VEHICLE",9,0.0148514851485149
"NON INJ HR/MAIL OUT REPORT -> 459 PC  BURGLARY RESIDENCE",9,0.0148514851485149
"NON INJ HR/MAIL OUT REPORT -> 594(B)(2)(A) VANDALISM/ -$400",9,0.0148514851485149
"SUSP PERS-NO CRIME - I RPT -> TOWED/STORED VEHICLE",9,0.0148514851485149
"THREATS - I RPT -> 10851 VC AUTO THEFT LOCATE",9,0.0148514851485149
"THREATS - I RPT -> 594(B)(2)(A) VANDALISM/ -$400",9,0.0148514851485149
"TOWED/STORED VEH-14602.6 -> 422 PC THREAT/INTENT TO TERROR",9,0.0148514851485149
"TOWED/STORED VEH-14602.6 -> 484G(B) PC ACCESS CARD FRAUD",9,0.0148514851485149
"TOWED/STORED VEH-14602.6 -> BATTERY - I RPT",9,0.0148514851485149
"TOWED/STORED VEHICLE -> 11350(A)HS POSS CNTRL SUBST",9,0.0148514851485149
"TOWED/STORED VEHICLE -> 11377(A)HS POSS AMPHETAMINES",9,0.0148514851485149
"TOWED/STORED VEHICLE -> 245(A)(1)AWDW/NO FIREARM/CIVIL",9,0.0148514851485149
"TOWED/STORED VEHICLE -> 487(A) GRAND THEFT-INSIDE",9,0.0148514851485149
"TOWED/STORED VEHICLE -> LOST PROPERTY - I RPT",9,0.0148514851485149
"TRAFFIC-ACCIDENT INJURY -> 20002(A) HIT/RUN",9,0.0148514851485149
"TRAFFIC-ACCIDENT INJURY -> 459 PC  BURGLARY BUSINESS",9,0.0148514851485149
"TRAFFIC-ACCIDENT INJURY -> 484 PC PETTY THEFT",9,0.0148514851485149
"TRAFFIC-ACCIDENT INJURY -> 484 PETTY THEFT-SHOPLIFT",9,0.0148514851485149
"TRAFFIC-ACCIDENT-NON INJURY -> 484 PETTY THEFT/LICENSE PLATE",9,0.0148514851485149
"VANDALISM - I RPT -> 10851(A)VC TAKE VEH W/O OWNER",9,0.0148514851485149
"10851 VC AUTO THEFT LOCATE -> 242 PC  BATTERY CIVILIAN",8,0.0132013201320132
"10851 VC AUTO THEFT LOCATE -> 484 PC   PETTY THEFT/INSIDE",8,0.0132013201320132
"10851 VC AUTO THEFT LOCATE -> 484G(B) PC ACCESS CARD FRAUD",8,0.0132013201320132
"10851 VC AUTO THEFT LOCATE -> 647(F) PC DIP - DISORDERLY",8,0.0132013201320132
"10851(A)VC TAKE VEH W/O OWNER -> 215(A) PC    CARJACKING",8,0.0132013201320132
"10851(A)VC TAKE VEH W/O OWNER -> 245(A)(2) AWDW/FIREARM/CIVILIA",8,0.0132013201320132
"10851(A)VC TAKE VEH W/O OWNER -> 273.6(A) PC VIO DV COURT ORDER",8,0.0132013201320132
"10851(A)VC TAKE VEH W/O OWNER -> 3056 PAROLE VIO - I RPT",8,0.0132013201320132
"10851(A)VC TAKE VEH W/O OWNER -> 476 PC PASS FICTICIOUS CHECK",8,0.0132013201320132
"10851(A)VC TAKE VEH W/O OWNER -> 496(A) RECEIVE STOLEN PROPERTY",8,0.0132013201320132
"10851(A)VC TAKE VEH W/O OWNER -> 529 PC FALSE PERSONATION",8,0.0132013201320132
"10851(A)VC TAKE VEH W/O OWNER -> 9.04.050 A DRINKING IN PUBLIC",8,0.0132013201320132
"10851(A)VC TAKE VEH W/O OWNER -> GANG ACTIVITY - I RPT",8,0.0132013201320132
"10851(A)VC TAKE VEH W/O OWNER -> WARRANT SERVED - I RPT",8,0.0132013201320132
"11357(B)HS POSS -28.5GR MARIJ -> 459 PC  BURGLARY VEHICLE",8,0.0132013201320132
"11364 HS POSS DRUG PARAPH -> 459 PC  BURGLARY BUSINESS",8,0.0132013201320132
"11377(A)HS POSS AMPHETAMINES -> 5150 WI DANGER SELF/OTHERS",8,0.0132013201320132
"11377(A)HS POSS AMPHETAMINES -> CASUALTY REPORT",8,0.0132013201320132
"20002(A) HIT/RUN -> 5150 WI DANGER SELF/OTHERS",8,0.0132013201320132
"20002(A) HIT/RUN -> TRAFFIC-ACCIDENT INJURY",8,0.0132013201320132
"20002(A) HIT/RUN -> TRAFFIC-ACCIDENT-NON INJURY",8,0.0132013201320132
"211 PC  ROBBERY UNSPECIFIED -> 10851 VC AUTO THEFT LOCATE",8,0.0132013201320132
"211 PC  ROBBERY UNSPECIFIED -> 20002(A) HIT/RUN",8,0.0132013201320132
"211 PC  ROBBERY UNSPECIFIED -> 23152(A) VC DUI-ALCOHOL/DRUGS",8,0.0132013201320132
"211 PC  ROBBERY UNSPECIFIED -> 242 PC  BATTERY CIVILIAN",8,0.0132013201320132
"211 PC  ROBBERY UNSPECIFIED -> 243(E)1 BATTERY NONCOHAB SPOUS",8,0.0132013201320132
"211 PC  ROBBERY UNSPECIFIED -> 484 PETTY THEFT-SHOPLIFT",8,0.0132013201320132
"211 PC  ROBBERY UNSPECIFIED -> 594(B)(2)(A) VANDALISM/ -$400",8,0.0132013201320132
"211 PC  ROBBERY UNSPECIFIED -> TRAFFIC-ACCIDENT INJURY",8,0.0132013201320132
"211 PC ROBBERY- BUSINESS -> 459 PC  BURGLARY VEHICLE",8,0.0132013201320132
"23152(A) VC DUI-ALCOHOL/DRUGS -> 23152(A) VC DUI-ALCOHOL/DRUGS",8,0.0132013201320132
"23152(A) VC DUI-ALCOHOL/DRUGS -> TOWED/STORED VEHICLE",8,0.0132013201320132
"242 PC  BATTERY CIVILIAN -> 20002(A) HIT/RUN",8,0.0132013201320132
"242 PC  BATTERY CIVILIAN -> 459 PC  BURGLARY RESIDENCE",8,0.0132013201320132
"243(D) PC BATT/CIVILIAN W/INJ -> TOWED/STORED VEH-14602.6",8,0.0132013201320132
"243(E)1 BATTERY NONCOHAB SPOUS -> 11364 HS POSS DRUG PARAPH",8,0.0132013201320132
"243(E)1 BATTERY NONCOHAB SPOUS -> 211 PC  ROBBERY UNSPECIFIED",8,0.0132013201320132
"243(E)1 BATTERY NONCOHAB SPOUS -> TRAFFIC-ACCIDENT-NON INJURY",8,0.0132013201320132
"245(A)(1)AWDW/NO FIREARM/CIVIL -> TOWED/STORED VEH-14602.6",8,0.0132013201320132
"273.6(A) PC VIO DV COURT ORDER -> 10851(A)VC TAKE VEH W/O OWNER",8,0.0132013201320132
"459 PC  BURGLARY BUSINESS -> 11377(A)HS POSS AMPHETAMINES",8,0.0132013201320132
"459 PC  BURGLARY BUSINESS -> 20002(A) HIT/RUN",8,0.0132013201320132
"459 PC  BURGLARY BUSINESS -> 23152(A) VC DUI-ALCOHOL/DRUGS",8,0.0132013201320132
"459 PC  BURGLARY RESIDENCE -> 20002(A) HIT/RUN",8,0.0132013201320132
"459 PC  BURGLARY RESIDENCE -> 211 PC  ROBBERY UNSPECIFIED",8,0.0132013201320132
"459 PC  BURGLARY RESIDENCE -> 211 PC ROBBERY- BUSINESS",8,0.0132013201320132
"459 PC  BURGLARY RESIDENCE -> 484 PC  PETTY THEFT/ OUTSIDE",8,0.0132013201320132
"459 PC  BURGLARY RESIDENCE -> 666 PC PETTY THEFT W/PRI CONV",8,0.0132013201320132
"459 PC  BURGLARY RESIDENCE -> HARASSMENT - I RPT",8,0.0132013201320132
"459 PC  BURGLARY RESIDENCE -> TRAFFIC - I RPT",8,0.0132013201320132
"459 PC  BURGLARY VEHICLE -> 243(D) PC BATT/CIVILIAN W/INJ",8,0.0132013201320132
"459 PC  BURGLARY VEHICLE -> 484J PC PUBLISH CARD INFO",8,0.0132013201320132
"484 PC   PETTY THEFT/INSIDE -> 459 PC  BURGLARY RESIDENCE",8,0.0132013201320132
"484 PC PETTY THEFT -> 10851 VC AUTO THEFT LOCATE",8,0.0132013201320132
"484 PC PETTY THEFT -> 11364 HS POSS DRUG PARAPH",8,0.0132013201320132
"484 PC PETTY THEFT -> 459 PC  BURGLARY RESIDENCE",8,0.0132013201320132
"484 PC PETTY THEFT -> 484 PETTY THEFT-SHOPLIFT",8,0.0132013201320132
"484 PC PETTY THEFT -> TOWED/STORED VEHICLE",8,0.0132013201320132
"484 PC PETTY THEFT -> TRAFFIC-ACCIDENT INJURY",8,0.0132013201320132
"484 PETTY THEFT CLOUT UNLOCKED -> 10851(A)VC TAKE VEH W/O OWNER",8,0.0132013201320132
"484 PETTY THEFT-SHOPLIFT -> 10851(A)VC TAKE VEH W/O OWNER",8,0.0132013201320132
"484 PETTY THEFT/LICENSE PLATE -> 484 PETTY THEFT-SHOPLIFT",8,0.0132013201320132
"484G(B) PC ACCESS CARD FRAUD -> 10851 VC AUTO THEFT LOCATE",8,0.0132013201320132
"484G(B) PC ACCESS CARD FRAUD -> 459 PC  BURGLARY BUSINESS",8,0.0132013201320132
"484G(B) PC ACCESS CARD FRAUD -> TRAFFIC-ACCIDENT INJURY",8,0.0132013201320132
"487(A) GRAND THEFT-INSIDE -> TOWED/STORED VEHICLE",8,0.0132013201320132
"496(A) RECEIVE STOLEN PROPERTY -> TOWED/STORED VEHICLE",8,0.0132013201320132
"530.5 PC USE PERSONAL ID INFO -> 530.5 PC USE PERSONAL ID INFO",8,0.0132013201320132
"594(B)(2)(A) VANDALISM/ -$400 -> 11377(A)HS POSS AMPHETAMINES",8,0.0132013201320132
"594(B)(2)(A) VANDALISM/ -$400 -> 245(A)(1)AWDW/NO FIREARM/CIVIL",8,0.0132013201320132
"594(B)(2)(A) VANDALISM/ -$400 -> 594(B)(1)PC  VANDALISM +$400",8,0.0132013201320132
"594(B)(2)(A) VANDALISM/ -$400 -> FOUND PROPERTY - I RPT",8,0.0132013201320132
"647(B) PC   PROSTITUTION -> 459 PC  BURGLARY RESIDENCE",8,0.0132013201320132
"CASUALTY REPORT -> 243(E)1 BATTERY NONCOHAB SPOUS",8,0.0132013201320132
"CASUALTY REPORT -> 484 PETTY THEFT-SHOPLIFT",8,0.0132013201320132
"CASUALTY REPORT -> TOWED/STORED VEH-14602.6",8,0.0132013201320132
"FOUND PROPERTY - I RPT -> 484 PETTY THEFT-SHOPLIFT",8,0.0132013201320132
"FOUND PROPERTY - I RPT -> TOWED/STORED VEH-14602.6",8,0.0132013201320132
"HARASSMENT - I RPT -> TOWED/STORED VEH-14602.6",8,0.0132013201320132
"LOST PROPERTY - I RPT -> 10851 VC AUTO THEFT LOCATE",8,0.0132013201320132
"LOST PROPERTY - I RPT -> TRAFFIC-ACCIDENT-NON INJURY",8,0.0132013201320132
"MISCELLANEOUS I RPT (ZMISC) -> 484 PC PETTY THEFT",8,0.0132013201320132
"MISCELLANEOUS I RPT (ZMISC) -> MISSING PERSON",8,0.0132013201320132
"MISSING PERSON -> 23152(A) VC DUI-ALCOHOL/DRUGS",8,0.0132013201320132
"MISSING PERSON -> 5150 WI DANGER SELF/OTHERS",8,0.0132013201320132
"NON INJ HR/MAIL OUT REPORT -> NON INJ HR/MAIL OUT REPORT",8,0.0132013201320132
"NON INJ HR/MAIL OUT REPORT -> TRAFFIC-ACCIDENT INJURY",8,0.0132013201320132
"SUSP PERS-NO CRIME - I RPT -> 10851 VC AUTO THEFT LOCATE",8,0.0132013201320132
"SUSP PERS-NO CRIME - I RPT -> 459 PC  BURGLARY VEHICLE",8,0.0132013201320132
"THREATS - I RPT -> 459 PC  BURGLARY RESIDENCE",8,0.0132013201320132
"THREATS - I RPT -> TOWED/STORED VEH-14602.6",8,0.0132013201320132
"THREATS - I RPT -> TOWED/STORED VEHICLE",8,0.0132013201320132
"TOWED/STORED VEH-14602.6 -> 211 PC ROBBERY- BUSINESS",8,0.0132013201320132
"TOWED/STORED VEH-14602.6 -> 3056 PAROLE VIO - I RPT",8,0.0132013201320132
"TOWED/STORED VEH-14602.6 -> 4140 BP  POSS OF HYPO NEEDLE",8,0.0132013201320132
"TOWED/STORED VEH-14602.6 -> 476 PC PASS FICTICIOUS CHECK",8,0.0132013201320132
"TOWED/STORED VEH-14602.6 -> 484 PC  PETTY THEFT/ OUTSIDE",8,0.0132013201320132
"TOWED/STORED VEHICLE -> 530.5 PC USE PERSONAL ID INFO",8,0.0132013201320132
"TOWED/STORED VEHICLE -> 647(B) PC   PROSTITUTION",8,0.0132013201320132
"TOWED/STORED VEHICLE -> BATTERY - I RPT",8,0.0132013201320132
"TOWED/STORED VEHICLE -> FRAUD OR BUNCO - I RPT",8,0.0132013201320132
"TRAFFIC - I RPT -> 10851(A)VC TAKE VEH W/O OWNER",8,0.0132013201320132
"TRAFFIC-ACCIDENT INJURY -> 11350(A)HS POSS CNTRL SUBST",8,0.0132013201320132
"TRAFFIC-ACCIDENT INJURY -> 484 PC   PETTY THEFT/INSIDE",8,0.0132013201320132
"TRAFFIC-ACCIDENT INJURY -> 484 PETTY THEFT/LICENSE PLATE",8,0.0132013201320132
"TRAFFIC-ACCIDENT INJURY -> GANG ACTIVITY - I RPT",8,0.0132013201320132
"TRAFFIC-ACCIDENT-NON INJURY -> 10851 VC AUTO THEFT LOCATE",8,0.0132013201320132
"TRAFFIC-ACCIDENT-NON INJURY -> 11364 HS POSS DRUG PARAPH",8,0.0132013201320132
"TRAFFIC-ACCIDENT-NON INJURY -> 20002(A) HIT/RUN",8,0.0132013201320132
"TRAFFIC-ACCIDENT-NON INJURY -> 242 PC  BATTERY CIVILIAN",8,0.0132013201320132
"TRAFFIC-ACCIDENT-NON INJURY -> 245(A)(1)AWDW/NO FIREARM/CIVIL",8,0.0132013201320132
"TRAFFIC-ACCIDENT-NON INJURY -> 484 PC PETTY THEFT",8,0.0132013201320132
"TRAFFIC-ACCIDENT-NON INJURY -> 484 PETTY THEFT-SHOPLIFT",8,0.0132013201320132
"TRAFFIC-ACCIDENT-NON INJURY -> 5150 WI DANGER SELF/OTHERS",8,0.0132013201320132
"TRAFFIC-ACCIDENT-NON INJURY -> FOUND PROPERTY - I RPT",8,0.0132013201320132
"VANDALISM - I RPT -> TRAFFIC-ACCIDENT-NON INJURY",8,0.0132013201320132
"10851 VC AUTO THEFT LOCATE -> 243(E)1 BATTERY NONCOHAB SPOUS",7,0.0115511551155116
"10851 VC AUTO THEFT LOCATE -> 245(A)(1)AWDW/NO FIREARM/CIVIL",7,0.0115511551155116
"10851 VC AUTO THEFT LOCATE -> LOST PROPERTY - I RPT",7,0.0115511551155116
"10851(A)VC TAKE VEH W/O OWNER -> 466 PC   POSS OF BURG TOOLS",7,0.0115511551155116
"10851(A)VC TAKE VEH W/O OWNER -> 475(C) PASS FORGED NOTE",7,0.0115511551155116
"11350(A)HS POSS CNTRL SUBST -> MISSING PERSON",7,0.0115511551155116
"11357(B)HS POSS -28.5GR MARIJ -> MISSING PERSON",7,0.0115511551155116
"11364 HS POSS DRUG PARAPH -> 11364 HS POSS DRUG PARAPH",7,0.0115511551155116
"211 PC  ROBBERY UNSPECIFIED -> CASUALTY REPORT",7,0.0115511551155116
"211 PC  ROBBERY UNSPECIFIED -> TRAFFIC-ACCIDENT-NON INJURY",7,0.0115511551155116
"23152(A) VC DUI-ALCOHOL/DRUGS -> 459 PC  BURGLARY BUSINESS",7,0.0115511551155116
"23152(A) VC DUI-ALCOHOL/DRUGS -> 484 PETTY THEFT/LICENSE PLATE",7,0.0115511551155116
"23152(A) VC DUI-ALCOHOL/DRUGS -> MISSING PERSON",7,0.0115511551155116
"242 PC  BATTERY CIVILIAN -> 10851 VC AUTO THEFT LOCATE",7,0.0115511551155116
"243(E)1 BATTERY NONCOHAB SPOUS -> 10851 VC AUTO THEFT LOCATE",7,0.0115511551155116
"245(A)(1)AWDW/NO FIREARM/CIVIL -> 20002(A) HIT/RUN",7,0.0115511551155116
"245(A)(1)AWDW/NO FIREARM/CIVIL -> 5150 WI DANGER SELF/OTHERS",7,0.0115511551155116
"245(A)(1)AWDW/NO FIREARM/CIVIL -> CASUALTY REPORT",7,0.0115511551155116
"246 PC SHOOT OCCUP DWELL/VEH -> 459 PC  BURGLARY VEHICLE",7,0.0115511551155116
"273.6(A) PC VIO DV COURT ORDER -> 459 PC  BURGLARY VEHICLE",7,0.0115511551155116
"459 PC  BURGLARY BUSINESS -> 11357(B)HS POSS -28.5GR MARIJ",7,0.0115511551155116
"459 PC  BURGLARY BUSINESS -> 243(E)1 BATTERY NONCOHAB SPOUS",7,0.0115511551155116
"459 PC  BURGLARY BUSINESS -> 484 PETTY THEFT/LICENSE PLATE",7,0.0115511551155116
"459 PC  BURGLARY BUSINESS -> 484G(B) PC ACCESS CARD FRAUD",7,0.0115511551155116
"459 PC  BURGLARY BUSINESS -> CASUALTY REPORT",7,0.0115511551155116
"459 PC  BURGLARY RESIDENCE -> TELEPEST -I RPT",7,0.0115511551155116
"459 PC  BURGLARY VEHICLE -> 487(A) GRAND THEFT-INSIDE",7,0.0115511551155116
"459 PC  BURGLARY VEHICLE -> NARCOTICS SUSP/EVID/ACT- I RPT",7,0.0115511551155116
"459 PC  BURGLARY VEHICLE -> TELEPEST -I RPT",7,0.0115511551155116
"475(C) PASS FORGED NOTE -> TOWED/STORED VEHICLE",7,0.0115511551155116
"484 PC   PETTY THEFT/INSIDE -> MISSING PERSON",7,0.0115511551155116
"484 PC  PETTY THEFT/ OUTSIDE -> 459 PC  BURGLARY VEHICLE",7,0.0115511551155116
"484 PC PETTY THEFT -> 484 PC   PETTY THEFT/INSIDE",7,0.0115511551155116
"484 PC PETTY THEFT -> MISSING PERSON",7,0.0115511551155116
"484 PETTY THEFT-SHOPLIFT -> MISSING PERSON",7,0.0115511551155116
"484 PETTY THEFT-SHOPLIFT -> TRAFFIC-ACCIDENT-NON INJURY",7,0.0115511551155116
"484G(B) PC ACCESS CARD FRAUD -> 594(B)(2)(A) VANDALISM/ -$400",7,0.0115511551155116
"484G(B) PC ACCESS CARD FRAUD -> TRAFFIC-ACCIDENT-NON INJURY",7,0.0115511551155116
"487(A) PC GRAND THEFT -> 459 PC  BURGLARY BUSINESS",7,0.0115511551155116
"487(A) PC GRAND THEFT -> 484 PETTY THEFT-SHOPLIFT",7,0.0115511551155116
"487(A) PC GRAND THEFT -> 487(A) PC GRAND THEFT",7,0.0115511551155116
"487(A) PC GRAND THEFT -> TRAFFIC-ACCIDENT-NON INJURY",7,0.0115511551155116
"5150 WI DANGER SELF/OTHERS -> 23152(A) VC DUI-ALCOHOL/DRUGS",7,0.0115511551155116
"5150 WI DANGER SELF/OTHERS -> MISCELLANEOUS I RPT (ZMISC)",7,0.0115511551155116
"5150 WI DANGER SELF/OTHERS -> MISSING PERSON",7,0.0115511551155116
"530.5 PC USE PERSONAL ID INFO -> 484 PETTY THEFT/LICENSE PLATE",7,0.0115511551155116
"530.5 PC USE PERSONAL ID INFO -> 487(A) PC GRAND THEFT",7,0.0115511551155116
"594(B)(1)PC  VANDALISM +$400 -> 23152(A) VC DUI-ALCOHOL/DRUGS",7,0.0115511551155116
"594(B)(1)PC  VANDALISM +$400 -> 484 PC PETTY THEFT",7,0.0115511551155116
"594(B)(1)PC  VANDALISM +$400 -> 5150 WI DANGER SELF/OTHERS",7,0.0115511551155116
"594(B)(1)PC  VANDALISM +$400 -> MISCELLANEOUS I RPT (ZMISC)",7,0.0115511551155116
"594(B)(1)PC  VANDALISM +$400 -> TRAFFIC-ACCIDENT-NON INJURY",7,0.0115511551155116
"594(B)(2)(A) VANDALISM/ -$400 -> 242 PC  BATTERY CIVILIAN",7,0.0115511551155116
"594(B)(2)(A) VANDALISM/ -$400 -> 3056 PAROLE VIO - I RPT",7,0.0115511551155116
"594(B)(2)(A) VANDALISM/ -$400 -> 484 PC PETTY THEFT",7,0.0115511551155116
"594(B)(2)(A) VANDALISM/ -$400 -> NON INJ HR/MAIL OUT REPORT",7,0.0115511551155116
"647(B) PC   PROSTITUTION -> 459 PC  BURGLARY BUSINESS",7,0.0115511551155116
"BATTERY - I RPT -> 459 PC  BURGLARY VEHICLE",7,0.0115511551155116
"CASUALTY REPORT -> LOST PROPERTY - I RPT",7,0.0115511551155116
"CHILD WELFARE - I RPT -> 459 PC  BURGLARY VEHICLE",7,0.0115511551155116
"FOUND PROPERTY - I RPT -> 10851 VC AUTO THEFT LOCATE",7,0.0115511551155116
"GANG ACTIVITY - I RPT -> 10851(A)VC TAKE VEH W/O OWNER",7,0.0115511551155116
"GANG ACTIVITY - I RPT -> 242 PC  BATTERY CIVILIAN",7,0.0115511551155116
"GANG ACTIVITY - I RPT -> 459 PC  BURGLARY RESIDENCE",7,0.0115511551155116
"GANG ACTIVITY - I RPT -> MISSING PERSON",7,0.0115511551155116
"GANG ACTIVITY - I RPT -> TOWED/STORED VEHICLE",7,0.0115511551155116
"GANG ACTIVITY - I RPT -> TRAFFIC-ACCIDENT INJURY",7,0.0115511551155116
"HARASSMENT - I RPT -> 459 PC  BURGLARY VEHICLE",7,0.0115511551155116
"HARASSMENT - I RPT -> TRAFFIC-ACCIDENT INJURY",7,0.0115511551155116
"LOST PROPERTY - I RPT -> 10851(A)VC TAKE VEH W/O OWNER",7,0.0115511551155116
"LOST PROPERTY - I RPT -> 459 PC  BURGLARY RESIDENCE",7,0.0115511551155116
"MISCELLANEOUS I RPT (ZMISC) -> TRAFFIC-ACCIDENT-NON INJURY",7,0.0115511551155116
"MISSING PERSON -> 3056 PAROLE VIO - I RPT",7,0.0115511551155116
"MISSING PERSON -> 484G(B) PC ACCESS CARD FRAUD",7,0.0115511551155116
"MISSING PERSON -> 666 PC PETTY THEFT W/PRI CONV",7,0.0115511551155116
"MISSING PERSON -> SUSP PERS-NO CRIME - I RPT",7,0.0115511551155116
"MISSING PERSON I RPT -> 459 PC  BURGLARY RESIDENCE",7,0.0115511551155116
"MISSING PERSON I RPT -> TOWED/STORED VEH-14602.6",7,0.0115511551155116
"SUSP PERS-NO CRIME - I RPT -> 459 PC  BURGLARY RESIDENCE",7,0.0115511551155116
"THREATS - I RPT -> NON INJ HR/MAIL OUT REPORT",7,0.0115511551155116
"THREATS - I RPT -> TRAFFIC-ACCIDENT INJURY",7,0.0115511551155116
"TOWED/STORED VEH-14602.6 -> 11377(A)HS POSS AMPHETAMINES",7,0.0115511551155116
"TOWED/STORED VEH-14602.6 -> 23152(A) VC DUI-ALCOHOL/DRUGS",7,0.0115511551155116
"TOWED/STORED VEH-14602.6 -> 23222(B)POSSESS MARIJ IN VEH",7,0.0115511551155116
"TOWED/STORED VEH-14602.6 -> 273.6(A) PC VIO DV COURT ORDER",7,0.0115511551155116
"TOWED/STORED VEH-14602.6 -> 487(A) GRAND THEFT-INSIDE",7,0.0115511551155116
"TOWED/STORED VEH-14602.6 -> ACCIDENTAL FIRES/ARSON -I RPT",7,0.0115511551155116
"TOWED/STORED VEH-14602.6 -> FRAUD OR BUNCO - I RPT",7,0.0115511551155116
"TOWED/STORED VEHICLE -> 11357(B)HS POSS -28.5GR MARIJ",7,0.0115511551155116
"TOWED/STORED VEHICLE -> 1551(A) FUGITIVE FROM JUSTICE",7,0.0115511551155116
"TOWED/STORED VEHICLE -> 3056 PAROLE VIO - I RPT",7,0.0115511551155116
"TOWED/STORED VEHICLE -> ASSAULT WITH WEAPON - I RPT",7,0.0115511551155116
"TOWED/STORED VEHICLE -> SUSP PERS-NO CRIME - I RPT",7,0.0115511551155116
"TOWED/STORED VEHICLE -> WARRANT SERVED - I RPT",7,0.0115511551155116
"TRAFFIC-ACCIDENT INJURY -> FOUND PROPERTY - I RPT",7,0.0115511551155116
"TRAFFIC-ACCIDENT-NON INJURY -> 11350(A)HS POSS CNTRL SUBST",7,0.0115511551155116
"TRAFFIC-ACCIDENT-NON INJURY -> 484 PC   PETTY THEFT/INSIDE",7,0.0115511551155116
"TRAFFIC-ACCIDENT-NON INJURY -> MISCELLANEOUS I RPT (ZMISC)",7,0.0115511551155116
"10851 VC AUTO THEFT LOCATE -> 487(A) GRAND THEFT-INSIDE",6,0.0099009900990099
"10851 VC AUTO THEFT LOCATE -> ACCIDENTAL FIRES/ARSON -I RPT",6,0.0099009900990099
"10851 VC AUTO THEFT LOCATE -> MISCELLANEOUS I RPT (ZMISC)",6,0.0099009900990099
"10851(A)VC TAKE VEH W/O OWNER -> 12020(A)1) PROHIBITED FIREARM",6,0.0099009900990099
"10851(A)VC TAKE VEH W/O OWNER -> 4140 BP  POSS OF HYPO NEEDLE",6,0.0099009900990099
"10851(A)VC TAKE VEH W/O OWNER -> 647(B) PC   PROSTITUTION",6,0.0099009900990099
"10851(A)VC TAKE VEH W/O OWNER -> ASSAULT WITH WEAPON - I RPT",6,0.0099009900990099
"10851(A)VC TAKE VEH W/O OWNER -> ROBBERY - I RPT",6,0.0099009900990099
"10851(A)VC TAKE VEH W/O OWNER -> TELEPEST -I RPT",6,0.0099009900990099
"10851(A)VC TAKE VEH W/O OWNER -> VANDALISM - I RPT",6,0.0099009900990099
"11350(A)HS POSS CNTRL SUBST -> 459 PC  BURGLARY VEHICLE",6,0.0099009900990099
"11350(A)HS POSS CNTRL SUBST -> TOWED/STORED VEH-14602.6",6,0.0099009900990099
"11357(B)HS POSS -28.5GR MARIJ -> 10851 VC AUTO THEFT LOCATE",6,0.0099009900990099
"11357(B)HS POSS -28.5GR MARIJ -> 459 PC  BURGLARY BUSINESS",6,0.0099009900990099
"11364 HS POSS DRUG PARAPH -> 23152(A) VC DUI-ALCOHOL/DRUGS",6,0.0099009900990099
"11364 HS POSS DRUG PARAPH -> 242 PC  BATTERY CIVILIAN",6,0.0099009900990099
"11364 HS POSS DRUG PARAPH -> 484 PETTY THEFT-SHOPLIFT",6,0.0099009900990099
"11377(A)HS POSS AMPHETAMINES -> 23152(A) VC DUI-ALCOHOL/DRUGS",6,0.0099009900990099
"11377(A)HS POSS AMPHETAMINES -> 459 PC  BURGLARY RESIDENCE",6,0.0099009900990099
"11377(A)HS POSS AMPHETAMINES -> 594(B)(2)(A) VANDALISM/ -$400",6,0.0099009900990099
"1203.2 PC VIOLATION OF PROBATI -> 10851(A)VC TAKE VEH W/O OWNER",6,0.0099009900990099
"1708 US   THEFT OF MAIL -> TOWED/STORED VEHICLE",6,0.0099009900990099
"20001(A) VC HIT/RUN INJ/DEATH -> 459 PC  BURGLARY VEHICLE",6,0.0099009900990099
"20001(A) VC HIT/RUN INJ/DEATH -> MISSING PERSON",6,0.0099009900990099
"20001(A) VC HIT/RUN INJ/DEATH -> TOWED/STORED VEH-14602.6",6,0.0099009900990099
"20002(A) HIT/RUN -> 11364 HS POSS DRUG PARAPH",6,0.0099009900990099
"20002(A) HIT/RUN -> 23152(A) VC DUI-ALCOHOL/DRUGS",6,0.0099009900990099
"20002(A) HIT/RUN -> 484 PETTY THEFT/LICENSE PLATE",6,0.0099009900990099
"20002(A) HIT/RUN -> 594(B)(1)PC  VANDALISM +$400",6,0.0099009900990099
"211 PC  ROBBERY UNSPECIFIED -> 11350(A)HS POSS CNTRL SUBST",6,0.0099009900990099
"211 PC  ROBBERY UNSPECIFIED -> 211 PC  ROBBERY UNSPECIFIED",6,0.0099009900990099
"211 PC  ROBBERY UNSPECIFIED -> 459 PC  BURGLARY BUSINESS",6,0.0099009900990099
"211 PC  ROBBERY UNSPECIFIED -> 484 PC   PETTY THEFT/INSIDE",6,0.0099009900990099
"211 PC  ROBBERY UNSPECIFIED -> 484 PETTY THEFT/LICENSE PLATE",6,0.0099009900990099
"211 PC  ROBBERY UNSPECIFIED -> LOST PROPERTY - I RPT",6,0.0099009900990099
"211 PC ROBBERY- BUSINESS -> 10851(A)VC TAKE VEH W/O OWNER",6,0.0099009900990099
"211 PC ROBBERY-PURSE SNATCH -> MISSING PERSON",6,0.0099009900990099
"215(A) PC    CARJACKING -> 10851(A)VC TAKE VEH W/O OWNER",6,0.0099009900990099
"23152(A) VC DUI-ALCOHOL/DRUGS -> 11364 HS POSS DRUG PARAPH",6,0.0099009900990099
"23152(A) VC DUI-ALCOHOL/DRUGS -> 211 PC  ROBBERY UNSPECIFIED",6,0.0099009900990099
"23152(A) VC DUI-ALCOHOL/DRUGS -> 242 PC  BATTERY CIVILIAN",6,0.0099009900990099
"23152(A) VC DUI-ALCOHOL/DRUGS -> TRAFFIC-ACCIDENT INJURY",6,0.0099009900990099
"23153(A) VC DUI CAUSE INJURY -> TOWED/STORED VEH-14602.6",6,0.0099009900990099
"242 PC  BATTERY CIVILIAN -> 11350(A)HS POSS CNTRL SUBST",6,0.0099009900990099
"242 PC  BATTERY CIVILIAN -> NON INJ HR/MAIL OUT REPORT",6,0.0099009900990099
"243(D) PC BATT/CIVILIAN W/INJ -> 10851(A)VC TAKE VEH W/O OWNER",6,0.0099009900990099
"243(E)1 BATTERY NONCOHAB SPOUS -> 243(E)1 BATTERY NONCOHAB SPOUS",6,0.0099009900990099
"245(A)(1)AWDW/NO FIREARM/CIVIL -> 594(B)(1)PC  VANDALISM +$400",6,0.0099009900990099
"245(A)(1)AWDW/NO FIREARM/CIVIL -> TRAFFIC-ACCIDENT INJURY",6,0.0099009900990099
"3056 PAROLE VIO - I RPT -> 10851(A)VC TAKE VEH W/O OWNER",6,0.0099009900990099
"3056 PAROLE VIO - I RPT -> 459 PC  BURGLARY VEHICLE",6,0.0099009900990099
"459 PC  BURGLARY BUSINESS -> 594(B)(1)PC  VANDALISM +$400",6,0.0099009900990099
"459 PC  BURGLARY RESIDENCE -> 11377(A)HS POSS AMPHETAMINES",6,0.0099009900990099
"459 PC  BURGLARY RESIDENCE -> 475(C) PASS FORGED NOTE",6,0.0099009900990099
"459 PC  BURGLARY RESIDENCE -> 487(A) GRAND THEFT-INSIDE",6,0.0099009900990099
"459 PC  BURGLARY RESIDENCE -> 496(A) RECEIVE STOLEN PROPERTY",6,0.0099009900990099
"459 PC  BURGLARY RESIDENCE -> MISSING PERSON I RPT",6,0.0099009900990099
"459 PC  BURGLARY RESIDENCE -> SAFEKEEPING - I RPT",6,0.0099009900990099
"459 PC  BURGLARY VEHICLE -> 11357(B)HS POSS -28.5GR MARIJ",6,0.0099009900990099
"459 PC  BURGLARY VEHICLE -> 273.6(A) PC VIO DV COURT ORDER",6,0.0099009900990099
"459 PC  BURGLARY VEHICLE -> 666 PC PETTY THEFT W/PRI CONV",6,0.0099009900990099
"459 PC  BURGLARY VEHICLE -> ABC LICENSE VIO/INFO - I RPT",6,0.0099009900990099
"459 PC  BURGLARY VEHICLE -> BATTERY - I RPT",6,0.0099009900990099
"459 PC  BURGLARY VEHICLE -> LOST PROPERTY - I RPT",6,0.0099009900990099
"475(A)PC POSS FORGED CHK/NOTE -> TOWED/STORED VEH-14602.6",6,0.0099009900990099
"484 PC  PETTY THEFT/ OUTSIDE -> 10851(A)VC TAKE VEH W/O OWNER",6,0.0099009900990099
"484 PC  PETTY THEFT/ OUTSIDE -> TOWED/STORED VEHICLE",6,0.0099009900990099
"484 PC PETTY THEFT -> 484 PC PETTY THEFT",6,0.0099009900990099
"484 PC PETTY THEFT -> TRAFFIC-ACCIDENT-NON INJURY",6,0.0099009900990099
"484 PETTY THEFT CLOUT UNLOCKED -> TRAFFIC-ACCIDENT INJURY",6,0.0099009900990099
"484 PETTY THEFT-SHOPLIFT -> 5150 WI DANGER SELF/OTHERS",6,0.0099009900990099
"484 PETTY THEFT-SHOPLIFT -> TOWED/STORED VEHICLE",6,0.0099009900990099
"484 PETTY THEFT-SHOPLIFT -> TRAFFIC-ACCIDENT INJURY",6,0.0099009900990099
"484 PETTY THEFT/LICENSE PLATE -> 23152(A) VC DUI-ALCOHOL/DRUGS",6,0.0099009900990099
"484 PETTY THEFT/LICENSE PLATE -> 487(A) PC GRAND THEFT",6,0.0099009900990099
"487(A) PC GRAND THEFT -> 245(A)(1)AWDW/NO FIREARM/CIVIL",6,0.0099009900990099
"496(A) RECEIVE STOLEN PROPERTY -> TOWED/STORED VEH-14602.6",6,0.0099009900990099
"5150 WI DANGER SELF/OTHERS -> 484 PC  PETTY THEFT/ OUTSIDE",6,0.0099009900990099
"529 PC FALSE PERSONATION -> 459 PC  BURGLARY VEHICLE",6,0.0099009900990099
"530.5 PC USE PERSONAL ID INFO -> 484 PC  PETTY THEFT/ OUTSIDE",6,0.0099009900990099
"530.5 PC USE PERSONAL ID INFO -> 484 PC PETTY THEFT",6,0.0099009900990099
"530.5 PC USE PERSONAL ID INFO -> 484G(B) PC ACCESS CARD FRAUD",6,0.0099009900990099
"530.5 PC USE PERSONAL ID INFO -> 594(B)(2)(A) VANDALISM/ -$400",6,0.0099009900990099
"530.5 PC USE PERSONAL ID INFO -> MISSING PERSON",6,0.0099009900990099
"594(B)(1)PC  VANDALISM +$400 -> 484 PETTY THEFT/LICENSE PLATE",6,0.0099009900990099
"594(B)(1)PC  VANDALISM +$400 -> CASUALTY REPORT",6,0.0099009900990099
"594(B)(2)(A) VANDALISM/ -$400 -> 243(E)1 BATTERY NONCOHAB SPOUS",6,0.0099009900990099
"594(B)(2)(A) VANDALISM/ -$400 -> 484G(B) PC ACCESS CARD FRAUD",6,0.0099009900990099
"594(B)(2)(A) VANDALISM/ -$400 -> LOST PROPERTY - I RPT",6,0.0099009900990099
"647(B) PC   PROSTITUTION -> 484 PETTY THEFT/LICENSE PLATE",6,0.0099009900990099
"BATTERY - I RPT -> 10851(A)VC TAKE VEH W/O OWNER",6,0.0099009900990099
"CASUALTY REPORT -> 11364 HS POSS DRUG PARAPH",6,0.0099009900990099
"CASUALTY REPORT -> 211 PC  ROBBERY UNSPECIFIED",6,0.0099009900990099
"CASUALTY REPORT -> MISSING PERSON",6,0.0099009900990099
"CASUALTY REPORT -> SUSP PERS-NO CRIME - I RPT",6,0.0099009900990099
"FOUND PROPERTY - I RPT -> 459 PC  BURGLARY RESIDENCE",6,0.0099009900990099
"FOUND PROPERTY - I RPT -> TRAFFIC-ACCIDENT-NON INJURY",6,0.0099009900990099
"FRAUD OR BUNCO - I RPT -> 10851(A)VC TAKE VEH W/O OWNER",6,0.0099009900990099
"FRAUD OR BUNCO - I RPT -> TOWED/STORED VEH-14602.6",6,0.0099009900990099
"HARASSMENT - I RPT -> TOWED/STORED VEHICLE",6,0.0099009900990099
"LOST PROPERTY - I RPT -> 459 PC  BURGLARY BUSINESS",6,0.0099009900990099
"LOST PROPERTY - I RPT -> TOWED/STORED VEH-14602.6",6,0.0099009900990099
"MISCELLANEOUS I RPT (ZMISC) -> 459 PC  BURGLARY RESIDENCE",6,0.0099009900990099
"MISCELLANEOUS I RPT (ZMISC) -> LOST PROPERTY - I RPT",6,0.0099009900990099
"MISSING PERSON -> 11377(A)HS POSS AMPHETAMINES",6,0.0099009900990099
"MISSING PERSON -> 211 PC  ROBBERY UNSPECIFIED",6,0.0099009900990099
"MISSING PERSON -> 243(E)1 BATTERY NONCOHAB SPOUS",6,0.0099009900990099
"MISSING PERSON -> 487(A) PC GRAND THEFT",6,0.0099009900990099
"MISSING PERSON -> ASSAULT WITH WEAPON - I RPT",6,0.0099009900990099
"MISSING PERSON -> GANG ACTIVITY - I RPT",6,0.0099009900990099
"MISSING PERSON -> NARCOTICS SUSP/EVID/ACT- I RPT",6,0.0099009900990099
"MISSING PERSON -> THREATS - I RPT",6,0.0099009900990099
"MISSING PERSON -> WARRANT SERVED - I RPT",6,0.0099009900990099
"NON INJ HR/MAIL OUT REPORT -> 11364 HS POSS DRUG PARAPH",6,0.0099009900990099
"NON INJ HR/MAIL OUT REPORT -> 242 PC  BATTERY CIVILIAN",6,0.0099009900990099
"NON INJ HR/MAIL OUT REPORT -> 484 PETTY THEFT/LICENSE PLATE",6,0.0099009900990099
"NON INJ HR/MAIL OUT REPORT -> CASUALTY REPORT",6,0.0099009900990099
"THREATS - I RPT -> 20002(A) HIT/RUN",6,0.0099009900990099
"THREATS - I RPT -> 211 PC ROBBERY- BUSINESS",6,0.0099009900990099
"THREATS - I RPT -> 459 PC  BURGLARY BUSINESS",6,0.0099009900990099
"THREATS - I RPT -> 487(A) PC GRAND THEFT",6,0.0099009900990099
"THREATS - I RPT -> 5150 WI DANGER SELF/OTHERS",6,0.0099009900990099
"THREATS - I RPT -> MISSING PERSON",6,0.0099009900990099
"TOWED/STORED VEH-14602.6 -> 11350(A)HS POSS CNTRL SUBST",6,0.0099009900990099
"TOWED/STORED VEH-14602.6 -> 215(A) PC    CARJACKING",6,0.0099009900990099
"TOWED/STORED VEH-14602.6 -> 475(A)PC POSS FORGED CHK/NOTE",6,0.0099009900990099
"TOWED/STORED VEH-14602.6 -> 530.5 PC USE PERSONAL ID INFO",6,0.0099009900990099
"TOWED/STORED VEH-14602.6 -> 666 PC PETTY THEFT W/PRI CONV",6,0.0099009900990099
"TOWED/STORED VEH-14602.6 -> HARASSMENT - I RPT",6,0.0099009900990099
"TOWED/STORED VEH-14602.6 -> SAFEKEEPING - I RPT",6,0.0099009900990099
"TOWED/STORED VEH-14602.6 -> TRAFFIC - I RPT",6,0.0099009900990099
"TOWED/STORED VEH-14602.6 -> WARRANT SERVED - I RPT",6,0.0099009900990099
"TOWED/STORED VEHICLE -> 11352(A)HS SALE/TRANS CNTL SUB",6,0.0099009900990099
"TOWED/STORED VEHICLE -> 211 PC ROBBERY- BUSINESS",6,0.0099009900990099
"TOWED/STORED VEHICLE -> 290(A)(1)(D) FAIL TO REG-5 DAY",6,0.0099009900990099
"TOWED/STORED VEHICLE -> 476 PC PASS FICTICIOUS CHECK",6,0.0099009900990099
"TOWED/STORED VEHICLE -> 484 PC  PETTY THEFT/ OUTSIDE",6,0.0099009900990099
"TOWED/STORED VEHICLE -> BURGLARY - I RPT",6,0.0099009900990099
"TOWED/STORED VEHICLE -> HARASSMENT - I RPT",6,0.0099009900990099
"TOWED/STORED VEHICLE -> MISSING PERSON LOCATE O/S ASSI",6,0.0099009900990099
"TOWED/STORED VEHICLE -> NARCOTICS SUSP/EVID/ACT- I RPT",6,0.0099009900990099
"TOWED/STORED VEHICLE -> TELEPEST -I RPT",6,0.0099009900990099
"TRAFFIC-ACCIDENT INJURY -> 211 PC  ROBBERY UNSPECIFIED",6,0.0099009900990099
"TRAFFIC-ACCIDENT INJURY -> 487(A) GRAND THEFT-INSIDE",6,0.0099009900990099
"TRAFFIC-ACCIDENT INJURY -> 487(A) PC GRAND THEFT",6,0.0099009900990099
"TRAFFIC-ACCIDENT-NON INJURY -> 530.5 PC USE PERSONAL ID INFO",6,0.0099009900990099
"TRAFFIC-ACCIDENT-NON INJURY -> BATTERY - I RPT",6,0.0099009900990099
"VANDALISM - I RPT -> TOWED/STORED VEHICLE",6,0.0099009900990099
"10851 VC AUTO THEFT LOCATE -> 11357(B)HS POSS -28.5GR MARIJ",5,0.00825082508250825
"10851 VC AUTO THEFT LOCATE -> 484 PC PETTY THEFT",5,0.00825082508250825
"10851(A)VC TAKE VEH W/O OWNER -> 12021(A)(1)PC FELON POSS FRARM",5,0.00825082508250825
"10851(A)VC TAKE VEH W/O OWNER -> 484 PETTY THEFT CLOUT UNLOCKED",5,0.00825082508250825
"10851(A)VC TAKE VEH W/O OWNER -> 484J PC PUBLISH CARD INFO",5,0.00825082508250825
"10851(A)VC TAKE VEH W/O OWNER -> 653M(A) PC OBSCENE/THREAT CALL",5,0.00825082508250825
"10851(A)VC TAKE VEH W/O OWNER -> BURGLARY - I RPT",5,0.00825082508250825
"10851(A)VC TAKE VEH W/O OWNER -> FRAUD OR BUNCO - I RPT",5,0.00825082508250825
"10851(A)VC TAKE VEH W/O OWNER -> MISSING PERSON I RPT",5,0.00825082508250825
"10851(A)VC TAKE VEH W/O OWNER -> NEIGHBORHOOD DISTURBANCE-I RPT",5,0.00825082508250825
"10851(A)VC TAKE VEH W/O OWNER -> O/S AGENCY -ASSISTANCE- I RPT",5,0.00825082508250825
"10851(A)VC TAKE VEH W/O OWNER -> POSSIBLE FINANCIAL CRIME-I RPT",5,0.00825082508250825
"10851(A)VC TAKE VEH W/O OWNER -> SUSP PERS-NO CRIME - I RPT",5,0.00825082508250825
"11350(A)HS POSS CNTRL SUBST -> 10851(A)VC TAKE VEH W/O OWNER",5,0.00825082508250825
"11350(A)HS POSS CNTRL SUBST -> CASUALTY REPORT",5,0.00825082508250825
"11350(A)HS POSS CNTRL SUBST -> TOWED/STORED VEHICLE",5,0.00825082508250825
"11350(A)HS POSS CNTRL SUBST -> TRAFFIC-ACCIDENT-NON INJURY",5,0.00825082508250825
"11357(B)HS POSS -28.5GR MARIJ -> 594(B)(2)(A) VANDALISM/ -$400",5,0.00825082508250825
"11357(B)HS POSS -28.5GR MARIJ -> TRAFFIC-ACCIDENT-NON INJURY",5,0.00825082508250825
"11364 HS POSS DRUG PARAPH -> 211 PC  ROBBERY UNSPECIFIED",5,0.00825082508250825
"11364 HS POSS DRUG PARAPH -> 484 PETTY THEFT/LICENSE PLATE",5,0.00825082508250825
"11364 HS POSS DRUG PARAPH -> BATTERY - I RPT",5,0.00825082508250825
"11364 HS POSS DRUG PARAPH -> CASUALTY REPORT",5,0.00825082508250825
"11377(A)HS POSS AMPHETAMINES -> 11364 HS POSS DRUG PARAPH",5,0.00825082508250825
"11377(A)HS POSS AMPHETAMINES -> 20002(A) HIT/RUN",5,0.00825082508250825
"11377(A)HS POSS AMPHETAMINES -> 245(A)(1)AWDW/NO FIREARM/CIVIL",5,0.00825082508250825
"11377(A)HS POSS AMPHETAMINES -> 484 PC   PETTY THEFT/INSIDE",5,0.00825082508250825
"11377(A)HS POSS AMPHETAMINES -> TOWED/STORED VEH-14602.6",5,0.00825082508250825
"12020(A)1) PROHIBITED FIREARM -> 459 PC  BURGLARY VEHICLE",5,0.00825082508250825
"12020(A)1) PROHIBITED FIREARM -> 594(B)(2)(A) VANDALISM/ -$400",5,0.00825082508250825
"148.9 PC FALSE ID TO OFFICER -> 459 PC  BURGLARY VEHICLE",5,0.00825082508250825
"1708 US   THEFT OF MAIL -> TOWED/STORED VEH-14602.6",5,0.00825082508250825
"20001(A) VC HIT/RUN INJ/DEATH -> 459 PC  BURGLARY RESIDENCE",5,0.00825082508250825
"20002(A) HIT/RUN -> 20002(A) HIT/RUN",5,0.00825082508250825
"20002(A) HIT/RUN -> 211 PC  ROBBERY UNSPECIFIED",5,0.00825082508250825
"20002(A) HIT/RUN -> 484 PC   PETTY THEFT/INSIDE",5,0.00825082508250825
"211 PC  ROBBERY UNSPECIFIED -> 594(B)(1)PC  VANDALISM +$400",5,0.00825082508250825
"211 PC  ROBBERY UNSPECIFIED -> FOUND PROPERTY - I RPT",5,0.00825082508250825
"211 PC ROBBERY- BUSINESS -> 594(B)(2)(A) VANDALISM/ -$400",5,0.00825082508250825
"211 PC ROBBERY- BUSINESS -> TOWED/STORED VEH-14602.6",5,0.00825082508250825
"211 PC ROBBERY- BUSINESS -> TOWED/STORED VEHICLE",5,0.00825082508250825
"211 PC ROBBERY-PURSE SNATCH -> TOWED/STORED VEH-14602.6",5,0.00825082508250825
"211 PC ROBBERY-PURSE SNATCH -> TRAFFIC-ACCIDENT-NON INJURY",5,0.00825082508250825
"215(A) PC    CARJACKING -> 459 PC  BURGLARY BUSINESS",5,0.00825082508250825
"23152(A) VC DUI-ALCOHOL/DRUGS -> 11357(B)HS POSS -28.5GR MARIJ",5,0.00825082508250825
"23152(A) VC DUI-ALCOHOL/DRUGS -> CASUALTY REPORT",5,0.00825082508250825
"242 PC  BATTERY CIVILIAN -> 484G(B) PC ACCESS CARD FRAUD",5,0.00825082508250825
"242 PC  BATTERY CIVILIAN -> 487(A) PC GRAND THEFT",5,0.00825082508250825
"242 PC  BATTERY CIVILIAN -> CASUALTY REPORT",5,0.00825082508250825
"242 PC  BATTERY CIVILIAN -> FOUND PROPERTY - I RPT",5,0.00825082508250825
"243(D) PC BATT/CIVILIAN W/INJ -> CASUALTY REPORT",5,0.00825082508250825
"243(D) PC BATT/CIVILIAN W/INJ -> TOWED/STORED VEHICLE",5,0.00825082508250825
"243(E)1 BATTERY NONCOHAB SPOUS -> 11350(A)HS POSS CNTRL SUBST",5,0.00825082508250825
"243(E)1 BATTERY NONCOHAB SPOUS -> 11357(B)HS POSS -28.5GR MARIJ",5,0.00825082508250825
"243(E)1 BATTERY NONCOHAB SPOUS -> 484 PC PETTY THEFT",5,0.00825082508250825
"243(E)1 BATTERY NONCOHAB SPOUS -> 484 PETTY THEFT-SHOPLIFT",5,0.00825082508250825
"243(E)1 BATTERY NONCOHAB SPOUS -> 5150 WI DANGER SELF/OTHERS",5,0.00825082508250825
"243(E)1 BATTERY NONCOHAB SPOUS -> 594(B)(1)PC  VANDALISM +$400",5,0.00825082508250825
"243(E)1 BATTERY NONCOHAB SPOUS -> CASUALTY REPORT",5,0.00825082508250825
"245(A)(1)AWDW/NO FIREARM/CIVIL -> 11364 HS POSS DRUG PARAPH",5,0.00825082508250825
"245(A)(1)AWDW/NO FIREARM/CIVIL -> 484 PC PETTY THEFT",5,0.00825082508250825
"245(A)(2) AWDW/FIREARM/CIVILIA -> 459 PC  BURGLARY VEHICLE",5,0.00825082508250825
"246 PC SHOOT OCCUP DWELL/VEH -> 10851(A)VC TAKE VEH W/O OWNER",5,0.00825082508250825
"246 PC SHOOT OCCUP DWELL/VEH -> 23152(A) VC DUI-ALCOHOL/DRUGS",5,0.00825082508250825
"273.6(A) PC VIO DV COURT ORDER -> 484 PC   PETTY THEFT/INSIDE",5,0.00825082508250825
"273.6(A) PC VIO DV COURT ORDER -> TOWED/STORED VEH-14602.6",5,0.00825082508250825
"422 PC THREAT/INTENT TO TERROR -> 10851(A)VC TAKE VEH W/O OWNER",5,0.00825082508250825
"459 PC  BURGLARY BUSINESS -> 10851 VC AUTO THEFT LOCATE",5,0.00825082508250825
"459 PC  BURGLARY BUSINESS -> 245(A)(1)AWDW/NO FIREARM/CIVIL",5,0.00825082508250825
"459 PC  BURGLARY BUSINESS -> 484 PC  PETTY THEFT/ OUTSIDE",5,0.00825082508250825
"459 PC  BURGLARY BUSINESS -> 484 PETTY THEFT-SHOPLIFT",5,0.00825082508250825
"459 PC  BURGLARY BUSINESS -> 487(A) GRAND THEFT-INSIDE",5,0.00825082508250825
"459 PC  BURGLARY BUSINESS -> FOUND PROPERTY - I RPT",5,0.00825082508250825
"459 PC  BURGLARY BUSINESS -> GANG ACTIVITY - I RPT",5,0.00825082508250825
"459 PC  BURGLARY BUSINESS -> MISCELLANEOUS I RPT (ZMISC)",5,0.00825082508250825
"459 PC  BURGLARY RESIDENCE -> 245(A)(2) AWDW/FIREARM/CIVILIA",5,0.00825082508250825
"459 PC  BURGLARY RESIDENCE -> 273.6(A) PC VIO DV COURT ORDER",5,0.00825082508250825
"459 PC  BURGLARY RESIDENCE -> 3056 PAROLE VIO - I RPT",5,0.00825082508250825
"459 PC  BURGLARY RESIDENCE -> 484J PC PUBLISH CARD INFO",5,0.00825082508250825
"459 PC  BURGLARY RESIDENCE -> 529 PC FALSE PERSONATION",5,0.00825082508250825
"459 PC  BURGLARY RESIDENCE -> 602(K)TRESPASS:INJURE PROPERTY",5,0.00825082508250825
"459 PC  BURGLARY RESIDENCE -> BATTERY - I RPT",5,0.00825082508250825
"459 PC  BURGLARY RESIDENCE -> NARCOTICS SUSP/EVID/ACT- I RPT",5,0.00825082508250825
"459 PC  BURGLARY VEHICLE -> 3056 PAROLE VIO - I RPT",5,0.00825082508250825
"459 PC  BURGLARY VEHICLE -> 484 PC-PETTY THEFT-COIN MACHIN",5,0.00825082508250825
"459 PC  BURGLARY VEHICLE -> 496(A) RECEIVE STOLEN PROPERTY",5,0.00825082508250825
"459 PC  BURGLARY VEHICLE -> 594(B)(1)VANDALISM GRAF +$400",5,0.00825082508250825
"459 PC  BURGLARY VEHICLE -> 594(B)(2)(A)VANDALISM GRAF-400",5,0.00825082508250825
"459 PC  BURGLARY VEHICLE -> GANG ACTIVITY - I RPT",5,0.00825082508250825
"475(A)PC POSS FORGED CHK/NOTE -> 10851(A)VC TAKE VEH W/O OWNER",5,0.00825082508250825
"475(C) PASS FORGED NOTE -> TOWED/STORED VEH-14602.6",5,0.00825082508250825
"476 PC PASS FICTICIOUS CHECK -> 459 PC  BURGLARY VEHICLE",5,0.00825082508250825
"476 PC PASS FICTICIOUS CHECK -> 484 PETTY THEFT/LICENSE PLATE",5,0.00825082508250825
"484 PC   PETTY THEFT/INSIDE -> 211 PC  ROBBERY UNSPECIFIED",5,0.00825082508250825
"484 PC   PETTY THEFT/INSIDE -> 23152(A) VC DUI-ALCOHOL/DRUGS",5,0.00825082508250825
"484 PC   PETTY THEFT/INSIDE -> 484 PC   PETTY THEFT/INSIDE",5,0.00825082508250825
"484 PC   PETTY THEFT/INSIDE -> 484 PC PETTY THEFT",5,0.00825082508250825
"484 PC   PETTY THEFT/INSIDE -> 487(A) PC GRAND THEFT",5,0.00825082508250825
"484 PC   PETTY THEFT/INSIDE -> 5150 WI DANGER SELF/OTHERS",5,0.00825082508250825
"484 PC   PETTY THEFT/INSIDE -> CASUALTY REPORT",5,0.00825082508250825
"484 PC  PETTY THEFT/ OUTSIDE -> 11364 HS POSS DRUG PARAPH",5,0.00825082508250825
"484 PC  PETTY THEFT/ OUTSIDE -> MISSING PERSON",5,0.00825082508250825
"484 PC PETTY THEFT -> 242 PC  BATTERY CIVILIAN",5,0.00825082508250825
"484 PETTY THEFT-SHOPLIFT -> 459 PC  BURGLARY RESIDENCE",5,0.00825082508250825
"484 PETTY THEFT-SHOPLIFT -> 484 PC   PETTY THEFT/INSIDE",5,0.00825082508250825
"484 PETTY THEFT-SHOPLIFT -> 484 PC PETTY THEFT",5,0.00825082508250825
"484 PETTY THEFT-SHOPLIFT -> 484 PETTY THEFT-SHOPLIFT",5,0.00825082508250825
"484 PETTY THEFT-SHOPLIFT -> FOUND PROPERTY - I RPT",5,0.00825082508250825
"484 PETTY THEFT/LICENSE PLATE -> 11377(A)HS POSS AMPHETAMINES",5,0.00825082508250825
"484 PETTY THEFT/LICENSE PLATE -> MISCELLANEOUS I RPT (ZMISC)",5,0.00825082508250825
"484G(B) PC ACCESS CARD FRAUD -> 11364 HS POSS DRUG PARAPH",5,0.00825082508250825
"484G(B) PC ACCESS CARD FRAUD -> 211 PC  ROBBERY UNSPECIFIED",5,0.00825082508250825
"484G(B) PC ACCESS CARD FRAUD -> 484G(B) PC ACCESS CARD FRAUD",5,0.00825082508250825
"484J PC PUBLISH CARD INFO -> 10851(A)VC TAKE VEH W/O OWNER",5,0.00825082508250825
"484J PC PUBLISH CARD INFO -> TOWED/STORED VEHICLE",5,0.00825082508250825
"487(A) GRAND THEFT-INSIDE -> 10851 VC AUTO THEFT LOCATE",5,0.00825082508250825
"487(A) GRAND THEFT-INSIDE -> 11364 HS POSS DRUG PARAPH",5,0.00825082508250825
"487(A) PC GRAND THEFT -> 5150 WI DANGER SELF/OTHERS",5,0.00825082508250825
"487(A) PC GRAND THEFT -> NON INJ HR/MAIL OUT REPORT",5,0.00825082508250825
"487(A) PC GRAND THEFT -> TRAFFIC-ACCIDENT INJURY",5,0.00825082508250825
"496(A) RECEIVE STOLEN PROPERTY -> 459 PC  BURGLARY VEHICLE",5,0.00825082508250825
"5150 WI DANGER SELF/OTHERS -> 11364 HS POSS DRUG PARAPH",5,0.00825082508250825
"5150 WI DANGER SELF/OTHERS -> 20002(A) HIT/RUN",5,0.00825082508250825
"5150 WI DANGER SELF/OTHERS -> 245(A)(1)AWDW/NO FIREARM/CIVIL",5,0.00825082508250825
"5150 WI DANGER SELF/OTHERS -> 484 PETTY THEFT-SHOPLIFT",5,0.00825082508250825
"5150 WI DANGER SELF/OTHERS -> 487(A) PC GRAND THEFT",5,0.00825082508250825
"5150 WI DANGER SELF/OTHERS -> 594(B)(1)PC  VANDALISM +$400",5,0.00825082508250825
"530.5 PC USE PERSONAL ID INFO -> 211 PC  ROBBERY UNSPECIFIED",5,0.00825082508250825
"530.5 PC USE PERSONAL ID INFO -> 594(B)(1)PC  VANDALISM +$400",5,0.00825082508250825
"530.5 PC USE PERSONAL ID INFO -> FOUND PROPERTY - I RPT",5,0.00825082508250825
"530.5 PC USE PERSONAL ID INFO -> LOST PROPERTY - I RPT",5,0.00825082508250825
"530.5 PC USE PERSONAL ID INFO -> THREATS - I RPT",5,0.00825082508250825
"594(B)(1)PC  VANDALISM +$400 -> 11357(B)HS POSS -28.5GR MARIJ",5,0.00825082508250825
"594(B)(1)PC  VANDALISM +$400 -> 20002(A) HIT/RUN",5,0.00825082508250825
"594(B)(1)PC  VANDALISM +$400 -> 243(E)1 BATTERY NONCOHAB SPOUS",5,0.00825082508250825
"594(B)(1)PC  VANDALISM +$400 -> 484 PC   PETTY THEFT/INSIDE",5,0.00825082508250825
"594(B)(1)PC  VANDALISM +$400 -> 484 PC  PETTY THEFT/ OUTSIDE",5,0.00825082508250825
"594(B)(1)PC  VANDALISM +$400 -> 484 PETTY THEFT-SHOPLIFT",5,0.00825082508250825
"594(B)(2)(A) VANDALISM/ -$400 -> 215(A) PC    CARJACKING",5,0.00825082508250825
"594(B)(2)(A) VANDALISM/ -$400 -> 484 PC   PETTY THEFT/INSIDE",5,0.00825082508250825
"594(B)(2)(A) VANDALISM/ -$400 -> 530.5 PC USE PERSONAL ID INFO",5,0.00825082508250825
"594(B)(2)(A) VANDALISM/ -$400 -> 666 PC PETTY THEFT W/PRI CONV",5,0.00825082508250825
"594(B)(2)(A) VANDALISM/ -$400 -> BATTERY - I RPT",5,0.00825082508250825
"594(B)(2)(A) VANDALISM/ -$400 -> MISCELLANEOUS I RPT (ZMISC)",5,0.00825082508250825
"594(B)(2)(A) VANDALISM/ -$400 -> NARCOTICS SUSP/EVID/ACT- I RPT",5,0.00825082508250825
"594(B)(2)(A)VANDALISM GRAF-400 -> TOWED/STORED VEH-14602.6",5,0.00825082508250825
"647(B) PC   PROSTITUTION -> 10851 VC AUTO THEFT LOCATE",5,0.00825082508250825
"647(B) PC   PROSTITUTION -> 20002(A) HIT/RUN",5,0.00825082508250825
"647(B) PC   PROSTITUTION -> MISSING PERSON",5,0.00825082508250825
"647(B) PC   PROSTITUTION -> TOWED/STORED VEHICLE",5,0.00825082508250825
"647(B) PC   PROSTITUTION -> TRAFFIC-ACCIDENT-NON INJURY",5,0.00825082508250825
"647(F) PC DIP - DISORDERLY -> 10851(A)VC TAKE VEH W/O OWNER",5,0.00825082508250825
"647(F) PC DIP - DISORDERLY -> 459 PC  BURGLARY VEHICLE",5,0.00825082508250825
"653M(A) PC OBSCENE/THREAT CALL -> 459 PC  BURGLARY VEHICLE",5,0.00825082508250825
"ACCIDENTAL FIRES/ARSON -I RPT -> TOWED/STORED VEH-14602.6",5,0.00825082508250825
"BATTERY - I RPT -> TRAFFIC-ACCIDENT-NON INJURY",5,0.00825082508250825
"BURGLARY - I RPT -> TOWED/STORED VEHICLE",5,0.00825082508250825
"CASUALTY REPORT -> 11377(A)HS POSS AMPHETAMINES",5,0.00825082508250825
"CASUALTY REPORT -> 242 PC  BATTERY CIVILIAN",5,0.00825082508250825
"CASUALTY REPORT -> 459 PC  BURGLARY BUSINESS",5,0.00825082508250825
"CASUALTY REPORT -> 484 PETTY THEFT/LICENSE PLATE",5,0.00825082508250825
"CASUALTY REPORT -> 594(B)(1)PC  VANDALISM +$400",5,0.00825082508250825
"CASUALTY REPORT -> MISCELLANEOUS I RPT (ZMISC)",5,0.00825082508250825
"CHILD WELFARE - I RPT -> 10851(A)VC TAKE VEH W/O OWNER",5,0.00825082508250825
"CHILD WELFARE - I RPT -> TOWED/STORED VEHICLE",5,0.00825082508250825
"FAMILY DISTURBANCE - I RPT -> 10851(A)VC TAKE VEH W/O OWNER",5,0.00825082508250825
"FOUND PROPERTY - I RPT -> 459 PC  BURGLARY BUSINESS",5,0.00825082508250825
"FOUND PROPERTY - I RPT -> 484 PC   PETTY THEFT/INSIDE",5,0.00825082508250825
"GANG ACTIVITY - I RPT -> 484 PETTY THEFT-SHOPLIFT",5,0.00825082508250825
"GANG ACTIVITY - I RPT -> GANG ACTIVITY - I RPT",5,0.00825082508250825
"GANG ACTIVITY - I RPT -> TRAFFIC-ACCIDENT-NON INJURY",5,0.00825082508250825
"LOST PROPERTY - I RPT -> 11377(A)HS POSS AMPHETAMINES",5,0.00825082508250825
"LOST PROPERTY - I RPT -> 242 PC  BATTERY CIVILIAN",5,0.00825082508250825
"LOST PROPERTY - I RPT -> 459 PC  BURGLARY VEHICLE",5,0.00825082508250825
"LOST PROPERTY - I RPT -> MISSING PERSON",5,0.00825082508250825
"MISCELLANEOUS I RPT (ZMISC) -> 10851 VC AUTO THEFT LOCATE",5,0.00825082508250825
"MISCELLANEOUS I RPT (ZMISC) -> 20002(A) HIT/RUN",5,0.00825082508250825
"MISCELLANEOUS I RPT (ZMISC) -> 484 PC   PETTY THEFT/INSIDE",5,0.00825082508250825
"MISCELLANEOUS I RPT (ZMISC) -> TRAFFIC-ACCIDENT INJURY",5,0.00825082508250825
"MISSING PERSON -> 11350(A)HS POSS CNTRL SUBST",5,0.00825082508250825
"MISSING PERSON -> BATTERY - I RPT",5,0.00825082508250825
"MISSING PERSON -> HARASSMENT - I RPT",5,0.00825082508250825
"MISSING PERSON -> LOST PROPERTY - I RPT",5,0.00825082508250825
"NARCOTICS SUSP/EVID/ACT- I RPT -> 10851 VC AUTO THEFT LOCATE",5,0.00825082508250825
"NARCOTICS SUSP/EVID/ACT- I RPT -> 459 PC  BURGLARY RESIDENCE",5,0.00825082508250825
"NARCOTICS SUSP/EVID/ACT- I RPT -> 459 PC  BURGLARY VEHICLE",5,0.00825082508250825
"NEIGHBORHOOD DISTURBANCE-I RPT -> 459 PC  BURGLARY VEHICLE",5,0.00825082508250825
"NON INJ HR/MAIL OUT REPORT -> 11377(A)HS POSS AMPHETAMINES",5,0.00825082508250825
"NON INJ HR/MAIL OUT REPORT -> 243(E)1 BATTERY NONCOHAB SPOUS",5,0.00825082508250825
"NON INJ HR/MAIL OUT REPORT -> LOST PROPERTY - I RPT",5,0.00825082508250825
"NON INJ HR/MAIL OUT REPORT -> MISCELLANEOUS I RPT (ZMISC)",5,0.00825082508250825
"POSSIBLE FINANCIAL CRIME-I RPT -> 459 PC  BURGLARY VEHICLE",5,0.00825082508250825
"PROTECTIVE CUSTODY-I RPT -> 10851(A)VC TAKE VEH W/O OWNER",5,0.00825082508250825
"SUSP PERS-NO CRIME - I RPT -> TRAFFIC-ACCIDENT INJURY",5,0.00825082508250825
"SUSP PERS-NO CRIME - I RPT -> TRAFFIC-ACCIDENT-NON INJURY",5,0.00825082508250825
"THREATS - I RPT -> 20001(A) VC HIT/RUN INJ/DEATH",5,0.00825082508250825
"THREATS - I RPT -> 484 PETTY THEFT-SHOPLIFT",5,0.00825082508250825
"THREATS - I RPT -> 487(A) GRAND THEFT-INSIDE",5,0.00825082508250825
"THREATS - I RPT -> 594(B)(1)PC  VANDALISM +$400",5,0.00825082508250825
"THREATS - I RPT -> BATTERY - I RPT",5,0.00825082508250825
"TOWED/STORED VEH-14602.6 -> 20001(A) VC HIT/RUN INJ/DEATH",5,0.00825082508250825
"TOWED/STORED VEH-14602.6 -> 594(B)(1)VANDALISM GRAF +$400",5,0.00825082508250825
"TOWED/STORED VEH-14602.6 -> 653K PC POSS/SELL SWITCHBLADE",5,0.00825082508250825
"TOWED/STORED VEH-14602.6 -> ASSAULT WITH WEAPON - I RPT",5,0.00825082508250825
"TOWED/STORED VEH-14602.6 -> BURGLARY - I RPT",5,0.00825082508250825
"TOWED/STORED VEH-14602.6 -> HIT AND RUN /SUSPECTS- I RPT",5,0.00825082508250825
"TOWED/STORED VEH-14602.6 -> O/S AGENCY -ASSISTANCE- I RPT",5,0.00825082508250825
"TOWED/STORED VEH-14602.6 -> PERSON INFORMATION - I RPT",5,0.00825082508250825
"TOWED/STORED VEHICLE -> 23103(A) RECKLESS ON HIGHWAY",5,0.00825082508250825
"TOWED/STORED VEHICLE -> 475(C) PASS FORGED NOTE",5,0.00825082508250825
"TOWED/STORED VEHICLE -> 594(B)(2)(A)VANDALISM GRAF-400",5,0.00825082508250825
"TOWED/STORED VEHICLE -> 653.22(A) LOITER PROSTITUTION",5,0.00825082508250825
"TOWED/STORED VEHICLE -> 666 PC PETTY THEFT W/PRI CONV",5,0.00825082508250825
"TOWED/STORED VEHICLE -> MISSING PERSON I RPT",5,0.00825082508250825
"TOWED/STORED VEHICLE -> PERSON INFORMATION - I RPT",5,0.00825082508250825
"TRAFFIC - I RPT -> 459 PC  BURGLARY VEHICLE",5,0.00825082508250825
"TRAFFIC-ACCIDENT INJURY -> 23152(A) VC DUI-ALCOHOL/DRUGS",5,0.00825082508250825
"TRAFFIC-ACCIDENT INJURY -> 243(E)1 BATTERY NONCOHAB SPOUS",5,0.00825082508250825
"TRAFFIC-ACCIDENT INJURY -> 245(A)(1)AWDW/NO FIREARM/CIVIL",5,0.00825082508250825
"TRAFFIC-ACCIDENT INJURY -> 594(B)(1)PC  VANDALISM +$400",5,0.00825082508250825
"TRAFFIC-ACCIDENT INJURY -> 647(F) PC DIP - DISORDERLY",5,0.00825082508250825
"TRAFFIC-ACCIDENT-NON INJURY -> 243(E)1 BATTERY NONCOHAB SPOUS",5,0.00825082508250825
"TRAFFIC-ACCIDENT-NON INJURY -> 459 PC  BURGLARY BUSINESS",5,0.00825082508250825
"TRAFFIC-ACCIDENT-NON INJURY -> 594(B)(2)(A)VANDALISM GRAF-400",5,0.00825082508250825
"TRAFFIC-ACCIDENT-NON INJURY -> NON INJ HR/MAIL OUT REPORT",5,0.00825082508250825
"VANDALISM - I RPT -> 459 PC  BURGLARY RESIDENCE",5,0.00825082508250825
"10851 VC AUTO THEFT LOCATE -> 11350(A)HS POSS CNTRL SUBST",4,0.0066006600660066
"10851 VC AUTO THEFT LOCATE -> 148(A)(1)PC RESIST PEACE OFFCR",4,0.0066006600660066
"10851 VC AUTO THEFT LOCATE -> 1551(A) FUGITIVE FROM JUSTICE",4,0.0066006600660066
"10851 VC AUTO THEFT LOCATE -> 211 PC ROBBERY- BUSINESS",4,0.0066006600660066
"10851 VC AUTO THEFT LOCATE -> 484 PC  PETTY THEFT/ OUTSIDE",4,0.0066006600660066
"10851 VC AUTO THEFT LOCATE -> 653M(A) PC OBSCENE/THREAT CALL",4,0.0066006600660066
"10851 VC AUTO THEFT LOCATE -> 666 PC PETTY THEFT W/PRI CONV",4,0.0066006600660066
"10851 VC AUTO THEFT LOCATE -> BURGLARY - I RPT",4,0.0066006600660066
"10851 VC AUTO THEFT LOCATE -> HARASSMENT - I RPT",4,0.0066006600660066
"10851 VC AUTO THEFT LOCATE -> MISSING PERSON I RPT",4,0.0066006600660066
"10851 VC AUTO THEFT LOCATE -> MISSING PERSON LOCATE O/S ASSI",4,0.0066006600660066
"10851 VC AUTO THEFT LOCATE -> SUSP PERS-NO CRIME - I RPT",4,0.0066006600660066
"10851(A)VC TAKE VEH W/O OWNER -> 12.52.030 SCC UNLAWFUL CAMPING",4,0.0066006600660066
"10851(A)VC TAKE VEH W/O OWNER -> 12022.1 PC COMMIT FEL ON BAIL",4,0.0066006600660066
"10851(A)VC TAKE VEH W/O OWNER -> 20001(A) VC HIT/RUN INJ/DEATH",4,0.0066006600660066
"10851(A)VC TAKE VEH W/O OWNER -> 247(B) PC SHOOT UNOCC BLDG/VEH",4,0.0066006600660066
"10851(A)VC TAKE VEH W/O OWNER -> 451(D) PC  ARSON OF PROPERTY",4,0.0066006600660066
"10851(A)VC TAKE VEH W/O OWNER -> 484 PC-PETTY THEFT-COIN MACHIN",4,0.0066006600660066
"10851(A)VC TAKE VEH W/O OWNER -> 487(A) GRAND THEFT-CLOUT-UNLOC",4,0.0066006600660066
"10851(A)VC TAKE VEH W/O OWNER -> FAMILY DISTURBANCE - I RPT",4,0.0066006600660066
"10851(A)VC TAKE VEH W/O OWNER -> HIT AND RUN /SUSPECTS- I RPT",4,0.0066006600660066
"10851(A)VC TAKE VEH W/O OWNER -> PROB VIOLA/FEL-MISD - I RPT",4,0.0066006600660066
"11350(A)HS POSS CNTRL SUBST -> TRAFFIC-ACCIDENT INJURY",4,0.0066006600660066
"11350(B)HS POSSESS QUAALUDES -> 10851(A)VC TAKE VEH W/O OWNER",4,0.0066006600660066
"11352(A)HS SALE/TRANS CNTL SUB -> 10851(A)VC TAKE VEH W/O OWNER",4,0.0066006600660066
"11352(A)HS SALE/TRANS CNTL SUB -> 459 PC  BURGLARY VEHICLE",4,0.0066006600660066
"11352(A)HS SALE/TRANS CNTL SUB -> TOWED/STORED VEHICLE",4,0.0066006600660066
"11352(A)HS SALE/TRANS CNTL SUB -> TRAFFIC-ACCIDENT-NON INJURY",4,0.0066006600660066
"11357(B)HS POSS -28.5GR MARIJ -> 11364 HS POSS DRUG PARAPH",4,0.0066006600660066
"11357(B)HS POSS -28.5GR MARIJ -> 459 PC  BURGLARY RESIDENCE",4,0.0066006600660066
"11357(B)HS POSS -28.5GR MARIJ -> 484 PETTY THEFT/LICENSE PLATE",4,0.0066006600660066
"11364 HS POSS DRUG PARAPH -> 245(A)(1)AWDW/NO FIREARM/CIVIL",4,0.0066006600660066
"11364 HS POSS DRUG PARAPH -> 487(A) PC GRAND THEFT",4,0.0066006600660066
"11364 HS POSS DRUG PARAPH -> 5150 WI DANGER SELF/OTHERS",4,0.0066006600660066
"11364 HS POSS DRUG PARAPH -> 666 PC PETTY THEFT W/PRI CONV",4,0.0066006600660066
"11364 HS POSS DRUG PARAPH -> LOST PROPERTY - I RPT",4,0.0066006600660066
"11364 HS POSS DRUG PARAPH -> POSSIBLE FINANCIAL CRIME-I RPT",4,0.0066006600660066
"11364 HS POSS DRUG PARAPH -> TRAFFIC-ACCIDENT INJURY",4,0.0066006600660066
"11364 HS POSS DRUG PARAPH -> TRAFFIC-ACCIDENT-NON INJURY",4,0.0066006600660066
"11377(A)HS POSS AMPHETAMINES -> 594(B)(1)PC  VANDALISM +$400",4,0.0066006600660066
"11377(A)HS POSS AMPHETAMINES -> MISSING PERSON",4,0.0066006600660066
"11377(A)HS POSS AMPHETAMINES -> TRAFFIC-ACCIDENT-NON INJURY",4,0.0066006600660066
"12020(A)1) PROHIBITED FIREARM -> 10851(A)VC TAKE VEH W/O OWNER",4,0.0066006600660066
"148(A)(1)PC RESIST PEACE OFFCR -> 459 PC  BURGLARY VEHICLE",4,0.0066006600660066
"1708 US   THEFT OF MAIL -> 10851(A)VC TAKE VEH W/O OWNER",4,0.0066006600660066
"1708 US   THEFT OF MAIL -> 484 PC  PETTY THEFT/ OUTSIDE",4,0.0066006600660066
"1708 US   THEFT OF MAIL -> 594(B)(2)(A) VANDALISM/ -$400",4,0.0066006600660066
"20001(A) VC HIT/RUN INJ/DEATH -> 10851 VC AUTO THEFT LOCATE",4,0.0066006600660066
"20001(A) VC HIT/RUN INJ/DEATH -> 594(B)(2)(A) VANDALISM/ -$400",4,0.0066006600660066
"20001(A) VC HIT/RUN INJ/DEATH -> NON INJ HR/MAIL OUT REPORT",4,0.0066006600660066
"20002(A) HIT/RUN -> 484 PETTY THEFT-SHOPLIFT",4,0.0066006600660066
"20002(A) HIT/RUN -> BATTERY - I RPT",4,0.0066006600660066
"20002(A) HIT/RUN -> FOUND PROPERTY - I RPT",4,0.0066006600660066
"211 PC  ROBBERY UNSPECIFIED -> 11357(B)HS POSS -28.5GR MARIJ",4,0.0066006600660066
"211 PC  ROBBERY UNSPECIFIED -> 11364 HS POSS DRUG PARAPH",4,0.0066006600660066
"211 PC  ROBBERY UNSPECIFIED -> 245(A)(1)AWDW/NO FIREARM/CIVIL",4,0.0066006600660066
"211 PC  ROBBERY UNSPECIFIED -> 484 PC  PETTY THEFT/ OUTSIDE",4,0.0066006600660066
"211 PC  ROBBERY UNSPECIFIED -> 484 PC PETTY THEFT",4,0.0066006600660066
"211 PC  ROBBERY UNSPECIFIED -> GANG ACTIVITY - I RPT",4,0.0066006600660066
"211 PC  ROBBERY UNSPECIFIED -> NON INJ HR/MAIL OUT REPORT",4,0.0066006600660066
"211 PC  ROBBERY UNSPECIFIED -> O/S AGENCY -ASSISTANCE- I RPT",4,0.0066006600660066
"211 PC ROBBERY- BUSINESS -> 10851 VC AUTO THEFT LOCATE",4,0.0066006600660066
"211 PC ROBBERY- BUSINESS -> 484 PC   PETTY THEFT/INSIDE",4,0.0066006600660066
"211 PC ROBBERY- BUSINESS -> 484 PETTY THEFT/LICENSE PLATE",4,0.0066006600660066
"211 PC ROBBERY-PURSE SNATCH -> 10851(A)VC TAKE VEH W/O OWNER",4,0.0066006600660066
"211 PC ROBBERY-PURSE SNATCH -> 459 PC  BURGLARY RESIDENCE",4,0.0066006600660066
"215(A) PC    CARJACKING -> 459 PC  BURGLARY VEHICLE",4,0.0066006600660066
"215(A) PC    CARJACKING -> TOWED/STORED VEH-14602.6",4,0.0066006600660066
"23103(A) RECKLESS ON HIGHWAY -> 459 PC  BURGLARY RESIDENCE",4,0.0066006600660066
"23152(A) VC DUI-ALCOHOL/DRUGS -> 10851 VC AUTO THEFT LOCATE",4,0.0066006600660066
"23152(A) VC DUI-ALCOHOL/DRUGS -> 243(E)1 BATTERY NONCOHAB SPOUS",4,0.0066006600660066
"23152(A) VC DUI-ALCOHOL/DRUGS -> 484 PC   PETTY THEFT/INSIDE",4,0.0066006600660066
"23152(A) VC DUI-ALCOHOL/DRUGS -> 487(A) GRAND THEFT-INSIDE",4,0.0066006600660066
"23152(A) VC DUI-ALCOHOL/DRUGS -> 487(A) PC GRAND THEFT",4,0.0066006600660066
"23222(B)POSSESS MARIJ IN VEH -> 459 PC  BURGLARY VEHICLE",4,0.0066006600660066
"242 PC  BATTERY CIVILIAN -> 245(A)(1)AWDW/NO FIREARM/CIVIL",4,0.0066006600660066
"242 PC  BATTERY CIVILIAN -> 459 PC  BURGLARY BUSINESS",4,0.0066006600660066
"243(D) PC BATT/CIVILIAN W/INJ -> 459 PC  BURGLARY VEHICLE",4,0.0066006600660066
"243(D) PC BATT/CIVILIAN W/INJ -> 594(B)(1)PC  VANDALISM +$400",4,0.0066006600660066
"243(D) PC BATT/CIVILIAN W/INJ -> LOST PROPERTY - I RPT",4,0.0066006600660066
"243(D) PC BATT/CIVILIAN W/INJ -> MISSING PERSON",4,0.0066006600660066
"243(E)1 BATTERY NONCOHAB SPOUS -> 20002(A) HIT/RUN",4,0.0066006600660066
"243(E)1 BATTERY NONCOHAB SPOUS -> 23153(A) VC DUI CAUSE INJURY",4,0.0066006600660066
"243(E)1 BATTERY NONCOHAB SPOUS -> 3056 PAROLE VIO - I RPT",4,0.0066006600660066
"243(E)1 BATTERY NONCOHAB SPOUS -> 484 PC   PETTY THEFT/INSIDE",4,0.0066006600660066
"245(A)(1)AWDW/NO FIREARM/CIVIL -> 11377(A)HS POSS AMPHETAMINES",4,0.0066006600660066
"245(A)(1)AWDW/NO FIREARM/CIVIL -> 211 PC  ROBBERY UNSPECIFIED",4,0.0066006600660066
"245(A)(1)AWDW/NO FIREARM/CIVIL -> 23152(A) VC DUI-ALCOHOL/DRUGS",4,0.0066006600660066
"245(A)(1)AWDW/NO FIREARM/CIVIL -> 459 PC  BURGLARY BUSINESS",4,0.0066006600660066
"245(A)(1)AWDW/NO FIREARM/CIVIL -> 484 PC   PETTY THEFT/INSIDE",4,0.0066006600660066
"245(A)(1)AWDW/NO FIREARM/CIVIL -> 484 PETTY THEFT-SHOPLIFT",4,0.0066006600660066
"245(A)(1)AWDW/NO FIREARM/CIVIL -> 484G(B) PC ACCESS CARD FRAUD",4,0.0066006600660066
"245(A)(1)AWDW/NO FIREARM/CIVIL -> 487(A) PC GRAND THEFT",4,0.0066006600660066
"245(A)(1)AWDW/NO FIREARM/CIVIL -> 594(B)(2)(A) VANDALISM/ -$400",4,0.0066006600660066
"245(A)(1)AWDW/NO FIREARM/CIVIL -> NON INJ HR/MAIL OUT REPORT",4,0.0066006600660066
"245(A)(1)AWDW/NO FIREARM/CIVIL -> SUSP PERS-NO CRIME - I RPT",4,0.0066006600660066
"245(A)(1)AWDW/NO FIREARM/CIVIL -> TRAFFIC-ACCIDENT-NON INJURY",4,0.0066006600660066
"245(A)(2) AWDW/FIREARM/CIVILIA -> 594(B)(2)(A) VANDALISM/ -$400",4,0.0066006600660066
"245(A)(2) AWDW/FIREARM/CIVILIA -> TOWED/STORED VEH-14602.6",4,0.0066006600660066
"246 PC SHOOT OCCUP DWELL/VEH -> 459 PC  BURGLARY RESIDENCE",4,0.0066006600660066
"273.6(A) PC VIO DV COURT ORDER -> 5150 WI DANGER SELF/OTHERS",4,0.0066006600660066
"273.6(A) PC VIO DV COURT ORDER -> TOWED/STORED VEHICLE",4,0.0066006600660066
"290(F)1 W/I 5 DAYS ADD CHANGE -> TOWED/STORED VEHICLE",4,0.0066006600660066
"3056 PAROLE VIO - I RPT -> TOWED/STORED VEH-14602.6",4,0.0066006600660066
"3056 PAROLE VIO - I RPT -> TOWED/STORED VEHICLE",4,0.0066006600660066
"3056 PAROLE VIO - I RPT -> TRAFFIC-ACCIDENT-NON INJURY",4,0.0066006600660066
"422 PC THREAT/INTENT TO TERROR -> 459 PC  BURGLARY VEHICLE",4,0.0066006600660066
"422 PC THREAT/INTENT TO TERROR -> 484 PETTY THEFT-SHOPLIFT",4,0.0066006600660066
"451(D) PC  ARSON OF PROPERTY -> 10851 VC AUTO THEFT LOCATE",4,0.0066006600660066
"459 PC  BURGLARY BUSINESS -> 211 PC  ROBBERY UNSPECIFIED",4,0.0066006600660066
"459 PC  BURGLARY BUSINESS -> 3056 PAROLE VIO - I RPT",4,0.0066006600660066
"459 PC  BURGLARY BUSINESS -> 484 PC PETTY THEFT",4,0.0066006600660066
"459 PC  BURGLARY BUSINESS -> SUSP PERS-NO CRIME - I RPT",4,0.0066006600660066
"459 PC  BURGLARY RESIDENCE -> 243(D) PC BATT/CIVILIAN W/INJ",4,0.0066006600660066
"459 PC  BURGLARY RESIDENCE -> 451(D) PC  ARSON OF PROPERTY",4,0.0066006600660066
"459 PC  BURGLARY RESIDENCE -> 459 PC  BURGLARY-UNSPECIFIED",4,0.0066006600660066
"459 PC  BURGLARY RESIDENCE -> 594(B)(2)(A)VANDALISM GRAF-400",4,0.0066006600660066
"459 PC  BURGLARY RESIDENCE -> 647(F) PC DIP - DISORDERLY",4,0.0066006600660066
"459 PC  BURGLARY RESIDENCE -> ASSAULT WITH WEAPON - I RPT",4,0.0066006600660066
"459 PC  BURGLARY RESIDENCE -> CAR CLOUT -  I RPT",4,0.0066006600660066
"459 PC  BURGLARY RESIDENCE -> HIT AND RUN /SUSPECTS- I RPT",4,0.0066006600660066
"459 PC  BURGLARY RESIDENCE -> PERSON INFORMATION - I RPT",4,0.0066006600660066
"459 PC  BURGLARY RESIDENCE -> SUSP PERS-NO CRIME - I RPT",4,0.0066006600660066
"459 PC  BURGLARY RESIDENCE -> TRESPASS OR PROWLER- I RPT",4,0.0066006600660066
"459 PC  BURGLARY RESIDENCE -> VANDALISM - I RPT",4,0.0066006600660066
"459 PC  BURGLARY VEHICLE -> 20001(A) VC HIT/RUN INJ/DEATH",4,0.0066006600660066
"459 PC  BURGLARY VEHICLE -> 215(A) PC    CARJACKING",4,0.0066006600660066
"459 PC  BURGLARY VEHICLE -> 245(A)(2) AWDW/FIREARM/CIVILIA",4,0.0066006600660066
"459 PC  BURGLARY VEHICLE -> 246 PC SHOOT OCCUP DWELL/VEH",4,0.0066006600660066
"459 PC  BURGLARY VEHICLE -> 475(C) PASS FORGED NOTE",4,0.0066006600660066
"459 PC  BURGLARY VEHICLE -> 487(D)GRAND THEFT FIREARM/ANIM",4,0.0066006600660066
"459 PC  BURGLARY VEHICLE -> 647(F) PC DIP - DISORDERLY",4,0.0066006600660066
"459 PC  BURGLARY VEHICLE -> ACCIDENTAL FIRES/ARSON -I RPT",4,0.0066006600660066
"459 PC  BURGLARY VEHICLE -> ASSAULT WITH WEAPON - I RPT",4,0.0066006600660066
"459 PC  BURGLARY VEHICLE -> BOMBS/THREATS/EXPLOSIV- I RPT",4,0.0066006600660066
"459 PC  BURGLARY VEHICLE -> CHILD WELFARE - I RPT",4,0.0066006600660066
"459 PC  BURGLARY VEHICLE -> FRAUD OR BUNCO - I RPT",4,0.0066006600660066
"459 PC  BURGLARY VEHICLE -> MISSING PERSON LOCATE O/S ASSI",4,0.0066006600660066
"459 PC  BURGLARY VEHICLE -> PETTY THEFT - I RPT",4,0.0066006600660066
"459 PC  BURGLARY VEHICLE -> TRAFFIC - I RPT",4,0.0066006600660066
"475(C) PASS FORGED NOTE -> 10851(A)VC TAKE VEH W/O OWNER",4,0.0066006600660066
"475(C) PASS FORGED NOTE -> TRAFFIC-ACCIDENT-NON INJURY",4,0.0066006600660066
"476 PC PASS FICTICIOUS CHECK -> 594(B)(2)(A) VANDALISM/ -$400",4,0.0066006600660066
"476 PC PASS FICTICIOUS CHECK -> TOWED/STORED VEH-14602.6",4,0.0066006600660066
"484 PC   PETTY THEFT/INSIDE -> 11350(A)HS POSS CNTRL SUBST",4,0.0066006600660066
"484 PC   PETTY THEFT/INSIDE -> 11364 HS POSS DRUG PARAPH",4,0.0066006600660066
"484 PC   PETTY THEFT/INSIDE -> 211 PC ROBBERY- BUSINESS",4,0.0066006600660066
"484 PC   PETTY THEFT/INSIDE -> 459 PC  BURGLARY BUSINESS",4,0.0066006600660066
"484 PC   PETTY THEFT/INSIDE -> 484 PETTY THEFT/LICENSE PLATE",4,0.0066006600660066
"484 PC   PETTY THEFT/INSIDE -> 484G(B) PC ACCESS CARD FRAUD",4,0.0066006600660066
"484 PC  PETTY THEFT/ OUTSIDE -> 20002(A) HIT/RUN",4,0.0066006600660066
"484 PC  PETTY THEFT/ OUTSIDE -> 459 PC  BURGLARY RESIDENCE",4,0.0066006600660066
"484 PC  PETTY THEFT/ OUTSIDE -> 594(B)(1)PC  VANDALISM +$400",4,0.0066006600660066
"484 PC PETTY THEFT -> 211 PC  ROBBERY UNSPECIFIED",4,0.0066006600660066
"484 PC PETTY THEFT -> 243(E)1 BATTERY NONCOHAB SPOUS",4,0.0066006600660066
"484 PC PETTY THEFT -> 4140 BP  POSS OF HYPO NEEDLE",4,0.0066006600660066
"484 PC PETTY THEFT -> 484 PETTY THEFT/LICENSE PLATE",4,0.0066006600660066
"484 PC PETTY THEFT -> 487(A) GRAND THEFT-INSIDE",4,0.0066006600660066
"484 PC PETTY THEFT -> 594(B)(1)PC  VANDALISM +$400",4,0.0066006600660066
"484 PC PETTY THEFT -> CASUALTY REPORT",4,0.0066006600660066
"484 PC PETTY THEFT -> LOST PROPERTY - I RPT",4,0.0066006600660066
"484 PC PETTY THEFT -> NON INJ HR/MAIL OUT REPORT",4,0.0066006600660066
"484 PC PETTY THEFT -> SAFEKEEPING - I RPT",4,0.0066006600660066
"484 PETTY THEFT CLOUT UNLOCKED -> 459 PC  BURGLARY RESIDENCE",4,0.0066006600660066
"484 PETTY THEFT CLOUT UNLOCKED -> TOWED/STORED VEH-14602.6",4,0.0066006600660066
"484 PETTY THEFT-SHOPLIFT -> 10851 VC AUTO THEFT LOCATE",4,0.0066006600660066
"484 PETTY THEFT-SHOPLIFT -> CASUALTY REPORT",4,0.0066006600660066
"484 PETTY THEFT/LICENSE PLATE -> 242 PC  BATTERY CIVILIAN",4,0.0066006600660066
"484 PETTY THEFT/LICENSE PLATE -> 484 PC   PETTY THEFT/INSIDE",4,0.0066006600660066
"484 PETTY THEFT/LICENSE PLATE -> 484 PC PETTY THEFT",4,0.0066006600660066
"484 PETTY THEFT/LICENSE PLATE -> 484 PETTY THEFT CLOUT UNLOCKED",4,0.0066006600660066
"484 PETTY THEFT/LICENSE PLATE -> LOST PROPERTY - I RPT",4,0.0066006600660066
"484G(B) PC ACCESS CARD FRAUD -> 484 PETTY THEFT-SHOPLIFT",4,0.0066006600660066
"484G(B) PC ACCESS CARD FRAUD -> 484 PETTY THEFT/LICENSE PLATE",4,0.0066006600660066
"484G(B) PC ACCESS CARD FRAUD -> FOUND PROPERTY - I RPT",4,0.0066006600660066
"484G(B) PC ACCESS CARD FRAUD -> LOST PROPERTY - I RPT",4,0.0066006600660066
"484G(B) PC ACCESS CARD FRAUD -> MISSING PERSON",4,0.0066006600660066
"484J PC PUBLISH CARD INFO -> 23152(A) VC DUI-ALCOHOL/DRUGS",4,0.0066006600660066
"484J PC PUBLISH CARD INFO -> 459 PC  BURGLARY RESIDENCE",4,0.0066006600660066
"484J PC PUBLISH CARD INFO -> FOUND PROPERTY - I RPT",4,0.0066006600660066
"484J PC PUBLISH CARD INFO -> LOST PROPERTY - I RPT",4,0.0066006600660066
"487(A) GRAND THEFT-INSIDE -> 20002(A) HIT/RUN",4,0.0066006600660066
"487(A) GRAND THEFT-INSIDE -> 211 PC  ROBBERY UNSPECIFIED",4,0.0066006600660066
"487(A) GRAND THEFT-INSIDE -> 459 PC  BURGLARY RESIDENCE",4,0.0066006600660066
"487(A) GRAND THEFT-INSIDE -> 5150 WI DANGER SELF/OTHERS",4,0.0066006600660066
"487(A) GRAND THEFT-INSIDE -> LOST PROPERTY - I RPT",4,0.0066006600660066
"487(A) GRAND THEFT-INSIDE -> TRAFFIC-ACCIDENT INJURY",4,0.0066006600660066
"487(A) PC GRAND THEFT -> 211 PC  ROBBERY UNSPECIFIED",4,0.0066006600660066
"487(A) PC GRAND THEFT -> 23152(A) VC DUI-ALCOHOL/DRUGS",4,0.0066006600660066
"487(A) PC GRAND THEFT -> 242 PC  BATTERY CIVILIAN",4,0.0066006600660066
"487(A) PC GRAND THEFT -> 484 PC  PETTY THEFT/ OUTSIDE",4,0.0066006600660066
"487(A) PC GRAND THEFT -> 594(B)(1)PC  VANDALISM +$400",4,0.0066006600660066
"487(A) PC GRAND THEFT -> 594(B)(2)(A) VANDALISM/ -$400",4,0.0066006600660066
"487(A) PC GRAND THEFT -> CASUALTY REPORT",4,0.0066006600660066
"487(A) PC GRAND THEFT -> FOUND PROPERTY - I RPT",4,0.0066006600660066
"496(A) RECEIVE STOLEN PROPERTY -> 10851(A)VC TAKE VEH W/O OWNER",4,0.0066006600660066
"496(A) RECEIVE STOLEN PROPERTY -> TRAFFIC-ACCIDENT INJURY",4,0.0066006600660066
"496(A) RECEIVE STOLEN PROPERTY -> TRAFFIC-ACCIDENT-NON INJURY",4,0.0066006600660066
"5150 WI DANGER SELF/OTHERS -> 211 PC  ROBBERY UNSPECIFIED",4,0.0066006600660066
"5150 WI DANGER SELF/OTHERS -> 211 PC ROBBERY- BUSINESS",4,0.0066006600660066
"5150 WI DANGER SELF/OTHERS -> 242 PC  BATTERY CIVILIAN",4,0.0066006600660066
"5150 WI DANGER SELF/OTHERS -> 243(E)1 BATTERY NONCOHAB SPOUS",4,0.0066006600660066
"5150 WI DANGER SELF/OTHERS -> 484 PETTY THEFT/LICENSE PLATE",4,0.0066006600660066
"5150 WI DANGER SELF/OTHERS -> BURGLARY - I RPT",4,0.0066006600660066
"5150 WI DANGER SELF/OTHERS -> FAMILY DISTURBANCE - I RPT",4,0.0066006600660066
"5150 WI DANGER SELF/OTHERS -> FOUND PROPERTY - I RPT",4,0.0066006600660066
"5150 WI DANGER SELF/OTHERS -> LOST PROPERTY - I RPT",4,0.0066006600660066
"529 PC FALSE PERSONATION -> 10851(A)VC TAKE VEH W/O OWNER",4,0.0066006600660066
"529 PC FALSE PERSONATION -> TOWED/STORED VEHICLE",4,0.0066006600660066
"530.5 PC USE PERSONAL ID INFO -> 11364 HS POSS DRUG PARAPH",4,0.0066006600660066
"530.5 PC USE PERSONAL ID INFO -> 459 PC  BURGLARY BUSINESS",4,0.0066006600660066
"530.5 PC USE PERSONAL ID INFO -> 484J PC PUBLISH CARD INFO",4,0.0066006600660066
"530.5 PC USE PERSONAL ID INFO -> 487(A) GRAND THEFT-INSIDE",4,0.0066006600660066
"530.5 PC USE PERSONAL ID INFO -> 647(F) PC DIP - DISORDERLY",4,0.0066006600660066
"530.5 PC USE PERSONAL ID INFO -> 653M(A) PC OBSCENE/THREAT CALL",4,0.0066006600660066
"530.5 PC USE PERSONAL ID INFO -> TRAFFIC - I RPT",4,0.0066006600660066
"530.5 PC USE PERSONAL ID INFO -> TRAFFIC-ACCIDENT INJURY",4,0.0066006600660066
"594(B)(1)PC  VANDALISM +$400 -> 11377(A)HS POSS AMPHETAMINES",4,0.0066006600660066
"594(B)(1)PC  VANDALISM +$400 -> 211 PC  ROBBERY UNSPECIFIED",4,0.0066006600660066
"594(B)(1)PC  VANDALISM +$400 -> 245(A)(1)AWDW/NO FIREARM/CIVIL",4,0.0066006600660066
"594(B)(2)(A) VANDALISM/ -$400 -> 148(A)(1)PC RESIST PEACE OFFCR",4,0.0066006600660066
"594(B)(2)(A) VANDALISM/ -$400 -> 459 PC  BURGLARY-UNSPECIFIED",4,0.0066006600660066
"594(B)(2)(A) VANDALISM/ -$400 -> 484 PETTY THEFT-SHOPLIFT",4,0.0066006600660066
"594(B)(2)(A) VANDALISM/ -$400 -> 487(A) GRAND THEFT-INSIDE",4,0.0066006600660066
"594(B)(2)(A) VANDALISM/ -$400 -> 496(A) RECEIVE STOLEN PROPERTY",4,0.0066006600660066
"594(B)(2)(A) VANDALISM/ -$400 -> 647(B) PC   PROSTITUTION",4,0.0066006600660066
"594(B)(2)(A) VANDALISM/ -$400 -> ABC LICENSE VIO/INFO - I RPT",4,0.0066006600660066
"594(B)(2)(A) VANDALISM/ -$400 -> GANG ACTIVITY - I RPT",4,0.0066006600660066
"594(B)(2)(A) VANDALISM/ -$400 -> O/S AGENCY -ASSISTANCE- I RPT",4,0.0066006600660066
"594(B)(2)(A) VANDALISM/ -$400 -> SAFEKEEPING - I RPT",4,0.0066006600660066
"594(B)(2)(A) VANDALISM/ -$400 -> VANDALISM - I RPT",4,0.0066006600660066
"594(B)(2)(A)VANDALISM GRAF-400 -> 10851(A)VC TAKE VEH W/O OWNER",4,0.0066006600660066
"594(B)(2)(A)VANDALISM GRAF-400 -> TOWED/STORED VEHICLE",4,0.0066006600660066
"647(B) PC   PROSTITUTION -> 11377(A)HS POSS AMPHETAMINES",4,0.0066006600660066
"647(B) PC   PROSTITUTION -> 484 PETTY THEFT-SHOPLIFT",4,0.0066006600660066
"647(B) PC   PROSTITUTION -> 594(B)(2)(A) VANDALISM/ -$400",4,0.0066006600660066
"653.22(A) LOITER PROSTITUTION -> 459 PC  BURGLARY VEHICLE",4,0.0066006600660066
"653M(A) PC OBSCENE/THREAT CALL -> 459 PC  BURGLARY RESIDENCE",4,0.0066006600660066
"653M(A) PC OBSCENE/THREAT CALL -> MISSING PERSON",4,0.0066006600660066
"653M(A) PC OBSCENE/THREAT CALL -> TOWED/STORED VEH-14602.6",4,0.0066006600660066
"666 PC PETTY THEFT W/PRI CONV -> 10851(A)VC TAKE VEH W/O OWNER",4,0.0066006600660066
"666 PC PETTY THEFT W/PRI CONV -> 459 PC  BURGLARY RESIDENCE",4,0.0066006600660066
"666 PC PETTY THEFT W/PRI CONV -> 459 PC  BURGLARY VEHICLE",4,0.0066006600660066
"666 PC PETTY THEFT W/PRI CONV -> MISSING PERSON",4,0.0066006600660066
"ACCIDENTAL FIRES/ARSON -I RPT -> 459 PC  BURGLARY RESIDENCE",4,0.0066006600660066
"ASSAULT WITH WEAPON - I RPT -> 10851(A)VC TAKE VEH W/O OWNER",4,0.0066006600660066
"ASSAULT WITH WEAPON - I RPT -> 594(B)(2)(A) VANDALISM/ -$400",4,0.0066006600660066
"BURGLARY - I RPT -> 10851(A)VC TAKE VEH W/O OWNER",4,0.0066006600660066
"CASUALTY REPORT -> 211 PC ROBBERY- BUSINESS",4,0.0066006600660066
"CASUALTY REPORT -> 23152(A) VC DUI-ALCOHOL/DRUGS",4,0.0066006600660066
"CASUALTY REPORT -> 245(A)(1)AWDW/NO FIREARM/CIVIL",4,0.0066006600660066
"CASUALTY REPORT -> 5150 WI DANGER SELF/OTHERS",4,0.0066006600660066
"CASUALTY REPORT -> NON INJ HR/MAIL OUT REPORT",4,0.0066006600660066
"CHILD CUSTODY - I RPT -> TOWED/STORED VEH-14602.6",4,0.0066006600660066
"CHILD WELFARE - I RPT -> TOWED/STORED VEH-14602.6",4,0.0066006600660066
"FAMILY DISTURBANCE - I RPT -> 594(B)(2)(A) VANDALISM/ -$400",4,0.0066006600660066
"FAMILY DISTURBANCE - I RPT -> CASUALTY REPORT",4,0.0066006600660066
"FOUND PROPERTY - I RPT -> 23152(A) VC DUI-ALCOHOL/DRUGS",4,0.0066006600660066
"FOUND PROPERTY - I RPT -> 243(E)1 BATTERY NONCOHAB SPOUS",4,0.0066006600660066
"FOUND PROPERTY - I RPT -> BATTERY - I RPT",4,0.0066006600660066
"FOUND PROPERTY - I RPT -> MISCELLANEOUS I RPT (ZMISC)",4,0.0066006600660066
"FOUND PROPERTY - I RPT -> MISSING PERSON",4,0.0066006600660066
"FOUND PROPERTY - I RPT -> TRAFFIC-ACCIDENT INJURY",4,0.0066006600660066
"GANG ACTIVITY - I RPT -> 10851 VC AUTO THEFT LOCATE",4,0.0066006600660066
"GANG ACTIVITY - I RPT -> 459 PC  BURGLARY BUSINESS",4,0.0066006600660066
"GANG ACTIVITY - I RPT -> 484 PC   PETTY THEFT/INSIDE",4,0.0066006600660066
"GANG ACTIVITY - I RPT -> 484 PC PETTY THEFT",4,0.0066006600660066
"GANG ACTIVITY - I RPT -> 487(A) PC GRAND THEFT",4,0.0066006600660066
"GANG ACTIVITY - I RPT -> FOUND PROPERTY - I RPT",4,0.0066006600660066
"HARASSMENT - I RPT -> 10851 VC AUTO THEFT LOCATE",4,0.0066006600660066
"HARASSMENT - I RPT -> 10851(A)VC TAKE VEH W/O OWNER",4,0.0066006600660066
"HARASSMENT - I RPT -> 245(A)(1)AWDW/NO FIREARM/CIVIL",4,0.0066006600660066
"LOST PROPERTY - I RPT -> 211 PC  ROBBERY UNSPECIFIED",4,0.0066006600660066
"LOST PROPERTY - I RPT -> 245(A)(1)AWDW/NO FIREARM/CIVIL",4,0.0066006600660066
"LOST PROPERTY - I RPT -> 487(A) PC GRAND THEFT",4,0.0066006600660066
"LOST PROPERTY - I RPT -> 5150 WI DANGER SELF/OTHERS",4,0.0066006600660066
"LOST PROPERTY - I RPT -> GANG ACTIVITY - I RPT",4,0.0066006600660066
"LOST PROPERTY - I RPT -> TRAFFIC-ACCIDENT INJURY",4,0.0066006600660066
"MISCELLANEOUS I RPT (ZMISC) -> 245(A)(1)AWDW/NO FIREARM/CIVIL",4,0.0066006600660066
"MISCELLANEOUS I RPT (ZMISC) -> 594(B)(1)PC  VANDALISM +$400",4,0.0066006600660066
"MISCELLANEOUS I RPT (ZMISC) -> 594(B)(2)(A) VANDALISM/ -$400",4,0.0066006600660066
"MISCELLANEOUS I RPT (ZMISC) -> FOUND PROPERTY - I RPT",4,0.0066006600660066
"MISCELLANEOUS I RPT (ZMISC) -> NON INJ HR/MAIL OUT REPORT",4,0.0066006600660066
"MISSING PERSON -> 20001(A) VC HIT/RUN INJ/DEATH",4,0.0066006600660066
"MISSING PERSON -> 211 PC ROBBERY- BUSINESS",4,0.0066006600660066
"MISSING PERSON -> 484 PC  PETTY THEFT/ OUTSIDE",4,0.0066006600660066
"MISSING PERSON -> 530.5 PC USE PERSONAL ID INFO",4,0.0066006600660066
"MISSING PERSON -> 653M(A) PC OBSCENE/THREAT CALL",4,0.0066006600660066
"MISSING PERSON -> ELDER ABUSE/PHYS/MENTAL-I RPT",4,0.0066006600660066
"MISSING PERSON I RPT -> 10851 VC AUTO THEFT LOCATE",4,0.0066006600660066
"MISSING PERSON LOCATE O/S ASSI -> 10851(A)VC TAKE VEH W/O OWNER",4,0.0066006600660066
"NARCOTICS SUSP/EVID/ACT- I RPT -> 242 PC  BATTERY CIVILIAN",4,0.0066006600660066
"NARCOTICS SUSP/EVID/ACT- I RPT -> CASUALTY REPORT",4,0.0066006600660066
"NARCOTICS SUSP/EVID/ACT- I RPT -> TRAFFIC-ACCIDENT INJURY",4,0.0066006600660066
"NEIGHBORHOOD DISTURBANCE-I RPT -> 10851(A)VC TAKE VEH W/O OWNER",4,0.0066006600660066
"NON INJ HR/MAIL OUT REPORT -> 10851 VC AUTO THEFT LOCATE",4,0.0066006600660066
"NON INJ HR/MAIL OUT REPORT -> 20002(A) HIT/RUN",4,0.0066006600660066
"NON INJ HR/MAIL OUT REPORT -> 245(A)(1)AWDW/NO FIREARM/CIVIL",4,0.0066006600660066
"NON INJ HR/MAIL OUT REPORT -> 594(B)(1)PC  VANDALISM +$400",4,0.0066006600660066
"NON INJ HR/MAIL OUT REPORT -> FOUND PROPERTY - I RPT",4,0.0066006600660066
"PERSON INFORMATION - I RPT -> 459 PC  BURGLARY VEHICLE",4,0.0066006600660066
"POSSIBLE FINANCIAL CRIME-I RPT -> 484 PETTY THEFT-SHOPLIFT",4,0.0066006600660066
"ROBBERY - I RPT -> 459 PC  BURGLARY VEHICLE",4,0.0066006600660066
"SAFEKEEPING - I RPT -> TOWED/STORED VEH-14602.6",4,0.0066006600660066
"SUSP PERS-NO CRIME - I RPT -> 20002(A) HIT/RUN",4,0.0066006600660066
"SUSP PERS-NO CRIME - I RPT -> 243(E)1 BATTERY NONCOHAB SPOUS",4,0.0066006600660066
"SUSP PERS-NO CRIME - I RPT -> 484 PETTY THEFT-SHOPLIFT",4,0.0066006600660066
"SUSP PERS-NO CRIME - I RPT -> 530.5 PC USE PERSONAL ID INFO",4,0.0066006600660066
"SUSP PERS-NO CRIME - I RPT -> 594(B)(2)(A) VANDALISM/ -$400",4,0.0066006600660066
"THREATS - I RPT -> 484 PC PETTY THEFT",4,0.0066006600660066
"THREATS - I RPT -> 484 PETTY THEFT/LICENSE PLATE",4,0.0066006600660066
"THREATS - I RPT -> FOUND PROPERTY - I RPT",4,0.0066006600660066
"THREATS - I RPT -> TRAFFIC-ACCIDENT-NON INJURY",4,0.0066006600660066
"TOWED/STORED VEH-14602.6 -> 211 PC ROBBERY-PURSE SNATCH",4,0.0066006600660066
"TOWED/STORED VEH-14602.6 -> 415(1) PC DISTURB PEACE/FIGHT",4,0.0066006600660066
"TOWED/STORED VEH-14602.6 -> 487(D)GRAND THEFT FIREARM/ANIM",4,0.0066006600660066
"TOWED/STORED VEH-14602.6 -> 496(A) RECEIVE STOLEN PROPERTY",4,0.0066006600660066
"TOWED/STORED VEH-14602.6 -> 594(B)(2)(A)VANDALISM GRAF-400",4,0.0066006600660066
"TOWED/STORED VEH-14602.6 -> 653.22(A) LOITER PROSTITUTION",4,0.0066006600660066
"TOWED/STORED VEH-14602.6 -> 9.04.050 A DRINKING IN PUBLIC",4,0.0066006600660066
"TOWED/STORED VEH-14602.6 -> CAR CLOUT -  I RPT",4,0.0066006600660066
"TOWED/STORED VEH-14602.6 -> CHILD CUSTODY - I RPT",4,0.0066006600660066
"TOWED/STORED VEH-14602.6 -> MISSING PERSON LOCATE O/S ASSI",4,0.0066006600660066
"TOWED/STORED VEH-14602.6 -> ROBBERY - I RPT",4,0.0066006600660066
"TOWED/STORED VEHICLE -> 11351.5 HS POSS SALE RCK COCAI",4,0.0066006600660066
"TOWED/STORED VEHICLE -> 20001(A) VC HIT/RUN INJ/DEATH",4,0.0066006600660066
"TOWED/STORED VEHICLE -> 243.6 BATTERY SCHOOL EMPLOYEE",4,0.0066006600660066
"TOWED/STORED VEHICLE -> 529 PC FALSE PERSONATION",4,0.0066006600660066
"TOWED/STORED VEHICLE -> 653M(B) PC ANNOY/RPT CALL HOME",4,0.0066006600660066
"TOWED/STORED VEHICLE -> ACCIDENTAL FIRES/ARSON -I RPT",4,0.0066006600660066
"TOWED/STORED VEHICLE -> TRESPASS OR PROWLER- I RPT",4,0.0066006600660066
"TRAFFIC-ACCIDENT INJURY -> 11357(B)HS POSS -28.5GR MARIJ",4,0.0066006600660066
"TRAFFIC-ACCIDENT INJURY -> 3056 PAROLE VIO - I RPT",4,0.0066006600660066
"TRAFFIC-ACCIDENT INJURY -> 484G(B) PC ACCESS CARD FRAUD",4,0.0066006600660066
"TRAFFIC-ACCIDENT INJURY -> 496(A) RECEIVE STOLEN PROPERTY",4,0.0066006600660066
"TRAFFIC-ACCIDENT INJURY -> 594(B)(1)VANDALISM GRAF +$400",4,0.0066006600660066
"TRAFFIC-ACCIDENT INJURY -> LOST PROPERTY - I RPT",4,0.0066006600660066
"TRAFFIC-ACCIDENT INJURY -> THREATS - I RPT",4,0.0066006600660066
"TRAFFIC-ACCIDENT-NON INJURY -> 11357(B)HS POSS -28.5GR MARIJ",4,0.0066006600660066
"TRAFFIC-ACCIDENT-NON INJURY -> 211 PC  ROBBERY UNSPECIFIED",4,0.0066006600660066
"TRAFFIC-ACCIDENT-NON INJURY -> 211 PC ROBBERY- BUSINESS",4,0.0066006600660066
"TRAFFIC-ACCIDENT-NON INJURY -> 211 PC ROBBERY-PURSE SNATCH",4,0.0066006600660066
"TRAFFIC-ACCIDENT-NON INJURY -> 23152(A) VC DUI-ALCOHOL/DRUGS",4,0.0066006600660066
"TRAFFIC-ACCIDENT-NON INJURY -> 245(A)(2) AWDW/FIREARM/CIVILIA",4,0.0066006600660066
"TRAFFIC-ACCIDENT-NON INJURY -> 475(C) PASS FORGED NOTE",4,0.0066006600660066
"TRAFFIC-ACCIDENT-NON INJURY -> 484G(B) PC ACCESS CARD FRAUD",4,0.0066006600660066
"TRAFFIC-ACCIDENT-NON INJURY -> 666 PC PETTY THEFT W/PRI CONV",4,0.0066006600660066
"TRAFFIC-ACCIDENT-NON INJURY -> ACCIDENTAL FIRES/ARSON -I RPT",4,0.0066006600660066
"TRAFFIC-ACCIDENT-NON INJURY -> LOST PROPERTY - I RPT",4,0.0066006600660066
"TRAFFIC-ACCIDENT-NON INJURY -> NARCOTICS SUSP/EVID/ACT- I RPT",4,0.0066006600660066
"VANDALISM - I RPT -> 23152(A) VC DUI-ALCOHOL/DRUGS",4,0.0066006600660066
"VANDALISM - I RPT -> 594(B)(1)PC  VANDALISM +$400",4,0.0066006600660066
"VANDALISM - I RPT -> CASUALTY REPORT",4,0.0066006600660066
"10851 VC AUTO THEFT LOCATE -> 1203.2 PC VIOLATION OF PROBATI",3,0.00495049504950495
"10851 VC AUTO THEFT LOCATE -> 1708 US   THEFT OF MAIL",3,0.00495049504950495
"10851 VC AUTO THEFT LOCATE -> 20001(A) VC HIT/RUN INJ/DEATH",3,0.00495049504950495
"10851 VC AUTO THEFT LOCATE -> 23152(A) VC DUI-ALCOHOL/DRUGS",3,0.00495049504950495
"10851 VC AUTO THEFT LOCATE -> 243.2(A)(1) BATT/SCHOOL INJURY",3,0.00495049504950495
"10851 VC AUTO THEFT LOCATE -> 484J PC PUBLISH CARD INFO",3,0.00495049504950495
"10851 VC AUTO THEFT LOCATE -> 496(A) RECEIVE STOLEN PROPERTY",3,0.00495049504950495
"10851 VC AUTO THEFT LOCATE -> 530.5 PC USE PERSONAL ID INFO",3,0.00495049504950495
"10851 VC AUTO THEFT LOCATE -> NARCOTICS SUSP/EVID/ACT- I RPT",3,0.00495049504950495
"10851 VC AUTO THEFT LOCATE -> PERSON INFORMATION - I RPT",3,0.00495049504950495
"10851 VC AUTO THEFT LOCATE -> RECOVERED PROPERTY - I RPT",3,0.00495049504950495
"10851 VC AUTO THEFT LOCATE -> WARRANT SERVED - I RPT",3,0.00495049504950495
"10851(A)VC TAKE VEH W/O OWNER -> 11379(A)HS SELL/TRANSP AMPHET",3,0.00495049504950495
"10851(A)VC TAKE VEH W/O OWNER -> 12020(A)(4) PC DIRK/DAGGER",3,0.00495049504950495
"10851(A)VC TAKE VEH W/O OWNER -> 1203.2 PC VIOLATION OF PROBATI",3,0.00495049504950495
"10851(A)VC TAKE VEH W/O OWNER -> 148.9 PC FALSE ID TO OFFICER",3,0.00495049504950495
"10851(A)VC TAKE VEH W/O OWNER -> 1551(A) FUGITIVE FROM JUSTICE",3,0.00495049504950495
"10851(A)VC TAKE VEH W/O OWNER -> 166(A)(4) WILFUL DISOBEY CT OR",3,0.00495049504950495
"10851(A)VC TAKE VEH W/O OWNER -> 1708 US   THEFT OF MAIL",3,0.00495049504950495
"10851(A)VC TAKE VEH W/O OWNER -> 212.5(A)ROBBERY-INHAB DWELLING",3,0.00495049504950495
"10851(A)VC TAKE VEH W/O OWNER -> 23103(A) RECKLESS ON HIGHWAY",3,0.00495049504950495
"10851(A)VC TAKE VEH W/O OWNER -> 23153(A) VC DUI CAUSE INJURY",3,0.00495049504950495
"10851(A)VC TAKE VEH W/O OWNER -> 23222(B)POSSESS MARIJ IN VEH",3,0.00495049504950495
"10851(A)VC TAKE VEH W/O OWNER -> 290(A)(1)(D) FAIL TO REG-5 DAY",3,0.00495049504950495
"10851(A)VC TAKE VEH W/O OWNER -> 459 PC  BURGLARY-UNSPECIFIED",3,0.00495049504950495
"10851(A)VC TAKE VEH W/O OWNER -> 484 PC  PETTY THEFT AUTO PART",3,0.00495049504950495
"10851(A)VC TAKE VEH W/O OWNER -> 487(D)GRAND THEFT FIREARM/ANIM",3,0.00495049504950495
"10851(A)VC TAKE VEH W/O OWNER -> 503 PC   EMBEZZLEMENT",3,0.00495049504950495
"10851(A)VC TAKE VEH W/O OWNER -> 594.3(A)VANDAL/PLACE OF WORSHI",3,0.00495049504950495
"10851(A)VC TAKE VEH W/O OWNER -> 653M(B) PC ANNOY/RPT CALL HOME",3,0.00495049504950495
"10851(A)VC TAKE VEH W/O OWNER -> ABC LICENSE VIO/INFO - I RPT",3,0.00495049504950495
"10851(A)VC TAKE VEH W/O OWNER -> CHILD CUSTODY - I RPT",3,0.00495049504950495
"10851(A)VC TAKE VEH W/O OWNER -> PERSON INFORMATION - I RPT",3,0.00495049504950495
"10851(A)VC TAKE VEH W/O OWNER -> PROTECTIVE CUSTODY-I RPT",3,0.00495049504950495
"10851(A)VC TAKE VEH W/O OWNER -> TRAFFIC - I RPT",3,0.00495049504950495
"10851(A)VC TAKE VEH W/O OWNER -> TRESPASS OR PROWLER- I RPT",3,0.00495049504950495
"11350(A)HS POSS CNTRL SUBST -> 20002(A) HIT/RUN",3,0.00495049504950495
"11350(A)HS POSS CNTRL SUBST -> 242 PC  BATTERY CIVILIAN",3,0.00495049504950495
"11350(A)HS POSS CNTRL SUBST -> 459 PC  BURGLARY RESIDENCE",3,0.00495049504950495
"11350(A)HS POSS CNTRL SUBST -> 594(B)(1)PC  VANDALISM +$400",3,0.00495049504950495
"11350(A)HS POSS CNTRL SUBST -> 594(B)(2)(A) VANDALISM/ -$400",3,0.00495049504950495
"11350(A)HS POSS CNTRL SUBST -> GANG ACTIVITY - I RPT",3,0.00495049504950495
"11350(B)HS POSSESS QUAALUDES -> TOWED/STORED VEH-14602.6",3,0.00495049504950495
"11352(A)HS SALE/TRANS CNTL SUB -> 11364 HS POSS DRUG PARAPH",3,0.00495049504950495
"11352(A)HS SALE/TRANS CNTL SUB -> 487(A) PC GRAND THEFT",3,0.00495049504950495
"11352(A)HS SALE/TRANS CNTL SUB -> 594(B)(2)(A) VANDALISM/ -$400",3,0.00495049504950495
"11352(A)HS SALE/TRANS CNTL SUB -> TOWED/STORED VEH-14602.6",3,0.00495049504950495
"11357(B)HS POSS -28.5GR MARIJ -> 242 PC  BATTERY CIVILIAN",3,0.00495049504950495
"11357(B)HS POSS -28.5GR MARIJ -> 484 PETTY THEFT-SHOPLIFT",3,0.00495049504950495
"11357(B)HS POSS -28.5GR MARIJ -> 487(A) PC GRAND THEFT",3,0.00495049504950495
"11357(B)HS POSS -28.5GR MARIJ -> CASUALTY REPORT",3,0.00495049504950495
"11357(B)HS POSS -28.5GR MARIJ -> NON INJ HR/MAIL OUT REPORT",3,0.00495049504950495
"11357(B)HS POSS -28.5GR MARIJ -> THREATS - I RPT",3,0.00495049504950495
"11359 HS POSS FOR SALE MARIJ -> 459 PC  BURGLARY VEHICLE",3,0.00495049504950495
"11364 HS POSS DRUG PARAPH -> 11357(B)HS POSS -28.5GR MARIJ",3,0.00495049504950495
"11364 HS POSS DRUG PARAPH -> 11377(A)HS POSS AMPHETAMINES",3,0.00495049504950495
"11364 HS POSS DRUG PARAPH -> 20002(A) HIT/RUN",3,0.00495049504950495
"11364 HS POSS DRUG PARAPH -> 476 PC PASS FICTICIOUS CHECK",3,0.00495049504950495
"11364 HS POSS DRUG PARAPH -> 484 PC   PETTY THEFT/INSIDE",3,0.00495049504950495
"11364 HS POSS DRUG PARAPH -> 484 PC PETTY THEFT",3,0.00495049504950495
"11364 HS POSS DRUG PARAPH -> 530.5 PC USE PERSONAL ID INFO",3,0.00495049504950495
"11364 HS POSS DRUG PARAPH -> NARCOTICS SUSP/EVID/ACT- I RPT",3,0.00495049504950495
"11364 HS POSS DRUG PARAPH -> THREATS - I RPT",3,0.00495049504950495
"11377(A)HS POSS AMPHETAMINES -> 10851 VC AUTO THEFT LOCATE",3,0.00495049504950495
"11377(A)HS POSS AMPHETAMINES -> 211 PC  ROBBERY UNSPECIFIED",3,0.00495049504950495
"11377(A)HS POSS AMPHETAMINES -> 242 PC  BATTERY CIVILIAN",3,0.00495049504950495
"11377(A)HS POSS AMPHETAMINES -> 484G(B) PC ACCESS CARD FRAUD",3,0.00495049504950495
"11377(A)HS POSS AMPHETAMINES -> 487(A) PC GRAND THEFT",3,0.00495049504950495
"11378 HS POSS/SALE AMPHETAMINE -> 10851(A)VC TAKE VEH W/O OWNER",3,0.00495049504950495
"12.52.030 SCC UNLAWFUL CAMPING -> TRAFFIC-ACCIDENT-NON INJURY",3,0.00495049504950495
"12020(A)(4) PC DIRK/DAGGER -> 10851(A)VC TAKE VEH W/O OWNER",3,0.00495049504950495
"12020(A)1) PROHIBITED FIREARM -> CASUALTY REPORT",3,0.00495049504950495
"12020(A)1) PROHIBITED FIREARM -> TOWED/STORED VEHICLE",3,0.00495049504950495
"1203.2 PC VIOLATION OF PROBATI -> 459 PC  BURGLARY VEHICLE",3,0.00495049504950495
"1203.2 PC VIOLATION OF PROBATI -> CASUALTY REPORT",3,0.00495049504950495
"1203.2 PC VIOLATION OF PROBATI -> TOWED/STORED VEHICLE",3,0.00495049504950495
"148.9 PC FALSE ID TO OFFICER -> 10851(A)VC TAKE VEH W/O OWNER",3,0.00495049504950495
"148.9 PC FALSE ID TO OFFICER -> TOWED/STORED VEH-14602.6",3,0.00495049504950495
"148.9 PC FALSE ID TO OFFICER -> TOWED/STORED VEHICLE",3,0.00495049504950495
"166(A)(4) WILFUL DISOBEY CT OR -> NON INJ HR/MAIL OUT REPORT",3,0.00495049504950495
"1708 US   THEFT OF MAIL -> 459 PC  BURGLARY BUSINESS",3,0.00495049504950495
"1708 US   THEFT OF MAIL -> 459 PC  BURGLARY RESIDENCE",3,0.00495049504950495
"20001(A) VC HIT/RUN INJ/DEATH -> 243(E)1 BATTERY NONCOHAB SPOUS",3,0.00495049504950495
"20001(A) VC HIT/RUN INJ/DEATH -> 245(A)(1)AWDW/NO FIREARM/CIVIL",3,0.00495049504950495
"20001(A) VC HIT/RUN INJ/DEATH -> 484 PC   PETTY THEFT/INSIDE",3,0.00495049504950495
"20001(A) VC HIT/RUN INJ/DEATH -> 484 PETTY THEFT-SHOPLIFT",3,0.00495049504950495
"20001(A) VC HIT/RUN INJ/DEATH -> 5150 WI DANGER SELF/OTHERS",3,0.00495049504950495
"20001(A) VC HIT/RUN INJ/DEATH -> TRAFFIC-ACCIDENT-NON INJURY",3,0.00495049504950495
"20002(A) HIT/RUN -> 11350(A)HS POSS CNTRL SUBST",3,0.00495049504950495
"20002(A) HIT/RUN -> 242 PC  BATTERY CIVILIAN",3,0.00495049504950495
"20002(A) HIT/RUN -> 484G(B) PC ACCESS CARD FRAUD",3,0.00495049504950495
"20002(A) HIT/RUN -> 487(A) GRAND THEFT-INSIDE",3,0.00495049504950495
"20002(A) HIT/RUN -> MISCELLANEOUS I RPT (ZMISC)",3,0.00495049504950495
"20002(A) HIT/RUN -> NARCOTICS SUSP/EVID/ACT- I RPT",3,0.00495049504950495
"20002(A) HIT/RUN -> NON INJ HR/MAIL OUT REPORT",3,0.00495049504950495
"211 PC  ROBBERY UNSPECIFIED -> 666 PC PETTY THEFT W/PRI CONV",3,0.00495049504950495
"211 PC  ROBBERY UNSPECIFIED -> FAMILY DISTURBANCE - I RPT",3,0.00495049504950495
"211 PC  ROBBERY UNSPECIFIED -> MISCELLANEOUS I RPT (ZMISC)",3,0.00495049504950495
"211 PC  ROBBERY UNSPECIFIED -> THREATS - I RPT",3,0.00495049504950495
"211 PC ROBBERY- BUSINESS -> 242 PC  BATTERY CIVILIAN",3,0.00495049504950495
"211 PC ROBBERY- BUSINESS -> 487(A) PC GRAND THEFT",3,0.00495049504950495
"211 PC ROBBERY- BUSINESS -> MISSING PERSON",3,0.00495049504950495
"211 PC ROBBERY- BUSINESS -> TRAFFIC-ACCIDENT INJURY",3,0.00495049504950495
"211 PC ROBBERY-PURSE SNATCH -> 11364 HS POSS DRUG PARAPH",3,0.00495049504950495
"211 PC ROBBERY-PURSE SNATCH -> 211 PC  ROBBERY UNSPECIFIED",3,0.00495049504950495
"211 PC ROBBERY-PURSE SNATCH -> 459 PC  BURGLARY VEHICLE",3,0.00495049504950495
"211 PC ROBBERY-PURSE SNATCH -> TOWED/STORED VEHICLE",3,0.00495049504950495
"215(A) PC    CARJACKING -> 487(A) PC GRAND THEFT",3,0.00495049504950495
"215(A) PC    CARJACKING -> TOWED/STORED VEHICLE",3,0.00495049504950495
"22435.2(A) BP POSS SHOP CART -> 10851(A)VC TAKE VEH W/O OWNER",3,0.00495049504950495
"22435.2(A) BP POSS SHOP CART -> TOWED/STORED VEHICLE",3,0.00495049504950495
"23152(A) VC DUI-ALCOHOL/DRUGS -> 243(D) PC BATT/CIVILIAN W/INJ",3,0.00495049504950495
"23152(A) VC DUI-ALCOHOL/DRUGS -> 594(B)(1)PC  VANDALISM +$400",3,0.00495049504950495
"23152(A) VC DUI-ALCOHOL/DRUGS -> BATTERY - I RPT",3,0.00495049504950495
"23152(A) VC DUI-ALCOHOL/DRUGS -> ROBBERY - I RPT",3,0.00495049504950495
"23152(A) VC DUI-ALCOHOL/DRUGS -> THREATS - I RPT",3,0.00495049504950495
"23152(A) VC DUI-ALCOHOL/DRUGS -> TRAFFIC-ACCIDENT-NON INJURY",3,0.00495049504950495
"23153(A) VC DUI CAUSE INJURY -> 10851 VC AUTO THEFT LOCATE",3,0.00495049504950495
"23153(A) VC DUI CAUSE INJURY -> 245(A)(1)AWDW/NO FIREARM/CIVIL",3,0.00495049504950495
"23153(A) VC DUI CAUSE INJURY -> 459 PC  BURGLARY RESIDENCE",3,0.00495049504950495
"23153(A) VC DUI CAUSE INJURY -> 5150 WI DANGER SELF/OTHERS",3,0.00495049504950495
"23153(A) VC DUI CAUSE INJURY -> TOWED/STORED VEHICLE",3,0.00495049504950495
"23222(B)POSSESS MARIJ IN VEH -> 10851(A)VC TAKE VEH W/O OWNER",3,0.00495049504950495
"23222(B)POSSESS MARIJ IN VEH -> 459 PC  BURGLARY RESIDENCE",3,0.00495049504950495
"242 PC  BATTERY CIVILIAN -> 11377(A)HS POSS AMPHETAMINES",3,0.00495049504950495
"242 PC  BATTERY CIVILIAN -> 20001(A) VC HIT/RUN INJ/DEATH",3,0.00495049504950495
"242 PC  BATTERY CIVILIAN -> 23152(A) VC DUI-ALCOHOL/DRUGS",3,0.00495049504950495
"242 PC  BATTERY CIVILIAN -> 242 PC  BATTERY CIVILIAN",3,0.00495049504950495
"242 PC  BATTERY CIVILIAN -> 476 PC PASS FICTICIOUS CHECK",3,0.00495049504950495
"242 PC  BATTERY CIVILIAN -> 484 PC   PETTY THEFT/INSIDE",3,0.00495049504950495
"242 PC  BATTERY CIVILIAN -> 484 PETTY THEFT-SHOPLIFT",3,0.00495049504950495
"242 PC  BATTERY CIVILIAN -> 487(A) GRAND THEFT-INSIDE",3,0.00495049504950495
"242 PC  BATTERY CIVILIAN -> 594(B)(1)PC  VANDALISM +$400",3,0.00495049504950495
"242 PC  BATTERY CIVILIAN -> 653M(B) PC ANNOY/RPT CALL HOME",3,0.00495049504950495
"242 PC  BATTERY CIVILIAN -> GANG ACTIVITY - I RPT",3,0.00495049504950495
"242 PC  BATTERY CIVILIAN -> MISCELLANEOUS I RPT (ZMISC)",3,0.00495049504950495
"242 PC  BATTERY CIVILIAN -> THREATS - I RPT",3,0.00495049504950495
"242 PC  BATTERY CIVILIAN -> TRAFFIC - I RPT",3,0.00495049504950495
"242 PC  BATTERY CIVILIAN -> TRAFFIC-ACCIDENT-NON INJURY",3,0.00495049504950495
"243(D) PC BATT/CIVILIAN W/INJ -> 459 PC  BURGLARY BUSINESS",3,0.00495049504950495
"243(D) PC BATT/CIVILIAN W/INJ -> 594(B)(2)(A) VANDALISM/ -$400",3,0.00495049504950495
"243(D) PC BATT/CIVILIAN W/INJ -> TRAFFIC-ACCIDENT INJURY",3,0.00495049504950495
"243(E)1 BATTERY NONCOHAB SPOUS -> 211 PC ROBBERY- BUSINESS",3,0.00495049504950495
"243(E)1 BATTERY NONCOHAB SPOUS -> 484 PETTY THEFT/LICENSE PLATE",3,0.00495049504950495
"243(E)1 BATTERY NONCOHAB SPOUS -> 487(A) PC GRAND THEFT",3,0.00495049504950495
"243(E)1 BATTERY NONCOHAB SPOUS -> FOUND PROPERTY - I RPT",3,0.00495049504950495
"243(E)1 BATTERY NONCOHAB SPOUS -> GANG ACTIVITY - I RPT",3,0.00495049504950495
"243(E)1 BATTERY NONCOHAB SPOUS -> HARASSMENT - I RPT",3,0.00495049504950495
"243(E)1 BATTERY NONCOHAB SPOUS -> LOST PROPERTY - I RPT",3,0.00495049504950495
"243.2(A)(1) BATT/SCHOOL INJURY -> 11364 HS POSS DRUG PARAPH",3,0.00495049504950495
"243.2(A)(1) BATT/SCHOOL INJURY -> 459 PC  BURGLARY RESIDENCE",3,0.00495049504950495
"243.2(A)(1) BATT/SCHOOL INJURY -> TRAFFIC-ACCIDENT-NON INJURY",3,0.00495049504950495
"245(A)(1)AWDW/NO FIREARM/CIVIL -> 10851 VC AUTO THEFT LOCATE",3,0.00495049504950495
"245(A)(1)AWDW/NO FIREARM/CIVIL -> 273.6(A) PC VIO DV COURT ORDER",3,0.00495049504950495
"245(A)(1)AWDW/NO FIREARM/CIVIL -> 484 PETTY THEFT/LICENSE PLATE",3,0.00495049504950495
"245(A)(1)AWDW/NO FIREARM/CIVIL -> 484J PC PUBLISH CARD INFO",3,0.00495049504950495
"245(A)(1)AWDW/NO FIREARM/CIVIL -> 530.5 PC USE PERSONAL ID INFO",3,0.00495049504950495
"245(A)(1)AWDW/NO FIREARM/CIVIL -> 666 PC PETTY THEFT W/PRI CONV",3,0.00495049504950495
"245(A)(1)AWDW/NO FIREARM/CIVIL -> ACCIDENTAL FIRES/ARSON -I RPT",3,0.00495049504950495
"245(A)(1)AWDW/NO FIREARM/CIVIL -> BATTERY - I RPT",3,0.00495049504950495
"245(A)(1)AWDW/NO FIREARM/CIVIL -> FOUND PROPERTY - I RPT",3,0.00495049504950495
"245(A)(1)AWDW/NO FIREARM/CIVIL -> GANG ACTIVITY - I RPT",3,0.00495049504950495
"245(A)(2) AWDW/FIREARM/CIVILIA -> 20002(A) HIT/RUN",3,0.00495049504950495
"245(A)(2) AWDW/FIREARM/CIVILIA -> 245(A)(1)AWDW/NO FIREARM/CIVIL",3,0.00495049504950495
"245(A)(2) AWDW/FIREARM/CIVILIA -> 484 PC   PETTY THEFT/INSIDE",3,0.00495049504950495
"245(A)(2) AWDW/FIREARM/CIVILIA -> 5150 WI DANGER SELF/OTHERS",3,0.00495049504950495
"245(A)(2) AWDW/FIREARM/CIVILIA -> 594(B)(1)PC  VANDALISM +$400",3,0.00495049504950495
"245(A)(2) AWDW/FIREARM/CIVILIA -> CASUALTY REPORT",3,0.00495049504950495
"245(A)(2) AWDW/FIREARM/CIVILIA -> TRAFFIC-ACCIDENT-NON INJURY",3,0.00495049504950495
"246 PC SHOOT OCCUP DWELL/VEH -> 211 PC  ROBBERY UNSPECIFIED",3,0.00495049504950495
"246 PC SHOOT OCCUP DWELL/VEH -> 594(B)(2)(A) VANDALISM/ -$400",3,0.00495049504950495
"246 PC SHOOT OCCUP DWELL/VEH -> TOWED/STORED VEH-14602.6",3,0.00495049504950495
"247(B) PC SHOOT UNOCC BLDG/VEH -> 23152(A) VC DUI-ALCOHOL/DRUGS",3,0.00495049504950495
"273.6(A) PC VIO DV COURT ORDER -> 10851 VC AUTO THEFT LOCATE",3,0.00495049504950495
"273.6(A) PC VIO DV COURT ORDER -> 459 PC  BURGLARY RESIDENCE",3,0.00495049504950495
"273.6(A) PC VIO DV COURT ORDER -> 484 PETTY THEFT/LICENSE PLATE",3,0.00495049504950495
"273.6(A) PC VIO DV COURT ORDER -> TRAFFIC-ACCIDENT-NON INJURY",3,0.00495049504950495
"290(A)(1)(D) FAIL TO REG-5 DAY -> 459 PC  BURGLARY VEHICLE",3,0.00495049504950495
"3056 PAROLE VIO - I RPT -> 10851 VC AUTO THEFT LOCATE",3,0.00495049504950495
"3056 PAROLE VIO - I RPT -> 459 PC  BURGLARY RESIDENCE",3,0.00495049504950495
"3056 PAROLE VIO - I RPT -> TRAFFIC-ACCIDENT INJURY",3,0.00495049504950495
"4140 BP  POSS OF HYPO NEEDLE -> 459 PC  BURGLARY VEHICLE",3,0.00495049504950495
"4140 BP  POSS OF HYPO NEEDLE -> TOWED/STORED VEHICLE",3,0.00495049504950495
"415(1) PC DISTURB PEACE/FIGHT -> 10851(A)VC TAKE VEH W/O OWNER",3,0.00495049504950495
"415(1) PC DISTURB PEACE/FIGHT -> TRAFFIC-ACCIDENT INJURY",3,0.00495049504950495
"417(A)1) PC BRANDISH NON-GUN -> 459 PC  BURGLARY RESIDENCE",3,0.00495049504950495
"422 PC THREAT/INTENT TO TERROR -> 484 PC   PETTY THEFT/INSIDE",3,0.00495049504950495
"422 PC THREAT/INTENT TO TERROR -> TOWED/STORED VEH-14602.6",3,0.00495049504950495
"422 PC THREAT/INTENT TO TERROR -> TRAFFIC-ACCIDENT INJURY",3,0.00495049504950495
"451(D) PC  ARSON OF PROPERTY -> 594(B)(1)PC  VANDALISM +$400",3,0.00495049504950495
"451(D) PC  ARSON OF PROPERTY -> TRAFFIC-ACCIDENT INJURY",3,0.00495049504950495
"459 PC  BURGLARY BUSINESS -> 11350(A)HS POSS CNTRL SUBST",3,0.00495049504950495
"459 PC  BURGLARY BUSINESS -> 11351.5 HS POSS SALE RCK COCAI",3,0.00495049504950495
"459 PC  BURGLARY BUSINESS -> 1551(A) FUGITIVE FROM JUSTICE",3,0.00495049504950495
"459 PC  BURGLARY BUSINESS -> 211 PC ROBBERY- BUSINESS",3,0.00495049504950495
"459 PC  BURGLARY BUSINESS -> 242 PC  BATTERY CIVILIAN",3,0.00495049504950495
"459 PC  BURGLARY BUSINESS -> LOST PROPERTY - I RPT",3,0.00495049504950495
"459 PC  BURGLARY BUSINESS -> NON INJ HR/MAIL OUT REPORT",3,0.00495049504950495
"459 PC  BURGLARY BUSINESS -> THREATS - I RPT",3,0.00495049504950495
"459 PC  BURGLARY BUSINESS -> TRAFFIC - I RPT",3,0.00495049504950495
"459 PC  BURGLARY RESIDENCE -> 10855 VC LSE/RENT NOT RETURNED",3,0.00495049504950495
"459 PC  BURGLARY RESIDENCE -> 148.1(A)PC FALSE REPT OF BOMB",3,0.00495049504950495
"459 PC  BURGLARY RESIDENCE -> 3056 PC PAROLE VIOLATION",3,0.00495049504950495
"459 PC  BURGLARY RESIDENCE -> 487(A) PC GRAND THEFT-SHOPLIFT",3,0.00495049504950495
"459 PC  BURGLARY RESIDENCE -> 487(D)GRAND THEFT FIREARM/ANIM",3,0.00495049504950495
"459 PC  BURGLARY RESIDENCE -> 653M(B) PC ANNOY/RPT CALL HOME",3,0.00495049504950495
"459 PC  BURGLARY RESIDENCE -> JUVENILE PROBLEMS - I RPT",3,0.00495049504950495
"459 PC  BURGLARY RESIDENCE -> O/S AGENCY -ASSISTANCE- I RPT",3,0.00495049504950495
"459 PC  BURGLARY RESIDENCE -> PROB VIOLA/FEL-MISD - I RPT",3,0.00495049504950495
"459 PC  BURGLARY RESIDENCE -> WARRANT SERVED - I RPT",3,0.00495049504950495
"459 PC  BURGLARY VEHICLE -> 10855 VC LSE/RENT NOT RETURNED",3,0.00495049504950495
"459 PC  BURGLARY VEHICLE -> 12020(A)(4) PC DIRK/DAGGER",3,0.00495049504950495
"459 PC  BURGLARY VEHICLE -> 12022.1 PC COMMIT FEL ON BAIL",3,0.00495049504950495
"459 PC  BURGLARY VEHICLE -> 211 PC ROBBERY-PURSE SNATCH",3,0.00495049504950495
"459 PC  BURGLARY VEHICLE -> 243.4(E)(1)TOUCH FOR SEX PLEAS",3,0.00495049504950495
"459 PC  BURGLARY VEHICLE -> 243.6 BATTERY SCHOOL EMPLOYEE",3,0.00495049504950495
"459 PC  BURGLARY VEHICLE -> 290(A)(1)(D) FAIL TO REG-5 DAY",3,0.00495049504950495
"459 PC  BURGLARY VEHICLE -> 422 PC THREAT/INTENT TO TERROR",3,0.00495049504950495
"459 PC  BURGLARY VEHICLE -> 451(D) PC  ARSON OF PROPERTY",3,0.00495049504950495
"459 PC  BURGLARY VEHICLE -> 459 PC  BURGLARY-UNSPECIFIED",3,0.00495049504950495
"459 PC  BURGLARY VEHICLE -> 476 PC PASS FICTICIOUS CHECK",3,0.00495049504950495
"459 PC  BURGLARY VEHICLE -> 484 PETTY THEFT CLOUT UNLOCKED",3,0.00495049504950495
"459 PC  BURGLARY VEHICLE -> 529 PC FALSE PERSONATION",3,0.00495049504950495
"459 PC  BURGLARY VEHICLE -> 653M(B) PC ANNOY/RPT CALL HOME",3,0.00495049504950495
"459 PC  BURGLARY VEHICLE -> ELDER ABUSE/PHYS/MENTAL-I RPT",3,0.00495049504950495
"459 PC  BURGLARY VEHICLE -> MISSING PERSON I RPT",3,0.00495049504950495
"459 PC  BURGLARY VEHICLE -> PERSON INFORMATION - I RPT",3,0.00495049504950495
"459 PC  BURGLARY VEHICLE -> SUSP PERS-NO CRIME - I RPT",3,0.00495049504950495
"459 PC  BURGLARY VEHICLE -> WARRANT SERVED - I RPT",3,0.00495049504950495
"459 PC  BURGLARY-UNSPECIFIED -> 10851(A)VC TAKE VEH W/O OWNER",3,0.00495049504950495
"459 PC  BURGLARY-UNSPECIFIED -> 459 PC  BURGLARY RESIDENCE",3,0.00495049504950495
"459 PC  BURGLARY-UNSPECIFIED -> 594(B)(2)(A) VANDALISM/ -$400",3,0.00495049504950495
"475(A)PC POSS FORGED CHK/NOTE -> 484 PC PETTY THEFT",3,0.00495049504950495
"475(C) PASS FORGED NOTE -> 5150 WI DANGER SELF/OTHERS",3,0.00495049504950495
"475(C) PASS FORGED NOTE -> TRAFFIC-ACCIDENT INJURY",3,0.00495049504950495
"476 PC PASS FICTICIOUS CHECK -> 10851(A)VC TAKE VEH W/O OWNER",3,0.00495049504950495
"476 PC PASS FICTICIOUS CHECK -> 3056 PAROLE VIO - I RPT",3,0.00495049504950495
"476 PC PASS FICTICIOUS CHECK -> 484 PC PETTY THEFT",3,0.00495049504950495
"476 PC PASS FICTICIOUS CHECK -> TRAFFIC-ACCIDENT INJURY",3,0.00495049504950495
"484 PC   PETTY THEFT/INSIDE -> 1551(A) FUGITIVE FROM JUSTICE",3,0.00495049504950495
"484 PC   PETTY THEFT/INSIDE -> 243(E)1 BATTERY NONCOHAB SPOUS",3,0.00495049504950495
"484 PC   PETTY THEFT/INSIDE -> 245(A)(1)AWDW/NO FIREARM/CIVIL",3,0.00495049504950495
"484 PC   PETTY THEFT/INSIDE -> 487(A) GRAND THEFT-INSIDE",3,0.00495049504950495
"484 PC   PETTY THEFT/INSIDE -> 594(B)(1)PC  VANDALISM +$400",3,0.00495049504950495
"484 PC   PETTY THEFT/INSIDE -> 666 PC PETTY THEFT W/PRI CONV",3,0.00495049504950495
"484 PC   PETTY THEFT/INSIDE -> BATTERY - I RPT",3,0.00495049504950495
"484 PC   PETTY THEFT/INSIDE -> FOUND PROPERTY - I RPT",3,0.00495049504950495
"484 PC   PETTY THEFT/INSIDE -> FRAUD OR BUNCO - I RPT",3,0.00495049504950495
"484 PC   PETTY THEFT/INSIDE -> LOST PROPERTY - I RPT",3,0.00495049504950495
"484 PC   PETTY THEFT/INSIDE -> TELEPEST -I RPT",3,0.00495049504950495
"484 PC   THEFT-LIC PLATE TABS -> 10851(A)VC TAKE VEH W/O OWNER",3,0.00495049504950495
"484 PC   THEFT-LIC PLATE TABS -> 459 PC  BURGLARY VEHICLE",3,0.00495049504950495
"484 PC  PETTY THEFT/ OUTSIDE -> 10851 VC AUTO THEFT LOCATE",3,0.00495049504950495
"484 PC  PETTY THEFT/ OUTSIDE -> 245(A)(1)AWDW/NO FIREARM/CIVIL",3,0.00495049504950495
"484 PC  PETTY THEFT/ OUTSIDE -> 484 PC   PETTY THEFT/INSIDE",3,0.00495049504950495
"484 PC  PETTY THEFT/ OUTSIDE -> 484 PC PETTY THEFT",3,0.00495049504950495
"484 PC  PETTY THEFT/ OUTSIDE -> 529 PC FALSE PERSONATION",3,0.00495049504950495
"484 PC  PETTY THEFT/ OUTSIDE -> 594(B)(2)(A) VANDALISM/ -$400",3,0.00495049504950495
"484 PC  PETTY THEFT/ OUTSIDE -> 666 PC PETTY THEFT W/PRI CONV",3,0.00495049504950495
"484 PC  PETTY THEFT/ OUTSIDE -> CASUALTY REPORT",3,0.00495049504950495
"484 PC  PETTY THEFT/ OUTSIDE -> FOUND PROPERTY - I RPT",3,0.00495049504950495
"484 PC PETTY THEFT -> 11350(A)HS POSS CNTRL SUBST",3,0.00495049504950495
"484 PC PETTY THEFT -> 1551(A) FUGITIVE FROM JUSTICE",3,0.00495049504950495
"484 PC PETTY THEFT -> 23152(A) VC DUI-ALCOHOL/DRUGS",3,0.00495049504950495
"484 PC PETTY THEFT -> 594(B)(2)(A) VANDALISM/ -$400",3,0.00495049504950495
"484 PETTY THEFT CLOUT UNLOCKED -> 11350(A)HS POSS CNTRL SUBST",3,0.00495049504950495
"484 PETTY THEFT CLOUT UNLOCKED -> 484 PC  PETTY THEFT/ OUTSIDE",3,0.00495049504950495
"484 PETTY THEFT CLOUT UNLOCKED -> 484 PETTY THEFT/LICENSE PLATE",3,0.00495049504950495
"484 PETTY THEFT CLOUT UNLOCKED -> 487(A) GRAND THEFT-INSIDE",3,0.00495049504950495
"484 PETTY THEFT CLOUT UNLOCKED -> 594(B)(1)PC  VANDALISM +$400",3,0.00495049504950495
"484 PETTY THEFT CLOUT UNLOCKED -> 594(B)(2)(A) VANDALISM/ -$400",3,0.00495049504950495
"484 PETTY THEFT CLOUT UNLOCKED -> CASUALTY REPORT",3,0.00495049504950495
"484 PETTY THEFT-SHOPLIFT -> 1551(A) FUGITIVE FROM JUSTICE",3,0.00495049504950495
"484 PETTY THEFT-SHOPLIFT -> 20002(A) HIT/RUN",3,0.00495049504950495
"484 PETTY THEFT-SHOPLIFT -> 243(E)1 BATTERY NONCOHAB SPOUS",3,0.00495049504950495
"484 PETTY THEFT-SHOPLIFT -> 245(A)(1)AWDW/NO FIREARM/CIVIL",3,0.00495049504950495
"484 PETTY THEFT-SHOPLIFT -> 459 PC  BURGLARY BUSINESS",3,0.00495049504950495
"484 PETTY THEFT-SHOPLIFT -> 484 PETTY THEFT/LICENSE PLATE",3,0.00495049504950495
"484 PETTY THEFT-SHOPLIFT -> 594(B)(2)(A) VANDALISM/ -$400",3,0.00495049504950495
"484 PETTY THEFT-SHOPLIFT -> 666 PC PETTY THEFT W/PRI CONV",3,0.00495049504950495
"484 PETTY THEFT-SHOPLIFT -> NON INJ HR/MAIL OUT REPORT",3,0.00495049504950495
"484 PETTY THEFT/LICENSE PLATE -> 11350(A)HS POSS CNTRL SUBST",3,0.00495049504950495
"484 PETTY THEFT/LICENSE PLATE -> 11364 HS POSS DRUG PARAPH",3,0.00495049504950495
"484 PETTY THEFT/LICENSE PLATE -> 20001(A) VC HIT/RUN INJ/DEATH",3,0.00495049504950495
"484 PETTY THEFT/LICENSE PLATE -> 211 PC  ROBBERY UNSPECIFIED",3,0.00495049504950495
"484 PETTY THEFT/LICENSE PLATE -> 243(E)1 BATTERY NONCOHAB SPOUS",3,0.00495049504950495
"484 PETTY THEFT/LICENSE PLATE -> 3056 PAROLE VIO - I RPT",3,0.00495049504950495
"484 PETTY THEFT/LICENSE PLATE -> 484 PETTY THEFT/LICENSE PLATE",3,0.00495049504950495
"484 PETTY THEFT/LICENSE PLATE -> 487(A) GRAND THEFT-INSIDE",3,0.00495049504950495
"484 PETTY THEFT/LICENSE PLATE -> 508 PC   EMBEZZLEMENT/EMPLOYEE",3,0.00495049504950495
"484 PETTY THEFT/LICENSE PLATE -> 529 PC FALSE PERSONATION",3,0.00495049504950495
"484 PETTY THEFT/LICENSE PLATE -> 594(B)(1)PC  VANDALISM +$400",3,0.00495049504950495
"484 PETTY THEFT/LICENSE PLATE -> NON INJ HR/MAIL OUT REPORT",3,0.00495049504950495
"484 PETTY THEFT/LICENSE PLATE -> TRAFFIC - I RPT",3,0.00495049504950495
"484G(B) PC ACCESS CARD FRAUD -> 11377(A)HS POSS AMPHETAMINES",3,0.00495049504950495
"484G(B) PC ACCESS CARD FRAUD -> 211 PC ROBBERY- BUSINESS",3,0.00495049504950495
"484G(B) PC ACCESS CARD FRAUD -> 243(D) PC BATT/CIVILIAN W/INJ",3,0.00495049504950495
"484G(B) PC ACCESS CARD FRAUD -> 245(A)(1)AWDW/NO FIREARM/CIVIL",3,0.00495049504950495
"484G(B) PC ACCESS CARD FRAUD -> 484J PC PUBLISH CARD INFO",3,0.00495049504950495
"484G(B) PC ACCESS CARD FRAUD -> BATTERY - I RPT",3,0.00495049504950495
"484G(B) PC ACCESS CARD FRAUD -> MISCELLANEOUS I RPT (ZMISC)",3,0.00495049504950495
"484G(B) PC ACCESS CARD FRAUD -> VANDALISM - I RPT",3,0.00495049504950495
"484J PC PUBLISH CARD INFO -> 10851 VC AUTO THEFT LOCATE",3,0.00495049504950495
"484J PC PUBLISH CARD INFO -> 211 PC  ROBBERY UNSPECIFIED",3,0.00495049504950495
"484J PC PUBLISH CARD INFO -> 459 PC  BURGLARY VEHICLE",3,0.00495049504950495
"484J PC PUBLISH CARD INFO -> 484 PC PETTY THEFT",3,0.00495049504950495
"484J PC PUBLISH CARD INFO -> 487(A) PC GRAND THEFT",3,0.00495049504950495
"484J PC PUBLISH CARD INFO -> 594(B)(2)(A) VANDALISM/ -$400",3,0.00495049504950495
"484J PC PUBLISH CARD INFO -> TRAFFIC-ACCIDENT INJURY",3,0.00495049504950495
"487(A) GRAND THEFT-AUTO PARTS -> 594(B)(1)PC  VANDALISM +$400",3,0.00495049504950495
"487(A) GRAND THEFT-AUTO PARTS -> 594(B)(2)(A) VANDALISM/ -$400",3,0.00495049504950495
"487(A) GRAND THEFT-CLOUT-UNLOC -> 10851(A)VC TAKE VEH W/O OWNER",3,0.00495049504950495
"487(A) GRAND THEFT-INSIDE -> 11377(A)HS POSS AMPHETAMINES",3,0.00495049504950495
"487(A) GRAND THEFT-INSIDE -> 459 PC  BURGLARY VEHICLE",3,0.00495049504950495
"487(A) GRAND THEFT-INSIDE -> CASUALTY REPORT",3,0.00495049504950495
"487(A) GRAND THEFT-INSIDE -> FOUND PROPERTY - I RPT",3,0.00495049504950495
"487(A) PC GRAND THEFT -> 11350(A)HS POSS CNTRL SUBST",3,0.00495049504950495
"487(A) PC GRAND THEFT -> 243(D) PC BATT/CIVILIAN W/INJ",3,0.00495049504950495
"487(A) PC GRAND THEFT -> 246 PC SHOOT OCCUP DWELL/VEH",3,0.00495049504950495
"487(A) PC GRAND THEFT -> 484 PC   PETTY THEFT/INSIDE",3,0.00495049504950495
"487(A) PC GRAND THEFT -> 484 PC PETTY THEFT",3,0.00495049504950495
"487(A) PC GRAND THEFT -> 484G(B) PC ACCESS CARD FRAUD",3,0.00495049504950495
"487(A) PC GRAND THEFT -> 529 PC FALSE PERSONATION",3,0.00495049504950495
"487(A) PC GRAND THEFT -> 666 PC PETTY THEFT W/PRI CONV",3,0.00495049504950495
"487(A) PC GRAND THEFT -> GANG ACTIVITY - I RPT",3,0.00495049504950495
"487(A) PC GRAND THEFT -> TRAFFIC - I RPT",3,0.00495049504950495
"496(A) RECEIVE STOLEN PROPERTY -> 11350(A)HS POSS CNTRL SUBST",3,0.00495049504950495
"496(A) RECEIVE STOLEN PROPERTY -> 459 PC  BURGLARY BUSINESS",3,0.00495049504950495
"496(A) RECEIVE STOLEN PROPERTY -> 459 PC  BURGLARY RESIDENCE",3,0.00495049504950495
"5150 WI DANGER SELF/OTHERS -> 11357(B)HS POSS -28.5GR MARIJ",3,0.00495049504950495
"5150 WI DANGER SELF/OTHERS -> 12.52.030 SCC UNLAWFUL CAMPING",3,0.00495049504950495
"5150 WI DANGER SELF/OTHERS -> 476 PC PASS FICTICIOUS CHECK",3,0.00495049504950495
"5150 WI DANGER SELF/OTHERS -> HARASSMENT - I RPT",3,0.00495049504950495
"5150 WI DANGER SELF/OTHERS -> SAFEKEEPING - I RPT",3,0.00495049504950495
"5150 WI DANGER SELF/OTHERS -> THREATS - I RPT",3,0.00495049504950495
"5150 WI DANGER SELF/OTHERS -> TRAFFIC - I RPT",3,0.00495049504950495
"529 PC FALSE PERSONATION -> 211 PC  ROBBERY UNSPECIFIED",3,0.00495049504950495
"529 PC FALSE PERSONATION -> 211 PC ROBBERY- BUSINESS",3,0.00495049504950495
"529 PC FALSE PERSONATION -> 484 PC PETTY THEFT",3,0.00495049504950495
"529 PC FALSE PERSONATION -> CASUALTY REPORT",3,0.00495049504950495
"529 PC FALSE PERSONATION -> FOUND PROPERTY - I RPT",3,0.00495049504950495
"529 PC FALSE PERSONATION -> NON INJ HR/MAIL OUT REPORT",3,0.00495049504950495
"529 PC FALSE PERSONATION -> TOWED/STORED VEH-14602.6",3,0.00495049504950495
"529 PC FALSE PERSONATION -> TRAFFIC-ACCIDENT INJURY",3,0.00495049504950495
"530 PC FALSE PERS. REC PROP -> 10851 VC AUTO THEFT LOCATE",3,0.00495049504950495
"530 PC FALSE PERS. REC PROP -> 11377(A)HS POSS AMPHETAMINES",3,0.00495049504950495
"530.5 PC USE PERSONAL ID INFO -> 11377(A)HS POSS AMPHETAMINES",3,0.00495049504950495
"530.5 PC USE PERSONAL ID INFO -> 20002(A) HIT/RUN",3,0.00495049504950495
"530.5 PC USE PERSONAL ID INFO -> 243(E)1 BATTERY NONCOHAB SPOUS",3,0.00495049504950495
"530.5 PC USE PERSONAL ID INFO -> 246 PC SHOOT OCCUP DWELL/VEH",3,0.00495049504950495
"530.5 PC USE PERSONAL ID INFO -> 484G(A)PC USE FORGED CARD",3,0.00495049504950495
"530.5 PC USE PERSONAL ID INFO -> 503 PC   EMBEZZLEMENT",3,0.00495049504950495
"530.5 PC USE PERSONAL ID INFO -> 5150 WI DANGER SELF/OTHERS",3,0.00495049504950495
"530.5 PC USE PERSONAL ID INFO -> 530 PC FALSE PERS. REC PROP",3,0.00495049504950495
"530.5 PC USE PERSONAL ID INFO -> GANG ACTIVITY - I RPT",3,0.00495049504950495
"530.5 PC USE PERSONAL ID INFO -> HARASSMENT - I RPT",3,0.00495049504950495
"530.5 PC USE PERSONAL ID INFO -> NON INJ HR/MAIL OUT REPORT",3,0.00495049504950495
"530.5 PC USE PERSONAL ID INFO -> TELEPEST -I RPT",3,0.00495049504950495
"530.5 PC USE PERSONAL ID INFO -> TRAFFIC-ACCIDENT-NON INJURY",3,0.00495049504950495
"594(B)(1)PC  VANDALISM +$400 -> 4140 BP  POSS OF HYPO NEEDLE",3,0.00495049504950495
"594(B)(1)PC  VANDALISM +$400 -> 484G(B) PC ACCESS CARD FRAUD",3,0.00495049504950495
"594(B)(1)PC  VANDALISM +$400 -> BURGLARY - I RPT",3,0.00495049504950495
"594(B)(1)PC  VANDALISM +$400 -> FOUND PROPERTY - I RPT",3,0.00495049504950495
"594(B)(1)PC  VANDALISM +$400 -> NON INJ HR/MAIL OUT REPORT",3,0.00495049504950495
"594(B)(2)(A) VANDALISM/ -$400 -> 243(D) PC BATT/CIVILIAN W/INJ",3,0.00495049504950495
"594(B)(2)(A) VANDALISM/ -$400 -> 245(A)(2) AWDW/FIREARM/CIVILIA",3,0.00495049504950495
"594(B)(2)(A) VANDALISM/ -$400 -> 4140 BP  POSS OF HYPO NEEDLE",3,0.00495049504950495
"594(B)(2)(A) VANDALISM/ -$400 -> 475(C) PASS FORGED NOTE",3,0.00495049504950495
"594(B)(2)(A) VANDALISM/ -$400 -> 487(D)GRAND THEFT FIREARM/ANIM",3,0.00495049504950495
"594(B)(2)(A) VANDALISM/ -$400 -> 503 PC   EMBEZZLEMENT",3,0.00495049504950495
"594(B)(2)(A) VANDALISM/ -$400 -> ACCIDENTAL FIRES/ARSON -I RPT",3,0.00495049504950495
"594(B)(2)(A) VANDALISM/ -$400 -> THREATS - I RPT",3,0.00495049504950495
"594(B)(2)(A)VANDALISM GRAF-400 -> 10851 VC AUTO THEFT LOCATE",3,0.00495049504950495
"594(B)(2)(A)VANDALISM GRAF-400 -> 487(A) PC GRAND THEFT",3,0.00495049504950495
"594(B)(2)(A)VANDALISM GRAF-400 -> TRAFFIC-ACCIDENT INJURY",3,0.00495049504950495
"594(B)(2)(A)VANDALISM GRAF-400 -> TRAFFIC-ACCIDENT-NON INJURY",3,0.00495049504950495
"647(B) PC   PROSTITUTION -> 11352(A)HS SALE/TRANS CNTL SUB",3,0.00495049504950495
"647(B) PC   PROSTITUTION -> 11357(B)HS POSS -28.5GR MARIJ",3,0.00495049504950495
"647(B) PC   PROSTITUTION -> 484 PC  PETTY THEFT/ OUTSIDE",3,0.00495049504950495
"647(B) PC   PROSTITUTION -> 647(B) PC   PROSTITUTION",3,0.00495049504950495
"647(B) PC   PROSTITUTION -> MISCELLANEOUS I RPT (ZMISC)",3,0.00495049504950495
"647(B) PC   PROSTITUTION -> NON INJ HR/MAIL OUT REPORT",3,0.00495049504950495
"647(B) PC   PROSTITUTION -> TOWED/STORED VEH-14602.6",3,0.00495049504950495
"647(B) PC   PROSTITUTION -> TRAFFIC-ACCIDENT INJURY",3,0.00495049504950495
"647(F) PC DIP - DISORDERLY -> MISSING PERSON",3,0.00495049504950495
"647(F) PC DIP - DISORDERLY -> TRAFFIC-ACCIDENT-NON INJURY",3,0.00495049504950495
"653.22(A) LOITER PROSTITUTION -> 459 PC  BURGLARY RESIDENCE",3,0.00495049504950495
"653.22(A) LOITER PROSTITUTION -> 487(A) PC GRAND THEFT",3,0.00495049504950495
"653.22(A) LOITER PROSTITUTION -> MISSING PERSON",3,0.00495049504950495
"653M(A) PC OBSCENE/THREAT CALL -> 10851 VC AUTO THEFT LOCATE",3,0.00495049504950495
"653M(A) PC OBSCENE/THREAT CALL -> 10851(A)VC TAKE VEH W/O OWNER",3,0.00495049504950495
"653M(A) PC OBSCENE/THREAT CALL -> 484 PC PETTY THEFT",3,0.00495049504950495
"653M(A) PC OBSCENE/THREAT CALL -> TRAFFIC-ACCIDENT-NON INJURY",3,0.00495049504950495
"653M(B) PC ANNOY/RPT CALL HOME -> 23152(A) VC DUI-ALCOHOL/DRUGS",3,0.00495049504950495
"653M(B) PC ANNOY/RPT CALL HOME -> 459 PC  BURGLARY VEHICLE",3,0.00495049504950495
"666 PC PETTY THEFT W/PRI CONV -> 484 PC   PETTY THEFT/INSIDE",3,0.00495049504950495
"666 PC PETTY THEFT W/PRI CONV -> TOWED/STORED VEH-14602.6",3,0.00495049504950495
"666 PC PETTY THEFT W/PRI CONV -> TRAFFIC-ACCIDENT-NON INJURY",3,0.00495049504950495
"9.04.050 A DRINKING IN PUBLIC -> TOWED/STORED VEHICLE",3,0.00495049504950495
"ACCIDENTAL FIRES/ARSON -I RPT -> 10851(A)VC TAKE VEH W/O OWNER",3,0.00495049504950495
"ACCIDENTAL FIRES/ARSON -I RPT -> 11350(A)HS POSS CNTRL SUBST",3,0.00495049504950495
"ACCIDENTAL FIRES/ARSON -I RPT -> 487(A) PC GRAND THEFT",3,0.00495049504950495
"ACCIDENTAL FIRES/ARSON -I RPT -> 594(B)(2)(A) VANDALISM/ -$400",3,0.00495049504950495
"ASSAULT WITH WEAPON - I RPT -> 459 PC  BURGLARY VEHICLE",3,0.00495049504950495
"ASSAULT WITH WEAPON - I RPT -> 484 PETTY THEFT-SHOPLIFT",3,0.00495049504950495
"ASSAULT WITH WEAPON - I RPT -> 484 PETTY THEFT/LICENSE PLATE",3,0.00495049504950495
"BATTERY - I RPT -> 242 PC  BATTERY CIVILIAN",3,0.00495049504950495
"BATTERY - I RPT -> 3056 PAROLE VIO - I RPT",3,0.00495049504950495
"BATTERY - I RPT -> 459 PC  BURGLARY RESIDENCE",3,0.00495049504950495
"BATTERY - I RPT -> MISSING PERSON",3,0.00495049504950495
"BATTERY - I RPT -> TOWED/STORED VEHICLE",3,0.00495049504950495
"BURGLARY - I RPT -> 459 PC  BURGLARY RESIDENCE",3,0.00495049504950495
"BURGLARY - I RPT -> TOWED/STORED VEH-14602.6",3,0.00495049504950495
"BURGLARY - I RPT -> TRAFFIC-ACCIDENT-NON INJURY",3,0.00495049504950495
"CASUALTY REPORT -> 20002(A) HIT/RUN",3,0.00495049504950495
"CASUALTY REPORT -> 273.6(A) PC VIO DV COURT ORDER",3,0.00495049504950495
"CASUALTY REPORT -> 3056 PAROLE VIO - I RPT",3,0.00495049504950495
"CASUALTY REPORT -> 484 PC PETTY THEFT",3,0.00495049504950495
"CASUALTY REPORT -> 529 PC FALSE PERSONATION",3,0.00495049504950495
"CASUALTY REPORT -> 666 PC PETTY THEFT W/PRI CONV",3,0.00495049504950495
"CASUALTY REPORT -> BURGLARY - I RPT",3,0.00495049504950495
"CASUALTY REPORT -> THREATS - I RPT",3,0.00495049504950495
"CHILD WELFARE - I RPT -> 484 PETTY THEFT/LICENSE PLATE",3,0.00495049504950495
"CHILD WELFARE - I RPT -> FOUND PROPERTY - I RPT",3,0.00495049504950495
"CHILD WELFARE - I RPT -> TRAFFIC-ACCIDENT-NON INJURY",3,0.00495049504950495
"ELDER ABUSE/PHYS/MENTAL-I RPT -> TOWED/STORED VEH-14602.6",3,0.00495049504950495
"ELDER ABUSE/PHYS/MENTAL-I RPT -> TOWED/STORED VEHICLE",3,0.00495049504950495
"FAMILY DISTURBANCE - I RPT -> 459 PC  BURGLARY RESIDENCE",3,0.00495049504950495
"FAMILY DISTURBANCE - I RPT -> 5150 WI DANGER SELF/OTHERS",3,0.00495049504950495
"FAMILY DISTURBANCE - I RPT -> MISSING PERSON",3,0.00495049504950495
"FAMILY DISTURBANCE - I RPT -> TRAFFIC-ACCIDENT-NON INJURY",3,0.00495049504950495
"FOUND PROPERTY - I RPT -> 11364 HS POSS DRUG PARAPH",3,0.00495049504950495
"FOUND PROPERTY - I RPT -> 484 PETTY THEFT/LICENSE PLATE",3,0.00495049504950495
"FOUND PROPERTY - I RPT -> 487(A) GRAND THEFT-INSIDE",3,0.00495049504950495
"FOUND PROPERTY - I RPT -> CASUALTY REPORT",3,0.00495049504950495
"FOUND PROPERTY - I RPT -> GANG ACTIVITY - I RPT",3,0.00495049504950495
"FOUND PROPERTY - I RPT -> SUSP PERS-NO CRIME - I RPT",3,0.00495049504950495
"FRAUD OR BUNCO - I RPT -> 10851 VC AUTO THEFT LOCATE",3,0.00495049504950495
"FRAUD OR BUNCO - I RPT -> 459 PC  BURGLARY VEHICLE",3,0.00495049504950495
"FRAUD OR BUNCO - I RPT -> 484 PC PETTY THEFT",3,0.00495049504950495
"FRAUD OR BUNCO - I RPT -> 653M(A) PC OBSCENE/THREAT CALL",3,0.00495049504950495
"FRAUD OR BUNCO - I RPT -> TRAFFIC-ACCIDENT INJURY",3,0.00495049504950495
"GANG ACTIVITY - I RPT -> 484 PC  PETTY THEFT/ OUTSIDE",3,0.00495049504950495
"GANG ACTIVITY - I RPT -> 484G(B) PC ACCESS CARD FRAUD",3,0.00495049504950495
"GANG ACTIVITY - I RPT -> 487(A) GRAND THEFT-INSIDE",3,0.00495049504950495
"GANG ACTIVITY - I RPT -> 594(B)(2)(A) VANDALISM/ -$400",3,0.00495049504950495
"GANG ACTIVITY - I RPT -> CASUALTY REPORT",3,0.00495049504950495
"GANG ACTIVITY - I RPT -> THREATS - I RPT",3,0.00495049504950495
"HARASSMENT - I RPT -> 422 PC THREAT/INTENT TO TERROR",3,0.00495049504950495
"HARASSMENT - I RPT -> 459 PC  BURGLARY RESIDENCE",3,0.00495049504950495
"HARASSMENT - I RPT -> CASUALTY REPORT",3,0.00495049504950495
"HARASSMENT - I RPT -> FOUND PROPERTY - I RPT",3,0.00495049504950495
"HARASSMENT - I RPT -> GANG ACTIVITY - I RPT",3,0.00495049504950495
"HARASSMENT - I RPT -> TRAFFIC-ACCIDENT-NON INJURY",3,0.00495049504950495
"HIT AND RUN /SUSPECTS- I RPT -> TOWED/STORED VEHICLE",3,0.00495049504950495
"IMPOUNDED VEHICLE -> 484 PETTY THEFT/LICENSE PLATE",3,0.00495049504950495
"JUVENILE DISURBANCE - I RPT -> 10851 VC AUTO THEFT LOCATE",3,0.00495049504950495
"JUVENILE DISURBANCE - I RPT -> 10851(A)VC TAKE VEH W/O OWNER",3,0.00495049504950495
"LOST PROPERTY - I RPT -> 243(E)1 BATTERY NONCOHAB SPOUS",3,0.00495049504950495
"LOST PROPERTY - I RPT -> 484 PC PETTY THEFT",3,0.00495049504950495
"LOST PROPERTY - I RPT -> 484 PETTY THEFT/LICENSE PLATE",3,0.00495049504950495
"LOST PROPERTY - I RPT -> 594(B)(2)(A) VANDALISM/ -$400",3,0.00495049504950495
"LOST PROPERTY - I RPT -> FOUND PROPERTY - I RPT",3,0.00495049504950495
"MISCELLANEOUS I RPT (ZMISC) -> 11364 HS POSS DRUG PARAPH",3,0.00495049504950495
"MISCELLANEOUS I RPT (ZMISC) -> 211 PC ROBBERY- BUSINESS",3,0.00495049504950495
"MISCELLANEOUS I RPT (ZMISC) -> 459 PC  BURGLARY BUSINESS",3,0.00495049504950495
"MISCELLANEOUS I RPT (ZMISC) -> 484 PETTY THEFT-SHOPLIFT",3,0.00495049504950495
"MISCELLANEOUS I RPT (ZMISC) -> 487(A) PC GRAND THEFT",3,0.00495049504950495
"MISCELLANEOUS I RPT (ZMISC) -> 5150 WI DANGER SELF/OTHERS",3,0.00495049504950495
"MISCELLANEOUS I RPT (ZMISC) -> 530.5 PC USE PERSONAL ID INFO",3,0.00495049504950495
"MISCELLANEOUS I RPT (ZMISC) -> SUSP PERS-NO CRIME - I RPT",3,0.00495049504950495
"MISCELLANEOUS I RPT (ZMISC) -> THREATS - I RPT",3,0.00495049504950495
"MISSING PERSON -> 1551(A) FUGITIVE FROM JUSTICE",3,0.00495049504950495
"MISSING PERSON -> 192(C)(2)VEH MAN W/O GROSS NEG",3,0.00495049504950495
"MISSING PERSON -> 273.6(A) PC VIO DV COURT ORDER",3,0.00495049504950495
"MISSING PERSON -> 290(F)1 W/I 5 DAYS ADD CHANGE",3,0.00495049504950495
"MISSING PERSON -> 4140 BP  POSS OF HYPO NEEDLE",3,0.00495049504950495
"MISSING PERSON -> 476 PC PASS FICTICIOUS CHECK",3,0.00495049504950495
"MISSING PERSON -> 484J PC PUBLISH CARD INFO",3,0.00495049504950495
"MISSING PERSON -> 487(A) GRAND THEFT-INSIDE",3,0.00495049504950495
"MISSING PERSON -> 647(A) PC LEWD CONDUCT",3,0.00495049504950495
"MISSING PERSON -> 9.04.050 A DRINKING IN PUBLIC",3,0.00495049504950495
"MISSING PERSON -> ACCIDENTAL FIRES/ARSON -I RPT",3,0.00495049504950495
"MISSING PERSON -> HIT AND RUN /SUSPECTS- I RPT",3,0.00495049504950495
"MISSING PERSON -> O/S AGENCY -ASSISTANCE- I RPT",3,0.00495049504950495
"MISSING PERSON I RPT -> 10851(A)VC TAKE VEH W/O OWNER",3,0.00495049504950495
"MISSING PERSON I RPT -> 11364 HS POSS DRUG PARAPH",3,0.00495049504950495
"MISSING PERSON I RPT -> 459 PC  BURGLARY VEHICLE",3,0.00495049504950495
"MISSING PERSON I RPT -> CASUALTY REPORT",3,0.00495049504950495
"MISSING PERSON I RPT -> MISSING PERSON",3,0.00495049504950495
"MISSING PERSON I RPT -> NON INJ HR/MAIL OUT REPORT",3,0.00495049504950495
"MISSING PERSON I RPT -> TRAFFIC-ACCIDENT-NON INJURY",3,0.00495049504950495
"MISSING PERSON LOCATE O/S ASSI -> 459 PC  BURGLARY VEHICLE",3,0.00495049504950495
"MISSING PERSON LOCATE O/S ASSI -> MISSING PERSON",3,0.00495049504950495
"NARCOTICS SUSP/EVID/ACT- I RPT -> 211 PC  ROBBERY UNSPECIFIED",3,0.00495049504950495
"NARCOTICS SUSP/EVID/ACT- I RPT -> 243(E)1 BATTERY NONCOHAB SPOUS",3,0.00495049504950495
"NARCOTICS SUSP/EVID/ACT- I RPT -> 484 PC   PETTY THEFT/INSIDE",3,0.00495049504950495
"NARCOTICS SUSP/EVID/ACT- I RPT -> 5150 WI DANGER SELF/OTHERS",3,0.00495049504950495
"NARCOTICS SUSP/EVID/ACT- I RPT -> MISSING PERSON",3,0.00495049504950495
"NEIGHBORHOOD DISTURBANCE-I RPT -> 459 PC  BURGLARY RESIDENCE",3,0.00495049504950495
"NEIGHBORHOOD DISTURBANCE-I RPT -> TOWED/STORED VEH-14602.6",3,0.00495049504950495
"NON INJ HR/MAIL OUT REPORT -> 23152(A) VC DUI-ALCOHOL/DRUGS",3,0.00495049504950495
"NON INJ HR/MAIL OUT REPORT -> 273.6(A) PC VIO DV COURT ORDER",3,0.00495049504950495
"NON INJ HR/MAIL OUT REPORT -> 459 PC  BURGLARY BUSINESS",3,0.00495049504950495
"NON INJ HR/MAIL OUT REPORT -> 484 PC   PETTY THEFT/INSIDE",3,0.00495049504950495
"NON INJ HR/MAIL OUT REPORT -> 484 PC PETTY THEFT",3,0.00495049504950495
"NON INJ HR/MAIL OUT REPORT -> 5150 WI DANGER SELF/OTHERS",3,0.00495049504950495
"NON INJ HR/MAIL OUT REPORT -> BATTERY - I RPT",3,0.00495049504950495
"NON INJ HR/MAIL OUT REPORT -> SUSP PERS-NO CRIME - I RPT",3,0.00495049504950495
"O/S AGENCY -ASSISTANCE- I RPT -> TOWED/STORED VEH-14602.6",3,0.00495049504950495
"PERSON INFORMATION - I RPT -> 459 PC  BURGLARY BUSINESS",3,0.00495049504950495
"PERSON INFORMATION - I RPT -> 594(B)(2)(A) VANDALISM/ -$400",3,0.00495049504950495
"PERSON INFORMATION - I RPT -> TOWED/STORED VEH-14602.6",3,0.00495049504950495
"PETTY THEFT - I RPT -> MISSING PERSON",3,0.00495049504950495
"POSSIBLE FINANCIAL CRIME-I RPT -> 10851(A)VC TAKE VEH W/O OWNER",3,0.00495049504950495
"ROBBERY - I RPT -> 10851(A)VC TAKE VEH W/O OWNER",3,0.00495049504950495
"ROBBERY - I RPT -> 594(B)(2)(A) VANDALISM/ -$400",3,0.00495049504950495
"SAFEKEEPING - I RPT -> 459 PC  BURGLARY VEHICLE",3,0.00495049504950495
"SAFEKEEPING - I RPT -> 484 PETTY THEFT-SHOPLIFT",3,0.00495049504950495
"SAFEKEEPING - I RPT -> TOWED/STORED VEHICLE",3,0.00495049504950495
"SUSP PERS-NO CRIME - I RPT -> 211 PC  ROBBERY UNSPECIFIED",3,0.00495049504950495
"SUSP PERS-NO CRIME - I RPT -> 245(A)(1)AWDW/NO FIREARM/CIVIL",3,0.00495049504950495
"SUSP PERS-NO CRIME - I RPT -> 484 PC PETTY THEFT",3,0.00495049504950495
"SUSP PERS-NO CRIME - I RPT -> 484G(B) PC ACCESS CARD FRAUD",3,0.00495049504950495
"SUSP PERS-NO CRIME - I RPT -> 5150 WI DANGER SELF/OTHERS",3,0.00495049504950495
"SUSP PERS-NO CRIME - I RPT -> 594(B)(1)PC  VANDALISM +$400",3,0.00495049504950495
"SUSP PERS-NO CRIME - I RPT -> LOST PROPERTY - I RPT",3,0.00495049504950495
"SUSP PERS-NO CRIME - I RPT -> NON INJ HR/MAIL OUT REPORT",3,0.00495049504950495
"SUSP PERS-NO CRIME - I RPT -> THREATS - I RPT",3,0.00495049504950495
"TELEPEST -I RPT -> 10851 VC AUTO THEFT LOCATE",3,0.00495049504950495
"TELEPEST -I RPT -> 594(B)(2)(A) VANDALISM/ -$400",3,0.00495049504950495
"TELEPEST -I RPT -> FOUND PROPERTY - I RPT",3,0.00495049504950495
"TELEPEST -I RPT -> MISSING PERSON",3,0.00495049504950495
"TELEPEST -I RPT -> TOWED/STORED VEH-14602.6",3,0.00495049504950495
"TELEPEST -I RPT -> TOWED/STORED VEHICLE",3,0.00495049504950495
"TERRORIST THREATS - I RPT -> 10851(A)VC TAKE VEH W/O OWNER",3,0.00495049504950495
"THREATS - I RPT -> 211 PC  ROBBERY UNSPECIFIED",3,0.00495049504950495
"THREATS - I RPT -> 23152(A) VC DUI-ALCOHOL/DRUGS",3,0.00495049504950495
"THREATS - I RPT -> 242 PC  BATTERY CIVILIAN",3,0.00495049504950495
"THREATS - I RPT -> 245(A)(1)AWDW/NO FIREARM/CIVIL",3,0.00495049504950495
"THREATS - I RPT -> 484 PC   PETTY THEFT/INSIDE",3,0.00495049504950495
"THREATS - I RPT -> 484 PC  PETTY THEFT/ OUTSIDE",3,0.00495049504950495
"THREATS - I RPT -> 484G(B) PC ACCESS CARD FRAUD",3,0.00495049504950495
"THREATS - I RPT -> CASUALTY REPORT",3,0.00495049504950495
"THREATS - I RPT -> THREATS - I RPT",3,0.00495049504950495
"TOWED/STORED VEH-14602.6 -> 11351.5 HS POSS SALE RCK COCAI",3,0.00495049504950495
"TOWED/STORED VEH-14602.6 -> 11352(A)HS SALE/TRANS CNTL SUB",3,0.00495049504950495
"TOWED/STORED VEH-14602.6 -> 1203.2 PC VIOLATION OF PROBATI",3,0.00495049504950495
"TOWED/STORED VEH-14602.6 -> 148(A)(1)PC RESIST PEACE OFFCR",3,0.00495049504950495
"TOWED/STORED VEH-14602.6 -> 1551(A) FUGITIVE FROM JUSTICE",3,0.00495049504950495
"TOWED/STORED VEH-14602.6 -> 23103(A) RECKLESS ON HIGHWAY",3,0.00495049504950495
"TOWED/STORED VEH-14602.6 -> 243(D) PC BATT/CIVILIAN W/INJ",3,0.00495049504950495
"TOWED/STORED VEH-14602.6 -> 243.2(A)(1) BATT/SCHOOL INJURY",3,0.00495049504950495
"TOWED/STORED VEH-14602.6 -> 246 PC SHOOT OCCUP DWELL/VEH",3,0.00495049504950495
"TOWED/STORED VEH-14602.6 -> 475(C) PASS FORGED NOTE",3,0.00495049504950495
"TOWED/STORED VEH-14602.6 -> 484 PETTY THEFT CLOUT UNLOCKED",3,0.00495049504950495
"TOWED/STORED VEH-14602.6 -> 529 PC FALSE PERSONATION",3,0.00495049504950495
"TOWED/STORED VEH-14602.6 -> 647(F) PC DIP - DISORDERLY",3,0.00495049504950495
"TOWED/STORED VEH-14602.6 -> BUSINESS PERMITS - I RPT",3,0.00495049504950495
"TOWED/STORED VEH-14602.6 -> IMPOUNDED VEHICLE",3,0.00495049504950495
"TOWED/STORED VEH-14602.6 -> NEIGHBORHOOD DISTURBANCE-I RPT",3,0.00495049504950495
"TOWED/STORED VEH-14602.6 -> SUSPICIOUS VEHICLE - I RPT",3,0.00495049504950495
"TOWED/STORED VEHICLE -> 12021(A)(1)PC FELON POSS FRARM",3,0.00495049504950495
"TOWED/STORED VEHICLE -> 211 PC ROBBERY-PURSE SNATCH",3,0.00495049504950495
"TOWED/STORED VEHICLE -> 273.6(A) PC VIO DV COURT ORDER",3,0.00495049504950495
"TOWED/STORED VEHICLE -> 290(F)1 W/I 5 DAYS ADD CHANGE",3,0.00495049504950495
"TOWED/STORED VEHICLE -> 4140 BP  POSS OF HYPO NEEDLE",3,0.00495049504950495
"TOWED/STORED VEHICLE -> 647(F) PC DIP - DISORDERLY",3,0.00495049504950495
"TOWED/STORED VEHICLE -> 9.04.050 A DRINKING IN PUBLIC",3,0.00495049504950495
"TOWED/STORED VEHICLE -> CHILD CUSTODY - I RPT",3,0.00495049504950495
"TOWED/STORED VEHICLE -> FOUND EVIDENCE-NON NARC -I RPT",3,0.00495049504950495
"TOWED/STORED VEHICLE -> GRAFFITI PROBLEMS- I RPT",3,0.00495049504950495
"TOWED/STORED VEHICLE -> NEIGHBORHOOD DISTURBANCE-I RPT",3,0.00495049504950495
"TOWED/STORED VEHICLE -> POSSIBLE FINANCIAL CRIME-I RPT",3,0.00495049504950495
"TOWED/STORED VEHICLE -> TRAFFIC - I RPT",3,0.00495049504950495
"TOWED/STORED VEHICLE -> VANDALISM - I RPT",3,0.00495049504950495
"TRAFFIC - I RPT -> 459 PC  BURGLARY BUSINESS",3,0.00495049504950495
"TRAFFIC - I RPT -> FOUND PROPERTY - I RPT",3,0.00495049504950495
"TRAFFIC - I RPT -> TOWED/STORED VEH-14602.6",3,0.00495049504950495
"TRAFFIC - I RPT -> TOWED/STORED VEHICLE",3,0.00495049504950495
"TRAFFIC - I RPT -> TRAFFIC-ACCIDENT-NON INJURY",3,0.00495049504950495
"TRAFFIC-ACCIDENT INJURY -> 11364 HS POSS DRUG PARAPH",3,0.00495049504950495
"TRAFFIC-ACCIDENT INJURY -> 211 PC ROBBERY- BUSINESS",3,0.00495049504950495
"TRAFFIC-ACCIDENT INJURY -> 243(D) PC BATT/CIVILIAN W/INJ",3,0.00495049504950495
"TRAFFIC-ACCIDENT INJURY -> 530.5 PC USE PERSONAL ID INFO",3,0.00495049504950495
"TRAFFIC-ACCIDENT INJURY -> ASSAULT WITH WEAPON - I RPT",3,0.00495049504950495
"TRAFFIC-ACCIDENT INJURY -> SUSP PERS-NO CRIME - I RPT",3,0.00495049504950495
"TRAFFIC-ACCIDENT-NON INJURY -> 243(D) PC BATT/CIVILIAN W/INJ",3,0.00495049504950495
"TRAFFIC-ACCIDENT-NON INJURY -> 273.6(A) PC VIO DV COURT ORDER",3,0.00495049504950495
"TRAFFIC-ACCIDENT-NON INJURY -> 422 PC THREAT/INTENT TO TERROR",3,0.00495049504950495
"TRAFFIC-ACCIDENT-NON INJURY -> 529 PC FALSE PERSONATION",3,0.00495049504950495
"TRAFFIC-ACCIDENT-NON INJURY -> GANG ACTIVITY - I RPT",3,0.00495049504950495
"TRAFFIC-ACCIDENT-NON INJURY -> HARASSMENT - I RPT",3,0.00495049504950495
"TRAFFIC-ACCIDENT-NON INJURY -> SUSP PERS-NO CRIME - I RPT",3,0.00495049504950495
"TRAFFIC-ACCIDENT-NON INJURY -> THREATS - I RPT",3,0.00495049504950495
"TRAFFIC-ACCIDENT-NON INJURY -> TRAFFIC - I RPT",3,0.00495049504950495
"TRESPASS OR PROWLER- I RPT -> TOWED/STORED VEH-14602.6",3,0.00495049504950495
"TRESPASS OR PROWLER- I RPT -> TOWED/STORED VEHICLE",3,0.00495049504950495
"VANDALISM - I RPT -> 10851 VC AUTO THEFT LOCATE",3,0.00495049504950495
"VANDALISM - I RPT -> 11364 HS POSS DRUG PARAPH",3,0.00495049504950495
"VANDALISM - I RPT -> 459 PC  BURGLARY BUSINESS",3,0.00495049504950495
"VANDALISM - I RPT -> 459 PC  BURGLARY VEHICLE",3,0.00495049504950495
"VANDALISM - I RPT -> TRAFFIC-ACCIDENT INJURY",3,0.00495049504950495
"WARRANT SERVED - I RPT -> 10851(A)VC TAKE VEH W/O OWNER",3,0.00495049504950495
"WARRANT SERVED - I RPT -> TOWED/STORED VEH-14602.6",3,0.00495049504950495
"10851 VC AUTO THEFT LOCATE -> 11532(A)HS LOITER DRG ACTIVITY",2,0.0033003300330033
"10851 VC AUTO THEFT LOCATE -> 12021(A)(1)PC FELON POSS FRARM",2,0.0033003300330033
"10851 VC AUTO THEFT LOCATE -> 14601.1(A) VC LIC SUSP OTHER",2,0.0033003300330033
"10851 VC AUTO THEFT LOCATE -> 22435.2(A) BP POSS SHOP CART",2,0.0033003300330033
"10851 VC AUTO THEFT LOCATE -> 245(A)(2) AWDW/FIREARM/CIVILIA",2,0.0033003300330033
"10851 VC AUTO THEFT LOCATE -> 273.6(A) PC VIO DV COURT ORDER",2,0.0033003300330033
"10851 VC AUTO THEFT LOCATE -> 290(A)(1)(D) FAIL TO REG-5 DAY",2,0.0033003300330033
"10851 VC AUTO THEFT LOCATE -> 3056 PAROLE VIO - I RPT",2,0.0033003300330033
"10851 VC AUTO THEFT LOCATE -> 308(B) PC MINOR POSS TOBACCO",2,0.0033003300330033
"10851 VC AUTO THEFT LOCATE -> 4140 BP  POSS OF HYPO NEEDLE",2,0.0033003300330033
"10851 VC AUTO THEFT LOCATE -> 466 PC   POSS OF BURG TOOLS",2,0.0033003300330033
"10851 VC AUTO THEFT LOCATE -> 476 PC PASS FICTICIOUS CHECK",2,0.0033003300330033
"10851 VC AUTO THEFT LOCATE -> 529 PC FALSE PERSONATION",2,0.0033003300330033
"10851 VC AUTO THEFT LOCATE -> 594(B)(2)(A)VANDALISM GRAF-400",2,0.0033003300330033
"10851 VC AUTO THEFT LOCATE -> 849(B)(1) CERTIFICATE OF RELEA",2,0.0033003300330033
"10851 VC AUTO THEFT LOCATE -> FRAUD OR BUNCO - I RPT",2,0.0033003300330033
"10851 VC AUTO THEFT LOCATE -> HOMICIDE ASSAULT - I RPT",2,0.0033003300330033
"10851 VC AUTO THEFT LOCATE -> IMPOUNDED VEHICLE",2,0.0033003300330033
"10851 VC AUTO THEFT LOCATE -> ROBBERY - I RPT",2,0.0033003300330033
"10851 VC AUTO THEFT LOCATE -> SAFEKEEPING - I RPT",2,0.0033003300330033
"10851 VC AUTO THEFT LOCATE -> SUSPICIOUS VEHICLE - I RPT",2,0.0033003300330033
"10851 VC AUTO THEFT LOCATE -> TRAFFIC - I RPT",2,0.0033003300330033
"10851(A)VC TAKE VEH W/O OWNER -> 11350(B)HS POSSESS QUAALUDES",2,0.0033003300330033
"10851(A)VC TAKE VEH W/O OWNER -> 11378 HS POSS/SALE AMPHETAMINE",2,0.0033003300330033
"10851(A)VC TAKE VEH W/O OWNER -> 11532(A)HS LOITER DRG ACTIVITY",2,0.0033003300330033
"10851(A)VC TAKE VEH W/O OWNER -> 12025(A)2)CONCL GUN ON PER/MSD",2,0.0033003300330033
"10851(A)VC TAKE VEH W/O OWNER -> 14601.1(A) VC LIC SUSP OTHER",2,0.0033003300330033
"10851(A)VC TAKE VEH W/O OWNER -> 148(A)(1)PC RESIST PEACE OFFCR",2,0.0033003300330033
"10851(A)VC TAKE VEH W/O OWNER -> 197 JUSTIFIABLE HOMI-CIVILIAN",2,0.0033003300330033
"10851(A)VC TAKE VEH W/O OWNER -> 243.3 BATT TRANS PERS/PASS/INJ",2,0.0033003300330033
"10851(A)VC TAKE VEH W/O OWNER -> 246.3 PC NEGL DISCH FIREARM",2,0.0033003300330033
"10851(A)VC TAKE VEH W/O OWNER -> 290(F)1 W/I 5 DAYS ADD CHANGE",2,0.0033003300330033
"10851(A)VC TAKE VEH W/O OWNER -> 3056 PC PAROLE VIOLATION",2,0.0033003300330033
"10851(A)VC TAKE VEH W/O OWNER -> 308(B) PC MINOR POSS TOBACCO",2,0.0033003300330033
"10851(A)VC TAKE VEH W/O OWNER -> 368(D) THEFT-ELDER >400",2,0.0033003300330033
"10851(A)VC TAKE VEH W/O OWNER -> 415(1) PC DISTURB PEACE/FIGHT",2,0.0033003300330033
"10851(A)VC TAKE VEH W/O OWNER -> 417(A)1) PC BRANDISH NON-GUN",2,0.0033003300330033
"10851(A)VC TAKE VEH W/O OWNER -> 475(A)PC POSS FORGED CHK/NOTE",2,0.0033003300330033
"10851(A)VC TAKE VEH W/O OWNER -> 484 PETTY THEFT-PURSE SNATCH",2,0.0033003300330033
"10851(A)VC TAKE VEH W/O OWNER -> 484G(A)PC USE FORGED CARD",2,0.0033003300330033
"10851(A)VC TAKE VEH W/O OWNER -> 487(A) PC GRAND THEFT-SHOPLIFT",2,0.0033003300330033
"10851(A)VC TAKE VEH W/O OWNER -> 530 PC FALSE PERS. REC PROP",2,0.0033003300330033
"10851(A)VC TAKE VEH W/O OWNER -> 532 PC FRAUD OBTAIN MONEY ETC",2,0.0033003300330033
"10851(A)VC TAKE VEH W/O OWNER -> 594(B)(1)VANDALISM GRAF +$400",2,0.0033003300330033
"10851(A)VC TAKE VEH W/O OWNER -> 594(B)(2)(A)VANDALISM GRAF-400",2,0.0033003300330033
"10851(A)VC TAKE VEH W/O OWNER -> 849(B)(1) CERTIFICATE OF RELEA",2,0.0033003300330033
"10851(A)VC TAKE VEH W/O OWNER -> 9.04.070 URINATE/DEFECATE PUB",2,0.0033003300330033
"10851(A)VC TAKE VEH W/O OWNER -> 9.40.020(A) JUVENILE CURFEW",2,0.0033003300330033
"10851(A)VC TAKE VEH W/O OWNER -> 99170 PUBLIC UTILITIES CODE",2,0.0033003300330033
"10851(A)VC TAKE VEH W/O OWNER -> ACCIDENTAL FIRES/ARSON -I RPT",2,0.0033003300330033
"10851(A)VC TAKE VEH W/O OWNER -> BUSINESS PERMITS - I RPT",2,0.0033003300330033
"10851(A)VC TAKE VEH W/O OWNER -> CAR CLOUT -  I RPT",2,0.0033003300330033
"10851(A)VC TAKE VEH W/O OWNER -> CHILD WELFARE - I RPT",2,0.0033003300330033
"10851(A)VC TAKE VEH W/O OWNER -> ELDER ABUSE/PHYS/MENTAL-I RPT",2,0.0033003300330033
"10851(A)VC TAKE VEH W/O OWNER -> GRAFFITI PROBLEMS- I RPT",2,0.0033003300330033
"10851(A)VC TAKE VEH W/O OWNER -> GRAND THEFT - I RPT",2,0.0033003300330033
"10851(A)VC TAKE VEH W/O OWNER -> IMPOUNDED VEHICLE",2,0.0033003300330033
"10851(A)VC TAKE VEH W/O OWNER -> INTOX REPORT/ADMIN PER - I RPT",2,0.0033003300330033
"10851(A)VC TAKE VEH W/O OWNER -> JUVENILE OFFENDER-PROBATION",2,0.0033003300330033
"10851(A)VC TAKE VEH W/O OWNER -> MISSING PERSON LOCATE O/S ASSI",2,0.0033003300330033
"10851(A)VC TAKE VEH W/O OWNER -> SAFEKEEPING - I RPT",2,0.0033003300330033
"10851(A)VC TAKE VEH W/O OWNER -> SUSPICIOUS VEHICLE - I RPT",2,0.0033003300330033
"10851(A)VC TAKE VEH W/O OWNER -> VICE/GAMBLING ACT - I RPT",2,0.0033003300330033
"10852 VC VEHICLE TAMPERING -> 666 PC PETTY THEFT W/PRI CONV",2,0.0033003300330033
"11350(A)HS POSS CNTRL SUBST -> 11357(B)HS POSS -28.5GR MARIJ",2,0.0033003300330033
"11350(A)HS POSS CNTRL SUBST -> 11364 HS POSS DRUG PARAPH",2,0.0033003300330033
"11350(A)HS POSS CNTRL SUBST -> 23152(A) VC DUI-ALCOHOL/DRUGS",2,0.0033003300330033
"11350(A)HS POSS CNTRL SUBST -> 246 PC SHOOT OCCUP DWELL/VEH",2,0.0033003300330033
"11350(A)HS POSS CNTRL SUBST -> 466 PC   POSS OF BURG TOOLS",2,0.0033003300330033
"11350(A)HS POSS CNTRL SUBST -> 484 PC  PETTY THEFT/ OUTSIDE",2,0.0033003300330033
"11350(A)HS POSS CNTRL SUBST -> 487(A) PC GRAND THEFT",2,0.0033003300330033
"11350(A)HS POSS CNTRL SUBST -> RECOVERED PROPERTY - I RPT",2,0.0033003300330033
"11350(A)HS POSS CNTRL SUBST -> SUSP PERS-NO CRIME - I RPT",2,0.0033003300330033
"11350(A)HS POSS CNTRL SUBST -> THREATS - I RPT",2,0.0033003300330033
"11350(B)HS POSSESS QUAALUDES -> 243(E)1 BATTERY NONCOHAB SPOUS",2,0.0033003300330033
"11350(B)HS POSSESS QUAALUDES -> 459 PC  BURGLARY RESIDENCE",2,0.0033003300330033
"11350(B)HS POSSESS QUAALUDES -> TOWED/STORED VEHICLE",2,0.0033003300330033
"11351.5 HS POSS SALE RCK COCAI -> 10851(A)VC TAKE VEH W/O OWNER",2,0.0033003300330033
"11351.5 HS POSS SALE RCK COCAI -> 459 PC  BURGLARY VEHICLE",2,0.0033003300330033
"11351.5 HS POSS SALE RCK COCAI -> MISSING PERSON",2,0.0033003300330033
"11352(A)HS SALE/TRANS CNTL SUB -> 10851 VC AUTO THEFT LOCATE",2,0.0033003300330033
"11352(A)HS SALE/TRANS CNTL SUB -> 459 PC  BURGLARY BUSINESS",2,0.0033003300330033
"11352(A)HS SALE/TRANS CNTL SUB -> 459 PC  BURGLARY RESIDENCE",2,0.0033003300330033
"11352(A)HS SALE/TRANS CNTL SUB -> 594(B)(1)PC  VANDALISM +$400",2,0.0033003300330033
"11352(A)HS SALE/TRANS CNTL SUB -> 666 PC PETTY THEFT W/PRI CONV",2,0.0033003300330033
"11352(A)HS SALE/TRANS CNTL SUB -> MISCELLANEOUS I RPT (ZMISC)",2,0.0033003300330033
"11352(A)HS SALE/TRANS CNTL SUB -> NEIGHBORHOOD DISTURBANCE-I RPT",2,0.0033003300330033
"11352(A)HS SALE/TRANS CNTL SUB -> TRAFFIC-ACCIDENT INJURY",2,0.0033003300330033
"11357(B)HS POSS -28.5GR MARIJ -> 11350(A)HS POSS CNTRL SUBST",2,0.0033003300330033
"11357(B)HS POSS -28.5GR MARIJ -> 11377(A)HS POSS AMPHETAMINES",2,0.0033003300330033
"11357(B)HS POSS -28.5GR MARIJ -> 20002(A) HIT/RUN",2,0.0033003300330033
"11357(B)HS POSS -28.5GR MARIJ -> 211 PC  ROBBERY UNSPECIFIED",2,0.0033003300330033
"11357(B)HS POSS -28.5GR MARIJ -> 211 PC ROBBERY- BUSINESS",2,0.0033003300330033
"11357(B)HS POSS -28.5GR MARIJ -> 23152(A) VC DUI-ALCOHOL/DRUGS",2,0.0033003300330033
"11357(B)HS POSS -28.5GR MARIJ -> 4140 BP  POSS OF HYPO NEEDLE",2,0.0033003300330033
"11357(B)HS POSS -28.5GR MARIJ -> 484 PC  PETTY THEFT/ OUTSIDE",2,0.0033003300330033
"11357(B)HS POSS -28.5GR MARIJ -> 5150 WI DANGER SELF/OTHERS",2,0.0033003300330033
"11357(B)HS POSS -28.5GR MARIJ -> 530.5 PC USE PERSONAL ID INFO",2,0.0033003300330033
"11357(B)HS POSS -28.5GR MARIJ -> 594(B)(1)PC  VANDALISM +$400",2,0.0033003300330033
"11357(B)HS POSS -28.5GR MARIJ -> FOUND PROPERTY - I RPT",2,0.0033003300330033
"11357(B)HS POSS -28.5GR MARIJ -> MISCELLANEOUS I RPT (ZMISC)",2,0.0033003300330033
"11357(B)HS POSS -28.5GR MARIJ -> NARCOTICS SUSP/EVID/ACT- I RPT",2,0.0033003300330033
"11359 HS POSS FOR SALE MARIJ -> 459 PC  BURGLARY RESIDENCE",2,0.0033003300330033
"11359 HS POSS FOR SALE MARIJ -> 594(B)(2)(A) VANDALISM/ -$400",2,0.0033003300330033
"11359 HS POSS FOR SALE MARIJ -> MISSING PERSON",2,0.0033003300330033
"11359 HS POSS FOR SALE MARIJ -> TOWED/STORED VEH-14602.6",2,0.0033003300330033
"11364 HS POSS DRUG PARAPH -> 148(A)(1)PC RESIST PEACE OFFCR",2,0.0033003300330033
"11364 HS POSS DRUG PARAPH -> 211 PC ROBBERY- BUSINESS",2,0.0033003300330033
"11364 HS POSS DRUG PARAPH -> 212.5(A)ROBBERY-INHAB DWELLING",2,0.0033003300330033
"11364 HS POSS DRUG PARAPH -> 243(D) PC BATT/CIVILIAN W/INJ",2,0.0033003300330033
"11364 HS POSS DRUG PARAPH -> 459 PC  BURGLARY-UNSPECIFIED",2,0.0033003300330033
"11364 HS POSS DRUG PARAPH -> 484 PC  PETTY THEFT/ OUTSIDE",2,0.0033003300330033
"11364 HS POSS DRUG PARAPH -> 484J PC PUBLISH CARD INFO",2,0.0033003300330033
"11364 HS POSS DRUG PARAPH -> 487(A) GRAND THEFT-INSIDE",2,0.0033003300330033
"11364 HS POSS DRUG PARAPH -> 487(D)GRAND THEFT FIREARM/ANIM",2,0.0033003300330033
"11364 HS POSS DRUG PARAPH -> 594(B)(1)VANDALISM GRAF +$400",2,0.0033003300330033
"11364 HS POSS DRUG PARAPH -> 647(F) PC DIP - DISORDERLY",2,0.0033003300330033
"11364 HS POSS DRUG PARAPH -> FOUND PROPERTY - I RPT",2,0.0033003300330033
"11364 HS POSS DRUG PARAPH -> GANG ACTIVITY - I RPT",2,0.0033003300330033
"11364 HS POSS DRUG PARAPH -> HARASSMENT - I RPT",2,0.0033003300330033
"11364 HS POSS DRUG PARAPH -> IMPOUNDED VEHICLE",2,0.0033003300330033
"11364 HS POSS DRUG PARAPH -> MISCELLANEOUS I RPT (ZMISC)",2,0.0033003300330033
"11364 HS POSS DRUG PARAPH -> NON INJ HR/MAIL OUT REPORT",2,0.0033003300330033
"11364 HS POSS DRUG PARAPH -> ROBBERY - I RPT",2,0.0033003300330033
"11364 HS POSS DRUG PARAPH -> SUSP PERS-NO CRIME - I RPT",2,0.0033003300330033
"11364 HS POSS DRUG PARAPH -> TRAFFIC - I RPT",2,0.0033003300330033
"11377(A)HS POSS AMPHETAMINES -> 243(D) PC BATT/CIVILIAN W/INJ",2,0.0033003300330033
"11377(A)HS POSS AMPHETAMINES -> 484 PC  PETTY THEFT/ OUTSIDE",2,0.0033003300330033
"11377(A)HS POSS AMPHETAMINES -> 484 PETTY THEFT/LICENSE PLATE",2,0.0033003300330033
"11377(A)HS POSS AMPHETAMINES -> 666 PC PETTY THEFT W/PRI CONV",2,0.0033003300330033
"11377(A)HS POSS AMPHETAMINES -> BATTERY - I RPT",2,0.0033003300330033
"11377(A)HS POSS AMPHETAMINES -> FOUND PROPERTY - I RPT",2,0.0033003300330033
"11377(A)HS POSS AMPHETAMINES -> MISCELLANEOUS I RPT (ZMISC)",2,0.0033003300330033
"11377(A)HS POSS AMPHETAMINES -> NARCOTICS SUSP/EVID/ACT- I RPT",2,0.0033003300330033
"11377(A)HS POSS AMPHETAMINES -> TRAFFIC-ACCIDENT INJURY",2,0.0033003300330033
"11378 HS POSS/SALE AMPHETAMINE -> 10851 VC AUTO THEFT LOCATE",2,0.0033003300330033
"11378 HS POSS/SALE AMPHETAMINE -> 243(E)1 BATTERY NONCOHAB SPOUS",2,0.0033003300330033
"11378 HS POSS/SALE AMPHETAMINE -> 484 PC PETTY THEFT",2,0.0033003300330033
"11378 HS POSS/SALE AMPHETAMINE -> 594(B)(2)(A) VANDALISM/ -$400",2,0.0033003300330033
"11378 HS POSS/SALE AMPHETAMINE -> TOWED/STORED VEH-14602.6",2,0.0033003300330033
"11378 HS POSS/SALE AMPHETAMINE -> TRAFFIC-ACCIDENT-NON INJURY",2,0.0033003300330033
"12.52.030 SCC UNLAWFUL CAMPING -> TOWED/STORED VEHICLE",2,0.0033003300330033
"12020(A)(4) PC DIRK/DAGGER -> 459 PC  BURGLARY VEHICLE",2,0.0033003300330033
"12020(A)(4) PC DIRK/DAGGER -> 594(B)(2)(A) VANDALISM/ -$400",2,0.0033003300330033
"12020(A)1) PROHIBITED FIREARM -> 459 PC  BURGLARY BUSINESS",2,0.0033003300330033
"12020(A)1) PROHIBITED FIREARM -> 484 PC PETTY THEFT",2,0.0033003300330033
"12020(A)1) PROHIBITED FIREARM -> 487(A) PC GRAND THEFT",2,0.0033003300330033
"12021(A)(1)PC FELON POSS FRARM -> 484 PETTY THEFT-SHOPLIFT",2,0.0033003300330033
"12022.1 PC COMMIT FEL ON BAIL -> 484 PETTY THEFT-SHOPLIFT",2,0.0033003300330033
"1203.2 PC VIOLATION OF PROBATI -> 211 PC  ROBBERY UNSPECIFIED",2,0.0033003300330033
"1203.2 PC VIOLATION OF PROBATI -> 242 PC  BATTERY CIVILIAN",2,0.0033003300330033
"1203.2 PC VIOLATION OF PROBATI -> 243(E)1 BATTERY NONCOHAB SPOUS",2,0.0033003300330033
"1203.2 PC VIOLATION OF PROBATI -> 245(A)(1)AWDW/NO FIREARM/CIVIL",2,0.0033003300330033
"1203.2 PC VIOLATION OF PROBATI -> 666 PC PETTY THEFT W/PRI CONV",2,0.0033003300330033
"1203.2 PC VIOLATION OF PROBATI -> HARASSMENT - I RPT",2,0.0033003300330033
"1203.2 PC VIOLATION OF PROBATI -> MISSING PERSON I RPT",2,0.0033003300330033
"1203.2 PC VIOLATION OF PROBATI -> TRAFFIC-ACCIDENT INJURY",2,0.0033003300330033
"12500(A) VC UNLIC DRIVER -> TRAFFIC-ACCIDENT INJURY",2,0.0033003300330033
"14601.1(A) VC LIC SUSP OTHER -> 10851(A)VC TAKE VEH W/O OWNER",2,0.0033003300330033
"14601.1(A) VC LIC SUSP OTHER -> 459 PC  BURGLARY VEHICLE",2,0.0033003300330033
"148(A)(1)PC RESIST PEACE OFFCR -> 10851(A)VC TAKE VEH W/O OWNER",2,0.0033003300330033
"148(A)(1)PC RESIST PEACE OFFCR -> 242 PC  BATTERY CIVILIAN",2,0.0033003300330033
"148(A)(1)PC RESIST PEACE OFFCR -> 487(A) PC GRAND THEFT",2,0.0033003300330033
"148(A)(1)PC RESIST PEACE OFFCR -> 594(B)(2)(A) VANDALISM/ -$400",2,0.0033003300330033
"148(A)(1)PC RESIST PEACE OFFCR -> 594(B)(2)(A)VANDALISM GRAF-400",2,0.0033003300330033
"148(A)(1)PC RESIST PEACE OFFCR -> LOST PROPERTY - I RPT",2,0.0033003300330033
"148(A)(1)PC RESIST PEACE OFFCR -> MISSING PERSON",2,0.0033003300330033
"148.9 PC FALSE ID TO OFFICER -> 594(B)(2)(A) VANDALISM/ -$400",2,0.0033003300330033
"148.9 PC FALSE ID TO OFFICER -> MISCELLANEOUS I RPT (ZMISC)",2,0.0033003300330033
"148.9 PC FALSE ID TO OFFICER -> NON INJ HR/MAIL OUT REPORT",2,0.0033003300330033
"1551(A) FUGITIVE FROM JUSTICE -> 10851(A)VC TAKE VEH W/O OWNER",2,0.0033003300330033
"166(A)(4) WILFUL DISOBEY CT OR -> 10851 VC AUTO THEFT LOCATE",2,0.0033003300330033
"166(A)(4) WILFUL DISOBEY CT OR -> 20002(A) HIT/RUN",2,0.0033003300330033
"166(A)(4) WILFUL DISOBEY CT OR -> 459 PC  BURGLARY VEHICLE",2,0.0033003300330033
"166(A)(4) WILFUL DISOBEY CT OR -> 484 PC  PETTY THEFT/ OUTSIDE",2,0.0033003300330033
"166(A)(4) WILFUL DISOBEY CT OR -> 5150 WI DANGER SELF/OTHERS",2,0.0033003300330033
"166(A)(4) WILFUL DISOBEY CT OR -> MISSING PERSON",2,0.0033003300330033
"166(A)(4) WILFUL DISOBEY CT OR -> TOWED/STORED VEH-14602.6",2,0.0033003300330033
"166(A)(4) WILFUL DISOBEY CT OR -> TRAFFIC-ACCIDENT INJURY",2,0.0033003300330033
"1705 US DESTRUCT OF MAIL RECEP -> 12.52.030 SCC UNLAWFUL CAMPING",2,0.0033003300330033
"1705 US DESTRUCT OF MAIL RECEP -> 594(B)(2)(A) VANDALISM/ -$400",2,0.0033003300330033
"1708 US   THEFT OF MAIL -> 11364 HS POSS DRUG PARAPH",2,0.0033003300330033
"1708 US   THEFT OF MAIL -> 11377(A)HS POSS AMPHETAMINES",2,0.0033003300330033
"1708 US   THEFT OF MAIL -> 211 PC  ROBBERY UNSPECIFIED",2,0.0033003300330033
"1708 US   THEFT OF MAIL -> 23152(A) VC DUI-ALCOHOL/DRUGS",2,0.0033003300330033
"1708 US   THEFT OF MAIL -> 242 PC  BATTERY CIVILIAN",2,0.0033003300330033
"1708 US   THEFT OF MAIL -> 459 PC  BURGLARY VEHICLE",2,0.0033003300330033
"1708 US   THEFT OF MAIL -> 484 PETTY THEFT/LICENSE PLATE",2,0.0033003300330033
"1708 US   THEFT OF MAIL -> 484G(B) PC ACCESS CARD FRAUD",2,0.0033003300330033
"1708 US   THEFT OF MAIL -> FOUND PROPERTY - I RPT",2,0.0033003300330033
"1708 US   THEFT OF MAIL -> GANG ACTIVITY - I RPT",2,0.0033003300330033
"1708 US   THEFT OF MAIL -> MISCELLANEOUS I RPT (ZMISC)",2,0.0033003300330033
"1708 US   THEFT OF MAIL -> THREATS - I RPT",2,0.0033003300330033
"1708 US   THEFT OF MAIL -> TRAFFIC-ACCIDENT-NON INJURY",2,0.0033003300330033
"20001(A) VC HIT/RUN INJ/DEATH -> 11364 HS POSS DRUG PARAPH",2,0.0033003300330033
"20001(A) VC HIT/RUN INJ/DEATH -> 242 PC  BATTERY CIVILIAN",2,0.0033003300330033
"20001(A) VC HIT/RUN INJ/DEATH -> 459 PC  BURGLARY BUSINESS",2,0.0033003300330033
"20001(A) VC HIT/RUN INJ/DEATH -> 594(B)(2)(A)VANDALISM GRAF-400",2,0.0033003300330033
"20001(A) VC HIT/RUN INJ/DEATH -> FOUND PROPERTY - I RPT",2,0.0033003300330033
"20001(A) VC HIT/RUN INJ/DEATH -> THREATS - I RPT",2,0.0033003300330033
"20001(A) VC HIT/RUN INJ/DEATH -> TRAFFIC-ACCIDENT INJURY",2,0.0033003300330033
"20002(A) HIT/RUN -> 1708 US   THEFT OF MAIL",2,0.0033003300330033
"20002(A) HIT/RUN -> 192(C)(2)VEH MAN W/O GROSS NEG",2,0.0033003300330033
"20002(A) HIT/RUN -> 212.5(A)ROBBERY-INHAB DWELLING",2,0.0033003300330033
"20002(A) HIT/RUN -> 243(E)1 BATTERY NONCOHAB SPOUS",2,0.0033003300330033
"20002(A) HIT/RUN -> 245(A)(1)AWDW/NO FIREARM/CIVIL",2,0.0033003300330033
"20002(A) HIT/RUN -> 484 PC  PETTY THEFT/ OUTSIDE",2,0.0033003300330033
"20002(A) HIT/RUN -> 487(A) PC GRAND THEFT",2,0.0033003300330033
"20002(A) HIT/RUN -> 529 PC FALSE PERSONATION",2,0.0033003300330033
"20002(A) HIT/RUN -> 647(F) PC DIP - DISORDERLY",2,0.0033003300330033
"20002(A) HIT/RUN -> 666 PC PETTY THEFT W/PRI CONV",2,0.0033003300330033
"20002(A) HIT/RUN -> BURGLARY - I RPT",2,0.0033003300330033
"20002(A) HIT/RUN -> FRAUD OR BUNCO - I RPT",2,0.0033003300330033
"20002(A) HIT/RUN -> HARASSMENT - I RPT",2,0.0033003300330033
"20002(A) HIT/RUN -> NEIGHBORHOOD DISTURBANCE-I RPT",2,0.0033003300330033
"20002(A) HIT/RUN -> SUSP PERS-NO CRIME - I RPT",2,0.0033003300330033
"20002(A) HIT/RUN -> THREATS - I RPT",2,0.0033003300330033
"20002(A) HIT/RUN -> TRAFFIC - I RPT",2,0.0033003300330033
"20002(A) HIT/RUN -> VANDALISM - I RPT",2,0.0033003300330033
"20002(A) HIT/RUN -> WARRANT SERVED - I RPT",2,0.0033003300330033
"211 PC  ROBBERY UNSPECIFIED -> 11377(A)HS POSS AMPHETAMINES",2,0.0033003300330033
"211 PC  ROBBERY UNSPECIFIED -> 12021(A)(1)PC FELON POSS FRARM",2,0.0033003300330033
"211 PC  ROBBERY UNSPECIFIED -> 148.9 PC FALSE ID TO OFFICER",2,0.0033003300330033
"211 PC  ROBBERY UNSPECIFIED -> 1708 US   THEFT OF MAIL",2,0.0033003300330033
"211 PC  ROBBERY UNSPECIFIED -> 211 PC ROBBERY- BUSINESS",2,0.0033003300330033
"211 PC  ROBBERY UNSPECIFIED -> 211 PC ROBBERY-PURSE SNATCH",2,0.0033003300330033
"211 PC  ROBBERY UNSPECIFIED -> 243.2(A)(1) BATT/SCHOOL INJURY",2,0.0033003300330033
"211 PC  ROBBERY UNSPECIFIED -> 245(A)(2) AWDW/FIREARM/CIVILIA",2,0.0033003300330033
"211 PC  ROBBERY UNSPECIFIED -> 246 PC SHOOT OCCUP DWELL/VEH",2,0.0033003300330033
"211 PC  ROBBERY UNSPECIFIED -> 3056 PAROLE VIO - I RPT",2,0.0033003300330033
"211 PC  ROBBERY UNSPECIFIED -> 4462.5 VC FALSE TAB/AVOID REG",2,0.0033003300330033
"211 PC  ROBBERY UNSPECIFIED -> 484 PETTY THEFT CLOUT UNLOCKED",2,0.0033003300330033
"211 PC  ROBBERY UNSPECIFIED -> 487(A) GRAND THEFT-INSIDE",2,0.0033003300330033
"211 PC  ROBBERY UNSPECIFIED -> 487(C) PC  GRAND THEFT-PERSON",2,0.0033003300330033
"211 PC  ROBBERY UNSPECIFIED -> 5150 WI DANGER SELF/OTHERS",2,0.0033003300330033
"211 PC  ROBBERY UNSPECIFIED -> 529 PC FALSE PERSONATION",2,0.0033003300330033
"211 PC  ROBBERY UNSPECIFIED -> ABC LICENSE VIO/INFO - I RPT",2,0.0033003300330033
"211 PC  ROBBERY UNSPECIFIED -> BATTERY - I RPT",2,0.0033003300330033
"211 PC  ROBBERY UNSPECIFIED -> HARASSMENT - I RPT",2,0.0033003300330033
"211 PC  ROBBERY UNSPECIFIED -> NARCOTICS SUSP/EVID/ACT- I RPT",2,0.0033003300330033
"211 PC  ROBBERY UNSPECIFIED -> TRAFFIC - I RPT",2,0.0033003300330033
"211 PC  ROBBERY UNSPECIFIED -> VANDALISM - I RPT",2,0.0033003300330033
"211 PC  ROBBERY UNSPECIFIED -> WARRANT SERVED - I RPT",2,0.0033003300330033
"211 PC ROBBERY- BUSINESS -> 11357(B)HS POSS -28.5GR MARIJ",2,0.0033003300330033
"211 PC ROBBERY- BUSINESS -> 11377(A)HS POSS AMPHETAMINES",2,0.0033003300330033
"211 PC ROBBERY- BUSINESS -> 23152(A) VC DUI-ALCOHOL/DRUGS",2,0.0033003300330033
"211 PC ROBBERY- BUSINESS -> 245(A)(1)AWDW/NO FIREARM/CIVIL",2,0.0033003300330033
"211 PC ROBBERY- BUSINESS -> 459 PC  BURGLARY RESIDENCE",2,0.0033003300330033
"211 PC ROBBERY- BUSINESS -> 484 PETTY THEFT-SHOPLIFT",2,0.0033003300330033
"211 PC ROBBERY- BUSINESS -> CASUALTY REPORT",2,0.0033003300330033
"211 PC ROBBERY- BUSINESS -> LOST PROPERTY - I RPT",2,0.0033003300330033
"211 PC ROBBERY- BUSINESS -> MISCELLANEOUS I RPT (ZMISC)",2,0.0033003300330033
"211 PC ROBBERY- BUSINESS -> NON INJ HR/MAIL OUT REPORT",2,0.0033003300330033
"211 PC ROBBERY- BUSINESS -> THREATS - I RPT",2,0.0033003300330033
"211 PC ROBBERY-PURSE SNATCH -> 10851 VC AUTO THEFT LOCATE",2,0.0033003300330033
"211 PC ROBBERY-PURSE SNATCH -> 242 PC  BATTERY CIVILIAN",2,0.0033003300330033
"211 PC ROBBERY-PURSE SNATCH -> 243(E)1 BATTERY NONCOHAB SPOUS",2,0.0033003300330033
"211 PC ROBBERY-PURSE SNATCH -> 459 PC  BURGLARY BUSINESS",2,0.0033003300330033
"211 PC ROBBERY-PURSE SNATCH -> 484 PETTY THEFT-SHOPLIFT",2,0.0033003300330033
"212.5(A)ROBBERY-INHAB DWELLING -> 459 PC  BURGLARY RESIDENCE",2,0.0033003300330033
"212.5(A)ROBBERY-INHAB DWELLING -> CASUALTY REPORT",2,0.0033003300330033
"212.5(A)ROBBERY-INHAB DWELLING -> LOST PROPERTY - I RPT",2,0.0033003300330033
"212.5(A)ROBBERY-INHAB DWELLING -> NON INJ HR/MAIL OUT REPORT",2,0.0033003300330033
"215(A) PC    CARJACKING -> 20002(A) HIT/RUN",2,0.0033003300330033
"215(A) PC    CARJACKING -> 23152(A) VC DUI-ALCOHOL/DRUGS",2,0.0033003300330033
"215(A) PC    CARJACKING -> 23222(B)POSSESS MARIJ IN VEH",2,0.0033003300330033
"215(A) PC    CARJACKING -> 243(E)1 BATTERY NONCOHAB SPOUS",2,0.0033003300330033
"215(A) PC    CARJACKING -> 459 PC  BURGLARY RESIDENCE",2,0.0033003300330033
"215(A) PC    CARJACKING -> 484 PC PETTY THEFT",2,0.0033003300330033
"215(A) PC    CARJACKING -> 530.5 PC USE PERSONAL ID INFO",2,0.0033003300330033
"215(A) PC    CARJACKING -> 594(B)(1)PC  VANDALISM +$400",2,0.0033003300330033
"215(A) PC    CARJACKING -> 594(B)(2)(A) VANDALISM/ -$400",2,0.0033003300330033
"215(A) PC    CARJACKING -> NON INJ HR/MAIL OUT REPORT",2,0.0033003300330033
"215(A) PC    CARJACKING -> TRAFFIC-ACCIDENT-NON INJURY",2,0.0033003300330033
"22435.2(A) BP POSS SHOP CART -> 23152(A) VC DUI-ALCOHOL/DRUGS",2,0.0033003300330033
"22435.2(A) BP POSS SHOP CART -> 484 PC   PETTY THEFT/INSIDE",2,0.0033003300330033
"22435.2(A) BP POSS SHOP CART -> TOWED/STORED VEH-14602.6",2,0.0033003300330033
"22435.2(A) BP POSS SHOP CART -> TRAFFIC-ACCIDENT-NON INJURY",2,0.0033003300330033
"23152(A) VC DUI-ALCOHOL/DRUGS -> 11377(A)HS POSS AMPHETAMINES",2,0.0033003300330033
"23152(A) VC DUI-ALCOHOL/DRUGS -> 20001(A) VC HIT/RUN INJ/DEATH",2,0.0033003300330033
"23152(A) VC DUI-ALCOHOL/DRUGS -> 20002(A) HIT/RUN",2,0.0033003300330033
"23152(A) VC DUI-ALCOHOL/DRUGS -> 211 PC ROBBERY- BUSINESS",2,0.0033003300330033
"23152(A) VC DUI-ALCOHOL/DRUGS -> 211 PC ROBBERY-PURSE SNATCH",2,0.0033003300330033
"23152(A) VC DUI-ALCOHOL/DRUGS -> 23222(B)POSSESS MARIJ IN VEH",2,0.0033003300330033
"23152(A) VC DUI-ALCOHOL/DRUGS -> 245(A)(1)AWDW/NO FIREARM/CIVIL",2,0.0033003300330033
"23152(A) VC DUI-ALCOHOL/DRUGS -> 417(A)1) PC BRANDISH NON-GUN",2,0.0033003300330033
"23152(A) VC DUI-ALCOHOL/DRUGS -> 4463(A)(1) VC ALTER REG",2,0.0033003300330033
"23152(A) VC DUI-ALCOHOL/DRUGS -> 484 PC PETTY THEFT",2,0.0033003300330033
"23152(A) VC DUI-ALCOHOL/DRUGS -> 484 PETTY THEFT-SHOPLIFT",2,0.0033003300330033
"23152(A) VC DUI-ALCOHOL/DRUGS -> 484J PC PUBLISH CARD INFO",2,0.0033003300330033
"23152(A) VC DUI-ALCOHOL/DRUGS -> 5150 WI DANGER SELF/OTHERS",2,0.0033003300330033
"23152(A) VC DUI-ALCOHOL/DRUGS -> 647(F) PC DIP - DISORDERLY",2,0.0033003300330033
"23152(A) VC DUI-ALCOHOL/DRUGS -> CHILD WELFARE - I RPT",2,0.0033003300330033
"23152(A) VC DUI-ALCOHOL/DRUGS -> FOUND PROPERTY - I RPT",2,0.0033003300330033
"23152(A) VC DUI-ALCOHOL/DRUGS -> MISCELLANEOUS I RPT (ZMISC)",2,0.0033003300330033
"23152(A) VC DUI-ALCOHOL/DRUGS -> NEIGHBORHOOD DISTURBANCE-I RPT",2,0.0033003300330033
"23152(A) VC DUI-ALCOHOL/DRUGS -> NON INJ HR/MAIL OUT REPORT",2,0.0033003300330033
"23152(A) VC DUI-ALCOHOL/DRUGS -> SUSPICIOUS VEHICLE - I RPT",2,0.0033003300330033
"23152(A) VC DUI-ALCOHOL/DRUGS -> TRAFFIC - I RPT",2,0.0033003300330033
"23152(B) VC DUI BA .08 OR MORE -> TRAFFIC-ACCIDENT INJURY",2,0.0033003300330033
"23153(A) VC DUI CAUSE INJURY -> 10851(A)VC TAKE VEH W/O OWNER",2,0.0033003300330033
"23153(A) VC DUI CAUSE INJURY -> 211 PC  ROBBERY UNSPECIFIED",2,0.0033003300330033
"23153(A) VC DUI CAUSE INJURY -> 459 PC  BURGLARY BUSINESS",2,0.0033003300330033
"23153(A) VC DUI CAUSE INJURY -> 459 PC  BURGLARY VEHICLE",2,0.0033003300330033
"23153(A) VC DUI CAUSE INJURY -> 484 PC   PETTY THEFT/INSIDE",2,0.0033003300330033
"23153(A) VC DUI CAUSE INJURY -> 484 PC PETTY THEFT",2,0.0033003300330033
"23153(A) VC DUI CAUSE INJURY -> 594(B)(1)PC  VANDALISM +$400",2,0.0033003300330033
"23153(A) VC DUI CAUSE INJURY -> 594(B)(2)(A) VANDALISM/ -$400",2,0.0033003300330033
"23153(A) VC DUI CAUSE INJURY -> MISSING PERSON",2,0.0033003300330033
"23153(A) VC DUI CAUSE INJURY -> NARCOTICS SUSP/EVID/ACT- I RPT",2,0.0033003300330033
"23153(A) VC DUI CAUSE INJURY -> TRAFFIC-ACCIDENT INJURY",2,0.0033003300330033
"23222(B)POSSESS MARIJ IN VEH -> 245(A)(1)AWDW/NO FIREARM/CIVIL",2,0.0033003300330033
"23222(B)POSSESS MARIJ IN VEH -> MISSING PERSON",2,0.0033003300330033
"240 PC ASSAULT/SIMPLE-CIVILIAN -> 10851(A)VC TAKE VEH W/O OWNER",2,0.0033003300330033
"240 PC ASSAULT/SIMPLE-CIVILIAN -> 242 PC  BATTERY CIVILIAN",2,0.0033003300330033
"240 PC ASSAULT/SIMPLE-CIVILIAN -> MISSING PERSON",2,0.0033003300330033
"242 PC  BATTERY CIVILIAN -> 11364 HS POSS DRUG PARAPH",2,0.0033003300330033
"242 PC  BATTERY CIVILIAN -> 211 PC ROBBERY- BUSINESS",2,0.0033003300330033
"242 PC  BATTERY CIVILIAN -> 23153(A) VC DUI CAUSE INJURY",2,0.0033003300330033
"242 PC  BATTERY CIVILIAN -> 3056 PAROLE VIO - I RPT",2,0.0033003300330033
"242 PC  BATTERY CIVILIAN -> 4140 BP  POSS OF HYPO NEEDLE",2,0.0033003300330033
"242 PC  BATTERY CIVILIAN -> 484 PC  PETTY THEFT/ OUTSIDE",2,0.0033003300330033
"242 PC  BATTERY CIVILIAN -> 484 PETTY THEFT/LICENSE PLATE",2,0.0033003300330033
"242 PC  BATTERY CIVILIAN -> 5150 WI DANGER SELF/OTHERS",2,0.0033003300330033
"242 PC  BATTERY CIVILIAN -> 530.5 PC USE PERSONAL ID INFO",2,0.0033003300330033
"242 PC  BATTERY CIVILIAN -> 647(F) PC DIP - DISORDERLY",2,0.0033003300330033
"242 PC  BATTERY CIVILIAN -> BATTERY - I RPT",2,0.0033003300330033
"242 PC  BATTERY CIVILIAN -> BOMBS/THREATS/EXPLOSIV- I RPT",2,0.0033003300330033
"242 PC  BATTERY CIVILIAN -> FRAUD OR BUNCO - I RPT",2,0.0033003300330033
"242 PC  BATTERY CIVILIAN -> HARASSMENT - I RPT",2,0.0033003300330033
"242 PC  BATTERY CIVILIAN -> LOST PROPERTY - I RPT",2,0.0033003300330033
"242 PC  BATTERY CIVILIAN -> PETTY THEFT - I RPT",2,0.0033003300330033
"242 PC  BATTERY CIVILIAN -> POSS STOLEN VEHICLE- I RPT",2,0.0033003300330033
"242 PC  BATTERY CIVILIAN -> SAFEKEEPING - I RPT",2,0.0033003300330033
"243(D) PC BATT/CIVILIAN W/INJ -> 10851 VC AUTO THEFT LOCATE",2,0.0033003300330033
"243(D) PC BATT/CIVILIAN W/INJ -> 20002(A) HIT/RUN",2,0.0033003300330033
"243(D) PC BATT/CIVILIAN W/INJ -> 211 PC  ROBBERY UNSPECIFIED",2,0.0033003300330033
"243(D) PC BATT/CIVILIAN W/INJ -> 211 PC ROBBERY- BUSINESS",2,0.0033003300330033
"243(D) PC BATT/CIVILIAN W/INJ -> 23152(A) VC DUI-ALCOHOL/DRUGS",2,0.0033003300330033
"243(D) PC BATT/CIVILIAN W/INJ -> 243(D) PC BATT/CIVILIAN W/INJ",2,0.0033003300330033
"243(D) PC BATT/CIVILIAN W/INJ -> 245(A)(1)AWDW/NO FIREARM/CIVIL",2,0.0033003300330033
"243(D) PC BATT/CIVILIAN W/INJ -> 246 PC SHOOT OCCUP DWELL/VEH",2,0.0033003300330033
"243(D) PC BATT/CIVILIAN W/INJ -> 484 PC  PETTY THEFT/ OUTSIDE",2,0.0033003300330033
"243(D) PC BATT/CIVILIAN W/INJ -> 484 PC PETTY THEFT",2,0.0033003300330033
"243(D) PC BATT/CIVILIAN W/INJ -> 484 PETTY THEFT-SHOPLIFT",2,0.0033003300330033
"243(D) PC BATT/CIVILIAN W/INJ -> SUSP PERS-NO CRIME - I RPT",2,0.0033003300330033
"243(E)1 BATTERY NONCOHAB SPOUS -> 11550(A)HS UNDER INFL NARCOTIC",2,0.0033003300330033
"243(E)1 BATTERY NONCOHAB SPOUS -> 211 PC ROBBERY-PURSE SNATCH",2,0.0033003300330033
"243(E)1 BATTERY NONCOHAB SPOUS -> 242 PC  BATTERY CIVILIAN",2,0.0033003300330033
"243(E)1 BATTERY NONCOHAB SPOUS -> 245(A)(1)AWDW/NO FIREARM/CIVIL",2,0.0033003300330033
"243(E)1 BATTERY NONCOHAB SPOUS -> 245(A)(2) AWDW/FIREARM/CIVILIA",2,0.0033003300330033
"243(E)1 BATTERY NONCOHAB SPOUS -> 466 PC   POSS OF BURG TOOLS",2,0.0033003300330033
"243(E)1 BATTERY NONCOHAB SPOUS -> 475(C) PASS FORGED NOTE",2,0.0033003300330033
"243(E)1 BATTERY NONCOHAB SPOUS -> 484G(B) PC ACCESS CARD FRAUD",2,0.0033003300330033
"243(E)1 BATTERY NONCOHAB SPOUS -> 647(F) PC DIP - DISORDERLY",2,0.0033003300330033
"243(E)1 BATTERY NONCOHAB SPOUS -> 666 PC PETTY THEFT W/PRI CONV",2,0.0033003300330033
"243(E)1 BATTERY NONCOHAB SPOUS -> ASSAULT WITH WEAPON - I RPT",2,0.0033003300330033
"243(E)1 BATTERY NONCOHAB SPOUS -> BATTERY - I RPT",2,0.0033003300330033
"243(E)1 BATTERY NONCOHAB SPOUS -> JUVENILE DISURBANCE - I RPT",2,0.0033003300330033
"243(E)1 BATTERY NONCOHAB SPOUS -> MISCELLANEOUS I RPT (ZMISC)",2,0.0033003300330033
"243(E)1 BATTERY NONCOHAB SPOUS -> THREATS - I RPT",2,0.0033003300330033
"243(E)1 BATTERY NONCOHAB SPOUS -> TRAFFIC - I RPT",2,0.0033003300330033
"243.2(A)(1) BATT/SCHOOL INJURY -> 10851(A)VC TAKE VEH W/O OWNER",2,0.0033003300330033
"243.2(A)(1) BATT/SCHOOL INJURY -> 211 PC  ROBBERY UNSPECIFIED",2,0.0033003300330033
"243.2(A)(1) BATT/SCHOOL INJURY -> 459 PC  BURGLARY VEHICLE",2,0.0033003300330033
"243.2(A)(1) BATT/SCHOOL INJURY -> 666 PC PETTY THEFT W/PRI CONV",2,0.0033003300330033
"243.2(A)(1) BATT/SCHOOL INJURY -> MISSING PERSON",2,0.0033003300330033
"243.2(A)(1) BATT/SCHOOL INJURY -> TOWED/STORED VEH-14602.6",2,0.0033003300330033
"243.2(A)(1) BATT/SCHOOL INJURY -> TOWED/STORED VEHICLE",2,0.0033003300330033
"243.4(E)(1)TOUCH FOR SEX PLEAS -> 459 PC  BURGLARY VEHICLE",2,0.0033003300330033
"243.6 BATTERY SCHOOL EMPLOYEE -> TOWED/STORED VEH-14602.6",2,0.0033003300330033
"245(A)(1)AWDW/NO FIREARM/CIVIL -> 11532(A)HS LOITER DRG ACTIVITY",2,0.0033003300330033
"245(A)(1)AWDW/NO FIREARM/CIVIL -> 1551(A) FUGITIVE FROM JUSTICE",2,0.0033003300330033
"245(A)(1)AWDW/NO FIREARM/CIVIL -> 243(D) PC BATT/CIVILIAN W/INJ",2,0.0033003300330033
"245(A)(1)AWDW/NO FIREARM/CIVIL -> 243(E)1 BATTERY NONCOHAB SPOUS",2,0.0033003300330033
"245(A)(1)AWDW/NO FIREARM/CIVIL -> 245(A)(1)AWDW/NO FIREARM/CIVIL",2,0.0033003300330033
"245(A)(1)AWDW/NO FIREARM/CIVIL -> 3056 PAROLE VIO - I RPT",2,0.0033003300330033
"245(A)(1)AWDW/NO FIREARM/CIVIL -> 487(A) GRAND THEFT-INSIDE",2,0.0033003300330033
"245(A)(1)AWDW/NO FIREARM/CIVIL -> 487(A) PC GRAND THEFT-SHOPLIFT",2,0.0033003300330033
"245(A)(1)AWDW/NO FIREARM/CIVIL -> 496(A) RECEIVE STOLEN PROPERTY",2,0.0033003300330033
"245(A)(1)AWDW/NO FIREARM/CIVIL -> 594(B)(1)VANDALISM GRAF +$400",2,0.0033003300330033
"245(A)(1)AWDW/NO FIREARM/CIVIL -> CHILD WELFARE - I RPT",2,0.0033003300330033
"245(A)(1)AWDW/NO FIREARM/CIVIL -> THREATS - I RPT",2,0.0033003300330033
"245(A)(2) AWDW/FIREARM/CIVILIA -> 211 PC  ROBBERY UNSPECIFIED",2,0.0033003300330033
"245(A)(2) AWDW/FIREARM/CIVILIA -> 23152(A) VC DUI-ALCOHOL/DRUGS",2,0.0033003300330033
"245(A)(2) AWDW/FIREARM/CIVILIA -> 459 PC  BURGLARY BUSINESS",2,0.0033003300330033
"245(A)(2) AWDW/FIREARM/CIVILIA -> 459 PC  BURGLARY RESIDENCE",2,0.0033003300330033
"245(A)(2) AWDW/FIREARM/CIVILIA -> 476 PC PASS FICTICIOUS CHECK",2,0.0033003300330033
"245(A)(2) AWDW/FIREARM/CIVILIA -> 484 PETTY THEFT-SHOPLIFT",2,0.0033003300330033
"245(A)(2) AWDW/FIREARM/CIVILIA -> LOST PROPERTY - I RPT",2,0.0033003300330033
"245(A)(2) AWDW/FIREARM/CIVILIA -> MISSING PERSON",2,0.0033003300330033
"245(A)(2) AWDW/FIREARM/CIVILIA -> TOWED/STORED VEHICLE",2,0.0033003300330033
"245(A)(2) AWDW/FIREARM/CIVILIA -> TRAFFIC-ACCIDENT INJURY",2,0.0033003300330033
"246 PC SHOOT OCCUP DWELL/VEH -> 20002(A) HIT/RUN",2,0.0033003300330033
"246 PC SHOOT OCCUP DWELL/VEH -> 242 PC  BATTERY CIVILIAN",2,0.0033003300330033
"246 PC SHOOT OCCUP DWELL/VEH -> 243(E)1 BATTERY NONCOHAB SPOUS",2,0.0033003300330033
"246 PC SHOOT OCCUP DWELL/VEH -> 484 PC   PETTY THEFT/INSIDE",2,0.0033003300330033
"246 PC SHOOT OCCUP DWELL/VEH -> 487(A) PC GRAND THEFT",2,0.0033003300330033
"246 PC SHOOT OCCUP DWELL/VEH -> TOWED/STORED VEHICLE",2,0.0033003300330033
"247(B) PC SHOOT UNOCC BLDG/VEH -> 459 PC  BURGLARY VEHICLE",2,0.0033003300330033
"247(B) PC SHOOT UNOCC BLDG/VEH -> TOWED/STORED VEH-14602.6",2,0.0033003300330033
"273.6(A) PC VIO DV COURT ORDER -> 11377(A)HS POSS AMPHETAMINES",2,0.0033003300330033
"273.6(A) PC VIO DV COURT ORDER -> 243(E)1 BATTERY NONCOHAB SPOUS",2,0.0033003300330033
"273.6(A) PC VIO DV COURT ORDER -> 484 PC PETTY THEFT",2,0.0033003300330033
"273.6(A) PC VIO DV COURT ORDER -> 484 PETTY THEFT CLOUT UNLOCKED",2,0.0033003300330033
"273.6(A) PC VIO DV COURT ORDER -> 484G(B) PC ACCESS CARD FRAUD",2,0.0033003300330033
"273.6(A) PC VIO DV COURT ORDER -> 530.5 PC USE PERSONAL ID INFO",2,0.0033003300330033
"273.6(A) PC VIO DV COURT ORDER -> 594(B)(1)PC  VANDALISM +$400",2,0.0033003300330033
"273.6(A) PC VIO DV COURT ORDER -> ACCIDENTAL FIRES/ARSON -I RPT",2,0.0033003300330033
"273.6(A) PC VIO DV COURT ORDER -> MISSING PERSON",2,0.0033003300330033
"273.6(A) PC VIO DV COURT ORDER -> NEIGHBORHOOD DISTURBANCE-I RPT",2,0.0033003300330033
"273.6(A) PC VIO DV COURT ORDER -> NON INJ HR/MAIL OUT REPORT",2,0.0033003300330033
"273.6(A) PC VIO DV COURT ORDER -> TRAFFIC-ACCIDENT INJURY",2,0.0033003300330033
"2800.2(A) VC EVADING/RECKLESS -> TOWED/STORED VEH-14602.6",2,0.0033003300330033
"290(A)(1)(D) FAIL TO REG-5 DAY -> TOWED/STORED VEH-14602.6",2,0.0033003300330033
"290(A)(1)(D) FAIL TO REG-5 DAY -> TOWED/STORED VEHICLE",2,0.0033003300330033
"290(F)1 W/I 5 DAYS ADD CHANGE -> 5150 WI DANGER SELF/OTHERS",2,0.0033003300330033
"290(F)1 W/I 5 DAYS ADD CHANGE -> FOUND PROPERTY - I RPT",2,0.0033003300330033
"3056 PAROLE VIO - I RPT -> 11350(A)HS POSS CNTRL SUBST",2,0.0033003300330033
"3056 PAROLE VIO - I RPT -> 211 PC  ROBBERY UNSPECIFIED",2,0.0033003300330033
"3056 PAROLE VIO - I RPT -> 211 PC ROBBERY- BUSINESS",2,0.0033003300330033
"3056 PAROLE VIO - I RPT -> 245(A)(1)AWDW/NO FIREARM/CIVIL",2,0.0033003300330033
"3056 PAROLE VIO - I RPT -> 459 PC  BURGLARY BUSINESS",2,0.0033003300330033
"3056 PAROLE VIO - I RPT -> 484 PETTY THEFT-SHOPLIFT",2,0.0033003300330033
"3056 PAROLE VIO - I RPT -> 484 PETTY THEFT/LICENSE PLATE",2,0.0033003300330033
"3056 PAROLE VIO - I RPT -> 594(B)(2)(A) VANDALISM/ -$400",2,0.0033003300330033
"3056 PAROLE VIO - I RPT -> CASUALTY REPORT",2,0.0033003300330033
"3056 PAROLE VIO - I RPT -> GANG ACTIVITY - I RPT",2,0.0033003300330033
"3056 PAROLE VIO - I RPT -> MISSING PERSON I RPT",2,0.0033003300330033
"3056 PAROLE VIO - I RPT -> NARCOTICS SUSP/EVID/ACT- I RPT",2,0.0033003300330033
"3056 PAROLE VIO - I RPT -> SUSP PERS-NO CRIME - I RPT",2,0.0033003300330033
"3056 PAROLE VIO - I RPT -> THREATS - I RPT",2,0.0033003300330033
"3056 PC PAROLE VIOLATION -> 530.5 PC USE PERSONAL ID INFO",2,0.0033003300330033
"368(E) THEFT OF ELDER <$400 -> TOWED/STORED VEH-14602.6",2,0.0033003300330033
"4140 BP  POSS OF HYPO NEEDLE -> 10851(A)VC TAKE VEH W/O OWNER",2,0.0033003300330033
"4140 BP  POSS OF HYPO NEEDLE -> 11352(A)HS SALE/TRANS CNTL SUB",2,0.0033003300330033
"4140 BP  POSS OF HYPO NEEDLE -> 23222(B)POSSESS MARIJ IN VEH",2,0.0033003300330033
"4140 BP  POSS OF HYPO NEEDLE -> 484 PC  PETTY THEFT/ OUTSIDE",2,0.0033003300330033
"4140 BP  POSS OF HYPO NEEDLE -> 594(B)(2)(A) VANDALISM/ -$400",2,0.0033003300330033
"4140 BP  POSS OF HYPO NEEDLE -> FOUND PROPERTY - I RPT",2,0.0033003300330033
"4140 BP  POSS OF HYPO NEEDLE -> HIT AND RUN /SUSPECTS- I RPT",2,0.0033003300330033
"4140 BP  POSS OF HYPO NEEDLE -> TRAFFIC-ACCIDENT INJURY",2,0.0033003300330033
"4140 BP  POSS OF HYPO NEEDLE -> TRAFFIC-ACCIDENT-NON INJURY",2,0.0033003300330033
"415(1) PC DISTURB PEACE/FIGHT -> 10851 VC AUTO THEFT LOCATE",2,0.0033003300330033
"415(1) PC DISTURB PEACE/FIGHT -> 484 PETTY THEFT-SHOPLIFT",2,0.0033003300330033
"415(1) PC DISTURB PEACE/FIGHT -> TOWED/STORED VEHICLE",2,0.0033003300330033
"415(3) PC DIST PEACE OFF WORDS -> 10851(A)VC TAKE VEH W/O OWNER",2,0.0033003300330033
"417(A)1) PC BRANDISH NON-GUN -> 11364 HS POSS DRUG PARAPH",2,0.0033003300330033
"417(A)1) PC BRANDISH NON-GUN -> 459 PC  BURGLARY BUSINESS",2,0.0033003300330033
"417(A)1) PC BRANDISH NON-GUN -> 484 PETTY THEFT/LICENSE PLATE",2,0.0033003300330033
"417(A)1) PC BRANDISH NON-GUN -> 594(B)(2)(A) VANDALISM/ -$400",2,0.0033003300330033
"417(A)1) PC BRANDISH NON-GUN -> CASUALTY REPORT",2,0.0033003300330033
"417(A)2) PC BRANDISH FIREARM -> 459 PC  BURGLARY VEHICLE",2,0.0033003300330033
"417(A)2) PC BRANDISH FIREARM -> 849(B)(1) CERTIFICATE OF RELEA",2,0.0033003300330033
"417(A)2) PC BRANDISH FIREARM -> TRAFFIC-ACCIDENT INJURY",2,0.0033003300330033
"417(A)2) PC BRANDISH FIREARM -> TRAFFIC-ACCIDENT-NON INJURY",2,0.0033003300330033
"422 PC THREAT/INTENT TO TERROR -> 10851 VC AUTO THEFT LOCATE",2,0.0033003300330033
"422 PC THREAT/INTENT TO TERROR -> 459 PC  BURGLARY BUSINESS",2,0.0033003300330033
"422 PC THREAT/INTENT TO TERROR -> 459 PC  BURGLARY RESIDENCE",2,0.0033003300330033
"422 PC THREAT/INTENT TO TERROR -> 484 PC PETTY THEFT",2,0.0033003300330033
"422 PC THREAT/INTENT TO TERROR -> 9.04.050 A DRINKING IN PUBLIC",2,0.0033003300330033
"422 PC THREAT/INTENT TO TERROR -> FRAUD OR BUNCO - I RPT",2,0.0033003300330033
"422 PC THREAT/INTENT TO TERROR -> MISSING PERSON",2,0.0033003300330033
"422 PC THREAT/INTENT TO TERROR -> TOWED/STORED VEHICLE",2,0.0033003300330033
"422 PC THREAT/INTENT TO TERROR -> TRAFFIC-ACCIDENT-NON INJURY",2,0.0033003300330033
"4462.5 VC FALSE TAB/AVOID REG -> 23152(A) VC DUI-ALCOHOL/DRUGS",2,0.0033003300330033
"451(D) PC  ARSON OF PROPERTY -> 10851(A)VC TAKE VEH W/O OWNER",2,0.0033003300330033
"451(D) PC  ARSON OF PROPERTY -> 459 PC  BURGLARY VEHICLE",2,0.0033003300330033
"451(D) PC  ARSON OF PROPERTY -> 484 PC PETTY THEFT",2,0.0033003300330033
"459 PC  BURGLARY BUSINESS -> 12.52.030 SCC UNLAWFUL CAMPING",2,0.0033003300330033
"459 PC  BURGLARY BUSINESS -> 12020(A)(4) PC DIRK/DAGGER",2,0.0033003300330033
"459 PC  BURGLARY BUSINESS -> 212.5(A)ROBBERY-INHAB DWELLING",2,0.0033003300330033
"459 PC  BURGLARY BUSINESS -> 475(C) PASS FORGED NOTE",2,0.0033003300330033
"459 PC  BURGLARY BUSINESS -> 484 PETTY THEFT CLOUT UNLOCKED",2,0.0033003300330033
"459 PC  BURGLARY BUSINESS -> 484J PC PUBLISH CARD INFO",2,0.0033003300330033
"459 PC  BURGLARY BUSINESS -> 487(A) GRAND THEFT-CLOUT-UNLOC",2,0.0033003300330033
"459 PC  BURGLARY BUSINESS -> 5150 WI DANGER SELF/OTHERS",2,0.0033003300330033
"459 PC  BURGLARY BUSINESS -> 666 PC PETTY THEFT W/PRI CONV",2,0.0033003300330033
"459 PC  BURGLARY BUSINESS -> ABC LICENSE VIO/INFO - I RPT",2,0.0033003300330033
"459 PC  BURGLARY BUSINESS -> ACCIDENTAL FIRES/ARSON -I RPT",2,0.0033003300330033
"459 PC  BURGLARY BUSINESS -> HARASSMENT - I RPT",2,0.0033003300330033
"459 PC  BURGLARY BUSINESS -> HIT AND RUN /SUSPECTS- I RPT",2,0.0033003300330033
"459 PC  BURGLARY BUSINESS -> SAFEKEEPING - I RPT",2,0.0033003300330033
"459 PC  BURGLARY BUSINESS -> TELEPEST -I RPT",2,0.0033003300330033
"459 PC  BURGLARY BUSINESS -> WARRANT SERVED - I RPT",2,0.0033003300330033
"459 PC  BURGLARY RESIDENCE -> 11350(B)HS POSSESS QUAALUDES",2,0.0033003300330033
"459 PC  BURGLARY RESIDENCE -> 11351.5 HS POSS SALE RCK COCAI",2,0.0033003300330033
"459 PC  BURGLARY RESIDENCE -> 11378 HS POSS/SALE AMPHETAMINE",2,0.0033003300330033
"459 PC  BURGLARY RESIDENCE -> 11550(A)HS UNDER INFL NARCOTIC",2,0.0033003300330033
"459 PC  BURGLARY RESIDENCE -> 12020(A)(4) PC DIRK/DAGGER",2,0.0033003300330033
"459 PC  BURGLARY RESIDENCE -> 1203.2 PC VIOLATION OF PROBATI",2,0.0033003300330033
"459 PC  BURGLARY RESIDENCE -> 1551(A) FUGITIVE FROM JUSTICE",2,0.0033003300330033
"459 PC  BURGLARY RESIDENCE -> 211 PC ROBBERY-PURSE SNATCH",2,0.0033003300330033
"459 PC  BURGLARY RESIDENCE -> 22435.2(A) BP POSS SHOP CART",2,0.0033003300330033
"459 PC  BURGLARY RESIDENCE -> 23153(A) VC DUI CAUSE INJURY",2,0.0033003300330033
"459 PC  BURGLARY RESIDENCE -> 246 PC SHOOT OCCUP DWELL/VEH",2,0.0033003300330033
"459 PC  BURGLARY RESIDENCE -> 290(A)(1)(D) FAIL TO REG-5 DAY",2,0.0033003300330033
"459 PC  BURGLARY RESIDENCE -> 290(F)1 W/I 5 DAYS ADD CHANGE",2,0.0033003300330033
"459 PC  BURGLARY RESIDENCE -> 314.1 PC   INDECENT EXPOSURE",2,0.0033003300330033
"459 PC  BURGLARY RESIDENCE -> 32210 EC WILFL DISTURB PUB SCH",2,0.0033003300330033
"459 PC  BURGLARY RESIDENCE -> 476 PC PASS FICTICIOUS CHECK",2,0.0033003300330033
"459 PC  BURGLARY RESIDENCE -> 484 PETTY THEFT CLOUT UNLOCKED",2,0.0033003300330033
"459 PC  BURGLARY RESIDENCE -> 537(A)(1) DEFRAUD INKEEP/-$400",2,0.0033003300330033
"459 PC  BURGLARY RESIDENCE -> 594(B)(1)VANDALISM GRAF +$400",2,0.0033003300330033
"459 PC  BURGLARY RESIDENCE -> 647(B) PC   PROSTITUTION",2,0.0033003300330033
"459 PC  BURGLARY RESIDENCE -> 653M(A) PC OBSCENE/THREAT CALL",2,0.0033003300330033
"459 PC  BURGLARY RESIDENCE -> 9.04.050 A DRINKING IN PUBLIC",2,0.0033003300330033
"459 PC  BURGLARY RESIDENCE -> CHILD CUSTODY - I RPT",2,0.0033003300330033
"459 PC  BURGLARY RESIDENCE -> ELDER ABUSE/PHYS/MENTAL-I RPT",2,0.0033003300330033
"459 PC  BURGLARY RESIDENCE -> GRAND THEFT - I RPT",2,0.0033003300330033
"459 PC  BURGLARY RESIDENCE -> IMPOUNDED VEHICLE",2,0.0033003300330033
"459 PC  BURGLARY RESIDENCE -> RECOVERED PROPERTY - I RPT",2,0.0033003300330033
"459 PC  BURGLARY RESIDENCE -> SUSPICIOUS VEHICLE - I RPT",2,0.0033003300330033
"459 PC  BURGLARY VEHICLE -> 10853 VC MALIC MISCHIEF TO VEH",2,0.0033003300330033
"459 PC  BURGLARY VEHICLE -> 11352(A)HS SALE/TRANS CNTL SUB",2,0.0033003300330033
"459 PC  BURGLARY VEHICLE -> 12403.7(G) PC ILLGL POSS TRGAS",2,0.0033003300330033
"459 PC  BURGLARY VEHICLE -> 148(A)(1)PC RESIST PEACE OFFCR",2,0.0033003300330033
"459 PC  BURGLARY VEHICLE -> 1551(A) FUGITIVE FROM JUSTICE",2,0.0033003300330033
"459 PC  BURGLARY VEHICLE -> 166(A)(4) WILFUL DISOBEY CT OR",2,0.0033003300330033
"459 PC  BURGLARY VEHICLE -> 1708 US   THEFT OF MAIL",2,0.0033003300330033
"459 PC  BURGLARY VEHICLE -> 23153(A) VC DUI CAUSE INJURY",2,0.0033003300330033
"459 PC  BURGLARY VEHICLE -> 3056 PC PAROLE VIOLATION",2,0.0033003300330033
"459 PC  BURGLARY VEHICLE -> 368(D) THEFT-ELDER >400",2,0.0033003300330033
"459 PC  BURGLARY VEHICLE -> 374.4(A) LITTERING",2,0.0033003300330033
"459 PC  BURGLARY VEHICLE -> 4140 BP  POSS OF HYPO NEEDLE",2,0.0033003300330033
"459 PC  BURGLARY VEHICLE -> 466 PC   POSS OF BURG TOOLS",2,0.0033003300330033
"459 PC  BURGLARY VEHICLE -> 487(A) GRAND THEFT-AUTO PARTS",2,0.0033003300330033
"459 PC  BURGLARY VEHICLE -> 487(A) GRAND THEFT-CLOUT-UNLOC",2,0.0033003300330033
"459 PC  BURGLARY VEHICLE -> 487(A) PC GRAND THEFT-SHOPLIFT",2,0.0033003300330033
"459 PC  BURGLARY VEHICLE -> 503 PC   EMBEZZLEMENT",2,0.0033003300330033
"459 PC  BURGLARY VEHICLE -> 849(B)(1) CERTIFICATE OF RELEA",2,0.0033003300330033
"459 PC  BURGLARY VEHICLE -> BURGLARY - I RPT",2,0.0033003300330033
"459 PC  BURGLARY VEHICLE -> BUSINESS PERMITS - I RPT",2,0.0033003300330033
"459 PC  BURGLARY VEHICLE -> CHILD CUSTODY - I RPT",2,0.0033003300330033
"459 PC  BURGLARY VEHICLE -> GRAND THEFT - I RPT",2,0.0033003300330033
"459 PC  BURGLARY VEHICLE -> HARASSMENT - I RPT",2,0.0033003300330033
"459 PC  BURGLARY VEHICLE -> NEIGHBORHOOD DISTURBANCE-I RPT",2,0.0033003300330033
"459 PC  BURGLARY VEHICLE -> POSSIBLE FINANCIAL CRIME-I RPT",2,0.0033003300330033
"459 PC  BURGLARY VEHICLE -> RECOVERED PROPERTY - I RPT",2,0.0033003300330033
"459 PC  BURGLARY VEHICLE -> ROBBERY - I RPT",2,0.0033003300330033
"459 PC  BURGLARY VEHICLE -> SAFEKEEPING - I RPT",2,0.0033003300330033
"459 PC  BURGLARY VEHICLE -> VANDALISM - I RPT",2,0.0033003300330033
"459 PC  BURGLARY-UNSPECIFIED -> CASUALTY REPORT",2,0.0033003300330033
"459 PC  BURGLARY-UNSPECIFIED -> TRAFFIC-ACCIDENT INJURY",2,0.0033003300330033
"466 PC   POSS OF BURG TOOLS -> 459 PC  BURGLARY RESIDENCE",2,0.0033003300330033
"466 PC   POSS OF BURG TOOLS -> 484 PETTY THEFT/LICENSE PLATE",2,0.0033003300330033
"466 PC   POSS OF BURG TOOLS -> TOWED/STORED VEHICLE",2,0.0033003300330033
"475(A)PC POSS FORGED CHK/NOTE -> 10851 VC AUTO THEFT LOCATE",2,0.0033003300330033
"475(A)PC POSS FORGED CHK/NOTE -> 11357(B)HS POSS -28.5GR MARIJ",2,0.0033003300330033
"475(A)PC POSS FORGED CHK/NOTE -> 459 PC  BURGLARY VEHICLE",2,0.0033003300330033
"475(A)PC POSS FORGED CHK/NOTE -> LOST PROPERTY - I RPT",2,0.0033003300330033
"475(A)PC POSS FORGED CHK/NOTE -> TOWED/STORED VEHICLE",2,0.0033003300330033
"475(C) PASS FORGED NOTE -> 23152(A) VC DUI-ALCOHOL/DRUGS",2,0.0033003300330033
"475(C) PASS FORGED NOTE -> 459 PC  BURGLARY RESIDENCE",2,0.0033003300330033
"475(C) PASS FORGED NOTE -> 459 PC  BURGLARY VEHICLE",2,0.0033003300330033
"475(C) PASS FORGED NOTE -> 484 PC   PETTY THEFT/INSIDE",2,0.0033003300330033
"475(C) PASS FORGED NOTE -> 594(B)(2)(A) VANDALISM/ -$400",2,0.0033003300330033
"475(C) PASS FORGED NOTE -> BURGLARY - I RPT",2,0.0033003300330033
"475(C) PASS FORGED NOTE -> CASUALTY REPORT",2,0.0033003300330033
"475(C) PASS FORGED NOTE -> MISSING PERSON",2,0.0033003300330033
"476 PC PASS FICTICIOUS CHECK -> 484 PETTY THEFT-SHOPLIFT",2,0.0033003300330033
"476 PC PASS FICTICIOUS CHECK -> 484J PC PUBLISH CARD INFO",2,0.0033003300330033
"476 PC PASS FICTICIOUS CHECK -> CASUALTY REPORT",2,0.0033003300330033
"476 PC PASS FICTICIOUS CHECK -> FOUND PROPERTY - I RPT",2,0.0033003300330033
"476 PC PASS FICTICIOUS CHECK -> TOWED/STORED VEHICLE",2,0.0033003300330033
"484 PC   PETTY THEFT/INSIDE -> 148.9 PC FALSE ID TO OFFICER",2,0.0033003300330033
"484 PC   PETTY THEFT/INSIDE -> 20002(A) HIT/RUN",2,0.0033003300330033
"484 PC   PETTY THEFT/INSIDE -> 273.6(A) PC VIO DV COURT ORDER",2,0.0033003300330033
"484 PC   PETTY THEFT/INSIDE -> 3056 PAROLE VIO - I RPT",2,0.0033003300330033
"484 PC   PETTY THEFT/INSIDE -> 451(D) PC  ARSON OF PROPERTY",2,0.0033003300330033
"484 PC   PETTY THEFT/INSIDE -> 508 PC   EMBEZZLEMENT/EMPLOYEE",2,0.0033003300330033
"484 PC   PETTY THEFT/INSIDE -> 530.5 PC USE PERSONAL ID INFO",2,0.0033003300330033
"484 PC   PETTY THEFT/INSIDE -> 647(B) PC   PROSTITUTION",2,0.0033003300330033
"484 PC   PETTY THEFT/INSIDE -> 647(F) PC DIP - DISORDERLY",2,0.0033003300330033
"484 PC   PETTY THEFT/INSIDE -> GANG ACTIVITY - I RPT",2,0.0033003300330033
"484 PC   PETTY THEFT/INSIDE -> NARCOTICS SUSP/EVID/ACT- I RPT",2,0.0033003300330033
"484 PC   PETTY THEFT/INSIDE -> NEIGHBORHOOD DISTURBANCE-I RPT",2,0.0033003300330033
"484 PC   PETTY THEFT/INSIDE -> NON INJ HR/MAIL OUT REPORT",2,0.0033003300330033
"484 PC   PETTY THEFT/INSIDE -> ROBBERY - I RPT",2,0.0033003300330033
"484 PC   PETTY THEFT/INSIDE -> SUSP PERS-NO CRIME - I RPT",2,0.0033003300330033
"484 PC   PETTY THEFT/INSIDE -> THREATS - I RPT",2,0.0033003300330033
"484 PC  PETTY THEFT AUTO PART -> 11364 HS POSS DRUG PARAPH",2,0.0033003300330033
"484 PC  PETTY THEFT AUTO PART -> TOWED/STORED VEHICLE",2,0.0033003300330033
"484 PC  PETTY THEFT/ OUTSIDE -> 11377(A)HS POSS AMPHETAMINES",2,0.0033003300330033
"484 PC  PETTY THEFT/ OUTSIDE -> 211 PC  ROBBERY UNSPECIFIED",2,0.0033003300330033
"484 PC  PETTY THEFT/ OUTSIDE -> 212.5(A)ROBBERY-INHAB DWELLING",2,0.0033003300330033
"484 PC  PETTY THEFT/ OUTSIDE -> 23152(A) VC DUI-ALCOHOL/DRUGS",2,0.0033003300330033
"484 PC  PETTY THEFT/ OUTSIDE -> 23152(B) VC DUI BA .08 OR MORE",2,0.0033003300330033
"484 PC  PETTY THEFT/ OUTSIDE -> 23153(A) VC DUI CAUSE INJURY",2,0.0033003300330033
"484 PC  PETTY THEFT/ OUTSIDE -> 243.2(A)(1) BATT/SCHOOL INJURY",2,0.0033003300330033
"484 PC  PETTY THEFT/ OUTSIDE -> 459 PC  BURGLARY BUSINESS",2,0.0033003300330033
"484 PC  PETTY THEFT/ OUTSIDE -> 484 PETTY THEFT-SHOPLIFT",2,0.0033003300330033
"484 PC  PETTY THEFT/ OUTSIDE -> 647(F) PC DIP - DISORDERLY",2,0.0033003300330033
"484 PC  PETTY THEFT/ OUTSIDE -> ACCIDENTAL FIRES/ARSON -I RPT",2,0.0033003300330033
"484 PC  PETTY THEFT/ OUTSIDE -> CHILD WELFARE - I RPT",2,0.0033003300330033
"484 PC  PETTY THEFT/ OUTSIDE -> HARASSMENT - I RPT",2,0.0033003300330033
"484 PC  PETTY THEFT/ OUTSIDE -> MISCELLANEOUS I RPT (ZMISC)",2,0.0033003300330033
"484 PC  PETTY THEFT/ OUTSIDE -> NON INJ HR/MAIL OUT REPORT",2,0.0033003300330033
"484 PC  PETTY THEFT/ OUTSIDE -> POSSIBLE FINANCIAL CRIME-I RPT",2,0.0033003300330033
"484 PC  PETTY THEFT/ OUTSIDE -> VANDALISM - I RPT",2,0.0033003300330033
"484 PC PETTY THEFT -> 11357(B)HS POSS -28.5GR MARIJ",2,0.0033003300330033
"484 PC PETTY THEFT -> 11377(A)HS POSS AMPHETAMINES",2,0.0033003300330033
"484 PC PETTY THEFT -> 243(D) PC BATT/CIVILIAN W/INJ",2,0.0033003300330033
"484 PC PETTY THEFT -> 246 PC SHOOT OCCUP DWELL/VEH",2,0.0033003300330033
"484 PC PETTY THEFT -> 484 PC  PETTY THEFT/ OUTSIDE",2,0.0033003300330033
"484 PC PETTY THEFT -> 594(B)(2)(A)VANDALISM GRAF-400",2,0.0033003300330033
"484 PC PETTY THEFT -> 626.10(A) PC POSS WPN SCHL ZN",2,0.0033003300330033
"484 PC PETTY THEFT -> BATTERY - I RPT",2,0.0033003300330033
"484 PC PETTY THEFT -> THREATS - I RPT",2,0.0033003300330033
"484 PC PETTY THEFT -> VANDALISM - I RPT",2,0.0033003300330033
"484 PETTY THEFT CLOUT UNLOCKED -> 10855 VC LSE/RENT NOT RETURNED",2,0.0033003300330033
"484 PETTY THEFT CLOUT UNLOCKED -> 11377(A)HS POSS AMPHETAMINES",2,0.0033003300330033
"484 PETTY THEFT CLOUT UNLOCKED -> 3056 PAROLE VIO - I RPT",2,0.0033003300330033
"484 PETTY THEFT CLOUT UNLOCKED -> 459 PC  BURGLARY VEHICLE",2,0.0033003300330033
"484 PETTY THEFT CLOUT UNLOCKED -> 484 PETTY THEFT-SHOPLIFT",2,0.0033003300330033
"484 PETTY THEFT CLOUT UNLOCKED -> 487(A) PC GRAND THEFT",2,0.0033003300330033
"484 PETTY THEFT CLOUT UNLOCKED -> CHILD WELFARE - I RPT",2,0.0033003300330033
"484 PETTY THEFT CLOUT UNLOCKED -> LOST PROPERTY - I RPT",2,0.0033003300330033
"484 PETTY THEFT CLOUT UNLOCKED -> PETTY THEFT - I RPT",2,0.0033003300330033
"484 PETTY THEFT CLOUT UNLOCKED -> TELEPEST -I RPT",2,0.0033003300330033
"484 PETTY THEFT CLOUT UNLOCKED -> TOWED/STORED VEHICLE",2,0.0033003300330033
"484 PETTY THEFT CLOUT UNLOCKED -> TRAFFIC-ACCIDENT-NON INJURY",2,0.0033003300330033
"484 PETTY THEFT-SHOPLIFT -> 11350(A)HS POSS CNTRL SUBST",2,0.0033003300330033
"484 PETTY THEFT-SHOPLIFT -> 11357(B)HS POSS -28.5GR MARIJ",2,0.0033003300330033
"484 PETTY THEFT-SHOPLIFT -> 11364 HS POSS DRUG PARAPH",2,0.0033003300330033
"484 PETTY THEFT-SHOPLIFT -> 20001(A) VC HIT/RUN INJ/DEATH",2,0.0033003300330033
"484 PETTY THEFT-SHOPLIFT -> 211 PC  ROBBERY UNSPECIFIED",2,0.0033003300330033
"484 PETTY THEFT-SHOPLIFT -> 211 PC ROBBERY-PURSE SNATCH",2,0.0033003300330033
"484 PETTY THEFT-SHOPLIFT -> 23152(A) VC DUI-ALCOHOL/DRUGS",2,0.0033003300330033
"484 PETTY THEFT-SHOPLIFT -> 594(B)(1)PC  VANDALISM +$400",2,0.0033003300330033
"484 PETTY THEFT-SHOPLIFT -> MISSING PERSON LOCATE O/S ASSI",2,0.0033003300330033
"484 PETTY THEFT-SHOPLIFT -> SUSP PERS-NO CRIME - I RPT",2,0.0033003300330033
"484 PETTY THEFT-SHOPLIFT -> THREATS - I RPT",2,0.0033003300330033
"484 PETTY THEFT/LICENSE PLATE -> 11379(A)HS SALE/TRAN CNTRL SUB",2,0.0033003300330033
"484 PETTY THEFT/LICENSE PLATE -> 12020(A)(4) PC DIRK/DAGGER",2,0.0033003300330033
"484 PETTY THEFT/LICENSE PLATE -> 12020(A)1) PROHIBITED FIREARM",2,0.0033003300330033
"484 PETTY THEFT/LICENSE PLATE -> 1203.2 PC VIOLATION OF PROBATI",2,0.0033003300330033
"484 PETTY THEFT/LICENSE PLATE -> 211 PC ROBBERY- BUSINESS",2,0.0033003300330033
"484 PETTY THEFT/LICENSE PLATE -> 215(A) PC    CARJACKING",2,0.0033003300330033
"484 PETTY THEFT/LICENSE PLATE -> 245(A)(1)AWDW/NO FIREARM/CIVIL",2,0.0033003300330033
"484 PETTY THEFT/LICENSE PLATE -> 459 PC  BURGLARY BUSINESS",2,0.0033003300330033
"484 PETTY THEFT/LICENSE PLATE -> 496(A) RECEIVE STOLEN PROPERTY",2,0.0033003300330033
"484 PETTY THEFT/LICENSE PLATE -> 594(B)(2)(A)VANDALISM GRAF-400",2,0.0033003300330033
"484 PETTY THEFT/LICENSE PLATE -> 647(F) PC DIP - DISORDERLY",2,0.0033003300330033
"484 PETTY THEFT/LICENSE PLATE -> 653M(B) PC ANNOY/RPT CALL HOME",2,0.0033003300330033
"484 PETTY THEFT/LICENSE PLATE -> CHILD WELFARE - I RPT",2,0.0033003300330033
"484 PETTY THEFT/LICENSE PLATE -> GANG ACTIVITY - I RPT",2,0.0033003300330033
"484 PETTY THEFT/LICENSE PLATE -> HARASSMENT - I RPT",2,0.0033003300330033
"484 PETTY THEFT/LICENSE PLATE -> NARCOTICS SUSP/EVID/ACT- I RPT",2,0.0033003300330033
"484 PETTY THEFT/LICENSE PLATE -> NEIGHBORHOOD DISTURBANCE-I RPT",2,0.0033003300330033
"484 PETTY THEFT/LICENSE PLATE -> PERSON INFORMATION - I RPT",2,0.0033003300330033
"484 PETTY THEFT/LICENSE PLATE -> SUSP PERS-NO CRIME - I RPT",2,0.0033003300330033
"484 PETTY THEFT/LICENSE PLATE -> VANDALISM - I RPT",2,0.0033003300330033
"484 PETTY THEFT/LICENSE PLATE -> WARRANT SERVED - I RPT",2,0.0033003300330033
"484E(A)PC THEFT OF CREDIT CARD -> 459 PC  BURGLARY RESIDENCE",2,0.0033003300330033
"484G(A)PC USE FORGED CARD -> 10851(A)VC TAKE VEH W/O OWNER",2,0.0033003300330033
"484G(A)PC USE FORGED CARD -> 242 PC  BATTERY CIVILIAN",2,0.0033003300330033
"484G(A)PC USE FORGED CARD -> 459 PC  BURGLARY RESIDENCE",2,0.0033003300330033
"484G(A)PC USE FORGED CARD -> 484 PETTY THEFT/LICENSE PLATE",2,0.0033003300330033
"484G(A)PC USE FORGED CARD -> 594(B)(2)(A) VANDALISM/ -$400",2,0.0033003300330033
"484G(A)PC USE FORGED CARD -> TOWED/STORED VEH-14602.6",2,0.0033003300330033
"484G(B) PC ACCESS CARD FRAUD -> 11357(B)HS POSS -28.5GR MARIJ",2,0.0033003300330033
"484G(B) PC ACCESS CARD FRAUD -> 243(B) PC  BATTERY - OFFICER",2,0.0033003300330033
"484G(B) PC ACCESS CARD FRAUD -> 243(E)1 BATTERY NONCOHAB SPOUS",2,0.0033003300330033
"484G(B) PC ACCESS CARD FRAUD -> 290(A)(1)(D) FAIL TO REG-5 DAY",2,0.0033003300330033
"484G(B) PC ACCESS CARD FRAUD -> 484 PC   PETTY THEFT/INSIDE",2,0.0033003300330033
"484G(B) PC ACCESS CARD FRAUD -> 487(A) GRAND THEFT-COIN MACHIN",2,0.0033003300330033
"484G(B) PC ACCESS CARD FRAUD -> 5150 WI DANGER SELF/OTHERS",2,0.0033003300330033
"484G(B) PC ACCESS CARD FRAUD -> 594(B)(1)VANDALISM GRAF +$400",2,0.0033003300330033
"484G(B) PC ACCESS CARD FRAUD -> 594(B)(2)(A)VANDALISM GRAF-400",2,0.0033003300330033
"484G(B) PC ACCESS CARD FRAUD -> 653M(A) PC OBSCENE/THREAT CALL",2,0.0033003300330033
"484G(B) PC ACCESS CARD FRAUD -> ASSAULT WITH WEAPON - I RPT",2,0.0033003300330033
"484G(B) PC ACCESS CARD FRAUD -> CASUALTY REPORT",2,0.0033003300330033
"484G(B) PC ACCESS CARD FRAUD -> NON INJ HR/MAIL OUT REPORT",2,0.0033003300330033
"484G(B) PC ACCESS CARD FRAUD -> POSSIBLE FINANCIAL CRIME-I RPT",2,0.0033003300330033
"484G(B) PC ACCESS CARD FRAUD -> SUSP PERS-NO CRIME - I RPT",2,0.0033003300330033
"484G(B) PC ACCESS CARD FRAUD -> THREATS - I RPT",2,0.0033003300330033
"484J PC PUBLISH CARD INFO -> 11377(A)HS POSS AMPHETAMINES",2,0.0033003300330033
"484J PC PUBLISH CARD INFO -> 20002(A) HIT/RUN",2,0.0033003300330033
"484J PC PUBLISH CARD INFO -> 212.5(A)ROBBERY-INHAB DWELLING",2,0.0033003300330033
"484J PC PUBLISH CARD INFO -> 487(A) GRAND THEFT-COIN MACHIN",2,0.0033003300330033
"484J PC PUBLISH CARD INFO -> 594(B)(2)(A)VANDALISM GRAF-400",2,0.0033003300330033
"484J PC PUBLISH CARD INFO -> 647(F) PC DIP - DISORDERLY",2,0.0033003300330033
"484J PC PUBLISH CARD INFO -> 653M(A) PC OBSCENE/THREAT CALL",2,0.0033003300330033
"484J PC PUBLISH CARD INFO -> CHILD WELFARE - I RPT",2,0.0033003300330033
"484J PC PUBLISH CARD INFO -> MISSING PERSON",2,0.0033003300330033
"484J PC PUBLISH CARD INFO -> TOWED/STORED VEH-14602.6",2,0.0033003300330033
"484J PC PUBLISH CARD INFO -> VANDALISM - I RPT",2,0.0033003300330033
"487(A) GRAND THEFT-AUTO PARTS -> 211 PC  ROBBERY UNSPECIFIED",2,0.0033003300330033
"487(A) GRAND THEFT-AUTO PARTS -> 459 PC  BURGLARY VEHICLE",2,0.0033003300330033
"487(A) GRAND THEFT-AUTO PARTS -> 484 PC   PETTY THEFT/INSIDE",2,0.0033003300330033
"487(A) GRAND THEFT-AUTO PARTS -> CASUALTY REPORT",2,0.0033003300330033
"487(A) GRAND THEFT-AUTO PARTS -> TOWED/STORED VEH-14602.6",2,0.0033003300330033
"487(A) GRAND THEFT-AUTO PARTS -> TRAFFIC-ACCIDENT-NON INJURY",2,0.0033003300330033
"487(A) GRAND THEFT-CLOUT-UNLOC -> 11350(A)HS POSS CNTRL SUBST",2,0.0033003300330033
"487(A) GRAND THEFT-CLOUT-UNLOC -> 245(A)(1)AWDW/NO FIREARM/CIVIL",2,0.0033003300330033
"487(A) GRAND THEFT-CLOUT-UNLOC -> 459 PC  BURGLARY BUSINESS",2,0.0033003300330033
"487(A) GRAND THEFT-CLOUT-UNLOC -> 487(A) PC GRAND THEFT",2,0.0033003300330033
"487(A) GRAND THEFT-CLOUT-UNLOC -> 594(B)(2)(A) VANDALISM/ -$400",2,0.0033003300330033
"487(A) GRAND THEFT-CLOUT-UNLOC -> ABC LICENSE VIO/INFO - I RPT",2,0.0033003300330033
"487(A) GRAND THEFT-CLOUT-UNLOC -> TOWED/STORED VEHICLE",2,0.0033003300330033
"487(A) GRAND THEFT-INSIDE -> 11350(A)HS POSS CNTRL SUBST",2,0.0033003300330033
"487(A) GRAND THEFT-INSIDE -> 1551(A) FUGITIVE FROM JUSTICE",2,0.0033003300330033
"487(A) GRAND THEFT-INSIDE -> 484 PC  PETTY THEFT/ OUTSIDE",2,0.0033003300330033
"487(A) GRAND THEFT-INSIDE -> 484 PC PETTY THEFT",2,0.0033003300330033
"487(A) GRAND THEFT-INSIDE -> 594(B)(1)PC  VANDALISM +$400",2,0.0033003300330033
"487(A) GRAND THEFT-INSIDE -> 594(B)(2)(A) VANDALISM/ -$400",2,0.0033003300330033
"487(A) GRAND THEFT-INSIDE -> BATTERY - I RPT",2,0.0033003300330033
"487(A) GRAND THEFT-INSIDE -> MISSING PERSON",2,0.0033003300330033
"487(A) GRAND THEFT-INSIDE -> THREATS - I RPT",2,0.0033003300330033
"487(A) GRAND THEFT-INSIDE -> TRAFFIC-ACCIDENT-NON INJURY",2,0.0033003300330033
"487(A) PC GRAND THEFT -> 11364 HS POSS DRUG PARAPH",2,0.0033003300330033
"487(A) PC GRAND THEFT -> 11532(A)HS LOITER DRG ACTIVITY",2,0.0033003300330033
"487(A) PC GRAND THEFT -> 20001(A) VC HIT/RUN INJ/DEATH",2,0.0033003300330033
"487(A) PC GRAND THEFT -> 20002(A) HIT/RUN",2,0.0033003300330033
"487(A) PC GRAND THEFT -> 484 PETTY THEFT/LICENSE PLATE",2,0.0033003300330033
"487(A) PC GRAND THEFT -> 484J PC PUBLISH CARD INFO",2,0.0033003300330033
"487(A) PC GRAND THEFT -> 653M(A) PC OBSCENE/THREAT CALL",2,0.0033003300330033
"487(A) PC GRAND THEFT -> BATTERY - I RPT",2,0.0033003300330033
"487(A) PC GRAND THEFT -> HARASSMENT - I RPT",2,0.0033003300330033
"487(A) PC GRAND THEFT -> LOST PROPERTY - I RPT",2,0.0033003300330033
"487(A) PC GRAND THEFT -> O/S AGENCY -ASSISTANCE- I RPT",2,0.0033003300330033
"487(A) PC GRAND THEFT-SHOPLIFT -> 459 PC  BURGLARY VEHICLE",2,0.0033003300330033
"487(C) PC  GRAND THEFT-PERSON -> 10851(A)VC TAKE VEH W/O OWNER",2,0.0033003300330033
"487(D)GRAND THEFT FIREARM/ANIM -> TOWED/STORED VEH-14602.6",2,0.0033003300330033
"496(A) RECEIVE STOLEN PROPERTY -> 10851 VC AUTO THEFT LOCATE",2,0.0033003300330033
"496(A) RECEIVE STOLEN PROPERTY -> 20002(A) HIT/RUN",2,0.0033003300330033
"496(A) RECEIVE STOLEN PROPERTY -> 211 PC  ROBBERY UNSPECIFIED",2,0.0033003300330033
"496(A) RECEIVE STOLEN PROPERTY -> 242 PC  BATTERY CIVILIAN",2,0.0033003300330033
"496(A) RECEIVE STOLEN PROPERTY -> 243.2(A)(1) BATT/SCHOOL INJURY",2,0.0033003300330033
"496(A) RECEIVE STOLEN PROPERTY -> 594(B)(2)(A) VANDALISM/ -$400",2,0.0033003300330033
"496(A) RECEIVE STOLEN PROPERTY -> FOUND PROPERTY - I RPT",2,0.0033003300330033
"496(A) RECEIVE STOLEN PROPERTY -> VANDALISM - I RPT",2,0.0033003300330033
"5150 WI DANGER SELF/OTHERS -> 10851 VC AUTO THEFT LOCATE",2,0.0033003300330033
"5150 WI DANGER SELF/OTHERS -> 11350(A)HS POSS CNTRL SUBST",2,0.0033003300330033
"5150 WI DANGER SELF/OTHERS -> 11378 HS POSS/SALE AMPHETAMINE",2,0.0033003300330033
"5150 WI DANGER SELF/OTHERS -> 1708 US   THEFT OF MAIL",2,0.0033003300330033
"5150 WI DANGER SELF/OTHERS -> 20001(A) VC HIT/RUN INJ/DEATH",2,0.0033003300330033
"5150 WI DANGER SELF/OTHERS -> 245(A)(2) AWDW/FIREARM/CIVILIA",2,0.0033003300330033
"5150 WI DANGER SELF/OTHERS -> 475(C) PASS FORGED NOTE",2,0.0033003300330033
"5150 WI DANGER SELF/OTHERS -> 484 PC   THEFT-LIC PLATE TABS",2,0.0033003300330033
"5150 WI DANGER SELF/OTHERS -> 484 PETTY THEFT CLOUT UNLOCKED",2,0.0033003300330033
"5150 WI DANGER SELF/OTHERS -> 484G(B) PC ACCESS CARD FRAUD",2,0.0033003300330033
"5150 WI DANGER SELF/OTHERS -> 529 PC FALSE PERSONATION",2,0.0033003300330033
"5150 WI DANGER SELF/OTHERS -> 530.5 PC USE PERSONAL ID INFO",2,0.0033003300330033
"5150 WI DANGER SELF/OTHERS -> 594(B)(2)(A)VANDALISM GRAF-400",2,0.0033003300330033
"5150 WI DANGER SELF/OTHERS -> 647(F) PC DIP - DISORDERLY",2,0.0033003300330033
"5150 WI DANGER SELF/OTHERS -> ACCIDENTAL FIRES/ARSON -I RPT",2,0.0033003300330033
"5150 WI DANGER SELF/OTHERS -> FRAUD OR BUNCO - I RPT",2,0.0033003300330033
"5150 WI DANGER SELF/OTHERS -> GANG ACTIVITY - I RPT",2,0.0033003300330033
"5150 WI DANGER SELF/OTHERS -> IMPOUNDED VEHICLE",2,0.0033003300330033
"5150 WI DANGER SELF/OTHERS -> MISSING PERSON I RPT",2,0.0033003300330033
"5150 WI DANGER SELF/OTHERS -> MISSING PERSON LOCATE O/S ASSI",2,0.0033003300330033
"5150 WI DANGER SELF/OTHERS -> NON INJ HR/MAIL OUT REPORT",2,0.0033003300330033
"5150 WI DANGER SELF/OTHERS -> PERSON INFORMATION - I RPT",2,0.0033003300330033
"5150 WI DANGER SELF/OTHERS -> PROTECTIVE CUSTODY-I RPT",2,0.0033003300330033
"5150 WI DANGER SELF/OTHERS -> SUSP PERS-NO CRIME - I RPT",2,0.0033003300330033
"5150 WI DANGER SELF/OTHERS -> VANDALISM - I RPT",2,0.0033003300330033
"529 PC FALSE PERSONATION -> 10851 VC AUTO THEFT LOCATE",2,0.0033003300330033
"529 PC FALSE PERSONATION -> 11364 HS POSS DRUG PARAPH",2,0.0033003300330033
"529 PC FALSE PERSONATION -> 245(A)(2) AWDW/FIREARM/CIVILIA",2,0.0033003300330033
"529 PC FALSE PERSONATION -> 4140 BP  POSS OF HYPO NEEDLE",2,0.0033003300330033
"529 PC FALSE PERSONATION -> 459 PC  BURGLARY RESIDENCE",2,0.0033003300330033
"529 PC FALSE PERSONATION -> 476 PC PASS FICTICIOUS CHECK",2,0.0033003300330033
"529 PC FALSE PERSONATION -> 484 PC  PETTY THEFT/ OUTSIDE",2,0.0033003300330033
"529 PC FALSE PERSONATION -> 594(B)(1)PC  VANDALISM +$400",2,0.0033003300330033
"530.5 PC USE PERSONAL ID INFO -> 11357(B)HS POSS -28.5GR MARIJ",2,0.0033003300330033
"530.5 PC USE PERSONAL ID INFO -> 23152(A) VC DUI-ALCOHOL/DRUGS",2,0.0033003300330033
"530.5 PC USE PERSONAL ID INFO -> 242 PC  BATTERY CIVILIAN",2,0.0033003300330033
"530.5 PC USE PERSONAL ID INFO -> 243(D) PC BATT/CIVILIAN W/INJ",2,0.0033003300330033
"530.5 PC USE PERSONAL ID INFO -> 245(A)(1)AWDW/NO FIREARM/CIVIL",2,0.0033003300330033
"530.5 PC USE PERSONAL ID INFO -> 484 PC   PETTY THEFT/INSIDE",2,0.0033003300330033
"530.5 PC USE PERSONAL ID INFO -> 484 PETTY THEFT-SHOPLIFT",2,0.0033003300330033
"530.5 PC USE PERSONAL ID INFO -> 9.04.070 URINATE/DEFECATE PUB",2,0.0033003300330033
"530.5 PC USE PERSONAL ID INFO -> CASUALTY REPORT",2,0.0033003300330033
"530.5 PC USE PERSONAL ID INFO -> GRAND THEFT - I RPT",2,0.0033003300330033
"530.5 PC USE PERSONAL ID INFO -> NARCOTICS SUSP/EVID/ACT- I RPT",2,0.0033003300330033
"530.5 PC USE PERSONAL ID INFO -> POSSIBLE FINANCIAL CRIME-I RPT",2,0.0033003300330033
"530.5 PC USE PERSONAL ID INFO -> SHOOT INTO OCCUP DWELL - I RPT",2,0.0033003300330033
"532 PC FRAUD OBTAIN MONEY ETC -> TOWED/STORED VEH-14602.6",2,0.0033003300330033
"594(B)(1)PC  VANDALISM +$400 -> 10855 VC LSE/RENT NOT RETURNED",2,0.0033003300330033
"594(B)(1)PC  VANDALISM +$400 -> 11350(A)HS POSS CNTRL SUBST",2,0.0033003300330033
"594(B)(1)PC  VANDALISM +$400 -> 11359 HS POSS FOR SALE MARIJ",2,0.0033003300330033
"594(B)(1)PC  VANDALISM +$400 -> 11378 HS POSS/SALE AMPHETAMINE",2,0.0033003300330033
"594(B)(1)PC  VANDALISM +$400 -> 211 PC ROBBERY- BUSINESS",2,0.0033003300330033
"594(B)(1)PC  VANDALISM +$400 -> 215(A) PC    CARJACKING",2,0.0033003300330033
"594(B)(1)PC  VANDALISM +$400 -> 23152(B) VC DUI BA .08 OR MORE",2,0.0033003300330033
"594(B)(1)PC  VANDALISM +$400 -> 23222(B)POSSESS MARIJ IN VEH",2,0.0033003300330033
"594(B)(1)PC  VANDALISM +$400 -> 242 PC  BATTERY CIVILIAN",2,0.0033003300330033
"594(B)(1)PC  VANDALISM +$400 -> 243(D) PC BATT/CIVILIAN W/INJ",2,0.0033003300330033
"594(B)(1)PC  VANDALISM +$400 -> 459 PC  BURGLARY-UNSPECIFIED",2,0.0033003300330033
"594(B)(1)PC  VANDALISM +$400 -> 484 PC-PETTY THEFT-COIN MACHIN",2,0.0033003300330033
"594(B)(1)PC  VANDALISM +$400 -> 487(A) GRAND THEFT-CLOUT-UNLOC",2,0.0033003300330033
"594(B)(1)PC  VANDALISM +$400 -> 487(A) GRAND THEFT-INSIDE",2,0.0033003300330033
"594(B)(1)PC  VANDALISM +$400 -> 487(A) PC GRAND THEFT",2,0.0033003300330033
"594(B)(1)PC  VANDALISM +$400 -> 496(A) RECEIVE STOLEN PROPERTY",2,0.0033003300330033
"594(B)(1)PC  VANDALISM +$400 -> 530.5 PC USE PERSONAL ID INFO",2,0.0033003300330033
"594(B)(1)PC  VANDALISM +$400 -> 666 PC PETTY THEFT W/PRI CONV",2,0.0033003300330033
"594(B)(1)PC  VANDALISM +$400 -> BOMBS/THREATS/EXPLOSIV- I RPT",2,0.0033003300330033
"594(B)(1)PC  VANDALISM +$400 -> BUSINESS PERMITS - I RPT",2,0.0033003300330033
"594(B)(1)PC  VANDALISM +$400 -> O/S AGENCY -ASSISTANCE- I RPT",2,0.0033003300330033
"594(B)(1)PC  VANDALISM +$400 -> PETTY THEFT - I RPT",2,0.0033003300330033
"594(B)(1)PC  VANDALISM +$400 -> SAFEKEEPING - I RPT",2,0.0033003300330033
"594(B)(1)PC  VANDALISM +$400 -> TELEPEST -I RPT",2,0.0033003300330033
"594(B)(1)PC  VANDALISM +$400 -> TRAFFIC - I RPT",2,0.0033003300330033
"594(B)(1)PC  VANDALISM +$400 -> VANDALISM - I RPT",2,0.0033003300330033
"594(B)(1)VANDALISM GRAF +$400 -> 10851 VC AUTO THEFT LOCATE",2,0.0033003300330033
"594(B)(1)VANDALISM GRAF +$400 -> 459 PC  BURGLARY BUSINESS",2,0.0033003300330033
"594(B)(1)VANDALISM GRAF +$400 -> TRAFFIC-ACCIDENT-NON INJURY",2,0.0033003300330033
"594(B)(2)(A) VANDALISM/ -$400 -> 11350(A)HS POSS CNTRL SUBST",2,0.0033003300330033
"594(B)(2)(A) VANDALISM/ -$400 -> 11357(B)HS POSS -28.5GR MARIJ",2,0.0033003300330033
"594(B)(2)(A) VANDALISM/ -$400 -> 12.52.030 SCC UNLAWFUL CAMPING",2,0.0033003300330033
"594(B)(2)(A) VANDALISM/ -$400 -> 12.72.060I ADULT LOITER PLYGRD",2,0.0033003300330033
"594(B)(2)(A) VANDALISM/ -$400 -> 12020(A)(4) PC DIRK/DAGGER",2,0.0033003300330033
"594(B)(2)(A) VANDALISM/ -$400 -> 1203.2 PC VIOLATION OF PROBATI",2,0.0033003300330033
"594(B)(2)(A) VANDALISM/ -$400 -> 20001(A) VC HIT/RUN INJ/DEATH",2,0.0033003300330033
"594(B)(2)(A) VANDALISM/ -$400 -> 211 PC ROBBERY-PURSE SNATCH",2,0.0033003300330033
"594(B)(2)(A) VANDALISM/ -$400 -> 23222(B)POSSESS MARIJ IN VEH",2,0.0033003300330033
"594(B)(2)(A) VANDALISM/ -$400 -> 243.3 BATT TRANS PERS/PASS/INJ",2,0.0033003300330033
"594(B)(2)(A) VANDALISM/ -$400 -> 466 PC   POSS OF BURG TOOLS",2,0.0033003300330033
"594(B)(2)(A) VANDALISM/ -$400 -> 476 PC PASS FICTICIOUS CHECK",2,0.0033003300330033
"594(B)(2)(A) VANDALISM/ -$400 -> 484J PC PUBLISH CARD INFO",2,0.0033003300330033
"594(B)(2)(A) VANDALISM/ -$400 -> 487(A) PC GRAND THEFT-SHOPLIFT",2,0.0033003300330033
"594(B)(2)(A) VANDALISM/ -$400 -> 529 PC FALSE PERSONATION",2,0.0033003300330033
"594(B)(2)(A) VANDALISM/ -$400 -> 653M(B) PC ANNOY/RPT CALL HOME",2,0.0033003300330033
"594(B)(2)(A) VANDALISM/ -$400 -> BOMBS/THREATS/EXPLOSIV- I RPT",2,0.0033003300330033
"594(B)(2)(A) VANDALISM/ -$400 -> BURGLARY - I RPT",2,0.0033003300330033
"594(B)(2)(A) VANDALISM/ -$400 -> HARASSMENT - I RPT",2,0.0033003300330033
"594(B)(2)(A) VANDALISM/ -$400 -> HIT AND RUN /SUSPECTS- I RPT",2,0.0033003300330033
"594(B)(2)(A) VANDALISM/ -$400 -> MISSING PERSON LOCATE O/S ASSI",2,0.0033003300330033
"594(B)(2)(A) VANDALISM/ -$400 -> POSSIBLE FINANCIAL CRIME-I RPT",2,0.0033003300330033
"594(B)(2)(A) VANDALISM/ -$400 -> TELEPEST -I RPT",2,0.0033003300330033
"594(B)(2)(A) VANDALISM/ -$400 -> TRAFFIC - I RPT",2,0.0033003300330033
"594(B)(2)(A) VANDALISM/ -$400 -> WANTED SUBJ-O/S WANT/ I RPT",2,0.0033003300330033
"594(B)(2)(A)VANDALISM GRAF-400 -> 11364 HS POSS DRUG PARAPH",2,0.0033003300330033
"594(B)(2)(A)VANDALISM GRAF-400 -> 20002(A) HIT/RUN",2,0.0033003300330033
"594(B)(2)(A)VANDALISM GRAF-400 -> 242 PC  BATTERY CIVILIAN",2,0.0033003300330033
"594(B)(2)(A)VANDALISM GRAF-400 -> 459 PC  BURGLARY RESIDENCE",2,0.0033003300330033
"594(B)(2)(A)VANDALISM GRAF-400 -> 484 PC PETTY THEFT",2,0.0033003300330033
"594(B)(2)(A)VANDALISM GRAF-400 -> 484 PETTY THEFT-SHOPLIFT",2,0.0033003300330033
"594(B)(2)(A)VANDALISM GRAF-400 -> 5150 WI DANGER SELF/OTHERS",2,0.0033003300330033
"594(B)(2)(A)VANDALISM GRAF-400 -> 594(B)(2)(A) VANDALISM/ -$400",2,0.0033003300330033
"594(B)(2)(A)VANDALISM GRAF-400 -> MISSING PERSON",2,0.0033003300330033
"602(K)TRESPASS:INJURE PROPERTY -> TOWED/STORED VEH-14602.6",2,0.0033003300330033
"602(K)TRESPASS:INJURE PROPERTY -> TRAFFIC-ACCIDENT INJURY",2,0.0033003300330033
"602(L)(1)TRESPASS REFUSE TO LV -> MISSING PERSON",2,0.0033003300330033
"647(B) PC   PROSTITUTION -> 1551(A) FUGITIVE FROM JUSTICE",2,0.0033003300330033
"647(B) PC   PROSTITUTION -> 211 PC  ROBBERY UNSPECIFIED",2,0.0033003300330033
"647(B) PC   PROSTITUTION -> 211 PC ROBBERY- BUSINESS",2,0.0033003300330033
"647(B) PC   PROSTITUTION -> 245(A)(1)AWDW/NO FIREARM/CIVIL",2,0.0033003300330033
"647(B) PC   PROSTITUTION -> 245(A)(2) AWDW/FIREARM/CIVILIA",2,0.0033003300330033
"647(B) PC   PROSTITUTION -> 476 PC PASS FICTICIOUS CHECK",2,0.0033003300330033
"647(B) PC   PROSTITUTION -> 484 PC   PETTY THEFT/INSIDE",2,0.0033003300330033
"647(B) PC   PROSTITUTION -> 487(A) PC GRAND THEFT",2,0.0033003300330033
"647(B) PC   PROSTITUTION -> 5150 WI DANGER SELF/OTHERS",2,0.0033003300330033
"647(B) PC   PROSTITUTION -> 594(B)(1)PC  VANDALISM +$400",2,0.0033003300330033
"647(B) PC   PROSTITUTION -> 647(F) PC DIP - DISORDERLY",2,0.0033003300330033
"647(B) PC   PROSTITUTION -> 666 PC PETTY THEFT W/PRI CONV",2,0.0033003300330033
"647(B) PC   PROSTITUTION -> SAFEKEEPING - I RPT",2,0.0033003300330033
"647(B) PC   PROSTITUTION -> SUSP PERS-NO CRIME - I RPT",2,0.0033003300330033
"647(B) PC   PROSTITUTION -> TELEPEST -I RPT",2,0.0033003300330033
"647(F) PC DIP - DISORDERLY -> 20002(A) HIT/RUN",2,0.0033003300330033
"647(F) PC DIP - DISORDERLY -> 211 PC ROBBERY-PURSE SNATCH",2,0.0033003300330033
"647(F) PC DIP - DISORDERLY -> 459 PC  BURGLARY BUSINESS",2,0.0033003300330033
"647(F) PC DIP - DISORDERLY -> 487(A) GRAND THEFT-INSIDE",2,0.0033003300330033
"647(F) PC DIP - DISORDERLY -> 594(B)(2)(A) VANDALISM/ -$400",2,0.0033003300330033
"647(F) PC DIP - DISORDERLY -> 9.04.050 A DRINKING IN PUBLIC",2,0.0033003300330033
"647(F) PC DIP - DISORDERLY -> NON INJ HR/MAIL OUT REPORT",2,0.0033003300330033
"647(F) PC DIP - DISORDERLY -> THREATS - I RPT",2,0.0033003300330033
"647(F) PC DIP - DISORDERLY -> TOWED/STORED VEH-14602.6",2,0.0033003300330033
"647(F) PC PUB INTOX-DETOX ONLY -> THREATS - I RPT",2,0.0033003300330033
"647(F) PC PUB INTOX-DETOX ONLY -> TOWED/STORED VEH-14602.6",2,0.0033003300330033
"653.22(A) LOITER PROSTITUTION -> 10851(A)VC TAKE VEH W/O OWNER",2,0.0033003300330033
"653.22(A) LOITER PROSTITUTION -> 484 PC   PETTY THEFT/INSIDE",2,0.0033003300330033
"653.22(A) LOITER PROSTITUTION -> 5150 WI DANGER SELF/OTHERS",2,0.0033003300330033
"653.22(A) LOITER PROSTITUTION -> NON INJ HR/MAIL OUT REPORT",2,0.0033003300330033
"653.22(A) LOITER PROSTITUTION -> TOWED/STORED VEHICLE",2,0.0033003300330033
"653.22(A) LOITER PROSTITUTION -> TRAFFIC - I RPT",2,0.0033003300330033
"653M(A) PC OBSCENE/THREAT CALL -> 484 PETTY THEFT-SHOPLIFT",2,0.0033003300330033
"653M(A) PC OBSCENE/THREAT CALL -> FOUND PROPERTY - I RPT",2,0.0033003300330033
"653M(A) PC OBSCENE/THREAT CALL -> GANG ACTIVITY - I RPT",2,0.0033003300330033
"653M(A) PC OBSCENE/THREAT CALL -> THREATS - I RPT",2,0.0033003300330033
"653M(B) PC ANNOY/RPT CALL HOME -> 10851(A)VC TAKE VEH W/O OWNER",2,0.0033003300330033
"653M(B) PC ANNOY/RPT CALL HOME -> 11377(A)HS POSS AMPHETAMINES",2,0.0033003300330033
"653M(B) PC ANNOY/RPT CALL HOME -> 20002(A) HIT/RUN",2,0.0033003300330033
"653M(B) PC ANNOY/RPT CALL HOME -> 242 PC  BATTERY CIVILIAN",2,0.0033003300330033
"653M(B) PC ANNOY/RPT CALL HOME -> 459 PC  BURGLARY BUSINESS",2,0.0033003300330033
"653M(B) PC ANNOY/RPT CALL HOME -> 459 PC  BURGLARY RESIDENCE",2,0.0033003300330033
"653M(B) PC ANNOY/RPT CALL HOME -> TOWED/STORED VEH-14602.6",2,0.0033003300330033
"653M(B) PC ANNOY/RPT CALL HOME -> TOWED/STORED VEHICLE",2,0.0033003300330033
"653M(B) PC ANNOY/RPT CALL HOME -> TRAFFIC-ACCIDENT INJURY",2,0.0033003300330033
"666 PC PETTY THEFT W/PRI CONV -> 1551(A) FUGITIVE FROM JUSTICE",2,0.0033003300330033
"666 PC PETTY THEFT W/PRI CONV -> 647(B) PC   PROSTITUTION",2,0.0033003300330033
"666 PC PETTY THEFT W/PRI CONV -> 666 PC PETTY THEFT W/PRI CONV",2,0.0033003300330033
"666 PC PETTY THEFT W/PRI CONV -> TOWED/STORED VEHICLE",2,0.0033003300330033
"666 PC PETTY THEFT W/PRI CONV -> TRAFFIC-ACCIDENT INJURY",2,0.0033003300330033
"849(B)(1) CERTIFICATE OF RELEA -> HARASSMENT - I RPT",2,0.0033003300330033
"9.04.050 A DRINKING IN PUBLIC -> 10851(A)VC TAKE VEH W/O OWNER",2,0.0033003300330033
"9.04.050 A DRINKING IN PUBLIC -> 594(B)(2)(A) VANDALISM/ -$400",2,0.0033003300330033
"ACCIDENTAL FIRES/ARSON -I RPT -> 10851 VC AUTO THEFT LOCATE",2,0.0033003300330033
"ACCIDENTAL FIRES/ARSON -I RPT -> 11350(B)HS POSSESS QUAALUDES",2,0.0033003300330033
"ACCIDENTAL FIRES/ARSON -I RPT -> 459 PC  BURGLARY VEHICLE",2,0.0033003300330033
"ACCIDENTAL FIRES/ARSON -I RPT -> 484J PC PUBLISH CARD INFO",2,0.0033003300330033
"ACCIDENTAL FIRES/ARSON -I RPT -> 594(B)(1)PC  VANDALISM +$400",2,0.0033003300330033
"ACCIDENTAL FIRES/ARSON -I RPT -> NON INJ HR/MAIL OUT REPORT",2,0.0033003300330033
"ACCIDENTAL FIRES/ARSON -I RPT -> THREATS - I RPT",2,0.0033003300330033
"ACCIDENTAL FIRES/ARSON -I RPT -> TOWED/STORED VEHICLE",2,0.0033003300330033
"ASSAULT WITH WEAPON - I RPT -> 11357(B)HS POSS -28.5GR MARIJ",2,0.0033003300330033
"ASSAULT WITH WEAPON - I RPT -> 459 PC  BURGLARY BUSINESS",2,0.0033003300330033
"ASSAULT WITH WEAPON - I RPT -> 459 PC  BURGLARY RESIDENCE",2,0.0033003300330033
"ASSAULT WITH WEAPON - I RPT -> 484 PC PETTY THEFT",2,0.0033003300330033
"ASSAULT WITH WEAPON - I RPT -> 496(A) RECEIVE STOLEN PROPERTY",2,0.0033003300330033
"ASSAULT WITH WEAPON - I RPT -> 503 PC   EMBEZZLEMENT",2,0.0033003300330033
"ASSAULT WITH WEAPON - I RPT -> 594(B)(1)PC  VANDALISM +$400",2,0.0033003300330033
"ASSAULT WITH WEAPON - I RPT -> LOST PROPERTY - I RPT",2,0.0033003300330033
"ASSAULT WITH WEAPON - I RPT -> THREATS - I RPT",2,0.0033003300330033
"ASSAULT WITH WEAPON - I RPT -> TOWED/STORED VEH-14602.6",2,0.0033003300330033
"ASSAULT WITH WEAPON - I RPT -> TOWED/STORED VEHICLE",2,0.0033003300330033
"ASSAULT WITH WEAPON - I RPT -> TRAFFIC-ACCIDENT INJURY",2,0.0033003300330033
"BATTERY - I RPT -> 10851 VC AUTO THEFT LOCATE",2,0.0033003300330033
"BATTERY - I RPT -> 23152(A) VC DUI-ALCOHOL/DRUGS",2,0.0033003300330033
"BATTERY - I RPT -> 422 PC THREAT/INTENT TO TERROR",2,0.0033003300330033
"BATTERY - I RPT -> 459 PC  BURGLARY BUSINESS",2,0.0033003300330033
"BATTERY - I RPT -> 484 PETTY THEFT-SHOPLIFT",2,0.0033003300330033
"BATTERY - I RPT -> 487(A) GRAND THEFT-INSIDE",2,0.0033003300330033
"BATTERY - I RPT -> 487(A) PC GRAND THEFT",2,0.0033003300330033
"BATTERY - I RPT -> 594(B)(1)PC  VANDALISM +$400",2,0.0033003300330033
"BATTERY - I RPT -> CASUALTY REPORT",2,0.0033003300330033
"BATTERY - I RPT -> NARCOTICS SUSP/EVID/ACT- I RPT",2,0.0033003300330033
"BATTERY - I RPT -> THREATS - I RPT",2,0.0033003300330033
"BATTERY - I RPT -> TRAFFIC-ACCIDENT INJURY",2,0.0033003300330033
"BOMBS/THREATS/EXPLOSIV- I RPT -> 11377(A)HS POSS AMPHETAMINES",2,0.0033003300330033
"BURGLARY - I RPT -> 10851 VC AUTO THEFT LOCATE",2,0.0033003300330033
"BURGLARY - I RPT -> 23152(A) VC DUI-ALCOHOL/DRUGS",2,0.0033003300330033
"BURGLARY - I RPT -> 243(E)1 BATTERY NONCOHAB SPOUS",2,0.0033003300330033
"BURGLARY - I RPT -> 245(A)(1)AWDW/NO FIREARM/CIVIL",2,0.0033003300330033
"BURGLARY - I RPT -> 459 PC  BURGLARY VEHICLE",2,0.0033003300330033
"BURGLARY - I RPT -> 484 PC PETTY THEFT",2,0.0033003300330033
"BURGLARY - I RPT -> 484 PETTY THEFT-SHOPLIFT",2,0.0033003300330033
"BURGLARY - I RPT -> HAZARDOUS SITUATION - I RPT",2,0.0033003300330033
"BURGLARY - I RPT -> NON INJ HR/MAIL OUT REPORT",2,0.0033003300330033
"BURGLARY - I RPT -> TRAFFIC-ACCIDENT INJURY",2,0.0033003300330033
"CASUALTY REPORT -> 11350(A)HS POSS CNTRL SUBST",2,0.0033003300330033
"CASUALTY REPORT -> 11351.5 HS POSS SALE RCK COCAI",2,0.0033003300330033
"CASUALTY REPORT -> 11357(B)HS POSS -28.5GR MARIJ",2,0.0033003300330033
"CASUALTY REPORT -> 20001(A) VC HIT/RUN INJ/DEATH",2,0.0033003300330033
"CASUALTY REPORT -> 243(D) PC BATT/CIVILIAN W/INJ",2,0.0033003300330033
"CASUALTY REPORT -> 4140 BP  POSS OF HYPO NEEDLE",2,0.0033003300330033
"CASUALTY REPORT -> 487(A) PC GRAND THEFT-SHOPLIFT",2,0.0033003300330033
"CASUALTY REPORT -> 487(D)GRAND THEFT FIREARM/ANIM",2,0.0033003300330033
"CASUALTY REPORT -> 496(A) RECEIVE STOLEN PROPERTY",2,0.0033003300330033
"CASUALTY REPORT -> 647(F) PC DIP - DISORDERLY",2,0.0033003300330033
"CASUALTY REPORT -> 653M(B) PC ANNOY/RPT CALL HOME",2,0.0033003300330033
"CASUALTY REPORT -> FOUND PROPERTY - I RPT",2,0.0033003300330033
"CASUALTY REPORT -> FRAUD OR BUNCO - I RPT",2,0.0033003300330033
"CASUALTY REPORT -> GANG ACTIVITY - I RPT",2,0.0033003300330033
"CASUALTY REPORT -> HARASSMENT - I RPT",2,0.0033003300330033
"CASUALTY REPORT -> O/S AGENCY -ASSISTANCE- I RPT",2,0.0033003300330033
"CHILD CUSTODY - I RPT -> 459 PC  BURGLARY VEHICLE",2,0.0033003300330033
"CHILD CUSTODY - I RPT -> 484 PC  PETTY THEFT/ OUTSIDE",2,0.0033003300330033
"CHILD CUSTODY - I RPT -> 5150 WI DANGER SELF/OTHERS",2,0.0033003300330033
"CHILD CUSTODY - I RPT -> LOST PROPERTY - I RPT",2,0.0033003300330033
"CHILD CUSTODY - I RPT -> MISSING PERSON",2,0.0033003300330033
"CHILD CUSTODY - I RPT -> TOWED/STORED VEHICLE",2,0.0033003300330033
"CHILD WELFARE - I RPT -> 11350(A)HS POSS CNTRL SUBST",2,0.0033003300330033
"CHILD WELFARE - I RPT -> 11364 HS POSS DRUG PARAPH",2,0.0033003300330033
"CHILD WELFARE - I RPT -> 211 PC  ROBBERY UNSPECIFIED",2,0.0033003300330033
"CHILD WELFARE - I RPT -> 476 PC PASS FICTICIOUS CHECK",2,0.0033003300330033
"CHILD WELFARE - I RPT -> 484 PC   PETTY THEFT/INSIDE",2,0.0033003300330033
"CHILD WELFARE - I RPT -> 484 PC  PETTY THEFT/ OUTSIDE",2,0.0033003300330033
"CHILD WELFARE - I RPT -> 484 PETTY THEFT CLOUT UNLOCKED",2,0.0033003300330033
"CHILD WELFARE - I RPT -> 487(A) GRAND THEFT-INSIDE",2,0.0033003300330033
"CHILD WELFARE - I RPT -> HARASSMENT - I RPT",2,0.0033003300330033
"CHILD WELFARE - I RPT -> LOST PROPERTY - I RPT",2,0.0033003300330033
"CHILD WELFARE - I RPT -> TRAFFIC-ACCIDENT INJURY",2,0.0033003300330033
"ELDER ABUSE/PHYS/MENTAL-I RPT -> 10851 VC AUTO THEFT LOCATE",2,0.0033003300330033
"ELDER ABUSE/PHYS/MENTAL-I RPT -> 10851(A)VC TAKE VEH W/O OWNER",2,0.0033003300330033
"ELDER ABUSE/PHYS/MENTAL-I RPT -> 459 PC  BURGLARY RESIDENCE",2,0.0033003300330033
"FAMILY DISTURBANCE - I RPT -> 10851 VC AUTO THEFT LOCATE",2,0.0033003300330033
"FAMILY DISTURBANCE - I RPT -> 11350(A)HS POSS CNTRL SUBST",2,0.0033003300330033
"FAMILY DISTURBANCE - I RPT -> 242 PC  BATTERY CIVILIAN",2,0.0033003300330033
"FAMILY DISTURBANCE - I RPT -> 459 PC  BURGLARY VEHICLE",2,0.0033003300330033
"FAMILY DISTURBANCE - I RPT -> 484 PETTY THEFT-SHOPLIFT",2,0.0033003300330033
"FAMILY DISTURBANCE - I RPT -> 484 PETTY THEFT/LICENSE PLATE",2,0.0033003300330033
"FAMILY DISTURBANCE - I RPT -> 487(A) PC GRAND THEFT",2,0.0033003300330033
"FAMILY DISTURBANCE - I RPT -> SUSP PERS-NO CRIME - I RPT",2,0.0033003300330033
"FAMILY DISTURBANCE - I RPT -> THREATS - I RPT",2,0.0033003300330033
"FAMILY DISTURBANCE - I RPT -> TOWED/STORED VEH-14602.6",2,0.0033003300330033
"FOUND PROPERTY - I RPT -> 20001(A) VC HIT/RUN INJ/DEATH",2,0.0033003300330033
"FOUND PROPERTY - I RPT -> 20002(A) HIT/RUN",2,0.0033003300330033
"FOUND PROPERTY - I RPT -> 211 PC  ROBBERY UNSPECIFIED",2,0.0033003300330033
"FOUND PROPERTY - I RPT -> 211 PC ROBBERY- BUSINESS",2,0.0033003300330033
"FOUND PROPERTY - I RPT -> 243.2(A)(1) BATT/SCHOOL INJURY",2,0.0033003300330033
"FOUND PROPERTY - I RPT -> 245(A)(1)AWDW/NO FIREARM/CIVIL",2,0.0033003300330033
"FOUND PROPERTY - I RPT -> 247(B) PC SHOOT UNOCC BLDG/VEH",2,0.0033003300330033
"FOUND PROPERTY - I RPT -> 3056 PAROLE VIO - I RPT",2,0.0033003300330033
"FOUND PROPERTY - I RPT -> 484 PC PETTY THEFT",2,0.0033003300330033
"FOUND PROPERTY - I RPT -> 5150 WI DANGER SELF/OTHERS",2,0.0033003300330033
"FOUND PROPERTY - I RPT -> 530.5 PC USE PERSONAL ID INFO",2,0.0033003300330033
"FOUND PROPERTY - I RPT -> 594(B)(1)PC  VANDALISM +$400",2,0.0033003300330033
"FOUND PROPERTY - I RPT -> 626.10(A) PC POSS WPN SCHL ZN",2,0.0033003300330033
"FOUND PROPERTY - I RPT -> NARCOTICS SUSP/EVID/ACT- I RPT",2,0.0033003300330033
"FOUND PROPERTY - I RPT -> WARRANT SERVED - I RPT",2,0.0033003300330033
"FRAUD OR BUNCO - I RPT -> 245(A)(1)AWDW/NO FIREARM/CIVIL",2,0.0033003300330033
"FRAUD OR BUNCO - I RPT -> 459 PC  BURGLARY RESIDENCE",2,0.0033003300330033
"FRAUD OR BUNCO - I RPT -> 476 PC PASS FICTICIOUS CHECK",2,0.0033003300330033
"FRAUD OR BUNCO - I RPT -> 484 PC   PETTY THEFT/INSIDE",2,0.0033003300330033
"FRAUD OR BUNCO - I RPT -> 487(A) PC GRAND THEFT",2,0.0033003300330033
"FRAUD OR BUNCO - I RPT -> 594(B)(2)(A)VANDALISM GRAF-400",2,0.0033003300330033
"FRAUD OR BUNCO - I RPT -> BATTERY - I RPT",2,0.0033003300330033
"FRAUD OR BUNCO - I RPT -> MISCELLANEOUS I RPT (ZMISC)",2,0.0033003300330033
"FRAUD OR BUNCO - I RPT -> NON INJ HR/MAIL OUT REPORT",2,0.0033003300330033
"FRAUD-SWINDLE -> TRAFFIC-ACCIDENT INJURY",2,0.0033003300330033
"GANG ACTIVITY - I RPT -> 11357(B)HS POSS -28.5GR MARIJ",2,0.0033003300330033
"GANG ACTIVITY - I RPT -> 11364 HS POSS DRUG PARAPH",2,0.0033003300330033
"GANG ACTIVITY - I RPT -> 166(A)(4) WILFUL DISOBEY CT OR",2,0.0033003300330033
"GANG ACTIVITY - I RPT -> 1708 US   THEFT OF MAIL",2,0.0033003300330033
"GANG ACTIVITY - I RPT -> 20002(A) HIT/RUN",2,0.0033003300330033
"GANG ACTIVITY - I RPT -> 211 PC  ROBBERY UNSPECIFIED",2,0.0033003300330033
"GANG ACTIVITY - I RPT -> 23103(A) RECKLESS ON HIGHWAY",2,0.0033003300330033
"GANG ACTIVITY - I RPT -> 23222(B)POSSESS MARIJ IN VEH",2,0.0033003300330033
"GANG ACTIVITY - I RPT -> 422 PC THREAT/INTENT TO TERROR",2,0.0033003300330033
"GANG ACTIVITY - I RPT -> 484E(D)PC FRAUD POSS CARD INFO",2,0.0033003300330033
"GANG ACTIVITY - I RPT -> 487(A) GRAND THEFT-CLOUT-UNLOC",2,0.0033003300330033
"GANG ACTIVITY - I RPT -> 487(A) GRAND THEFT-COIN MACHIN",2,0.0033003300330033
"GANG ACTIVITY - I RPT -> ACCIDENTAL FIRES/ARSON -I RPT",2,0.0033003300330033
"GANG ACTIVITY - I RPT -> BATTERY - I RPT",2,0.0033003300330033
"GANG ACTIVITY - I RPT -> CHILD CUSTODY - I RPT",2,0.0033003300330033
"GANG ACTIVITY - I RPT -> IMPOUNDED VEHICLE",2,0.0033003300330033
"GANG ACTIVITY - I RPT -> NARCOTICS SUSP/EVID/ACT- I RPT",2,0.0033003300330033
"GANG ACTIVITY - I RPT -> NON INJ HR/MAIL OUT REPORT",2,0.0033003300330033
"GANG ACTIVITY - I RPT -> PERSON INFORMATION - I RPT",2,0.0033003300330033
"GANG ACTIVITY - I RPT -> VANDALISM - I RPT",2,0.0033003300330033
"GRAFFITI PROBLEMS- I RPT -> 11357(B)HS POSS -28.5GR MARIJ",2,0.0033003300330033
"GRAFFITI PROBLEMS- I RPT -> TRAFFIC-ACCIDENT-NON INJURY",2,0.0033003300330033
"GRAND THEFT - I RPT -> 23152(A) VC DUI-ALCOHOL/DRUGS",2,0.0033003300330033
"HARASSMENT - I RPT -> 11364 HS POSS DRUG PARAPH",2,0.0033003300330033
"HARASSMENT - I RPT -> 11377(A)HS POSS AMPHETAMINES",2,0.0033003300330033
"HARASSMENT - I RPT -> 242 PC  BATTERY CIVILIAN",2,0.0033003300330033
"HARASSMENT - I RPT -> 459 PC  BURGLARY BUSINESS",2,0.0033003300330033
"HARASSMENT - I RPT -> 475(C) PASS FORGED NOTE",2,0.0033003300330033
"HARASSMENT - I RPT -> 484 PETTY THEFT-SHOPLIFT",2,0.0033003300330033
"HARASSMENT - I RPT -> 530.5 PC USE PERSONAL ID INFO",2,0.0033003300330033
"HARASSMENT - I RPT -> 594(B)(2)(A) VANDALISM/ -$400",2,0.0033003300330033
"HARASSMENT - I RPT -> 666 PC PETTY THEFT W/PRI CONV",2,0.0033003300330033
"HARASSMENT - I RPT -> ASSAULT WITH WEAPON - I RPT",2,0.0033003300330033
"HARASSMENT - I RPT -> SUSP PERS-NO CRIME - I RPT",2,0.0033003300330033
"HAZARDOUS SITUATION - I RPT -> 10851 VC AUTO THEFT LOCATE",2,0.0033003300330033
"IMPOUNDED VEHICLE -> 10851(A)VC TAKE VEH W/O OWNER",2,0.0033003300330033
"IMPOUNDED VEHICLE -> 459 PC  BURGLARY BUSINESS",2,0.0033003300330033
"IMPOUNDED VEHICLE -> 484G(B) PC ACCESS CARD FRAUD",2,0.0033003300330033
"IMPOUNDED VEHICLE -> FOUND PROPERTY - I RPT",2,0.0033003300330033
"IMPOUNDED VEHICLE -> LOST PROPERTY - I RPT",2,0.0033003300330033
"IMPOUNDED VEHICLE -> TOWED/STORED VEH-14602.6",2,0.0033003300330033
"IMPOUNDED VEHICLE -> TOWED/STORED VEHICLE",2,0.0033003300330033
"IMPOUNDED VEHICLE -> TRAFFIC-ACCIDENT INJURY",2,0.0033003300330033
"IMPOUNDED VEHICLE -> TRAFFIC-ACCIDENT-NON INJURY",2,0.0033003300330033
"JUVENILE DISURBANCE - I RPT -> ASSAULT WITH WEAPON - I RPT",2,0.0033003300330033
"JUVENILE PROBLEMS - I RPT -> 11364 HS POSS DRUG PARAPH",2,0.0033003300330033
"JUVENILE PROBLEMS - I RPT -> 243(E)1 BATTERY NONCOHAB SPOUS",2,0.0033003300330033
"JUVENILE PROBLEMS - I RPT -> 417(A)1) PC BRANDISH NON-GUN",2,0.0033003300330033
"JUVENILE PROBLEMS - I RPT -> 459 PC  BURGLARY BUSINESS",2,0.0033003300330033
"JUVENILE PROBLEMS - I RPT -> 5150 WI DANGER SELF/OTHERS",2,0.0033003300330033
"JUVENILE PROBLEMS - I RPT -> CASUALTY REPORT",2,0.0033003300330033
"JUVENILE PROBLEMS - I RPT -> TOWED/STORED VEH-14602.6",2,0.0033003300330033
"JUVENILE PROBLEMS - I RPT -> TOWED/STORED VEHICLE",2,0.0033003300330033
"LOST PROPERTY - I RPT -> 11364 HS POSS DRUG PARAPH",2,0.0033003300330033
"LOST PROPERTY - I RPT -> 20002(A) HIT/RUN",2,0.0033003300330033
"LOST PROPERTY - I RPT -> 484 PC   PETTY THEFT/INSIDE",2,0.0033003300330033
"LOST PROPERTY - I RPT -> 496(A) RECEIVE STOLEN PROPERTY",2,0.0033003300330033
"LOST PROPERTY - I RPT -> CASUALTY REPORT",2,0.0033003300330033
"LOST PROPERTY - I RPT -> FOUND EVIDENCE-NON NARC -I RPT",2,0.0033003300330033
"LOST PROPERTY - I RPT -> MISCELLANEOUS I RPT (ZMISC)",2,0.0033003300330033
"LOST PROPERTY - I RPT -> NON INJ HR/MAIL OUT REPORT",2,0.0033003300330033
"MISCELLANEOUS I RPT (ZMISC) -> 11357(B)HS POSS -28.5GR MARIJ",2,0.0033003300330033
"MISCELLANEOUS I RPT (ZMISC) -> 211 PC  ROBBERY UNSPECIFIED",2,0.0033003300330033
"MISCELLANEOUS I RPT (ZMISC) -> 242 PC  BATTERY CIVILIAN",2,0.0033003300330033
"MISCELLANEOUS I RPT (ZMISC) -> 475(C) PASS FORGED NOTE",2,0.0033003300330033
"MISCELLANEOUS I RPT (ZMISC) -> 484 PC  PETTY THEFT/ OUTSIDE",2,0.0033003300330033
"MISCELLANEOUS I RPT (ZMISC) -> BATTERY - I RPT",2,0.0033003300330033
"MISCELLANEOUS I RPT (ZMISC) -> FOUND EVIDENCE-NON NARC -I RPT",2,0.0033003300330033
"MISCELLANEOUS I RPT (ZMISC) -> GANG ACTIVITY - I RPT",2,0.0033003300330033
"MISCELLANEOUS I RPT (ZMISC) -> MISCELLANEOUS I RPT (ZMISC)",2,0.0033003300330033
"MISCELLANEOUS I RPT (ZMISC) -> SAFEKEEPING - I RPT",2,0.0033003300330033
"MISSING PERSON -> 11357(B)HS POSS -28.5GR MARIJ",2,0.0033003300330033
"MISSING PERSON -> 12.52.030 SCC UNLAWFUL CAMPING",2,0.0033003300330033
"MISSING PERSON -> 148.9 PC FALSE ID TO OFFICER",2,0.0033003300330033
"MISSING PERSON -> 215(A) PC    CARJACKING",2,0.0033003300330033
"MISSING PERSON -> 22435.2(A) BP POSS SHOP CART",2,0.0033003300330033
"MISSING PERSON -> 417(A)1) PC BRANDISH NON-GUN",2,0.0033003300330033
"MISSING PERSON -> 475(C) PASS FORGED NOTE",2,0.0033003300330033
"MISSING PERSON -> 487(D)GRAND THEFT FIREARM/ANIM",2,0.0033003300330033
"MISSING PERSON -> 602(K)TRESPASS:INJURE PROPERTY",2,0.0033003300330033
"MISSING PERSON -> 647(B) PC   PROSTITUTION",2,0.0033003300330033
"MISSING PERSON -> FAMILY DISTURBANCE - I RPT",2,0.0033003300330033
"MISSING PERSON -> MISSING PERSON LOCATE O/S ASSI",2,0.0033003300330033
"MISSING PERSON -> PETTY THEFT - I RPT",2,0.0033003300330033
"MISSING PERSON -> RECOVERED PROPERTY - I RPT",2,0.0033003300330033
"MISSING PERSON -> SAFEKEEPING - I RPT",2,0.0033003300330033
"MISSING PERSON -> TELEPEST -I RPT",2,0.0033003300330033
"MISSING PERSON -> TRAFFIC OFFENSE",2,0.0033003300330033
"MISSING PERSON -> VANDALISM - I RPT",2,0.0033003300330033
"MISSING PERSON I RPT -> 11357(B)HS POSS -28.5GR MARIJ",2,0.0033003300330033
"MISSING PERSON I RPT -> 459 PC  BURGLARY BUSINESS",2,0.0033003300330033
"MISSING PERSON I RPT -> 484 PC PETTY THEFT",2,0.0033003300330033
"MISSING PERSON I RPT -> 594(B)(1)PC  VANDALISM +$400",2,0.0033003300330033
"MISSING PERSON I RPT -> FOUND EVIDENCE-NON NARC -I RPT",2,0.0033003300330033
"MISSING PERSON I RPT -> MISCELLANEOUS I RPT (ZMISC)",2,0.0033003300330033
"MISSING PERSON LOCATE O/S ASSI -> 242 PC  BATTERY CIVILIAN",2,0.0033003300330033
"MISSING PERSON LOCATE O/S ASSI -> 243(E)1 BATTERY NONCOHAB SPOUS",2,0.0033003300330033
"MISSING PERSON LOCATE O/S ASSI -> 5150 WI DANGER SELF/OTHERS",2,0.0033003300330033
"MISSING PERSON LOCATE O/S ASSI -> 594(B)(1)PC  VANDALISM +$400",2,0.0033003300330033
"MISSING PERSON LOCATE O/S ASSI -> 647(F) PC DIP - DISORDERLY",2,0.0033003300330033
"MISSING PERSON LOCATE O/S ASSI -> TOWED/STORED VEH-14602.6",2,0.0033003300330033
"NARCOTICS SUSP/EVID/ACT- I RPT -> 11357(B)HS POSS -28.5GR MARIJ",2,0.0033003300330033
"NARCOTICS SUSP/EVID/ACT- I RPT -> 215(A) PC    CARJACKING",2,0.0033003300330033
"NARCOTICS SUSP/EVID/ACT- I RPT -> 484 PETTY THEFT-SHOPLIFT",2,0.0033003300330033
"NARCOTICS SUSP/EVID/ACT- I RPT -> 484G(B) PC ACCESS CARD FRAUD",2,0.0033003300330033
"NARCOTICS SUSP/EVID/ACT- I RPT -> JUVENILE PROBLEMS - I RPT",2,0.0033003300330033
"NARCOTICS SUSP/EVID/ACT- I RPT -> LOST PROPERTY - I RPT",2,0.0033003300330033
"NARCOTICS SUSP/EVID/ACT- I RPT -> SUSP PERS-NO CRIME - I RPT",2,0.0033003300330033
"NARCOTICS SUSP/EVID/ACT- I RPT -> THREATS - I RPT",2,0.0033003300330033
"NARCOTICS SUSP/EVID/ACT- I RPT -> TRAFFIC-ACCIDENT-NON INJURY",2,0.0033003300330033
"NEIGHBORHOOD DISTURBANCE-I RPT -> 10851 VC AUTO THEFT LOCATE",2,0.0033003300330033
"NEIGHBORHOOD DISTURBANCE-I RPT -> 594(B)(2)(A) VANDALISM/ -$400",2,0.0033003300330033
"NEIGHBORHOOD DISTURBANCE-I RPT -> TOWED/STORED VEHICLE",2,0.0033003300330033
"NON INJ HR/MAIL OUT REPORT -> 11350(A)HS POSS CNTRL SUBST",2,0.0033003300330033
"NON INJ HR/MAIL OUT REPORT -> 12020(A)1) PROHIBITED FIREARM",2,0.0033003300330033
"NON INJ HR/MAIL OUT REPORT -> 148.9 PC FALSE ID TO OFFICER",2,0.0033003300330033
"NON INJ HR/MAIL OUT REPORT -> 1551(A) FUGITIVE FROM JUSTICE",2,0.0033003300330033
"NON INJ HR/MAIL OUT REPORT -> 211 PC  ROBBERY UNSPECIFIED",2,0.0033003300330033
"NON INJ HR/MAIL OUT REPORT -> 211 PC ROBBERY- BUSINESS",2,0.0033003300330033
"NON INJ HR/MAIL OUT REPORT -> 484 PETTY THEFT CLOUT UNLOCKED",2,0.0033003300330033
"NON INJ HR/MAIL OUT REPORT -> 484G(B) PC ACCESS CARD FRAUD",2,0.0033003300330033
"NON INJ HR/MAIL OUT REPORT -> 487(A) GRAND THEFT-INSIDE",2,0.0033003300330033
"NON INJ HR/MAIL OUT REPORT -> 487(A) PC GRAND THEFT",2,0.0033003300330033
"NON INJ HR/MAIL OUT REPORT -> 529 PC FALSE PERSONATION",2,0.0033003300330033
"NON INJ HR/MAIL OUT REPORT -> 530.5 PC USE PERSONAL ID INFO",2,0.0033003300330033
"NON INJ HR/MAIL OUT REPORT -> 626.10(A) PC POSS WPN SCHL ZN",2,0.0033003300330033
"NON INJ HR/MAIL OUT REPORT -> 647(F) PC DIP - DISORDERLY",2,0.0033003300330033
"NON INJ HR/MAIL OUT REPORT -> 666 PC PETTY THEFT W/PRI CONV",2,0.0033003300330033
"NON INJ HR/MAIL OUT REPORT -> BURGLARY - I RPT",2,0.0033003300330033
"NON INJ HR/MAIL OUT REPORT -> SAFEKEEPING - I RPT",2,0.0033003300330033
"O/S AGENCY -ASSISTANCE- I RPT -> 3056 PAROLE VIO - I RPT",2,0.0033003300330033
"O/S AGENCY -ASSISTANCE- I RPT -> 487(A) PC GRAND THEFT",2,0.0033003300330033
"O/S AGENCY -ASSISTANCE- I RPT -> CASUALTY REPORT",2,0.0033003300330033
"O/S AGENCY -ASSISTANCE- I RPT -> NON INJ HR/MAIL OUT REPORT",2,0.0033003300330033
"O/S AGENCY -ASSISTANCE- I RPT -> TRAFFIC-ACCIDENT INJURY",2,0.0033003300330033
"PERSON INFORMATION - I RPT -> 10851 VC AUTO THEFT LOCATE",2,0.0033003300330033
"PERSON INFORMATION - I RPT -> 1708 US   THEFT OF MAIL",2,0.0033003300330033
"PERSON INFORMATION - I RPT -> 20001(A) VC HIT/RUN INJ/DEATH",2,0.0033003300330033
"PERSON INFORMATION - I RPT -> 3056 PAROLE VIO - I RPT",2,0.0033003300330033
"PERSON INFORMATION - I RPT -> 484 PC   PETTY THEFT/INSIDE",2,0.0033003300330033
"PERSON INFORMATION - I RPT -> 530 PC FALSE PERS. REC PROP",2,0.0033003300330033
"PERSON INFORMATION - I RPT -> ACCIDENTAL FIRES/ARSON -I RPT",2,0.0033003300330033
"PERSON INFORMATION - I RPT -> GANG ACTIVITY - I RPT",2,0.0033003300330033
"PERSON INFORMATION - I RPT -> LOST PROPERTY - I RPT",2,0.0033003300330033
"PERSON INFORMATION - I RPT -> THREATS - I RPT",2,0.0033003300330033
"PERSON INFORMATION - I RPT -> TOWED/STORED VEHICLE",2,0.0033003300330033
"PERSON INFORMATION - I RPT -> TRAFFIC-ACCIDENT INJURY",2,0.0033003300330033
"PETTY THEFT - I RPT -> 11377(A)HS POSS AMPHETAMINES",2,0.0033003300330033
"PETTY THEFT - I RPT -> 242 PC  BATTERY CIVILIAN",2,0.0033003300330033
"PETTY THEFT - I RPT -> 5150 WI DANGER SELF/OTHERS",2,0.0033003300330033
"POSS STOLEN VEHICLE- I RPT -> 459 PC  BURGLARY VEHICLE",2,0.0033003300330033
"POSSIBLE FINANCIAL CRIME-I RPT -> 10851 VC AUTO THEFT LOCATE",2,0.0033003300330033
"POSSIBLE FINANCIAL CRIME-I RPT -> 11350(A)HS POSS CNTRL SUBST",2,0.0033003300330033
"POSSIBLE FINANCIAL CRIME-I RPT -> 20002(A) HIT/RUN",2,0.0033003300330033
"POSSIBLE FINANCIAL CRIME-I RPT -> 211 PC  ROBBERY UNSPECIFIED",2,0.0033003300330033
"POSSIBLE FINANCIAL CRIME-I RPT -> 23152(A) VC DUI-ALCOHOL/DRUGS",2,0.0033003300330033
"POSSIBLE FINANCIAL CRIME-I RPT -> 243(D) PC BATT/CIVILIAN W/INJ",2,0.0033003300330033
"POSSIBLE FINANCIAL CRIME-I RPT -> 487(A) PC GRAND THEFT",2,0.0033003300330033
"POSSIBLE FINANCIAL CRIME-I RPT -> MISSING PERSON",2,0.0033003300330033
"POSSIBLE FINANCIAL CRIME-I RPT -> TRAFFIC-ACCIDENT-NON INJURY",2,0.0033003300330033
"POSSIBLE MENTAL - I RPT -> 459 PC  BURGLARY VEHICLE",2,0.0033003300330033
"POSSIBLE STOLEN PROPERTY-I RPT -> 10851(A)VC TAKE VEH W/O OWNER",2,0.0033003300330033
"PROB VIOLA/FEL-MISD - I RPT -> TOWED/STORED VEH-14602.6",2,0.0033003300330033
"PROB VIOLA/FEL-MISD - I RPT -> TOWED/STORED VEHICLE",2,0.0033003300330033
"PROTECTIVE CUSTODY-I RPT -> 10851 VC AUTO THEFT LOCATE",2,0.0033003300330033
"PROTECTIVE CUSTODY-I RPT -> 459 PC  BURGLARY RESIDENCE",2,0.0033003300330033
"PROTECTIVE CUSTODY-I RPT -> 594(B)(2)(A) VANDALISM/ -$400",2,0.0033003300330033
"PROTECTIVE CUSTODY-I RPT -> CASUALTY REPORT",2,0.0033003300330033
"PROTECTIVE CUSTODY-I RPT -> MISSING PERSON",2,0.0033003300330033
"PROTECTIVE CUSTODY-I RPT -> TOWED/STORED VEH-14602.6",2,0.0033003300330033
"RECOVERED PROPERTY - I RPT -> MISSING PERSON",2,0.0033003300330033
"RECOVERED PROPERTY - I RPT -> TOWED/STORED VEHICLE",2,0.0033003300330033
"ROBBERY - I RPT -> 245(A)(1)AWDW/NO FIREARM/CIVIL",2,0.0033003300330033
"ROBBERY - I RPT -> 459 PC  BURGLARY RESIDENCE",2,0.0033003300330033
"ROBBERY - I RPT -> 484 PC  PETTY THEFT/ OUTSIDE",2,0.0033003300330033
"ROBBERY - I RPT -> 594(B)(1)PC  VANDALISM +$400",2,0.0033003300330033
"ROBBERY - I RPT -> TOWED/STORED VEH-14602.6",2,0.0033003300330033
"ROBBERY - I RPT -> TRAFFIC-ACCIDENT-NON INJURY",2,0.0033003300330033
"SAFEKEEPING - I RPT -> 10851 VC AUTO THEFT LOCATE",2,0.0033003300330033
"SAFEKEEPING - I RPT -> 10851(A)VC TAKE VEH W/O OWNER",2,0.0033003300330033
"SAFEKEEPING - I RPT -> 11364 HS POSS DRUG PARAPH",2,0.0033003300330033
"SAFEKEEPING - I RPT -> 243(E)1 BATTERY NONCOHAB SPOUS",2,0.0033003300330033
"SAFEKEEPING - I RPT -> 484 PC  PETTY THEFT/ OUTSIDE",2,0.0033003300330033
"SAFEKEEPING - I RPT -> 484 PC PETTY THEFT",2,0.0033003300330033
"SAFEKEEPING - I RPT -> MISSING PERSON",2,0.0033003300330033
"SHOOT INTO OCCUP DWELL - I RPT -> 10851(A)VC TAKE VEH W/O OWNER",2,0.0033003300330033
"SUSP PERS-NO CRIME - I RPT -> 11377(A)HS POSS AMPHETAMINES",2,0.0033003300330033
"SUSP PERS-NO CRIME - I RPT -> 484 PC   PETTY THEFT/INSIDE",2,0.0033003300330033
"SUSP PERS-NO CRIME - I RPT -> 484 PETTY THEFT/LICENSE PLATE",2,0.0033003300330033
"SUSP PERS-NO CRIME - I RPT -> 487(A) PC GRAND THEFT",2,0.0033003300330033
"SUSP PERS-NO CRIME - I RPT -> 647(F) PC DIP - DISORDERLY",2,0.0033003300330033
"SUSP PERS-NO CRIME - I RPT -> CASUALTY REPORT",2,0.0033003300330033
"SUSP PERS-NO CRIME - I RPT -> FOUND PROPERTY - I RPT",2,0.0033003300330033
"SUSP PERS-NO CRIME - I RPT -> HARASSMENT - I RPT",2,0.0033003300330033
"SUSP PERS-NO CRIME - I RPT -> MISSING PERSON",2,0.0033003300330033
"SUSP PERS-NO CRIME - I RPT -> TRAFFIC - I RPT",2,0.0033003300330033
"SUSPICIOUS VEHICLE - I RPT -> 10851(A)VC TAKE VEH W/O OWNER",2,0.0033003300330033
"SUSPICIOUS VEHICLE - I RPT -> TOWED/STORED VEHICLE",2,0.0033003300330033
"TELEPEST -I RPT -> 10851(A)VC TAKE VEH W/O OWNER",2,0.0033003300330033
"TELEPEST -I RPT -> 243(E)1 BATTERY NONCOHAB SPOUS",2,0.0033003300330033
"TELEPEST -I RPT -> 246 PC SHOOT OCCUP DWELL/VEH",2,0.0033003300330033
"TELEPEST -I RPT -> 484 PC PETTY THEFT",2,0.0033003300330033
"TELEPEST -I RPT -> 484G(B) PC ACCESS CARD FRAUD",2,0.0033003300330033
"TELEPEST -I RPT -> MISCELLANEOUS I RPT (ZMISC)",2,0.0033003300330033
"TERRORIST THREATS - I RPT -> TOWED/STORED VEH-14602.6",2,0.0033003300330033
"THREATS - I RPT -> 148.9 PC FALSE ID TO OFFICER",2,0.0033003300330033
"THREATS - I RPT -> 3056 PAROLE VIO - I RPT",2,0.0033003300330033
"THREATS - I RPT -> 476 PC PASS FICTICIOUS CHECK",2,0.0033003300330033
"THREATS - I RPT -> 484J PC PUBLISH CARD INFO",2,0.0033003300330033
"THREATS - I RPT -> 666 PC PETTY THEFT W/PRI CONV",2,0.0033003300330033
"THREATS - I RPT -> MISCELLANEOUS I RPT (ZMISC)",2,0.0033003300330033
"THREATS - I RPT -> MISSING PERSON LOCATE O/S ASSI",2,0.0033003300330033
"THREATS - I RPT -> SUSP PERS-NO CRIME - I RPT",2,0.0033003300330033
"TOWED/STORED VEH-14602.6 -> 11378 HS POSS/SALE AMPHETAMINE",2,0.0033003300330033
"TOWED/STORED VEH-14602.6 -> 148.4(A)PC TAMPER FIRE PROT EQ",2,0.0033003300330033
"TOWED/STORED VEH-14602.6 -> 1708 US   THEFT OF MAIL",2,0.0033003300330033
"TOWED/STORED VEH-14602.6 -> 211 PC  ROBBERY-BANK",2,0.0033003300330033
"TOWED/STORED VEH-14602.6 -> 22435.2(A) BP POSS SHOP CART",2,0.0033003300330033
"TOWED/STORED VEH-14602.6 -> 290(A)(1)(D) FAIL TO REG-5 DAY",2,0.0033003300330033
"TOWED/STORED VEH-14602.6 -> 290(F)1 W/I 5 DAYS ADD CHANGE",2,0.0033003300330033
"TOWED/STORED VEH-14602.6 -> 32210 EC WILFL DISTURB PUB SCH",2,0.0033003300330033
"TOWED/STORED VEH-14602.6 -> 417(A)1) PC BRANDISH NON-GUN",2,0.0033003300330033
"TOWED/STORED VEH-14602.6 -> 451(B) PC ARSON OF INHAB STRUC",2,0.0033003300330033
"TOWED/STORED VEH-14602.6 -> 459 PC  BURGLARY-UNSPECIFIED",2,0.0033003300330033
"TOWED/STORED VEH-14602.6 -> 484E(A)PC THEFT OF CREDIT CARD",2,0.0033003300330033
"TOWED/STORED VEH-14602.6 -> 484G(A)PC USE FORGED CARD",2,0.0033003300330033
"TOWED/STORED VEH-14602.6 -> 508 PC   EMBEZZLEMENT/EMPLOYEE",2,0.0033003300330033
"TOWED/STORED VEH-14602.6 -> 647(F) PC PUB INTOX-DETOX ONLY",2,0.0033003300330033
"TOWED/STORED VEH-14602.6 -> 653M(A) PC OBSCENE/THREAT CALL",2,0.0033003300330033
"TOWED/STORED VEH-14602.6 -> 9.04.070 URINATE/DEFECATE PUB",2,0.0033003300330033
"TOWED/STORED VEH-14602.6 -> CHILD WELFARE - I RPT",2,0.0033003300330033
"TOWED/STORED VEH-14602.6 -> ELDER ABUSE/PHYS/MENTAL-I RPT",2,0.0033003300330033
"TOWED/STORED VEH-14602.6 -> FOUND EVIDENCE-NON NARC -I RPT",2,0.0033003300330033
"TOWED/STORED VEH-14602.6 -> GRAND THEFT - I RPT",2,0.0033003300330033
"TOWED/STORED VEH-14602.6 -> HAZARDOUS SITUATION - I RPT",2,0.0033003300330033
"TOWED/STORED VEH-14602.6 -> JUVENILE PROBLEMS - I RPT",2,0.0033003300330033
"TOWED/STORED VEH-14602.6 -> PROB VIOLA/FEL-MISD - I RPT",2,0.0033003300330033
"TOWED/STORED VEH-14602.6 -> VANDALISM - I RPT",2,0.0033003300330033
"TOWED/STORED VEHICLE -> 11532(A)HS LOITER DRG ACTIVITY",2,0.0033003300330033
"TOWED/STORED VEHICLE -> 12020(A)(4) PC DIRK/DAGGER",2,0.0033003300330033
"TOWED/STORED VEHICLE -> 12020(A)1) PROHIBITED FIREARM",2,0.0033003300330033
"TOWED/STORED VEHICLE -> 12022.1 PC COMMIT FEL ON BAIL",2,0.0033003300330033
"TOWED/STORED VEHICLE -> 148.9 PC FALSE ID TO OFFICER",2,0.0033003300330033
"TOWED/STORED VEHICLE -> 166(A)(4) WILFUL DISOBEY CT OR",2,0.0033003300330033
"TOWED/STORED VEHICLE -> 1708 US   THEFT OF MAIL",2,0.0033003300330033
"TOWED/STORED VEHICLE -> 22435.2(A) BP POSS SHOP CART",2,0.0033003300330033
"TOWED/STORED VEHICLE -> 23222(B)POSSESS MARIJ IN VEH",2,0.0033003300330033
"TOWED/STORED VEHICLE -> 243(B) BATTERY DR/NURSE/EMERG",2,0.0033003300330033
"TOWED/STORED VEHICLE -> 243(D) PC BATT/CIVILIAN W/INJ",2,0.0033003300330033
"TOWED/STORED VEHICLE -> 243.2(A)(1) BATT/SCHOOL INJURY",2,0.0033003300330033
"TOWED/STORED VEHICLE -> 415.5(A)(1) PC FIGHT SCHOOL GR",2,0.0033003300330033
"TOWED/STORED VEHICLE -> 417(A)1) PC BRANDISH NON-GUN",2,0.0033003300330033
"TOWED/STORED VEHICLE -> 422 PC THREAT/INTENT TO TERROR",2,0.0033003300330033
"TOWED/STORED VEHICLE -> 451(D) PC  ARSON OF PROPERTY",2,0.0033003300330033
"TOWED/STORED VEHICLE -> 459 PC  BURGLARY-UNSPECIFIED",2,0.0033003300330033
"TOWED/STORED VEHICLE -> 466 PC   POSS OF BURG TOOLS",2,0.0033003300330033
"TOWED/STORED VEHICLE -> 484 PC   THEFT-LIC PLATE TABS",2,0.0033003300330033
"TOWED/STORED VEHICLE -> 484 PETTY THEFT CLOUT UNLOCKED",2,0.0033003300330033
"TOWED/STORED VEHICLE -> 484 PETTY THEFT-PURSE SNATCH",2,0.0033003300330033
"TOWED/STORED VEHICLE -> 484E(A)PC THEFT OF CREDIT CARD",2,0.0033003300330033
"TOWED/STORED VEHICLE -> 484J PC PUBLISH CARD INFO",2,0.0033003300330033
"TOWED/STORED VEHICLE -> 496(A) RECEIVE STOLEN PROPERTY",2,0.0033003300330033
"TOWED/STORED VEHICLE -> 503 PC   EMBEZZLEMENT",2,0.0033003300330033
"TOWED/STORED VEHICLE -> 603  FORCED ENTRY/PROP DAMAGE",2,0.0033003300330033
"TOWED/STORED VEHICLE -> 647(F) PC PUB INTOX-DETOX ONLY",2,0.0033003300330033
"TOWED/STORED VEHICLE -> 653M(A) PC OBSCENE/THREAT CALL",2,0.0033003300330033
"TOWED/STORED VEHICLE -> BOMBS/THREATS/EXPLOSIV- I RPT",2,0.0033003300330033
"TOWED/STORED VEHICLE -> CHILD WELFARE - I RPT",2,0.0033003300330033
"TOWED/STORED VEHICLE -> ELDER ABUSE/PHYS/MENTAL-I RPT",2,0.0033003300330033
"TOWED/STORED VEHICLE -> IMPOUNDED VEHICLE",2,0.0033003300330033
"TOWED/STORED VEHICLE -> JUVENILE DISURBANCE - I RPT",2,0.0033003300330033
"TOWED/STORED VEHICLE -> JUVENILE PROBLEMS - I RPT",2,0.0033003300330033
"TOWED/STORED VEHICLE -> O/S AGENCY -ASSISTANCE- I RPT",2,0.0033003300330033
"TOWED/STORED VEHICLE -> PETTY THEFT - I RPT",2,0.0033003300330033
"TOWED/STORED VEHICLE -> POSS STOLEN VEHICLE- I RPT",2,0.0033003300330033
"TOWED/STORED VEHICLE -> POSSIBLE STOLEN PROPERTY-I RPT",2,0.0033003300330033
"TOWED/STORED VEHICLE -> PROTECTIVE CUSTODY-I RPT",2,0.0033003300330033
"TOWED/STORED VEHICLE -> ROBBERY - I RPT",2,0.0033003300330033
"TRAFFIC - I RPT -> 10851 VC AUTO THEFT LOCATE",2,0.0033003300330033
"TRAFFIC - I RPT -> 20002(A) HIT/RUN",2,0.0033003300330033
"TRAFFIC - I RPT -> 211 PC  ROBBERY UNSPECIFIED",2,0.0033003300330033
"TRAFFIC - I RPT -> 459 PC  BURGLARY RESIDENCE",2,0.0033003300330033
"TRAFFIC - I RPT -> 484 PC   PETTY THEFT/INSIDE",2,0.0033003300330033
"TRAFFIC - I RPT -> 487(A) PC GRAND THEFT",2,0.0033003300330033
"TRAFFIC - I RPT -> 594(B)(1)PC  VANDALISM +$400",2,0.0033003300330033
"TRAFFIC - I RPT -> 594(B)(2)(A) VANDALISM/ -$400",2,0.0033003300330033
"TRAFFIC - I RPT -> MISSING PERSON",2,0.0033003300330033
"TRAFFIC - I RPT -> NON INJ HR/MAIL OUT REPORT",2,0.0033003300330033
"TRAFFIC OFFENSE -> NON INJ HR/MAIL OUT REPORT",2,0.0033003300330033
"TRAFFIC-ACCIDENT INJURY -> 11377(A)HS POSS AMPHETAMINES",2,0.0033003300330033
"TRAFFIC-ACCIDENT INJURY -> 12020(A)1) PROHIBITED FIREARM",2,0.0033003300330033
"TRAFFIC-ACCIDENT INJURY -> 14601(A) VC LIC SUSP NEGLIGENT",2,0.0033003300330033
"TRAFFIC-ACCIDENT INJURY -> 148.9 PC FALSE ID TO OFFICER",2,0.0033003300330033
"TRAFFIC-ACCIDENT INJURY -> 1551(A) FUGITIVE FROM JUSTICE",2,0.0033003300330033
"TRAFFIC-ACCIDENT INJURY -> 20001(A) VC HIT/RUN INJ/DEATH",2,0.0033003300330033
"TRAFFIC-ACCIDENT INJURY -> 23222(B)POSSESS MARIJ IN VEH",2,0.0033003300330033
"TRAFFIC-ACCIDENT INJURY -> 243.2(A)(1) BATT/SCHOOL INJURY",2,0.0033003300330033
"TRAFFIC-ACCIDENT INJURY -> 246 PC SHOOT OCCUP DWELL/VEH",2,0.0033003300330033
"TRAFFIC-ACCIDENT INJURY -> 290(A)(1)(D) FAIL TO REG-5 DAY",2,0.0033003300330033
"TRAFFIC-ACCIDENT INJURY -> 4140 BP  POSS OF HYPO NEEDLE",2,0.0033003300330033
"TRAFFIC-ACCIDENT INJURY -> 475(A)PC POSS FORGED CHK/NOTE",2,0.0033003300330033
"TRAFFIC-ACCIDENT INJURY -> 484 PETTY THEFT CLOUT UNLOCKED",2,0.0033003300330033
"TRAFFIC-ACCIDENT INJURY -> 508 PC   EMBEZZLEMENT/EMPLOYEE",2,0.0033003300330033
"TRAFFIC-ACCIDENT INJURY -> 529 PC FALSE PERSONATION",2,0.0033003300330033
"TRAFFIC-ACCIDENT INJURY -> BURGLARY - I RPT",2,0.0033003300330033
"TRAFFIC-ACCIDENT INJURY -> CHILD WELFARE - I RPT",2,0.0033003300330033
"TRAFFIC-ACCIDENT INJURY -> HARASSMENT - I RPT",2,0.0033003300330033
"TRAFFIC-ACCIDENT INJURY -> NARCOTICS SUSP/EVID/ACT- I RPT",2,0.0033003300330033
"TRAFFIC-ACCIDENT INJURY -> NEIGHBORHOOD DISTURBANCE-I RPT",2,0.0033003300330033
"TRAFFIC-ACCIDENT INJURY -> SAFEKEEPING - I RPT",2,0.0033003300330033
"TRAFFIC-ACCIDENT INJURY -> TRAFFIC - I RPT",2,0.0033003300330033
"TRAFFIC-ACCIDENT-NON INJURY -> 11359 HS POSS FOR SALE MARIJ",2,0.0033003300330033
"TRAFFIC-ACCIDENT-NON INJURY -> 11377(A)HS POSS AMPHETAMINES",2,0.0033003300330033
"TRAFFIC-ACCIDENT-NON INJURY -> 1551(A) FUGITIVE FROM JUSTICE",2,0.0033003300330033
"TRAFFIC-ACCIDENT-NON INJURY -> 166(A)(4) WILFUL DISOBEY CT OR",2,0.0033003300330033
"TRAFFIC-ACCIDENT-NON INJURY -> 1708 US   THEFT OF MAIL",2,0.0033003300330033
"TRAFFIC-ACCIDENT-NON INJURY -> 192(C)(2)VEH MAN W/O GROSS NEG",2,0.0033003300330033
"TRAFFIC-ACCIDENT-NON INJURY -> 243.2(A)(1) BATT/SCHOOL INJURY",2,0.0033003300330033
"TRAFFIC-ACCIDENT-NON INJURY -> 4140 BP  POSS OF HYPO NEEDLE",2,0.0033003300330033
"TRAFFIC-ACCIDENT-NON INJURY -> 451(D) PC  ARSON OF PROPERTY",2,0.0033003300330033
"TRAFFIC-ACCIDENT-NON INJURY -> 484 PC  PETTY THEFT/ OUTSIDE",2,0.0033003300330033
"TRAFFIC-ACCIDENT-NON INJURY -> 484J PC PUBLISH CARD INFO",2,0.0033003300330033
"TRAFFIC-ACCIDENT-NON INJURY -> 487(A) GRAND THEFT-INSIDE",2,0.0033003300330033
"TRAFFIC-ACCIDENT-NON INJURY -> 594(B)(1)VANDALISM GRAF +$400",2,0.0033003300330033
"TRAFFIC-ACCIDENT-NON INJURY -> 647(F) PC DIP - DISORDERLY",2,0.0033003300330033
"TRAFFIC-ACCIDENT-NON INJURY -> 653M(A) PC OBSCENE/THREAT CALL",2,0.0033003300330033
"TRAFFIC-ACCIDENT-NON INJURY -> 653M(B) PC ANNOY/RPT CALL HOME",2,0.0033003300330033
"TRAFFIC-ACCIDENT-NON INJURY -> CASUALTY REPORT",2,0.0033003300330033
"TRAFFIC-ACCIDENT-NON INJURY -> CHILD WELFARE - I RPT",2,0.0033003300330033
"TRAFFIC-ACCIDENT-NON INJURY -> ELDER ABUSE/PHYS/MENTAL-I RPT",2,0.0033003300330033
"TRAFFIC-ACCIDENT-NON INJURY -> FRAUD OR BUNCO - I RPT",2,0.0033003300330033
"TRAFFIC-ACCIDENT-NON INJURY -> HIT AND RUN /SUSPECTS- I RPT",2,0.0033003300330033
"TRAFFIC-ACCIDENT-NON INJURY -> PERSON INFORMATION - I RPT",2,0.0033003300330033
"TRAFFIC-ACCIDENT-NON INJURY -> POSSIBLE FINANCIAL CRIME-I RPT",2,0.0033003300330033
"TRAFFIC-ACCIDENT-NON INJURY -> WARRANT SERVED - I RPT",2,0.0033003300330033
"TRESPASS OR PROWLER- I RPT -> 20001(A) VC HIT/RUN INJ/DEATH",2,0.0033003300330033
"TRESPASS OR PROWLER- I RPT -> 459 PC  BURGLARY RESIDENCE",2,0.0033003300330033
"TRESPASS OR PROWLER- I RPT -> 594(B)(1)PC  VANDALISM +$400",2,0.0033003300330033
"VANDALISM - I RPT -> 12020(A)1) PROHIBITED FIREARM",2,0.0033003300330033
"VANDALISM - I RPT -> 20002(A) HIT/RUN",2,0.0033003300330033
"VANDALISM - I RPT -> 484 PETTY THEFT/LICENSE PLATE",2,0.0033003300330033
"VANDALISM - I RPT -> FOUND PROPERTY - I RPT",2,0.0033003300330033
"VANDALISM - I RPT -> MISCELLANEOUS I RPT (ZMISC)",2,0.0033003300330033
"VANDALISM - I RPT -> MISSING PERSON",2,0.0033003300330033
"VANDALISM - I RPT -> NON INJ HR/MAIL OUT REPORT",2,0.0033003300330033
"VANDALISM - I RPT -> TOWED/STORED VEH-14602.6",2,0.0033003300330033
"WARRANT SERVED - I RPT -> 11364 HS POSS DRUG PARAPH",2,0.0033003300330033
"WARRANT SERVED - I RPT -> 245(A)(1)AWDW/NO FIREARM/CIVIL",2,0.0033003300330033
"WARRANT SERVED - I RPT -> 459 PC  BURGLARY VEHICLE",2,0.0033003300330033
"WARRANT SERVED - I RPT -> 484 PC   PETTY THEFT/INSIDE",2,0.0033003300330033
"10.48.150 E FALSIFY PKG PERMIT -> 484 PC   PETTY THEFT/INSIDE",1,0.00165016501650165
"10851 VC AUTO THEFT LOCATE -> 11359 HS POSS FOR SALE MARIJ",1,0.00165016501650165
"10851 VC AUTO THEFT LOCATE -> 12.52.030 SCC UNLAWFUL CAMPING",1,0.00165016501650165
"10851 VC AUTO THEFT LOCATE -> 12025(A)2)CONCL GUN ON PER/MSD",1,0.00165016501650165
"10851 VC AUTO THEFT LOCATE -> 12101(B)1)PC MINOR POSS AMMO",1,0.00165016501650165
"10851 VC AUTO THEFT LOCATE -> 148.9 PC FALSE ID TO OFFICER",1,0.00165016501650165
"10851 VC AUTO THEFT LOCATE -> 1705 US DESTRUCT OF MAIL RECEP",1,0.00165016501650165
"10851 VC AUTO THEFT LOCATE -> 187(A)  HOMICIDE",1,0.00165016501650165
"10851 VC AUTO THEFT LOCATE -> 211 PC ROBBERY-PURSE SNATCH",1,0.00165016501650165
"10851 VC AUTO THEFT LOCATE -> 212.5(A)ROBBERY-INHAB DWELLING",1,0.00165016501650165
"10851 VC AUTO THEFT LOCATE -> 215(A) PC    CARJACKING",1,0.00165016501650165
"10851 VC AUTO THEFT LOCATE -> 23103(A) RECKLESS ON HIGHWAY",1,0.00165016501650165
"10851 VC AUTO THEFT LOCATE -> 23153(A) VC DUI CAUSE INJURY",1,0.00165016501650165
"10851 VC AUTO THEFT LOCATE -> 23222(B)POSSESS MARIJ IN VEH",1,0.00165016501650165
"10851 VC AUTO THEFT LOCATE -> 243(D) PC BATT/CIVILIAN W/INJ",1,0.00165016501650165
"10851 VC AUTO THEFT LOCATE -> 243.6 BATTERY SCHOOL EMPLOYEE",1,0.00165016501650165
"10851 VC AUTO THEFT LOCATE -> 246 PC SHOOT OCCUP DWELL/VEH",1,0.00165016501650165
"10851 VC AUTO THEFT LOCATE -> 25661 BP FALSE EVIDENCE OF AGE",1,0.00165016501650165
"10851 VC AUTO THEFT LOCATE -> 2800.2(A) VC EVADING/RECKLESS",1,0.00165016501650165
"10851 VC AUTO THEFT LOCATE -> 290(F)1 W/I 5 DAYS ADD CHANGE",1,0.00165016501650165
"10851 VC AUTO THEFT LOCATE -> 417(A)1) PC BRANDISH NON-GUN",1,0.00165016501650165
"10851 VC AUTO THEFT LOCATE -> 417(A)2) PC BRANDISH FIREARM",1,0.00165016501650165
"10851 VC AUTO THEFT LOCATE -> 422 PC THREAT/INTENT TO TERROR",1,0.00165016501650165
"10851 VC AUTO THEFT LOCATE -> 451(B) PC ARSON OF INHAB STRUC",1,0.00165016501650165
"10851 VC AUTO THEFT LOCATE -> 451(D) PC  ARSON OF PROPERTY",1,0.00165016501650165
"10851 VC AUTO THEFT LOCATE -> 459 PC  BURGLARY-UNSPECIFIED",1,0.00165016501650165
"10851 VC AUTO THEFT LOCATE -> 475(C) PASS FORGED NOTE",1,0.00165016501650165
"10851 VC AUTO THEFT LOCATE -> 484 PC  PETTY THEFT AUTO PART",1,0.00165016501650165
"10851 VC AUTO THEFT LOCATE -> 487(A) GRAND THEFT-CLOUT-UNLOC",1,0.00165016501650165
"10851 VC AUTO THEFT LOCATE -> 487(A) GRAND THEFT-COIN MACHIN",1,0.00165016501650165
"10851 VC AUTO THEFT LOCATE -> 487(A) PC GRAND THEFT-SHOPLIFT",1,0.00165016501650165
"10851 VC AUTO THEFT LOCATE -> 496(A) PC REC STOLEN AUTO PART",1,0.00165016501650165
"10851 VC AUTO THEFT LOCATE -> 498(B)(5) THEFT OF ELECTRICITY",1,0.00165016501650165
"10851 VC AUTO THEFT LOCATE -> 503 PC   EMBEZZLEMENT",1,0.00165016501650165
"10851 VC AUTO THEFT LOCATE -> 508 PC   EMBEZZLEMENT/EMPLOYEE",1,0.00165016501650165
"10851 VC AUTO THEFT LOCATE -> 530 PC FALSE PERS. REC PROP",1,0.00165016501650165
"10851 VC AUTO THEFT LOCATE -> 537(A)(1) DEFRAUD INKEEP/-$400",1,0.00165016501650165
"10851 VC AUTO THEFT LOCATE -> 587C PC EVADE PAYMENT RAILFARE",1,0.00165016501650165
"10851 VC AUTO THEFT LOCATE -> 626.10(A) PC POSS WPN SCHL ZN",1,0.00165016501650165
"10851 VC AUTO THEFT LOCATE -> 647(B) PC   PROSTITUTION",1,0.00165016501650165
"10851 VC AUTO THEFT LOCATE -> 653.22(A) LOITER PROSTITUTION",1,0.00165016501650165
"10851 VC AUTO THEFT LOCATE -> 653K PC POSS/SELL SWITCHBLADE",1,0.00165016501650165
"10851 VC AUTO THEFT LOCATE -> 653M(B) PC ANNOY/RPT CALL HOME",1,0.00165016501650165
"10851 VC AUTO THEFT LOCATE -> 9.04.050 A DRINKING IN PUBLIC",1,0.00165016501650165
"10851 VC AUTO THEFT LOCATE -> 9.04.070 URINATE/DEFECATE PUB",1,0.00165016501650165
"10851 VC AUTO THEFT LOCATE -> CHILD WELFARE - I RPT",1,0.00165016501650165
"10851 VC AUTO THEFT LOCATE -> FAMILY DISTURBANCE - I RPT",1,0.00165016501650165
"10851 VC AUTO THEFT LOCATE -> GRAFFITI PROBLEMS- I RPT",1,0.00165016501650165
"10851 VC AUTO THEFT LOCATE -> JUVENILE DISURBANCE - I RPT",1,0.00165016501650165
"10851 VC AUTO THEFT LOCATE -> JUVENILE PROBLEMS - I RPT",1,0.00165016501650165
"10851 VC AUTO THEFT LOCATE -> NEIGHBORHOOD DISTURBANCE-I RPT",1,0.00165016501650165
"10851 VC AUTO THEFT LOCATE -> O/S AGENCY -ASSISTANCE- I RPT",1,0.00165016501650165
"10851 VC AUTO THEFT LOCATE -> POSS STOLEN VEHICLE- I RPT",1,0.00165016501650165
"10851 VC AUTO THEFT LOCATE -> POSSIBLE FINANCIAL CRIME-I RPT",1,0.00165016501650165
"10851 VC AUTO THEFT LOCATE -> POSSIBLE MENTAL - I RPT",1,0.00165016501650165
"10851 VC AUTO THEFT LOCATE -> PROTECTIVE CUSTODY-I RPT",1,0.00165016501650165
"10851 VC AUTO THEFT LOCATE -> TELEPEST -I RPT",1,0.00165016501650165
"10851 VC AUTO THEFT LOCATE -> VANDALISM - I RPT",1,0.00165016501650165
"10851(A)VC TAKE VEH W/O OWNER -> 10853 VC MALIC MISCHIEF TO VEH",1,0.00165016501650165
"10851(A)VC TAKE VEH W/O OWNER -> 10855 VC LSE/RENT NOT RETURNED",1,0.00165016501650165
"10851(A)VC TAKE VEH W/O OWNER -> 11351 HS POSS/SALE OPIATE/NARC",1,0.00165016501650165
"10851(A)VC TAKE VEH W/O OWNER -> 11351.5 HS POSS SALE RCK COCAI",1,0.00165016501650165
"10851(A)VC TAKE VEH W/O OWNER -> 11352(A)HS SALE/TRANS CNTL SUB",1,0.00165016501650165
"10851(A)VC TAKE VEH W/O OWNER -> 11359 HS POSS FOR SALE MARIJ",1,0.00165016501650165
"10851(A)VC TAKE VEH W/O OWNER -> 11360(A)HS SALE/TRANSP MARIJ",1,0.00165016501650165
"10851(A)VC TAKE VEH W/O OWNER -> 11378 HS POSS CNTRL SUB/SALE",1,0.00165016501650165
"10851(A)VC TAKE VEH W/O OWNER -> 11550(A)HS UNDER INFL NARCOTIC",1,0.00165016501650165
"10851(A)VC TAKE VEH W/O OWNER -> 12.72.060I ADULT LOITER PLYGRD",1,0.00165016501650165
"10851(A)VC TAKE VEH W/O OWNER -> 12025(A)1)CONCLD GUN VEH/FEL",1,0.00165016501650165
"10851(A)VC TAKE VEH W/O OWNER -> 1767.3 WI CYA PAROLE HOLD",1,0.00165016501650165
"10851(A)VC TAKE VEH W/O OWNER -> 192(C)(2)VEH MAN W/O GROSS NEG",1,0.00165016501650165
"10851(A)VC TAKE VEH W/O OWNER -> 21200.5 VC BICYCLE DUI",1,0.00165016501650165
"10851(A)VC TAKE VEH W/O OWNER -> 22435.2(A) BP POSS SHOP CART",1,0.00165016501650165
"10851(A)VC TAKE VEH W/O OWNER -> 23110(B) VC THROW AT VEH W/INT",1,0.00165016501650165
"10851(A)VC TAKE VEH W/O OWNER -> 23152(B) VC DUI BA .08 OR MORE",1,0.00165016501650165
"10851(A)VC TAKE VEH W/O OWNER -> 240 PC ASSAULT/SIMPLE-CIVILIAN",1,0.00165016501650165
"10851(A)VC TAKE VEH W/O OWNER -> 243.2(A)(1) BATT/SCHOOL INJURY",1,0.00165016501650165
"10851(A)VC TAKE VEH W/O OWNER -> 243.6 BATTERY SCHOOL EMPLOYEE",1,0.00165016501650165
"10851(A)VC TAKE VEH W/O OWNER -> 25632 BP CONSM ALC AFT CLOSING",1,0.00165016501650165
"10851(A)VC TAKE VEH W/O OWNER -> 25661 BP FALSE EVIDENCE OF AGE",1,0.00165016501650165
"10851(A)VC TAKE VEH W/O OWNER -> 2800.2(A) VC EVADING/RECKLESS",1,0.00165016501650165
"10851(A)VC TAKE VEH W/O OWNER -> 31 VC FALSE INFO TO OFFICER",1,0.00165016501650165
"10851(A)VC TAKE VEH W/O OWNER -> 314.1 PC   INDECENT EXPOSURE",1,0.00165016501650165
"10851(A)VC TAKE VEH W/O OWNER -> 32210 EC WILFL DISTURB PUB SCH",1,0.00165016501650165
"10851(A)VC TAKE VEH W/O OWNER -> 368(E) THEFT OF ELDER <$400",1,0.00165016501650165
"10851(A)VC TAKE VEH W/O OWNER -> 415(3) PC DIST PEACE OFF WORDS",1,0.00165016501650165
"10851(A)VC TAKE VEH W/O OWNER -> 417.4 PC BRANDISH IMIT FIREARM",1,0.00165016501650165
"10851(A)VC TAKE VEH W/O OWNER -> 422 PC THREAT/INTENT TO TERROR",1,0.00165016501650165
"10851(A)VC TAKE VEH W/O OWNER -> 4462.5 VC FALSE TAB/AVOID REG",1,0.00165016501650165
"10851(A)VC TAKE VEH W/O OWNER -> 484 PC   THEFT-LIC PLATE TABS",1,0.00165016501650165
"10851(A)VC TAKE VEH W/O OWNER -> 484E(A)PC THEFT OF CREDIT CARD",1,0.00165016501650165
"10851(A)VC TAKE VEH W/O OWNER -> 487(A) GRAND THEFT-AUTO PARTS",1,0.00165016501650165
"10851(A)VC TAKE VEH W/O OWNER -> 487(A) GRAND THEFT-COIN MACHIN",1,0.00165016501650165
"10851(A)VC TAKE VEH W/O OWNER -> 487(D) PC GRAND THEFT AUTO",1,0.00165016501650165
"10851(A)VC TAKE VEH W/O OWNER -> 602(K)TRESPASS:INJURE PROPERTY",1,0.00165016501650165
"10851(A)VC TAKE VEH W/O OWNER -> 602(L)(1)TRESPASS REFUSE TO LV",1,0.00165016501650165
"10851(A)VC TAKE VEH W/O OWNER -> 602.1(A)TRES OBST BUSIN OPERAT",1,0.00165016501650165
"10851(A)VC TAKE VEH W/O OWNER -> 647(A) PC LEWD CONDUCT",1,0.00165016501650165
"10851(A)VC TAKE VEH W/O OWNER -> 653.22(A) LOITER PROSTITUTION",1,0.00165016501650165
"10851(A)VC TAKE VEH W/O OWNER -> 9.04.050C POSS OPEN CONTAINER",1,0.00165016501650165
"10851(A)VC TAKE VEH W/O OWNER -> BOMBS/THREATS/EXPLOSIV- I RPT",1,0.00165016501650165
"10851(A)VC TAKE VEH W/O OWNER -> FALSE PERSONATION - I RPT",1,0.00165016501650165
"10851(A)VC TAKE VEH W/O OWNER -> FILE-UNABLE TO DEFINE - I RPT",1,0.00165016501650165
"10851(A)VC TAKE VEH W/O OWNER -> FOUND EVIDENCE-NON NARC -I RPT",1,0.00165016501650165
"10851(A)VC TAKE VEH W/O OWNER -> JUVENILE DISURBANCE - I RPT",1,0.00165016501650165
"10851(A)VC TAKE VEH W/O OWNER -> PETTY THEFT - I RPT",1,0.00165016501650165
"10851(A)VC TAKE VEH W/O OWNER -> POSSIBLE MENTAL - I RPT",1,0.00165016501650165
"10851(A)VC TAKE VEH W/O OWNER -> POSSIBLE STOLEN PROPERTY-I RPT",1,0.00165016501650165
"10851(A)VC TAKE VEH W/O OWNER -> RECOVERED PROPERTY - I RPT",1,0.00165016501650165
"10851(A)VC TAKE VEH W/O OWNER -> WANTED SUBJ-O/S WANT/ I RPT",1,0.00165016501650165
"10852 VC VEHICLE TAMPERING -> 10851 VC AUTO THEFT LOCATE",1,0.00165016501650165
"10852 VC VEHICLE TAMPERING -> 10851(A)VC TAKE VEH W/O OWNER",1,0.00165016501650165
"10852 VC VEHICLE TAMPERING -> 11377(A)HS POSS AMPHETAMINES",1,0.00165016501650165
"10852 VC VEHICLE TAMPERING -> 211 PC  ROBBERY UNSPECIFIED",1,0.00165016501650165
"10852 VC VEHICLE TAMPERING -> 459 PC  BURGLARY VEHICLE",1,0.00165016501650165
"10852 VC VEHICLE TAMPERING -> 484 PETTY THEFT CLOUT UNLOCKED",1,0.00165016501650165
"10852 VC VEHICLE TAMPERING -> 484 PETTY THEFT/LICENSE PLATE",1,0.00165016501650165
"10852 VC VEHICLE TAMPERING -> 594(B)(2)(A) VANDALISM/ -$400",1,0.00165016501650165
"10852 VC VEHICLE TAMPERING -> HARASSMENT - I RPT",1,0.00165016501650165
"10852 VC VEHICLE TAMPERING -> TOWED/STORED VEHICLE",1,0.00165016501650165
"10853 VC MALIC MISCHIEF TO VEH -> 1203.2 PC VIOLATION OF PROBATI",1,0.00165016501650165
"10853 VC MALIC MISCHIEF TO VEH -> 20002(A) HIT/RUN",1,0.00165016501650165
"10853 VC MALIC MISCHIEF TO VEH -> 459 PC  BURGLARY BUSINESS",1,0.00165016501650165
"10853 VC MALIC MISCHIEF TO VEH -> 484 PETTY THEFT-SHOPLIFT",1,0.00165016501650165
"10853 VC MALIC MISCHIEF TO VEH -> 594(B)(2)(A) VANDALISM/ -$400",1,0.00165016501650165
"10853 VC MALIC MISCHIEF TO VEH -> TRAFFIC-ACCIDENT INJURY",1,0.00165016501650165
"10855 VC LSE/RENT NOT RETURNED -> 459 PC  BURGLARY BUSINESS",1,0.00165016501650165
"10855 VC LSE/RENT NOT RETURNED -> 459 PC  BURGLARY VEHICLE",1,0.00165016501650165
"10855 VC LSE/RENT NOT RETURNED -> 5150 WI DANGER SELF/OTHERS",1,0.00165016501650165
"10855 VC LSE/RENT NOT RETURNED -> BOMBS/THREATS/EXPLOSIV- I RPT",1,0.00165016501650165
"10855 VC LSE/RENT NOT RETURNED -> MISCELLANEOUS I RPT (ZMISC)",1,0.00165016501650165
"11350(A)HS POSS CNTRL SUBST -> 10.48.150 E FALSIFY PKG PERMIT",1,0.00165016501650165
"11350(A)HS POSS CNTRL SUBST -> 10851 VC AUTO THEFT LOCATE",1,0.00165016501650165
"11350(A)HS POSS CNTRL SUBST -> 11350(A)HS POSS CNTRL SUBST",1,0.00165016501650165
"11350(A)HS POSS CNTRL SUBST -> 11350(B)HS POSSESS QUAALUDES",1,0.00165016501650165
"11350(A)HS POSS CNTRL SUBST -> 11351.5 HS POSS SALE RCK COCAI",1,0.00165016501650165
"11350(A)HS POSS CNTRL SUBST -> 11352(A)HS SALE/TRANS CNTL SUB",1,0.00165016501650165
"11350(A)HS POSS CNTRL SUBST -> 11359 HS POSS FOR SALE MARIJ",1,0.00165016501650165
"11350(A)HS POSS CNTRL SUBST -> 12021(A)(1)PC FELON POSS FRARM",1,0.00165016501650165
"11350(A)HS POSS CNTRL SUBST -> 211 PC ROBBERY- BUSINESS",1,0.00165016501650165
"11350(A)HS POSS CNTRL SUBST -> 212.5(B) ROB-VICINITY OF ATM",1,0.00165016501650165
"11350(A)HS POSS CNTRL SUBST -> 243(E)1 BATTERY NONCOHAB SPOUS",1,0.00165016501650165
"11350(A)HS POSS CNTRL SUBST -> 243.6 BATTERY SCHOOL EMPLOYEE",1,0.00165016501650165
"11350(A)HS POSS CNTRL SUBST -> 245(A)(1)AWDW/NO FIREARM/CIVIL",1,0.00165016501650165
"11350(A)HS POSS CNTRL SUBST -> 25661 BP FALSE EVIDENCE OF AGE",1,0.00165016501650165
"11350(A)HS POSS CNTRL SUBST -> 308(B) PC MINOR POSS TOBACCO",1,0.00165016501650165
"11350(A)HS POSS CNTRL SUBST -> 415(1) PC DISTURB PEACE/FIGHT",1,0.00165016501650165
"11350(A)HS POSS CNTRL SUBST -> 484 PC   PETTY THEFT/INSIDE",1,0.00165016501650165
"11350(A)HS POSS CNTRL SUBST -> 484 PC-PETTY THEFT-COIN MACHIN",1,0.00165016501650165
"11350(A)HS POSS CNTRL SUBST -> 484 PETTY THEFT-SHOPLIFT",1,0.00165016501650165
"11350(A)HS POSS CNTRL SUBST -> 484G(B) PC ACCESS CARD FRAUD",1,0.00165016501650165
"11350(A)HS POSS CNTRL SUBST -> 487(A) GRAND THEFT-INSIDE",1,0.00165016501650165
"11350(A)HS POSS CNTRL SUBST -> 487(D)GRAND THEFT FIREARM/ANIM",1,0.00165016501650165
"11350(A)HS POSS CNTRL SUBST -> 530.5 PC USE PERSONAL ID INFO",1,0.00165016501650165
"11350(A)HS POSS CNTRL SUBST -> 653.22(A) LOITER PROSTITUTION",1,0.00165016501650165
"11350(A)HS POSS CNTRL SUBST -> 9.04.050C POSS OPEN CONTAINER",1,0.00165016501650165
"11350(A)HS POSS CNTRL SUBST -> BATTERY - I RPT",1,0.00165016501650165
"11350(A)HS POSS CNTRL SUBST -> BURGLARY - I RPT",1,0.00165016501650165
"11350(A)HS POSS CNTRL SUBST -> CHILD CUSTODY - I RPT",1,0.00165016501650165
"11350(A)HS POSS CNTRL SUBST -> FOUND PROPERTY - I RPT",1,0.00165016501650165
"11350(A)HS POSS CNTRL SUBST -> HARASSMENT - I RPT",1,0.00165016501650165
"11350(A)HS POSS CNTRL SUBST -> NARCOTICS SUSP/EVID/ACT- I RPT",1,0.00165016501650165
"11350(A)HS POSS CNTRL SUBST -> POSS STOLEN VEHICLE- I RPT",1,0.00165016501650165
"11350(A)HS POSS CNTRL SUBST -> SAFEKEEPING - I RPT",1,0.00165016501650165
"11350(A)HS POSS CNTRL SUBST -> TELEPEST -I RPT",1,0.00165016501650165
"11350(A)HS POSS CNTRL SUBST -> TRAFFIC - I RPT",1,0.00165016501650165
"11350(B)HS POSSESS QUAALUDES -> 10851 VC AUTO THEFT LOCATE",1,0.00165016501650165
"11350(B)HS POSSESS QUAALUDES -> 11351.5 HS POSS SALE RCK COCAI",1,0.00165016501650165
"11350(B)HS POSSESS QUAALUDES -> 11364 HS POSS DRUG PARAPH",1,0.00165016501650165
"11350(B)HS POSSESS QUAALUDES -> 11377(A)HS POSS AMPHETAMINES",1,0.00165016501650165
"11350(B)HS POSSESS QUAALUDES -> 20002(A) HIT/RUN",1,0.00165016501650165
"11350(B)HS POSSESS QUAALUDES -> 23152(A) VC DUI-ALCOHOL/DRUGS",1,0.00165016501650165
"11350(B)HS POSSESS QUAALUDES -> 242 PC  BATTERY CIVILIAN",1,0.00165016501650165
"11350(B)HS POSSESS QUAALUDES -> 245(A)(1)AWDW/NO FIREARM/CIVIL",1,0.00165016501650165
"11350(B)HS POSSESS QUAALUDES -> 31 VC FALSE INFO TO OFFICER",1,0.00165016501650165
"11350(B)HS POSSESS QUAALUDES -> 459 PC  BURGLARY BUSINESS",1,0.00165016501650165
"11350(B)HS POSSESS QUAALUDES -> 459 PC  BURGLARY VEHICLE",1,0.00165016501650165
"11350(B)HS POSSESS QUAALUDES -> 484 PC  PETTY THEFT/ OUTSIDE",1,0.00165016501650165
"11350(B)HS POSSESS QUAALUDES -> 594(B)(1)PC  VANDALISM +$400",1,0.00165016501650165
"11350(B)HS POSSESS QUAALUDES -> 594.3(A)VANDAL/PLACE OF WORSHI",1,0.00165016501650165
"11350(B)HS POSSESS QUAALUDES -> CASUALTY REPORT",1,0.00165016501650165
"11350(B)HS POSSESS QUAALUDES -> MISSING PERSON",1,0.00165016501650165
"11350(B)HS POSSESS QUAALUDES -> TRAFFIC-ACCIDENT INJURY",1,0.00165016501650165
"11351 HS POSS/SALE OPIATE/NARC -> 10851(A)VC TAKE VEH W/O OWNER",1,0.00165016501650165
"11351 HS POSS/SALE OPIATE/NARC -> 459 PC  BURGLARY VEHICLE",1,0.00165016501650165
"11351 HS POSS/SALE OPIATE/NARC -> CASUALTY REPORT",1,0.00165016501650165
"11351 HS POSS/SALE OPIATE/NARC -> MISSING PERSON",1,0.00165016501650165
"11351.5 HS POSS SALE RCK COCAI -> 10851 VC AUTO THEFT LOCATE",1,0.00165016501650165
"11351.5 HS POSS SALE RCK COCAI -> 11364 HS POSS DRUG PARAPH",1,0.00165016501650165
"11351.5 HS POSS SALE RCK COCAI -> 20002(A) HIT/RUN",1,0.00165016501650165
"11351.5 HS POSS SALE RCK COCAI -> 243(E)1 BATTERY NONCOHAB SPOUS",1,0.00165016501650165
"11351.5 HS POSS SALE RCK COCAI -> 245(A)(1)AWDW/NO FIREARM/CIVIL",1,0.00165016501650165
"11351.5 HS POSS SALE RCK COCAI -> 4140 BP  POSS OF HYPO NEEDLE",1,0.00165016501650165
"11351.5 HS POSS SALE RCK COCAI -> 459 PC  BURGLARY RESIDENCE",1,0.00165016501650165
"11351.5 HS POSS SALE RCK COCAI -> 484 PC PETTY THEFT",1,0.00165016501650165
"11351.5 HS POSS SALE RCK COCAI -> 484 PETTY THEFT-SHOPLIFT",1,0.00165016501650165
"11351.5 HS POSS SALE RCK COCAI -> 487(A) PC GRAND THEFT",1,0.00165016501650165
"11351.5 HS POSS SALE RCK COCAI -> 5150 WI DANGER SELF/OTHERS",1,0.00165016501650165
"11351.5 HS POSS SALE RCK COCAI -> 530.5 PC USE PERSONAL ID INFO",1,0.00165016501650165
"11351.5 HS POSS SALE RCK COCAI -> JUVENILE PROBLEMS - I RPT",1,0.00165016501650165
"11351.5 HS POSS SALE RCK COCAI -> TOWED/STORED VEH-14602.6",1,0.00165016501650165
"11351.5 HS POSS SALE RCK COCAI -> TOWED/STORED VEHICLE",1,0.00165016501650165
"11351.5 HS POSS SALE RCK COCAI -> TRAFFIC-ACCIDENT INJURY",1,0.00165016501650165
"11351.5 HS POSS SALE RCK COCAI -> TRAFFIC-ACCIDENT-NON INJURY",1,0.00165016501650165
"11352(A)HS SALE/TRANS CNTL SUB -> 11350(A)HS POSS CNTRL SUBST",1,0.00165016501650165
"11352(A)HS SALE/TRANS CNTL SUB -> 11352(A)HS SALE/TRANS CNTL SUB",1,0.00165016501650165
"11352(A)HS SALE/TRANS CNTL SUB -> 11377(A)HS POSS AMPHETAMINES",1,0.00165016501650165
"11352(A)HS SALE/TRANS CNTL SUB -> 11550(A)HS UNDER INFL NARCOTIC",1,0.00165016501650165
"11352(A)HS SALE/TRANS CNTL SUB -> 1551(A) FUGITIVE FROM JUSTICE",1,0.00165016501650165
"11352(A)HS SALE/TRANS CNTL SUB -> 23103(A) RECKLESS ON HIGHWAY",1,0.00165016501650165
"11352(A)HS SALE/TRANS CNTL SUB -> 242 PC  BATTERY CIVILIAN",1,0.00165016501650165
"11352(A)HS SALE/TRANS CNTL SUB -> 243.6 BATTERY SCHOOL EMPLOYEE",1,0.00165016501650165
"11352(A)HS SALE/TRANS CNTL SUB -> 290(A)(1)(D) FAIL TO REG-5 DAY",1,0.00165016501650165
"11352(A)HS SALE/TRANS CNTL SUB -> 3056 PAROLE VIO - I RPT",1,0.00165016501650165
"11352(A)HS SALE/TRANS CNTL SUB -> 484 PC   PETTY THEFT/INSIDE",1,0.00165016501650165
"11352(A)HS SALE/TRANS CNTL SUB -> 484 PETTY THEFT/LICENSE PLATE",1,0.00165016501650165
"11352(A)HS SALE/TRANS CNTL SUB -> 484G(B) PC ACCESS CARD FRAUD",1,0.00165016501650165
"11352(A)HS SALE/TRANS CNTL SUB -> 5150 WI DANGER SELF/OTHERS",1,0.00165016501650165
"11352(A)HS SALE/TRANS CNTL SUB -> BATTERY - I RPT",1,0.00165016501650165
"11352(A)HS SALE/TRANS CNTL SUB -> FOUND PROPERTY - I RPT",1,0.00165016501650165
"11352(A)HS SALE/TRANS CNTL SUB -> HARASSMENT - I RPT",1,0.00165016501650165
"11352(A)HS SALE/TRANS CNTL SUB -> HIT AND RUN /SUSPECTS- I RPT",1,0.00165016501650165
"11352(A)HS SALE/TRANS CNTL SUB -> NON INJ HR/MAIL OUT REPORT",1,0.00165016501650165
"11352(A)HS SALE/TRANS CNTL SUB -> PERSON INFORMATION - I RPT",1,0.00165016501650165
"11352(A)HS SALE/TRANS CNTL SUB -> ROBBERY - I RPT",1,0.00165016501650165
"11352(B)HS TRANS SUBST TO CNTY -> 11352(A)HS SALE/TRANS CNTL SUB",1,0.00165016501650165
"11352(B)HS TRANS SUBST TO CNTY -> 290(F)1 W/I 5 DAYS ADD CHANGE",1,0.00165016501650165
"11352(B)HS TRANS SUBST TO CNTY -> 3056 PAROLE VIO - I RPT",1,0.00165016501650165
"11352(B)HS TRANS SUBST TO CNTY -> FOUND PROPERTY - I RPT",1,0.00165016501650165
"11352(B)HS TRANS SUBST TO CNTY -> TOWED/STORED VEHICLE",1,0.00165016501650165
"11357(B)HS POSS -28.5GR MARIJ -> 11352(A)HS SALE/TRANS CNTL SUB",1,0.00165016501650165
"11357(B)HS POSS -28.5GR MARIJ -> 11357(B)HS POSS -28.5GR MARIJ",1,0.00165016501650165
"11357(B)HS POSS -28.5GR MARIJ -> 11550(A)HS UNDER INFL NARCOTIC",1,0.00165016501650165
"11357(B)HS POSS -28.5GR MARIJ -> 12020(A)(4) PC DIRK/DAGGER",1,0.00165016501650165
"11357(B)HS POSS -28.5GR MARIJ -> 1551(A) FUGITIVE FROM JUSTICE",1,0.00165016501650165
"11357(B)HS POSS -28.5GR MARIJ -> 23222(B)POSSESS MARIJ IN VEH",1,0.00165016501650165
"11357(B)HS POSS -28.5GR MARIJ -> 243(E)1 BATTERY NONCOHAB SPOUS",1,0.00165016501650165
"11357(B)HS POSS -28.5GR MARIJ -> 243.6 BATTERY SCHOOL EMPLOYEE",1,0.00165016501650165
"11357(B)HS POSS -28.5GR MARIJ -> 245(A)(1)AWDW/NO FIREARM/CIVIL",1,0.00165016501650165
"11357(B)HS POSS -28.5GR MARIJ -> 245(A)(2) AWDW/FIREARM/CIVILIA",1,0.00165016501650165
"11357(B)HS POSS -28.5GR MARIJ -> 290(A)(1)(D) FAIL TO REG-5 DAY",1,0.00165016501650165
"11357(B)HS POSS -28.5GR MARIJ -> 484 PC PETTY THEFT",1,0.00165016501650165
"11357(B)HS POSS -28.5GR MARIJ -> 487(A) GRAND THEFT-INSIDE",1,0.00165016501650165
"11357(B)HS POSS -28.5GR MARIJ -> 487(D)GRAND THEFT FIREARM/ANIM",1,0.00165016501650165
"11357(B)HS POSS -28.5GR MARIJ -> 529 PC FALSE PERSONATION",1,0.00165016501650165
"11357(B)HS POSS -28.5GR MARIJ -> 532 PC FRAUD OBTAIN MONEY ETC",1,0.00165016501650165
"11357(B)HS POSS -28.5GR MARIJ -> 537(A)(1) DEFRAUD INKEEP/-$400",1,0.00165016501650165
"11357(B)HS POSS -28.5GR MARIJ -> 601(A) WI JUVENILE INCORRIGIBL",1,0.00165016501650165
"11357(B)HS POSS -28.5GR MARIJ -> 666 PC PETTY THEFT W/PRI CONV",1,0.00165016501650165
"11357(B)HS POSS -28.5GR MARIJ -> 9.04.050C POSS OPEN CONTAINER",1,0.00165016501650165
"11357(B)HS POSS -28.5GR MARIJ -> ASSAULT WITH WEAPON - I RPT",1,0.00165016501650165
"11357(B)HS POSS -28.5GR MARIJ -> BATTERY - I RPT",1,0.00165016501650165
"11357(B)HS POSS -28.5GR MARIJ -> BOMBS/THREATS/EXPLOSIV- I RPT",1,0.00165016501650165
"11357(B)HS POSS -28.5GR MARIJ -> BURGLARY - I RPT",1,0.00165016501650165
"11357(B)HS POSS -28.5GR MARIJ -> CHILD WELFARE - I RPT",1,0.00165016501650165
"11357(B)HS POSS -28.5GR MARIJ -> FALSE PERSONATION - I RPT",1,0.00165016501650165
"11357(B)HS POSS -28.5GR MARIJ -> FAMILY DISTURBANCE - I RPT",1,0.00165016501650165
"11357(B)HS POSS -28.5GR MARIJ -> GANG ACTIVITY - I RPT",1,0.00165016501650165
"11357(B)HS POSS -28.5GR MARIJ -> HARASSMENT - I RPT",1,0.00165016501650165
"11357(B)HS POSS -28.5GR MARIJ -> LOST PROPERTY - I RPT",1,0.00165016501650165
"11357(B)HS POSS -28.5GR MARIJ -> MISSING PERSON LOCATE O/S ASSI",1,0.00165016501650165
"11357(B)HS POSS -28.5GR MARIJ -> O/S AGENCY -ASSISTANCE- I RPT",1,0.00165016501650165
"11357(B)HS POSS -28.5GR MARIJ -> POSSIBLE MENTAL - I RPT",1,0.00165016501650165
"11357(B)HS POSS -28.5GR MARIJ -> ROBBERY - I RPT",1,0.00165016501650165
"11357(B)HS POSS -28.5GR MARIJ -> SUSPICIOUS VEHICLE - I RPT",1,0.00165016501650165
"11357(B)HS POSS -28.5GR MARIJ -> TRAFFIC - I RPT",1,0.00165016501650165
"11357(B)HS POSS -28.5GR MARIJ -> TRAFFIC-ACCIDENT INJURY",1,0.00165016501650165
"11357(B)HS POSS -28.5GR MARIJ -> VICE/GAMBLING ACT - I RPT",1,0.00165016501650165
"11357(C)HS POSS +28.5GR MARIJ -> 459 PC  BURGLARY RESIDENCE",1,0.00165016501650165
"11357(C)HS POSS +28.5GR MARIJ -> 487(A) GRAND THEFT-CLOUT-UNLOC",1,0.00165016501650165
"11357(C)HS POSS +28.5GR MARIJ -> 594(B)(2)(A) VANDALISM/ -$400",1,0.00165016501650165
"11357(C)HS POSS +28.5GR MARIJ -> CASUALTY REPORT",1,0.00165016501650165
"11357(E) MNR POSS MARIJ SCHOOL -> 10851(A)VC TAKE VEH W/O OWNER",1,0.00165016501650165
"11357(E) MNR POSS MARIJ SCHOOL -> 243.2(A)(1) BATT/SCHOOL INJURY",1,0.00165016501650165
"11357(E) MNR POSS MARIJ SCHOOL -> 290(A)(1)(D) FAIL TO REG-5 DAY",1,0.00165016501650165
"11357(E) MNR POSS MARIJ SCHOOL -> 459 PC  BURGLARY RESIDENCE",1,0.00165016501650165
"11357(E) MNR POSS MARIJ SCHOOL -> 594(B)(1)PC  VANDALISM +$400",1,0.00165016501650165
"11357(E) MNR POSS MARIJ SCHOOL -> 594(B)(2)(A) VANDALISM/ -$400",1,0.00165016501650165
"11357(E) MNR POSS MARIJ SCHOOL -> 666 PC PETTY THEFT W/PRI CONV",1,0.00165016501650165
"11357(E) MNR POSS MARIJ SCHOOL -> MISCELLANEOUS I RPT (ZMISC)",1,0.00165016501650165
"11357(E) MNR POSS MARIJ SCHOOL -> NON INJ HR/MAIL OUT REPORT",1,0.00165016501650165
"11357(E) MNR POSS MARIJ SCHOOL -> TOWED/STORED VEH-14602.6",1,0.00165016501650165
"11358 HS CULTIVATE MARIJUANA -> 10851 VC AUTO THEFT LOCATE",1,0.00165016501650165
"11358 HS CULTIVATE MARIJUANA -> 11364 HS POSS DRUG PARAPH",1,0.00165016501650165
"11358 HS CULTIVATE MARIJUANA -> 242 PC  BATTERY CIVILIAN",1,0.00165016501650165
"11358 HS CULTIVATE MARIJUANA -> 459 PC  BURGLARY RESIDENCE",1,0.00165016501650165
"11358 HS CULTIVATE MARIJUANA -> 459 PC  BURGLARY VEHICLE",1,0.00165016501650165
"11358 HS CULTIVATE MARIJUANA -> 484 PC   PETTY THEFT/INSIDE",1,0.00165016501650165
"11358 HS CULTIVATE MARIJUANA -> 484G(B) PC ACCESS CARD FRAUD",1,0.00165016501650165
"11358 HS CULTIVATE MARIJUANA -> 594(B)(1)PC  VANDALISM +$400",1,0.00165016501650165
"11358 HS CULTIVATE MARIJUANA -> BATTERY - I RPT",1,0.00165016501650165
"11358 HS CULTIVATE MARIJUANA -> LOST PROPERTY - I RPT",1,0.00165016501650165
"11358 HS CULTIVATE MARIJUANA -> MISSING PERSON LOCATE O/S ASSI",1,0.00165016501650165
"11359 HS POSS FOR SALE MARIJ -> 10851(A)VC TAKE VEH W/O OWNER",1,0.00165016501650165
"11359 HS POSS FOR SALE MARIJ -> 11350(A)HS POSS CNTRL SUBST",1,0.00165016501650165
"11359 HS POSS FOR SALE MARIJ -> 11357(B)HS POSS -28.5GR MARIJ",1,0.00165016501650165
"11359 HS POSS FOR SALE MARIJ -> 12020(A)1) PROHIBITED FIREARM",1,0.00165016501650165
"11359 HS POSS FOR SALE MARIJ -> 1203.2 PC VIOLATION OF PROBATI",1,0.00165016501650165
"11359 HS POSS FOR SALE MARIJ -> 211 PC  ROBBERY UNSPECIFIED",1,0.00165016501650165
"11359 HS POSS FOR SALE MARIJ -> 211 PC ROBBERY- BUSINESS",1,0.00165016501650165
"11359 HS POSS FOR SALE MARIJ -> 23152(A) VC DUI-ALCOHOL/DRUGS",1,0.00165016501650165
"11359 HS POSS FOR SALE MARIJ -> 243(E)1 BATTERY NONCOHAB SPOUS",1,0.00165016501650165
"11359 HS POSS FOR SALE MARIJ -> 245(A)(1)AWDW/NO FIREARM/CIVIL",1,0.00165016501650165
"11359 HS POSS FOR SALE MARIJ -> 273.6(A) PC VIO DV COURT ORDER",1,0.00165016501650165
"11359 HS POSS FOR SALE MARIJ -> 484 PETTY THEFT/LICENSE PLATE",1,0.00165016501650165
"11359 HS POSS FOR SALE MARIJ -> 487(A) GRAND THEFT-INSIDE",1,0.00165016501650165
"11359 HS POSS FOR SALE MARIJ -> 5150 WI DANGER SELF/OTHERS",1,0.00165016501650165
"11359 HS POSS FOR SALE MARIJ -> NEIGHBORHOOD DISTURBANCE-I RPT",1,0.00165016501650165
"11359 HS POSS FOR SALE MARIJ -> ROBBERY - I RPT",1,0.00165016501650165
"11359 HS POSS FOR SALE MARIJ -> SUSP PERS-NO CRIME - I RPT",1,0.00165016501650165
"11359 HS POSS FOR SALE MARIJ -> THREATS - I RPT",1,0.00165016501650165
"11359 HS POSS FOR SALE MARIJ -> TOWED/STORED VEHICLE",1,0.00165016501650165
"11359 HS POSS FOR SALE MARIJ -> TRAFFIC-ACCIDENT INJURY",1,0.00165016501650165
"11360(A)HS SALE/TRANSP MARIJ -> 484J PC PUBLISH CARD INFO",1,0.00165016501650165
"11360(A)HS SALE/TRANSP MARIJ -> 647(B) PC   PROSTITUTION",1,0.00165016501650165
"11360(A)HS SALE/TRANSP MARIJ -> TOWED/STORED VEHICLE",1,0.00165016501650165
"11360(A)HS SALE/TRANSP MARIJ -> TRAFFIC-ACCIDENT INJURY",1,0.00165016501650165
"11361(B)HS ADLT FURN MNR MARIJ -> 10851 VC AUTO THEFT LOCATE",1,0.00165016501650165
"11361(B)HS ADLT FURN MNR MARIJ -> 11359 HS POSS FOR SALE MARIJ",1,0.00165016501650165
"11361(B)HS ADLT FURN MNR MARIJ -> 602(L)(1)TRESPASS REFUSE TO LV",1,0.00165016501650165
"11361(B)HS ADLT FURN MNR MARIJ -> 653.22(A) LOITER PROSTITUTION",1,0.00165016501650165
"11361(B)HS ADLT FURN MNR MARIJ -> 666 PC PETTY THEFT W/PRI CONV",1,0.00165016501650165
"11364 HS POSS DRUG PARAPH -> 10855 VC LSE/RENT NOT RETURNED",1,0.00165016501650165
"11364 HS POSS DRUG PARAPH -> 11350(A)HS POSS CNTRL SUBST",1,0.00165016501650165
"11364 HS POSS DRUG PARAPH -> 11350(B)HS POSSESS QUAALUDES",1,0.00165016501650165
"11364 HS POSS DRUG PARAPH -> 11351.5 HS POSS SALE RCK COCAI",1,0.00165016501650165
"11364 HS POSS DRUG PARAPH -> 11359 HS POSS FOR SALE MARIJ",1,0.00165016501650165
"11364 HS POSS DRUG PARAPH -> 11532(A)HS LOITER DRG ACTIVITY",1,0.00165016501650165
"11364 HS POSS DRUG PARAPH -> 12.52.030 SCC UNLAWFUL CAMPING",1,0.00165016501650165
"11364 HS POSS DRUG PARAPH -> 12020(A)1) PROHIBITED FIREARM",1,0.00165016501650165
"11364 HS POSS DRUG PARAPH -> 12021(A)(1)PC FELON POSS FRARM",1,0.00165016501650165
"11364 HS POSS DRUG PARAPH -> 14601.1(A) VC LIC SUSP OTHER",1,0.00165016501650165
"11364 HS POSS DRUG PARAPH -> 1551(A) FUGITIVE FROM JUSTICE",1,0.00165016501650165
"11364 HS POSS DRUG PARAPH -> 166(A)(4) WILFUL DISOBEY CT OR",1,0.00165016501650165
"11364 HS POSS DRUG PARAPH -> 1708 US   THEFT OF MAIL",1,0.00165016501650165
"11364 HS POSS DRUG PARAPH -> 197 JUSTIFIABLE HOMI-CIVILIAN",1,0.00165016501650165
"11364 HS POSS DRUG PARAPH -> 211 PC ROBBERY-PURSE SNATCH",1,0.00165016501650165
"11364 HS POSS DRUG PARAPH -> 215(A) PC    CARJACKING",1,0.00165016501650165
"11364 HS POSS DRUG PARAPH -> 23153(A) VC DUI CAUSE INJURY",1,0.00165016501650165
"11364 HS POSS DRUG PARAPH -> 243(E)1 BATTERY NONCOHAB SPOUS",1,0.00165016501650165
"11364 HS POSS DRUG PARAPH -> 243.3 BATT TRANS PERS/PASS/INJ",1,0.00165016501650165
"11364 HS POSS DRUG PARAPH -> 247(B) PC SHOOT UNOCC BLDG/VEH",1,0.00165016501650165
"11364 HS POSS DRUG PARAPH -> 273.6(A) PC VIO DV COURT ORDER",1,0.00165016501650165
"11364 HS POSS DRUG PARAPH -> 2800.2(A) VC EVADING/RECKLESS",1,0.00165016501650165
"11364 HS POSS DRUG PARAPH -> 290(A)(1)(D) FAIL TO REG-5 DAY",1,0.00165016501650165
"11364 HS POSS DRUG PARAPH -> 417(A)1) PC BRANDISH NON-GUN",1,0.00165016501650165
"11364 HS POSS DRUG PARAPH -> 422 PC THREAT/INTENT TO TERROR",1,0.00165016501650165
"11364 HS POSS DRUG PARAPH -> 451(D) PC  ARSON OF PROPERTY",1,0.00165016501650165
"11364 HS POSS DRUG PARAPH -> 475(A)PC POSS FORGED CHK/NOTE",1,0.00165016501650165
"11364 HS POSS DRUG PARAPH -> 475(C) PASS FORGED NOTE",1,0.00165016501650165
"11364 HS POSS DRUG PARAPH -> 484 PC  PETTY THEFT AUTO PART",1,0.00165016501650165
"11364 HS POSS DRUG PARAPH -> 484G(B) PC ACCESS CARD FRAUD",1,0.00165016501650165
"11364 HS POSS DRUG PARAPH -> 532 PC FRAUD OBTAIN MONEY ETC",1,0.00165016501650165
"11364 HS POSS DRUG PARAPH -> 647(B) PC   PROSTITUTION",1,0.00165016501650165
"11364 HS POSS DRUG PARAPH -> 647(F) PC PUB INTOX-DETOX ONLY",1,0.00165016501650165
"11364 HS POSS DRUG PARAPH -> 653M(A) PC OBSCENE/THREAT CALL",1,0.00165016501650165
"11364 HS POSS DRUG PARAPH -> 653M(B) PC ANNOY/RPT CALL HOME",1,0.00165016501650165
"11364 HS POSS DRUG PARAPH -> 849(B)(1) CERTIFICATE OF RELEA",1,0.00165016501650165
"11364 HS POSS DRUG PARAPH -> ACCIDENTAL FIRES/ARSON -I RPT",1,0.00165016501650165
"11364 HS POSS DRUG PARAPH -> BUSINESS PERMITS - I RPT",1,0.00165016501650165
"11364 HS POSS DRUG PARAPH -> ELDER ABUSE/PHYS/MENTAL-I RPT",1,0.00165016501650165
"11364 HS POSS DRUG PARAPH -> FOUND EVIDENCE-NON NARC -I RPT",1,0.00165016501650165
"11364 HS POSS DRUG PARAPH -> FRAUD OR BUNCO - I RPT",1,0.00165016501650165
"11364 HS POSS DRUG PARAPH -> GRAFFITI PROBLEMS- I RPT",1,0.00165016501650165
"11364 HS POSS DRUG PARAPH -> HIT AND RUN /SUSPECTS- I RPT",1,0.00165016501650165
"11364 HS POSS DRUG PARAPH -> MISSING PERSON I RPT",1,0.00165016501650165
"11364 HS POSS DRUG PARAPH -> NEIGHBORHOOD DISTURBANCE-I RPT",1,0.00165016501650165
"11364 HS POSS DRUG PARAPH -> O/S AGENCY -ASSISTANCE- I RPT",1,0.00165016501650165
"11364 HS POSS DRUG PARAPH -> PETTY THEFT - I RPT",1,0.00165016501650165
"11364 HS POSS DRUG PARAPH -> TELEPEST -I RPT",1,0.00165016501650165
"11364 HS POSS DRUG PARAPH -> VANDALISM - I RPT",1,0.00165016501650165
"11366 HS MAINTN PLACE TO SELL -> 10851 VC AUTO THEFT LOCATE",1,0.00165016501650165
"11366 HS MAINTN PLACE TO SELL -> 484 PETTY THEFT-SHOPLIFT",1,0.00165016501650165
"11366 HS MAINTN PLACE TO SELL -> CASUALTY REPORT",1,0.00165016501650165
"11377(A)HS POSS AMPHETAMINES -> 10852 VC VEHICLE TAMPERING",1,0.00165016501650165
"11377(A)HS POSS AMPHETAMINES -> 11350(B)HS POSSESS QUAALUDES",1,0.00165016501650165
"11377(A)HS POSS AMPHETAMINES -> 11357(B)HS POSS -28.5GR MARIJ",1,0.00165016501650165
"11377(A)HS POSS AMPHETAMINES -> 12025(A)2)CONCL GUN ON PER/MSD",1,0.00165016501650165
"11377(A)HS POSS AMPHETAMINES -> 211 PC ROBBERY- BUSINESS",1,0.00165016501650165
"11377(A)HS POSS AMPHETAMINES -> 22435.2(A) BP POSS SHOP CART",1,0.00165016501650165
"11377(A)HS POSS AMPHETAMINES -> 243.2(A)(1) BATT/SCHOOL INJURY",1,0.00165016501650165
"11377(A)HS POSS AMPHETAMINES -> 25661 BP FALSE EVIDENCE OF AGE",1,0.00165016501650165
"11377(A)HS POSS AMPHETAMINES -> 273.6(A) PC VIO DV COURT ORDER",1,0.00165016501650165
"11377(A)HS POSS AMPHETAMINES -> 459 PC  BURGLARY BUSINESS",1,0.00165016501650165
"11377(A)HS POSS AMPHETAMINES -> 484 PC PETTY THEFT",1,0.00165016501650165
"11377(A)HS POSS AMPHETAMINES -> 484 PC-PETTY THEFT-COIN MACHIN",1,0.00165016501650165
"11377(A)HS POSS AMPHETAMINES -> 484G(A)PC USE FORGED CARD",1,0.00165016501650165
"11377(A)HS POSS AMPHETAMINES -> 484J PC PUBLISH CARD INFO",1,0.00165016501650165
"11377(A)HS POSS AMPHETAMINES -> 485 PC PT OF FOUND PROPERTY",1,0.00165016501650165
"11377(A)HS POSS AMPHETAMINES -> 487(D) PC GRAND THEFT AUTO",1,0.00165016501650165
"11377(A)HS POSS AMPHETAMINES -> 496(A) RECEIVE STOLEN PROPERTY",1,0.00165016501650165
"11377(A)HS POSS AMPHETAMINES -> 508 PC   EMBEZZLEMENT/EMPLOYEE",1,0.00165016501650165
"11377(A)HS POSS AMPHETAMINES -> 530.5 PC USE PERSONAL ID INFO",1,0.00165016501650165
"11377(A)HS POSS AMPHETAMINES -> 537(A)(1) DEFRAUD INKEEP/-$400",1,0.00165016501650165
"11377(A)HS POSS AMPHETAMINES -> 594(B)(2)(A)VANDALISM GRAF-400",1,0.00165016501650165
"11377(A)HS POSS AMPHETAMINES -> 594.3(A)VANDAL/PLACE OF WORSHI",1,0.00165016501650165
"11377(A)HS POSS AMPHETAMINES -> 647(B) PC   PROSTITUTION",1,0.00165016501650165
"11377(A)HS POSS AMPHETAMINES -> 647(F) PC DIP - DISORDERLY",1,0.00165016501650165
"11377(A)HS POSS AMPHETAMINES -> ABC LICENSE VIO/INFO - I RPT",1,0.00165016501650165
"11377(A)HS POSS AMPHETAMINES -> ASSAULT WITH WEAPON - I RPT",1,0.00165016501650165
"11377(A)HS POSS AMPHETAMINES -> BURGLARY - I RPT",1,0.00165016501650165
"11377(A)HS POSS AMPHETAMINES -> CHILD WELFARE - I RPT",1,0.00165016501650165
"11377(A)HS POSS AMPHETAMINES -> FAMILY DISTURBANCE - I RPT",1,0.00165016501650165
"11377(A)HS POSS AMPHETAMINES -> FRAUD OR BUNCO - I RPT",1,0.00165016501650165
"11377(A)HS POSS AMPHETAMINES -> HARASSMENT - I RPT",1,0.00165016501650165
"11377(A)HS POSS AMPHETAMINES -> JUVENILE DISURBANCE - I RPT",1,0.00165016501650165
"11377(A)HS POSS AMPHETAMINES -> NEIGHBORHOOD DISTURBANCE-I RPT",1,0.00165016501650165
"11377(A)HS POSS AMPHETAMINES -> NON INJ HR/MAIL OUT REPORT",1,0.00165016501650165
"11377(A)HS POSS AMPHETAMINES -> PETTY THEFT - I RPT",1,0.00165016501650165
"11377(A)HS POSS AMPHETAMINES -> RPT # CANCELLED- I RPT",1,0.00165016501650165
"11377(A)HS POSS AMPHETAMINES -> SUSP PERS-NO CRIME - I RPT",1,0.00165016501650165
"11377(A)HS POSS AMPHETAMINES -> TRAFFIC OFFENSE",1,0.00165016501650165
"11377(A)HS POSS AMPHETAMINES -> VANDALISM - I RPT",1,0.00165016501650165
"11377(A)HS POSS AMPHETAMINES -> WARRANT SERVED - I RPT",1,0.00165016501650165
"11377(A)HS POSS CNTRL SUBST -> 475(A)PC POSS FORGED CHK/NOTE",1,0.00165016501650165
"11377(A)HS POSS CNTRL SUBST -> 487(A) PC GRAND THEFT",1,0.00165016501650165
"11377(A)HS POSS CNTRL SUBST -> 594(B)(1)VANDALISM GRAF +$400",1,0.00165016501650165
"11378 HS POSS CNTRL SUB/SALE -> 211 PC ROBBERY- BUSINESS",1,0.00165016501650165
"11378 HS POSS CNTRL SUB/SALE -> 459 PC  BURGLARY VEHICLE",1,0.00165016501650165
"11378 HS POSS CNTRL SUB/SALE -> 594(B)(2)(A) VANDALISM/ -$400",1,0.00165016501650165
"11378 HS POSS CNTRL SUB/SALE -> ROBBERY - I RPT",1,0.00165016501650165
"11378 HS POSS/SALE AMPHETAMINE -> 11357(C)HS POSS +28.5GR MARIJ",1,0.00165016501650165
"11378 HS POSS/SALE AMPHETAMINE -> 11379(A)HS SELL/TRANSP AMPHET",1,0.00165016501650165
"11378 HS POSS/SALE AMPHETAMINE -> 12020(A)1) PROHIBITED FIREARM",1,0.00165016501650165
"11378 HS POSS/SALE AMPHETAMINE -> 211 PC  ROBBERY UNSPECIFIED",1,0.00165016501650165
"11378 HS POSS/SALE AMPHETAMINE -> 211 PC ROBBERY- BUSINESS",1,0.00165016501650165
"11378 HS POSS/SALE AMPHETAMINE -> 243(D) PC BATT/CIVILIAN W/INJ",1,0.00165016501650165
"11378 HS POSS/SALE AMPHETAMINE -> 245(A)(1)AWDW/NO FIREARM/CIVIL",1,0.00165016501650165
"11378 HS POSS/SALE AMPHETAMINE -> 459 PC  BURGLARY BUSINESS",1,0.00165016501650165
"11378 HS POSS/SALE AMPHETAMINE -> 484 PC   PETTY THEFT/INSIDE",1,0.00165016501650165
"11378 HS POSS/SALE AMPHETAMINE -> 496(A) RECEIVE STOLEN PROPERTY",1,0.00165016501650165
"11378 HS POSS/SALE AMPHETAMINE -> CHILD CUSTODY - I RPT",1,0.00165016501650165
"11378 HS POSS/SALE AMPHETAMINE -> FOUND PROPERTY - I RPT",1,0.00165016501650165
"11378 HS POSS/SALE AMPHETAMINE -> HARASSMENT - I RPT",1,0.00165016501650165
"11378 HS POSS/SALE AMPHETAMINE -> JUVENILE DISURBANCE - I RPT",1,0.00165016501650165
"11378 HS POSS/SALE AMPHETAMINE -> MISCELLANEOUS I RPT (ZMISC)",1,0.00165016501650165
"11378 HS POSS/SALE AMPHETAMINE -> ROBBERY - I RPT",1,0.00165016501650165
"11378 HS POSS/SALE AMPHETAMINE -> RPT # CANCELLED- I RPT",1,0.00165016501650165
"11378 HS POSS/SALE AMPHETAMINE -> SAFEKEEPING - I RPT",1,0.00165016501650165
"11378 HS POSS/SALE AMPHETAMINE -> TRAFFIC - I RPT",1,0.00165016501650165
"11378 HS POSS/SALE AMPHETAMINE -> TRAFFIC-ACCIDENT INJURY",1,0.00165016501650165
"11378 HS POSS/SALE AMPHETAMINE -> WARRANT SERVED - I RPT",1,0.00165016501650165
"11379(A)HS SALE/TRAN CNTRL SUB -> 10851(A)VC TAKE VEH W/O OWNER",1,0.00165016501650165
"11379(A)HS SALE/TRAN CNTRL SUB -> 484 PETTY THEFT CLOUT UNLOCKED",1,0.00165016501650165
"11379(A)HS SALE/TRAN CNTRL SUB -> 484 PETTY THEFT-SHOPLIFT",1,0.00165016501650165
"11379(A)HS SALE/TRAN CNTRL SUB -> 508 PC   EMBEZZLEMENT/EMPLOYEE",1,0.00165016501650165
"11379(A)HS SALE/TRAN CNTRL SUB -> TOWED/STORED VEH-14602.6",1,0.00165016501650165
"11379(A)HS SALE/TRAN CNTRL SUB -> TRAFFIC-ACCIDENT INJURY",1,0.00165016501650165
"11379(A)HS SELL/TRANSP AMPHET -> 10851(A)VC TAKE VEH W/O OWNER",1,0.00165016501650165
"11379(A)HS SELL/TRANSP AMPHET -> 23153(A) VC DUI CAUSE INJURY",1,0.00165016501650165
"11379(A)HS SELL/TRANSP AMPHET -> 459 PC  BURGLARY BUSINESS",1,0.00165016501650165
"11379(A)HS SELL/TRANSP AMPHET -> 459 PC  BURGLARY VEHICLE",1,0.00165016501650165
"11379(A)HS SELL/TRANSP AMPHET -> BATTERY - I RPT",1,0.00165016501650165
"11532(A)HS LOITER DRG ACTIVITY -> 11350(A)HS POSS CNTRL SUBST",1,0.00165016501650165
"11532(A)HS LOITER DRG ACTIVITY -> 11364 HS POSS DRUG PARAPH",1,0.00165016501650165
"11532(A)HS LOITER DRG ACTIVITY -> 20001(A) VC HIT/RUN INJ/DEATH",1,0.00165016501650165
"11532(A)HS LOITER DRG ACTIVITY -> 2800.2(A) VC EVADING/RECKLESS",1,0.00165016501650165
"11532(A)HS LOITER DRG ACTIVITY -> 475(A)PC POSS FORGED CHK/NOTE",1,0.00165016501650165
"11532(A)HS LOITER DRG ACTIVITY -> 484 PETTY THEFT-SHOPLIFT",1,0.00165016501650165
"11532(A)HS LOITER DRG ACTIVITY -> 487(A) PC GRAND THEFT-SHOPLIFT",1,0.00165016501650165
"11532(A)HS LOITER DRG ACTIVITY -> 603  FORCED ENTRY/PROP DAMAGE",1,0.00165016501650165
"11532(A)HS LOITER DRG ACTIVITY -> 653M(B) PC ANNOY/RPT CALL HOME",1,0.00165016501650165
"11532(A)HS LOITER DRG ACTIVITY -> PERSON INFORMATION - I RPT",1,0.00165016501650165
"11532(A)HS LOITER DRG ACTIVITY -> SAFEKEEPING - I RPT",1,0.00165016501650165
"11532(A)HS LOITER DRG ACTIVITY -> TOWED/STORED VEH-14602.6",1,0.00165016501650165
"11532(A)HS LOITER DRG ACTIVITY -> TOWED/STORED VEHICLE",1,0.00165016501650165
"11532(A)HS LOITER DRG ACTIVITY -> TRAFFIC - I RPT",1,0.00165016501650165
"11550(A)HS UNDER INFL NARCOTIC -> 10851 VC AUTO THEFT LOCATE",1,0.00165016501650165
"11550(A)HS UNDER INFL NARCOTIC -> 10851(A)VC TAKE VEH W/O OWNER",1,0.00165016501650165
"11550(A)HS UNDER INFL NARCOTIC -> 273.6(A) PC VIO DV COURT ORDER",1,0.00165016501650165
"11550(A)HS UNDER INFL NARCOTIC -> 459 PC  BURGLARY VEHICLE",1,0.00165016501650165
"11550(A)HS UNDER INFL NARCOTIC -> 5150 WI DANGER SELF/OTHERS",1,0.00165016501650165
"11550(A)HS UNDER INFL NARCOTIC -> BURGLARY - I RPT",1,0.00165016501650165
"11550(A)HS UNDER INFL NARCOTIC -> HAZARDOUS SITUATION - I RPT",1,0.00165016501650165
"11550(A)HS UNDER INFL NARCOTIC -> MISCELLANEOUS I RPT (ZMISC)",1,0.00165016501650165
"11550(A)HS UNDER INFL NARCOTIC -> RECOVERED PROPERTY - I RPT",1,0.00165016501650165
"11550(A)HS UNDER INFL NARCOTIC -> TOWED/STORED VEHICLE",1,0.00165016501650165
"11550(A)HS UNDER INFL NARCOTIC -> TRAFFIC-ACCIDENT INJURY",1,0.00165016501650165
"12.52.030 SCC UNLAWFUL CAMPING -> 3056 PC PAROLE VIOLATION",1,0.00165016501650165
"12.52.030 SCC UNLAWFUL CAMPING -> 459 PC  BURGLARY BUSINESS",1,0.00165016501650165
"12.52.030 SCC UNLAWFUL CAMPING -> 459 PC  BURGLARY VEHICLE",1,0.00165016501650165
"12.52.030 SCC UNLAWFUL CAMPING -> 475(C) PASS FORGED NOTE",1,0.00165016501650165
"12.52.030 SCC UNLAWFUL CAMPING -> 5150 WI DANGER SELF/OTHERS",1,0.00165016501650165
"12.52.030 SCC UNLAWFUL CAMPING -> 594(B)(2)(A) VANDALISM/ -$400",1,0.00165016501650165
"12.52.030 SCC UNLAWFUL CAMPING -> BURGLARY - I RPT",1,0.00165016501650165
"12.52.030 SCC UNLAWFUL CAMPING -> GRAND THEFT - I RPT",1,0.00165016501650165
"12.52.030 SCC UNLAWFUL CAMPING -> TRAFFIC-ACCIDENT INJURY",1,0.00165016501650165
"12.72.060I ADULT LOITER PLYGRD -> 459 PC  BURGLARY RESIDENCE",1,0.00165016501650165
"12020(A)(4) PC DIRK/DAGGER -> 11357(B)HS POSS -28.5GR MARIJ",1,0.00165016501650165
"12020(A)(4) PC DIRK/DAGGER -> 11364 HS POSS DRUG PARAPH",1,0.00165016501650165
"12020(A)(4) PC DIRK/DAGGER -> 20001(A) VC HIT/RUN INJ/DEATH",1,0.00165016501650165
"12020(A)(4) PC DIRK/DAGGER -> 20002(A) HIT/RUN",1,0.00165016501650165
"12020(A)(4) PC DIRK/DAGGER -> 245(A)(1)AWDW/NO FIREARM/CIVIL",1,0.00165016501650165
"12020(A)(4) PC DIRK/DAGGER -> 459 PC  BURGLARY RESIDENCE",1,0.00165016501650165
"12020(A)(4) PC DIRK/DAGGER -> 475(A)PC POSS FORGED CHK/NOTE",1,0.00165016501650165
"12020(A)(4) PC DIRK/DAGGER -> FOUND PROPERTY - I RPT",1,0.00165016501650165
"12020(A)(4) PC DIRK/DAGGER -> PROB VIOLA/FEL-MISD - I RPT",1,0.00165016501650165
"12020(A)(4) PC DIRK/DAGGER -> TOWED/STORED VEHICLE",1,0.00165016501650165
"12020(A)(4) PC DIRK/DAGGER -> VANDALISM - I RPT",1,0.00165016501650165
"12020(A)1) PROHIBITED FIREARM -> 10851 VC AUTO THEFT LOCATE",1,0.00165016501650165
"12020(A)1) PROHIBITED FIREARM -> 11357(B)HS POSS -28.5GR MARIJ",1,0.00165016501650165
"12020(A)1) PROHIBITED FIREARM -> 11377(A)HS POSS AMPHETAMINES",1,0.00165016501650165
"12020(A)1) PROHIBITED FIREARM -> 20002(A) HIT/RUN",1,0.00165016501650165
"12020(A)1) PROHIBITED FIREARM -> 243(E)1 BATTERY NONCOHAB SPOUS",1,0.00165016501650165
"12020(A)1) PROHIBITED FIREARM -> 3056 PAROLE VIO - I RPT",1,0.00165016501650165
"12020(A)1) PROHIBITED FIREARM -> 4140 BP  POSS OF HYPO NEEDLE",1,0.00165016501650165
"12020(A)1) PROHIBITED FIREARM -> 451(D) PC  ARSON OF PROPERTY",1,0.00165016501650165
"12020(A)1) PROHIBITED FIREARM -> 459 PC  BURGLARY RESIDENCE",1,0.00165016501650165
"12020(A)1) PROHIBITED FIREARM -> 484J PC PUBLISH CARD INFO",1,0.00165016501650165
"12020(A)1) PROHIBITED FIREARM -> 487(A) GRAND THEFT-CLOUT-UNLOC",1,0.00165016501650165
"12020(A)1) PROHIBITED FIREARM -> 487(A) GRAND THEFT-INSIDE",1,0.00165016501650165
"12020(A)1) PROHIBITED FIREARM -> 5150 WI DANGER SELF/OTHERS",1,0.00165016501650165
"12020(A)1) PROHIBITED FIREARM -> 537(A)(1) DEFRAUD INKEEP/-$400",1,0.00165016501650165
"12020(A)1) PROHIBITED FIREARM -> 594(B)(2)(A)VANDALISM GRAF-400",1,0.00165016501650165
"12020(A)1) PROHIBITED FIREARM -> 647(F) PC DIP - DISORDERLY",1,0.00165016501650165
"12020(A)1) PROHIBITED FIREARM -> 653.22(A) LOITER PROSTITUTION",1,0.00165016501650165
"12020(A)1) PROHIBITED FIREARM -> 666 PC PETTY THEFT W/PRI CONV",1,0.00165016501650165
"12020(A)1) PROHIBITED FIREARM -> 9.04.050 A DRINKING IN PUBLIC",1,0.00165016501650165
"12020(A)1) PROHIBITED FIREARM -> 9.40.020(A) JUVENILE CURFEW",1,0.00165016501650165
"12020(A)1) PROHIBITED FIREARM -> FOUND EVIDENCE-NON NARC -I RPT",1,0.00165016501650165
"12020(A)1) PROHIBITED FIREARM -> FOUND PROPERTY - I RPT",1,0.00165016501650165
"12020(A)1) PROHIBITED FIREARM -> MISCELLANEOUS I RPT (ZMISC)",1,0.00165016501650165
"12020(A)1) PROHIBITED FIREARM -> MISSING PERSON",1,0.00165016501650165
"12020(A)1) PROHIBITED FIREARM -> POSSIBLE FINANCIAL CRIME-I RPT",1,0.00165016501650165
"12020(A)1) PROHIBITED FIREARM -> SUSP PERS-NO CRIME - I RPT",1,0.00165016501650165
"12020(A)1) PROHIBITED FIREARM -> TOWED/STORED VEH-14602.6",1,0.00165016501650165
"12020(A)1) PROHIBITED FIREARM -> TRAFFIC - I RPT",1,0.00165016501650165
"12021(A)(1)PC FELON POSS FRARM -> 10851(A)VC TAKE VEH W/O OWNER",1,0.00165016501650165
"12021(A)(1)PC FELON POSS FRARM -> 11364 HS POSS DRUG PARAPH",1,0.00165016501650165
"12021(A)(1)PC FELON POSS FRARM -> 148.1(A)PC FALSE REPT OF BOMB",1,0.00165016501650165
"12021(A)(1)PC FELON POSS FRARM -> 20002(A) HIT/RUN",1,0.00165016501650165
"12021(A)(1)PC FELON POSS FRARM -> 23152(A) VC DUI-ALCOHOL/DRUGS",1,0.00165016501650165
"12021(A)(1)PC FELON POSS FRARM -> 417(A)1) PC BRANDISH NON-GUN",1,0.00165016501650165
"12021(A)(1)PC FELON POSS FRARM -> 459 PC  BURGLARY BUSINESS",1,0.00165016501650165
"12021(A)(1)PC FELON POSS FRARM -> 459 PC  BURGLARY RESIDENCE",1,0.00165016501650165
"12021(A)(1)PC FELON POSS FRARM -> 459 PC  BURGLARY VEHICLE",1,0.00165016501650165
"12021(A)(1)PC FELON POSS FRARM -> 466 PC   POSS OF BURG TOOLS",1,0.00165016501650165
"12021(A)(1)PC FELON POSS FRARM -> 484 PC  PETTY THEFT/ OUTSIDE",1,0.00165016501650165
"12021(A)(1)PC FELON POSS FRARM -> 484 PETTY THEFT/LICENSE PLATE",1,0.00165016501650165
"12021(A)(1)PC FELON POSS FRARM -> 594(B)(1)PC  VANDALISM +$400",1,0.00165016501650165
"12021(A)(1)PC FELON POSS FRARM -> 9.04.050 A DRINKING IN PUBLIC",1,0.00165016501650165
"12021(A)(1)PC FELON POSS FRARM -> GANG ACTIVITY - I RPT",1,0.00165016501650165
"12021(A)(1)PC FELON POSS FRARM -> IMPOUNDED VEHICLE",1,0.00165016501650165
"12021(A)(1)PC FELON POSS FRARM -> JUVENILE PROBLEMS - I RPT",1,0.00165016501650165
"12021(A)(1)PC FELON POSS FRARM -> MISCELLANEOUS I RPT (ZMISC)",1,0.00165016501650165
"12021(A)(1)PC FELON POSS FRARM -> MISSING PERSON",1,0.00165016501650165
"12021(A)(1)PC FELON POSS FRARM -> NARCOTICS SUSP/EVID/ACT- I RPT",1,0.00165016501650165
"12021(A)(1)PC FELON POSS FRARM -> NON INJ HR/MAIL OUT REPORT",1,0.00165016501650165
"12021(A)(1)PC FELON POSS FRARM -> TOWED/STORED VEH-14602.6",1,0.00165016501650165
"12021(A)(1)PC FELON POSS FRARM -> TOWED/STORED VEHICLE",1,0.00165016501650165
"12021(A)(1)PC FELON POSS FRARM -> TRAFFIC-ACCIDENT-NON INJURY",1,0.00165016501650165
"12021(A)(1)PC FELON POSS FRARM -> VANDALISM - I RPT",1,0.00165016501650165
"12022(A)(1)PC ARMED COMM FEL -> 11364 HS POSS DRUG PARAPH",1,0.00165016501650165
"12022(A)(1)PC ARMED COMM FEL -> 243(E)1 BATTERY NONCOHAB SPOUS",1,0.00165016501650165
"12022(A)(1)PC ARMED COMM FEL -> 273.6(A) PC VIO DV COURT ORDER",1,0.00165016501650165
"12022(A)(1)PC ARMED COMM FEL -> 459 PC  BURGLARY RESIDENCE",1,0.00165016501650165
"12022(A)(1)PC ARMED COMM FEL -> 459 PC  BURGLARY VEHICLE",1,0.00165016501650165
"12022(A)(1)PC ARMED COMM FEL -> TRAFFIC-ACCIDENT INJURY",1,0.00165016501650165
"12022(A)(1)PC ARMED COMM FEL -> TRAFFIC-ACCIDENT-NON INJURY",1,0.00165016501650165
"12022.1 PC COMMIT FEL ON BAIL -> 10851(A)VC TAKE VEH W/O OWNER",1,0.00165016501650165
"12022.1 PC COMMIT FEL ON BAIL -> 20002(A) HIT/RUN",1,0.00165016501650165
"12022.1 PC COMMIT FEL ON BAIL -> 242 PC  BATTERY CIVILIAN",1,0.00165016501650165
"12022.1 PC COMMIT FEL ON BAIL -> 487(A) GRAND THEFT-INSIDE",1,0.00165016501650165
"12022.1 PC COMMIT FEL ON BAIL -> 487(A) PC GRAND THEFT",1,0.00165016501650165
"12022.1 PC COMMIT FEL ON BAIL -> 594(B)(2)(A) VANDALISM/ -$400",1,0.00165016501650165
"12025(A)1)CONCLD GUN VEH/FEL -> 10851(A)VC TAKE VEH W/O OWNER",1,0.00165016501650165
"12025(A)1)CONCLD GUN VEH/FEL -> 475(A)PC POSS FORGED CHK/NOTE",1,0.00165016501650165
"12025(A)1)CONCLD GUN VEH/FEL -> 484 PETTY THEFT-SHOPLIFT",1,0.00165016501650165
"12025(A)1)CONCLD GUN VEH/FEL -> NON INJ HR/MAIL OUT REPORT",1,0.00165016501650165
"12025(A)1)CONCLD GUN VEH/FEL -> TRAFFIC-ACCIDENT INJURY",1,0.00165016501650165
"12025(A)2)CNCLD GUN ON PER/FEL -> TOWED/STORED VEH-14602.6",1,0.00165016501650165
"12025(A)2)CNCLD GUN ON PER/FEL -> TOWED/STORED VEHICLE",1,0.00165016501650165
"12025(B)6 UNREG/CONCLED FIREAR -> 20002(A) HIT/RUN",1,0.00165016501650165
"12025(B)6 UNREG/CONCLED FIREAR -> 459 PC  BURGLARY VEHICLE",1,0.00165016501650165
"1203.2 PC VIOLATION OF PROBATI -> 10851 VC AUTO THEFT LOCATE",1,0.00165016501650165
"1203.2 PC VIOLATION OF PROBATI -> 11357(B)HS POSS -28.5GR MARIJ",1,0.00165016501650165
"1203.2 PC VIOLATION OF PROBATI -> 11359 HS POSS FOR SALE MARIJ",1,0.00165016501650165
"1203.2 PC VIOLATION OF PROBATI -> 11364 HS POSS DRUG PARAPH",1,0.00165016501650165
"1203.2 PC VIOLATION OF PROBATI -> 148.9 PC FALSE ID TO OFFICER",1,0.00165016501650165
"1203.2 PC VIOLATION OF PROBATI -> 166(A)(4) WILFUL DISOBEY CT OR",1,0.00165016501650165
"1203.2 PC VIOLATION OF PROBATI -> 20002(A) HIT/RUN",1,0.00165016501650165
"1203.2 PC VIOLATION OF PROBATI -> 211 PC ROBBERY- BUSINESS",1,0.00165016501650165
"1203.2 PC VIOLATION OF PROBATI -> 211 PC ROBBERY-PURSE SNATCH",1,0.00165016501650165
"1203.2 PC VIOLATION OF PROBATI -> 23153(A) VC DUI CAUSE INJURY",1,0.00165016501650165
"1203.2 PC VIOLATION OF PROBATI -> 368(C) CAUSE PAIN/INJ TO ELDER",1,0.00165016501650165
"1203.2 PC VIOLATION OF PROBATI -> 459 PC  BURGLARY BUSINESS",1,0.00165016501650165
"1203.2 PC VIOLATION OF PROBATI -> 459 PC  BURGLARY RESIDENCE",1,0.00165016501650165
"1203.2 PC VIOLATION OF PROBATI -> 459 PC  BURGLARY-UNSPECIFIED",1,0.00165016501650165
"1203.2 PC VIOLATION OF PROBATI -> 484 PC   PETTY THEFT/INSIDE",1,0.00165016501650165
"1203.2 PC VIOLATION OF PROBATI -> 484 PC PETTY THEFT",1,0.00165016501650165
"1203.2 PC VIOLATION OF PROBATI -> 484G(B) PC ACCESS CARD FRAUD",1,0.00165016501650165
"1203.2 PC VIOLATION OF PROBATI -> 529 PC FALSE PERSONATION",1,0.00165016501650165
"1203.2 PC VIOLATION OF PROBATI -> 532 PC FRAUD OBTAIN MONEY ETC",1,0.00165016501650165
"1203.2 PC VIOLATION OF PROBATI -> 647(B) PC   PROSTITUTION",1,0.00165016501650165
"1203.2 PC VIOLATION OF PROBATI -> 653M(B) PC ANNOY/RPT CALL HOME",1,0.00165016501650165
"1203.2 PC VIOLATION OF PROBATI -> MISSING PERSON LOCATE O/S ASSI",1,0.00165016501650165
"1203.2 PC VIOLATION OF PROBATI -> NARCOTICS SUSP/EVID/ACT- I RPT",1,0.00165016501650165
"1203.2 PC VIOLATION OF PROBATI -> PERSON INFORMATION - I RPT",1,0.00165016501650165
"1203.2 PC VIOLATION OF PROBATI -> SUSP PERS-NO CRIME - I RPT",1,0.00165016501650165
"1203.2 PC VIOLATION OF PROBATI -> TOWED/STORED VEH-14602.6",1,0.00165016501650165
"12031(A)(1)PC LOADED GUN/PUB-M -> 10851(A)VC TAKE VEH W/O OWNER",1,0.00165016501650165
"12031(A)(1)PC LOADED GUN/PUB-M -> 12020(A)1) PROHIBITED FIREARM",1,0.00165016501650165
"12031(A)(1)PC LOADED GUN/PUB-M -> 211 PC  ROBBERY UNSPECIFIED",1,0.00165016501650165
"12031(A)(1)PC LOADED GUN/PUB-M -> 459 PC  BURGLARY BUSINESS",1,0.00165016501650165
"12031(A)(1)PC LOADED GUN/PUB-M -> 459 PC  BURGLARY VEHICLE",1,0.00165016501650165
"12031(A)(1)PC LOADED GUN/PUB-M -> 594(B)(2)(A) VANDALISM/ -$400",1,0.00165016501650165
"12031(A)(1)PC LOADED GUN/PUB-M -> LOST PROPERTY-MATRICULA I RPT",1,0.00165016501650165
"12101(B)1)PC MINOR POSS AMMO -> 11350(A)HS POSS CNTRL SUBST",1,0.00165016501650165
"12101(B)1)PC MINOR POSS AMMO -> 11364 HS POSS DRUG PARAPH",1,0.00165016501650165
"12101(B)1)PC MINOR POSS AMMO -> 212.5(A)ROBBERY-INHAB DWELLING",1,0.00165016501650165
"12303.3 PC DEST DVC INTENT INJ -> TOWED/STORED VEH-14602.6",1,0.00165016501650165
"12303.3 PC FIRE BOMB INT INJ -> 10851(A)VC TAKE VEH W/O OWNER",1,0.00165016501650165
"12303.3 PC FIRE BOMB INT INJ -> 11377(A)HS POSS AMPHETAMINES",1,0.00165016501650165
"12303.3 PC FIRE BOMB INT INJ -> 20002(A) HIT/RUN",1,0.00165016501650165
"12303.3 PC FIRE BOMB INT INJ -> 459 PC  BURGLARY VEHICLE",1,0.00165016501650165
"12303.3 PC FIRE BOMB INT INJ -> 594(B)(1)PC  VANDALISM +$400",1,0.00165016501650165
"12303.3 PC FIRE BOMB INT INJ -> PERSON INFORMATION - I RPT",1,0.00165016501650165
"12316(B)(1)FELON POSSESS AMMO -> 10851 VC AUTO THEFT LOCATE",1,0.00165016501650165
"12316(B)(1)FELON POSSESS AMMO -> 10851(A)VC TAKE VEH W/O OWNER",1,0.00165016501650165
"12316(B)(1)FELON POSSESS AMMO -> 11357(B)HS POSS -28.5GR MARIJ",1,0.00165016501650165
"12316(B)(1)FELON POSSESS AMMO -> 245(A)(1)AWDW/NO FIREARM/CIVIL",1,0.00165016501650165
"12316(B)(1)FELON POSSESS AMMO -> 459 PC  BURGLARY VEHICLE",1,0.00165016501650165
"12316(B)(1)FELON POSSESS AMMO -> 594(B)(2)(A) VANDALISM/ -$400",1,0.00165016501650165
"12316(B)(1)FELON POSSESS AMMO -> BATTERY - I RPT",1,0.00165016501650165
"12316(B)(1)FELON POSSESS AMMO -> BURGLARY - I RPT",1,0.00165016501650165
"12316(B)(1)FELON POSSESS AMMO -> CHILD WELFARE - I RPT",1,0.00165016501650165
"12316(B)(1)FELON POSSESS AMMO -> JUVENILE DISURBANCE - I RPT",1,0.00165016501650165
"12316(B)(1)FELON POSSESS AMMO -> TOWED/STORED VEH-14602.6",1,0.00165016501650165
"12316(B)(1)FELON POSSESS AMMO -> TOWED/STORED VEHICLE",1,0.00165016501650165
"12420 PC SELL/TRANSP TEAR GAS -> 10851 VC AUTO THEFT LOCATE",1,0.00165016501650165
"12420 PC SELL/TRANSP TEAR GAS -> 10851(A)VC TAKE VEH W/O OWNER",1,0.00165016501650165
"12420 PC SELL/TRANSP TEAR GAS -> 459 PC  BURGLARY BUSINESS",1,0.00165016501650165
"12420 PC SELL/TRANSP TEAR GAS -> 459 PC  BURGLARY VEHICLE",1,0.00165016501650165
"12420 PC SELL/TRANSP TEAR GAS -> 487(A) GRAND THEFT-CLOUT-UNLOC",1,0.00165016501650165
"12420 PC SELL/TRANSP TEAR GAS -> 594(B)(1)PC  VANDALISM +$400",1,0.00165016501650165
"12420 PC SELL/TRANSP TEAR GAS -> MISCELLANEOUS I RPT (ZMISC)",1,0.00165016501650165
"12500(A) VC UNLIC DRIVER -> 10851 VC AUTO THEFT LOCATE",1,0.00165016501650165
"12500(A) VC UNLIC DRIVER -> 242 PC  BATTERY CIVILIAN",1,0.00165016501650165
"12500(A) VC UNLIC DRIVER -> 459 PC  BURGLARY RESIDENCE",1,0.00165016501650165
"12500(A) VC UNLIC DRIVER -> 459 PC  BURGLARY VEHICLE",1,0.00165016501650165
"12500(A) VC UNLIC DRIVER -> 484 PC  PETTY THEFT/ OUTSIDE",1,0.00165016501650165
"12500(A) VC UNLIC DRIVER -> 484 PETTY THEFT/LICENSE PLATE",1,0.00165016501650165
"12500(A) VC UNLIC DRIVER -> 529 PC FALSE PERSONATION",1,0.00165016501650165
"12500(A) VC UNLIC DRIVER -> LOST PROPERTY - I RPT",1,0.00165016501650165
"12500(A) VC UNLIC DRIVER -> MISSING PERSON",1,0.00165016501650165
"12500(A) VC UNLIC DRIVER -> MISSING PERSON LOCATE O/S ASSI",1,0.00165016501650165
"12500(A) VC UNLIC DRIVER -> PETTY THEFT - I RPT",1,0.00165016501650165
"12500(A) VC UNLIC DRIVER -> TOWED/STORED VEHICLE",1,0.00165016501650165
"12671 HS SALE/POSS ILLGL FRWRK -> 10851(A)VC TAKE VEH W/O OWNER",1,0.00165016501650165
"12671 HS SALE/POSS ILLGL FRWRK -> 20002(A) HIT/RUN",1,0.00165016501650165
"12671 HS SALE/POSS ILLGL FRWRK -> 459 PC  BURGLARY BUSINESS",1,0.00165016501650165
"12671 HS SALE/POSS ILLGL FRWRK -> 459 PC  BURGLARY RESIDENCE",1,0.00165016501650165
"12671 HS SALE/POSS ILLGL FRWRK -> 484 PETTY THEFT/LICENSE PLATE",1,0.00165016501650165
"12671 HS SALE/POSS ILLGL FRWRK -> 594(B)(2)(A)VANDALISM GRAF-400",1,0.00165016501650165
"12671 HS SALE/POSS ILLGL FRWRK -> CASUALTY REPORT",1,0.00165016501650165
"12671 HS SALE/POSS ILLGL FRWRK -> FOUND PROPERTY - I RPT",1,0.00165016501650165
"12671 HS SALE/POSS ILLGL FRWRK -> LOST PROPERTY - I RPT",1,0.00165016501650165
"12671 HS SALE/POSS ILLGL FRWRK -> TRAFFIC-ACCIDENT-NON INJURY",1,0.00165016501650165
"136.1(C)(1) PC DISSUADE V/W -> WARRANT SERVED - I RPT",1,0.00165016501650165
"14601.1(A) VC LIC SUSP OTHER -> 11350(A)HS POSS CNTRL SUBST",1,0.00165016501650165
"14601.1(A) VC LIC SUSP OTHER -> 11364 HS POSS DRUG PARAPH",1,0.00165016501650165
"14601.1(A) VC LIC SUSP OTHER -> 11377(A)HS POSS AMPHETAMINES",1,0.00165016501650165
"14601.1(A) VC LIC SUSP OTHER -> 148.9 PC FALSE ID TO OFFICER",1,0.00165016501650165
"14601.1(A) VC LIC SUSP OTHER -> 211 PC  ROBBERY UNSPECIFIED",1,0.00165016501650165
"14601.1(A) VC LIC SUSP OTHER -> 4463(A)(1) VC ALTER REG",1,0.00165016501650165
"14601.1(A) VC LIC SUSP OTHER -> 459 PC  BURGLARY-UNSPECIFIED",1,0.00165016501650165
"14601.1(A) VC LIC SUSP OTHER -> 484 PC   PETTY THEFT/INSIDE",1,0.00165016501650165
"14601.1(A) VC LIC SUSP OTHER -> 484 PC PETTY THEFT",1,0.00165016501650165
"14601.1(A) VC LIC SUSP OTHER -> 487(A) GRAND THEFT-CLOUT-UNLOC",1,0.00165016501650165
"14601.1(A) VC LIC SUSP OTHER -> 487(A) PC GRAND THEFT",1,0.00165016501650165
"14601.1(A) VC LIC SUSP OTHER -> 5150 WI DANGER SELF/OTHERS",1,0.00165016501650165
"14601.1(A) VC LIC SUSP OTHER -> CASUALTY REPORT",1,0.00165016501650165
"14601.1(A) VC LIC SUSP OTHER -> THREATS - I RPT",1,0.00165016501650165
"14601.1(A) VC LIC SUSP OTHER -> TRAFFIC-ACCIDENT-NON INJURY",1,0.00165016501650165
"148(A)(1)PC RESIST PEACE OFFCR -> 23152(A) VC DUI-ALCOHOL/DRUGS",1,0.00165016501650165
"148(A)(1)PC RESIST PEACE OFFCR -> 23550.5 VC 4+DUI IN 10 YEARS",1,0.00165016501650165
"148(A)(1)PC RESIST PEACE OFFCR -> 25661 BP FALSE EVIDENCE OF AGE",1,0.00165016501650165
"148(A)(1)PC RESIST PEACE OFFCR -> 459 PC  BURGLARY BUSINESS",1,0.00165016501650165
"148(A)(1)PC RESIST PEACE OFFCR -> 484 PC PETTY THEFT",1,0.00165016501650165
"148(A)(1)PC RESIST PEACE OFFCR -> 484 PETTY THEFT-SHOPLIFT",1,0.00165016501650165
"148(A)(1)PC RESIST PEACE OFFCR -> 496(A) RECEIVE STOLEN PROPERTY",1,0.00165016501650165
"148(A)(1)PC RESIST PEACE OFFCR -> 530.5 PC USE PERSONAL ID INFO",1,0.00165016501650165
"148(A)(1)PC RESIST PEACE OFFCR -> 594(B)(1)PC  VANDALISM +$400",1,0.00165016501650165
"148(A)(1)PC RESIST PEACE OFFCR -> 602.1(A)TRES OBST BUSIN OPERAT",1,0.00165016501650165
"148(A)(1)PC RESIST PEACE OFFCR -> BATTERY - I RPT",1,0.00165016501650165
"148(A)(1)PC RESIST PEACE OFFCR -> CASUALTY REPORT",1,0.00165016501650165
"148(A)(1)PC RESIST PEACE OFFCR -> HIT AND RUN /SUSPECTS- I RPT",1,0.00165016501650165
"148(A)(1)PC RESIST PEACE OFFCR -> MISCELLANEOUS I RPT (ZMISC)",1,0.00165016501650165
"148(A)(1)PC RESIST PEACE OFFCR -> NEIGHBORHOOD DISTURBANCE-I RPT",1,0.00165016501650165
"148(A)(1)PC RESIST PEACE OFFCR -> NON INJ HR/MAIL OUT REPORT",1,0.00165016501650165
"148(A)(1)PC RESIST PEACE OFFCR -> POSSIBLE FINANCIAL CRIME-I RPT",1,0.00165016501650165
"148(A)(1)PC RESIST PEACE OFFCR -> POSSIBLE MENTAL - I RPT",1,0.00165016501650165
"148(A)(1)PC RESIST PEACE OFFCR -> POSSIBLE STOLEN PROPERTY-I RPT",1,0.00165016501650165
"148(A)(1)PC RESIST PEACE OFFCR -> THREATS - I RPT",1,0.00165016501650165
"148(A)(1)PC RESIST PEACE OFFCR -> TOWED/STORED VEHICLE",1,0.00165016501650165
"148.1(A)PC FALSE REPT OF BOMB -> 10851(A)VC TAKE VEH W/O OWNER",1,0.00165016501650165
"148.1(A)PC FALSE REPT OF BOMB -> 11350(A)HS POSS CNTRL SUBST",1,0.00165016501650165
"148.1(A)PC FALSE REPT OF BOMB -> 20002(A) HIT/RUN",1,0.00165016501650165
"148.1(A)PC FALSE REPT OF BOMB -> 459 PC  BURGLARY BUSINESS",1,0.00165016501650165
"148.1(A)PC FALSE REPT OF BOMB -> 459 PC  BURGLARY RESIDENCE",1,0.00165016501650165
"148.1(A)PC FALSE REPT OF BOMB -> 484 PETTY THEFT/LICENSE PLATE",1,0.00165016501650165
"148.1(A)PC FALSE REPT OF BOMB -> 9.04.050 A DRINKING IN PUBLIC",1,0.00165016501650165
"148.4(A)PC TAMPER FIRE PROT EQ -> 10851(A)VC TAKE VEH W/O OWNER",1,0.00165016501650165
"148.4(A)PC TAMPER FIRE PROT EQ -> TOWED/STORED VEH-14602.6",1,0.00165016501650165
"148.4(A)PC TAMPER FIRE PROT EQ -> TRAFFIC-ACCIDENT INJURY",1,0.00165016501650165
"148.9 PC FALSE ID TO OFFICER -> 11357(B)HS POSS -28.5GR MARIJ",1,0.00165016501650165
"148.9 PC FALSE ID TO OFFICER -> 11364 HS POSS DRUG PARAPH",1,0.00165016501650165
"148.9 PC FALSE ID TO OFFICER -> 14601(A) VC LIC SUSP NEGLIGENT",1,0.00165016501650165
"148.9 PC FALSE ID TO OFFICER -> 1551(A) FUGITIVE FROM JUSTICE",1,0.00165016501650165
"148.9 PC FALSE ID TO OFFICER -> 20001(A) VC HIT/RUN INJ/DEATH",1,0.00165016501650165
"148.9 PC FALSE ID TO OFFICER -> 211 PC ROBBERY-PURSE SNATCH",1,0.00165016501650165
"148.9 PC FALSE ID TO OFFICER -> 23153(A) VC DUI CAUSE INJURY",1,0.00165016501650165
"148.9 PC FALSE ID TO OFFICER -> 240 PC ASSAULT/SIMPLE-CIVILIAN",1,0.00165016501650165
"148.9 PC FALSE ID TO OFFICER -> 242 PC  BATTERY CIVILIAN",1,0.00165016501650165
"148.9 PC FALSE ID TO OFFICER -> 243(E)1 BATTERY NONCOHAB SPOUS",1,0.00165016501650165
"148.9 PC FALSE ID TO OFFICER -> 4140 BP  POSS OF HYPO NEEDLE",1,0.00165016501650165
"148.9 PC FALSE ID TO OFFICER -> 484 PC   PETTY THEFT/INSIDE",1,0.00165016501650165
"148.9 PC FALSE ID TO OFFICER -> 484 PC  PETTY THEFT/ OUTSIDE",1,0.00165016501650165
"148.9 PC FALSE ID TO OFFICER -> 484 PC PETTY THEFT",1,0.00165016501650165
"148.9 PC FALSE ID TO OFFICER -> 484 PETTY THEFT/LICENSE PLATE",1,0.00165016501650165
"148.9 PC FALSE ID TO OFFICER -> 487(A) GRAND THEFT-INSIDE",1,0.00165016501650165
"148.9 PC FALSE ID TO OFFICER -> 5150 WI DANGER SELF/OTHERS",1,0.00165016501650165
"148.9 PC FALSE ID TO OFFICER -> 529 PC FALSE PERSONATION",1,0.00165016501650165
"148.9 PC FALSE ID TO OFFICER -> 594(B)(1)PC  VANDALISM +$400",1,0.00165016501650165
"148.9 PC FALSE ID TO OFFICER -> 626.10(A) PC POSS WPN SCHL ZN",1,0.00165016501650165
"148.9 PC FALSE ID TO OFFICER -> ACCIDENTAL FIRES/ARSON -I RPT",1,0.00165016501650165
"148.9 PC FALSE ID TO OFFICER -> BURGLARY - I RPT",1,0.00165016501650165
"148.9 PC FALSE ID TO OFFICER -> CHILD CUSTODY - I RPT",1,0.00165016501650165
"148.9 PC FALSE ID TO OFFICER -> FOUND PROPERTY - I RPT",1,0.00165016501650165
"148.9 PC FALSE ID TO OFFICER -> GANG ACTIVITY - I RPT",1,0.00165016501650165
"148.9 PC FALSE ID TO OFFICER -> MISSING PERSON",1,0.00165016501650165
"148.9 PC FALSE ID TO OFFICER -> NARCOTICS SUSP/EVID/ACT- I RPT",1,0.00165016501650165
"148.9 PC FALSE ID TO OFFICER -> NEIGHBORHOOD DISTURBANCE-I RPT",1,0.00165016501650165
"148.9 PC FALSE ID TO OFFICER -> ROBBERY - I RPT",1,0.00165016501650165
"148.9 PC FALSE ID TO OFFICER -> TRAFFIC - I RPT",1,0.00165016501650165
"148.9 PC FALSE ID TO OFFICER -> TRAFFIC-ACCIDENT-NON INJURY",1,0.00165016501650165
"1551(A) FUGITIVE FROM JUSTICE -> 1551(A) FUGITIVE FROM JUSTICE",1,0.00165016501650165
"1551(A) FUGITIVE FROM JUSTICE -> 215(A) PC    CARJACKING",1,0.00165016501650165
"1551(A) FUGITIVE FROM JUSTICE -> 415(3) PC DIST PEACE OFF WORDS",1,0.00165016501650165
"1551(A) FUGITIVE FROM JUSTICE -> 459 PC  BURGLARY BUSINESS",1,0.00165016501650165
"1551(A) FUGITIVE FROM JUSTICE -> 475(C) PASS FORGED NOTE",1,0.00165016501650165
"1551(A) FUGITIVE FROM JUSTICE -> 484 PC   PETTY THEFT/INSIDE",1,0.00165016501650165
"1551(A) FUGITIVE FROM JUSTICE -> 484 PC PETTY THEFT",1,0.00165016501650165
"1551(A) FUGITIVE FROM JUSTICE -> 594(B)(1)PC  VANDALISM +$400",1,0.00165016501650165
"1551(A) FUGITIVE FROM JUSTICE -> MISCELLANEOUS I RPT (ZMISC)",1,0.00165016501650165
"1551(A) FUGITIVE FROM JUSTICE -> O/S AGENCY -ASSISTANCE- I RPT",1,0.00165016501650165
"1551(A) FUGITIVE FROM JUSTICE -> TELEPEST -I RPT",1,0.00165016501650165
"1551(A) FUGITIVE FROM JUSTICE -> TOWED/STORED VEH-14602.6",1,0.00165016501650165
"1551(A) FUGITIVE FROM JUSTICE -> TRAFFIC-ACCIDENT INJURY",1,0.00165016501650165
"166(A)(4) WILFUL DISOBEY CT OR -> 10851(A)VC TAKE VEH W/O OWNER",1,0.00165016501650165
"166(A)(4) WILFUL DISOBEY CT OR -> 11364 HS POSS DRUG PARAPH",1,0.00165016501650165
"166(A)(4) WILFUL DISOBEY CT OR -> 211 PC  ROBBERY UNSPECIFIED",1,0.00165016501650165
"166(A)(4) WILFUL DISOBEY CT OR -> 242 PC  BATTERY CIVILIAN",1,0.00165016501650165
"166(A)(4) WILFUL DISOBEY CT OR -> 245(A)(1)AWDW/NO FIREARM/CIVIL",1,0.00165016501650165
"166(A)(4) WILFUL DISOBEY CT OR -> 308(B) PC MINOR POSS TOBACCO",1,0.00165016501650165
"166(A)(4) WILFUL DISOBEY CT OR -> 459 PC  BURGLARY BUSINESS",1,0.00165016501650165
"166(A)(4) WILFUL DISOBEY CT OR -> 459 PC  BURGLARY RESIDENCE",1,0.00165016501650165
"166(A)(4) WILFUL DISOBEY CT OR -> 459 PC  BURGLARY-UNSPECIFIED",1,0.00165016501650165
"166(A)(4) WILFUL DISOBEY CT OR -> 484 PC   PETTY THEFT/INSIDE",1,0.00165016501650165
"166(A)(4) WILFUL DISOBEY CT OR -> 484 PETTY THEFT CLOUT UNLOCKED",1,0.00165016501650165
"166(A)(4) WILFUL DISOBEY CT OR -> 484 PETTY THEFT/LICENSE PLATE",1,0.00165016501650165
"166(A)(4) WILFUL DISOBEY CT OR -> 487(A) PC GRAND THEFT",1,0.00165016501650165
"166(A)(4) WILFUL DISOBEY CT OR -> 594(B)(2)(A) VANDALISM/ -$400",1,0.00165016501650165
"166(A)(4) WILFUL DISOBEY CT OR -> 647(F) PC DIP - DISORDERLY",1,0.00165016501650165
"166(A)(4) WILFUL DISOBEY CT OR -> IMPOUNDED VEHICLE",1,0.00165016501650165
"166(A)(4) WILFUL DISOBEY CT OR -> MISSING PERSON I RPT",1,0.00165016501650165
"166(A)(4) WILFUL DISOBEY CT OR -> NARCOTICS SUSP/EVID/ACT- I RPT",1,0.00165016501650165
"166(A)(4) WILFUL DISOBEY CT OR -> WARRANT SERVED - I RPT",1,0.00165016501650165
"1705 US DESTRUCT OF MAIL RECEP -> 20002(A) HIT/RUN",1,0.00165016501650165
"1705 US DESTRUCT OF MAIL RECEP -> 273.6(A) PC VIO DV COURT ORDER",1,0.00165016501650165
"1705 US DESTRUCT OF MAIL RECEP -> 459 PC  BURGLARY BUSINESS",1,0.00165016501650165
"1705 US DESTRUCT OF MAIL RECEP -> 459 PC  BURGLARY VEHICLE",1,0.00165016501650165
"1705 US DESTRUCT OF MAIL RECEP -> 475(C) PASS FORGED NOTE",1,0.00165016501650165
"1705 US DESTRUCT OF MAIL RECEP -> 5150 WI DANGER SELF/OTHERS",1,0.00165016501650165
"1705 US DESTRUCT OF MAIL RECEP -> HARASSMENT - I RPT",1,0.00165016501650165
"1705 US DESTRUCT OF MAIL RECEP -> MISSING PERSON",1,0.00165016501650165
"1705 US DESTRUCT OF MAIL RECEP -> TOWED/STORED VEHICLE",1,0.00165016501650165
"1708 US   THEFT OF MAIL -> 10851 VC AUTO THEFT LOCATE",1,0.00165016501650165
"1708 US   THEFT OF MAIL -> 11357(C)HS POSS +28.5GR MARIJ",1,0.00165016501650165
"1708 US   THEFT OF MAIL -> 20002(A) HIT/RUN",1,0.00165016501650165
"1708 US   THEFT OF MAIL -> 211 PC ROBBERY- BUSINESS",1,0.00165016501650165
"1708 US   THEFT OF MAIL -> 211 PC ROBBERY-PURSE SNATCH",1,0.00165016501650165
"1708 US   THEFT OF MAIL -> 243(E)1 BATTERY NONCOHAB SPOUS",1,0.00165016501650165
"1708 US   THEFT OF MAIL -> 3056 PAROLE VIO - I RPT",1,0.00165016501650165
"1708 US   THEFT OF MAIL -> 484G(A)PC USE FORGED CARD",1,0.00165016501650165
"1708 US   THEFT OF MAIL -> 484J PC PUBLISH CARD INFO",1,0.00165016501650165
"1708 US   THEFT OF MAIL -> 487(A) GRAND THEFT-INSIDE",1,0.00165016501650165
"1708 US   THEFT OF MAIL -> 487(A) PC GRAND THEFT",1,0.00165016501650165
"1708 US   THEFT OF MAIL -> 530 PC FALSE PERS. REC PROP",1,0.00165016501650165
"1708 US   THEFT OF MAIL -> 530.5 PC USE PERSONAL ID INFO",1,0.00165016501650165
"1708 US   THEFT OF MAIL -> 647(F) PC DIP - DISORDERLY",1,0.00165016501650165
"1708 US   THEFT OF MAIL -> CASUALTY REPORT",1,0.00165016501650165
"1708 US   THEFT OF MAIL -> HARASSMENT - I RPT",1,0.00165016501650165
"1708 US   THEFT OF MAIL -> LOST PROPERTY - I RPT",1,0.00165016501650165
"1708 US   THEFT OF MAIL -> MISSING PERSON",1,0.00165016501650165
"1708 US   THEFT OF MAIL -> NON INJ HR/MAIL OUT REPORT",1,0.00165016501650165
"1767.3 WI CYA PAROLE HOLD -> 10851(A)VC TAKE VEH W/O OWNER",1,0.00165016501650165
"1767.3 WI CYA PAROLE HOLD -> 459 PC  BURGLARY RESIDENCE",1,0.00165016501650165
"1767.3 WI CYA PAROLE HOLD -> MISSING PERSON I RPT",1,0.00165016501650165
"187(A)  HOMICIDE -> ACCIDENTAL FIRES/ARSON -I RPT",1,0.00165016501650165
"192(C)(2)VEH MAN W/O GROSS NEG -> 211 PC  ROBBERY UNSPECIFIED",1,0.00165016501650165
"192(C)(2)VEH MAN W/O GROSS NEG -> 242 PC  BATTERY CIVILIAN",1,0.00165016501650165
"192(C)(2)VEH MAN W/O GROSS NEG -> 246 PC SHOOT OCCUP DWELL/VEH",1,0.00165016501650165
"192(C)(2)VEH MAN W/O GROSS NEG -> 459 PC  BURGLARY VEHICLE",1,0.00165016501650165
"192(C)(2)VEH MAN W/O GROSS NEG -> 484 PETTY THEFT/LICENSE PLATE",1,0.00165016501650165
"192(C)(2)VEH MAN W/O GROSS NEG -> 487(A) GRAND THEFT-INSIDE",1,0.00165016501650165
"192(C)(2)VEH MAN W/O GROSS NEG -> TOWED/STORED VEHICLE",1,0.00165016501650165
"197 JUSTIFIABLE HOMI-CIVILIAN -> 594(B)(2)(A) VANDALISM/ -$400",1,0.00165016501650165
"197 JUSTIFIABLE HOMI-CIVILIAN -> TRAFFIC-ACCIDENT-NON INJURY",1,0.00165016501650165
"20001(A) VC HIT/RUN INJ/DEATH -> 11351.5 HS POSS SALE RCK COCAI",1,0.00165016501650165
"20001(A) VC HIT/RUN INJ/DEATH -> 11366 HS MAINTN PLACE TO SELL",1,0.00165016501650165
"20001(A) VC HIT/RUN INJ/DEATH -> 11377(A)HS POSS AMPHETAMINES",1,0.00165016501650165
"20001(A) VC HIT/RUN INJ/DEATH -> 1203.2 PC VIOLATION OF PROBATI",1,0.00165016501650165
"20001(A) VC HIT/RUN INJ/DEATH -> 1551(A) FUGITIVE FROM JUSTICE",1,0.00165016501650165
"20001(A) VC HIT/RUN INJ/DEATH -> 1708 US   THEFT OF MAIL",1,0.00165016501650165
"20001(A) VC HIT/RUN INJ/DEATH -> 20002(A) HIT/RUN",1,0.00165016501650165
"20001(A) VC HIT/RUN INJ/DEATH -> 211 PC  ROBBERY UNSPECIFIED",1,0.00165016501650165
"20001(A) VC HIT/RUN INJ/DEATH -> 215(A) PC    CARJACKING",1,0.00165016501650165
"20001(A) VC HIT/RUN INJ/DEATH -> 23152(A) VC DUI-ALCOHOL/DRUGS",1,0.00165016501650165
"20001(A) VC HIT/RUN INJ/DEATH -> 243(D) PC BATT/CIVILIAN W/INJ",1,0.00165016501650165
"20001(A) VC HIT/RUN INJ/DEATH -> 417(A)2) PC BRANDISH FIREARM",1,0.00165016501650165
"20001(A) VC HIT/RUN INJ/DEATH -> 459 PC  BURGLARY-UNSPECIFIED",1,0.00165016501650165
"20001(A) VC HIT/RUN INJ/DEATH -> 484 PC  PETTY THEFT/ OUTSIDE",1,0.00165016501650165
"20001(A) VC HIT/RUN INJ/DEATH -> 484 PC PETTY THEFT",1,0.00165016501650165
"20001(A) VC HIT/RUN INJ/DEATH -> 484 PETTY THEFT/LICENSE PLATE",1,0.00165016501650165
"20001(A) VC HIT/RUN INJ/DEATH -> 487(A) PC GRAND THEFT",1,0.00165016501650165
"20001(A) VC HIT/RUN INJ/DEATH -> 529 PC FALSE PERSONATION",1,0.00165016501650165
"20001(A) VC HIT/RUN INJ/DEATH -> 594(B)(1)PC  VANDALISM +$400",1,0.00165016501650165
"20001(A) VC HIT/RUN INJ/DEATH -> 594.3(A)VANDAL/PLACE OF WORSHI",1,0.00165016501650165
"20001(A) VC HIT/RUN INJ/DEATH -> 647(F) PC DIP - DISORDERLY",1,0.00165016501650165
"20001(A) VC HIT/RUN INJ/DEATH -> 666 PC PETTY THEFT W/PRI CONV",1,0.00165016501650165
"20001(A) VC HIT/RUN INJ/DEATH -> 9.04.050 A DRINKING IN PUBLIC",1,0.00165016501650165
"20001(A) VC HIT/RUN INJ/DEATH -> BATTERY - I RPT",1,0.00165016501650165
"20001(A) VC HIT/RUN INJ/DEATH -> BURGLARY - I RPT",1,0.00165016501650165
"20001(A) VC HIT/RUN INJ/DEATH -> CASUALTY REPORT",1,0.00165016501650165
"20001(A) VC HIT/RUN INJ/DEATH -> HARASSMENT - I RPT",1,0.00165016501650165
"20001(A) VC HIT/RUN INJ/DEATH -> JUVENILE PROBLEMS - I RPT",1,0.00165016501650165
"20001(A) VC HIT/RUN INJ/DEATH -> LOST PROPERTY - I RPT",1,0.00165016501650165
"20001(A) VC HIT/RUN INJ/DEATH -> MISCELLANEOUS I RPT (ZMISC)",1,0.00165016501650165
"20001(A) VC HIT/RUN INJ/DEATH -> MISSING PERSON I RPT",1,0.00165016501650165
"20001(A) VC HIT/RUN INJ/DEATH -> SAFEKEEPING - I RPT",1,0.00165016501650165
"20001(A) VC HIT/RUN INJ/DEATH -> TRAFFIC OFFENSE",1,0.00165016501650165
"20001(A) VC HIT/RUN INJ/DEATH -> TRESPASS OR PROWLER- I RPT",1,0.00165016501650165
"20001(A) VC HIT/RUN INJ/DEATH -> VANDALISM - I RPT",1,0.00165016501650165
"20002(A) HIT/RUN -> 10852 VC VEHICLE TAMPERING",1,0.00165016501650165
"20002(A) HIT/RUN -> 11350(B)HS POSSESS QUAALUDES",1,0.00165016501650165
"20002(A) HIT/RUN -> 11352(A)HS SALE/TRANS CNTL SUB",1,0.00165016501650165
"20002(A) HIT/RUN -> 11359 HS POSS FOR SALE MARIJ",1,0.00165016501650165
"20002(A) HIT/RUN -> 11532(A)HS LOITER DRG ACTIVITY",1,0.00165016501650165
"20002(A) HIT/RUN -> 12.52.030 SCC UNLAWFUL CAMPING",1,0.00165016501650165
"20002(A) HIT/RUN -> 12022.1 PC COMMIT FEL ON BAIL",1,0.00165016501650165
"20002(A) HIT/RUN -> 148(A)(1)PC RESIST PEACE OFFCR",1,0.00165016501650165
"20002(A) HIT/RUN -> 166(A)(4) WILFUL DISOBEY CT OR",1,0.00165016501650165
"20002(A) HIT/RUN -> 1705 US DESTRUCT OF MAIL RECEP",1,0.00165016501650165
"20002(A) HIT/RUN -> 211 PC ROBBERY- BUSINESS",1,0.00165016501650165
"20002(A) HIT/RUN -> 22435.2(A) BP POSS SHOP CART",1,0.00165016501650165
"20002(A) HIT/RUN -> 23222(B)POSSESS MARIJ IN VEH",1,0.00165016501650165
"20002(A) HIT/RUN -> 243(C)(1)BATT EMERG PERSON-INJ",1,0.00165016501650165
"20002(A) HIT/RUN -> 243(D) PC BATT/CIVILIAN W/INJ",1,0.00165016501650165
"20002(A) HIT/RUN -> 245(C) AWDW/NO FIREARM/OFFICER",1,0.00165016501650165
"20002(A) HIT/RUN -> 247(B) PC SHOOT UNOCC BLDG/VEH",1,0.00165016501650165
"20002(A) HIT/RUN -> 25632 BP CONSM ALC AFT CLOSING",1,0.00165016501650165
"20002(A) HIT/RUN -> 273.6(A) PC VIO DV COURT ORDER",1,0.00165016501650165
"20002(A) HIT/RUN -> 3056 PAROLE VIO - I RPT",1,0.00165016501650165
"20002(A) HIT/RUN -> 308(B) PC MINOR POSS TOBACCO",1,0.00165016501650165
"20002(A) HIT/RUN -> 417(A)2) PC BRANDISH FIREARM",1,0.00165016501650165
"20002(A) HIT/RUN -> 459 PC  BURGLARY-UNSPECIFIED",1,0.00165016501650165
"20002(A) HIT/RUN -> 476 PC PASS FICTICIOUS CHECK",1,0.00165016501650165
"20002(A) HIT/RUN -> 484 PC PETTY THEFT",1,0.00165016501650165
"20002(A) HIT/RUN -> 484 PETTY THEFT CLOUT UNLOCKED",1,0.00165016501650165
"20002(A) HIT/RUN -> 487(A) GRAND THEFT-COIN MACHIN",1,0.00165016501650165
"20002(A) HIT/RUN -> 487(C) PC  GRAND THEFT-PERSON",1,0.00165016501650165
"20002(A) HIT/RUN -> 487(D) PC GRAND THEFT AUTO",1,0.00165016501650165
"20002(A) HIT/RUN -> 487(D)GRAND THEFT FIREARM/ANIM",1,0.00165016501650165
"20002(A) HIT/RUN -> 530 PC FALSE PERS. REC PROP",1,0.00165016501650165
"20002(A) HIT/RUN -> 594(B)(1)VANDALISM GRAF +$400",1,0.00165016501650165
"20002(A) HIT/RUN -> 594.3(A)VANDAL/PLACE OF WORSHI",1,0.00165016501650165
"20002(A) HIT/RUN -> 653M(A) PC OBSCENE/THREAT CALL",1,0.00165016501650165
"20002(A) HIT/RUN -> 849(B)(1) CERTIFICATE OF RELEA",1,0.00165016501650165
"20002(A) HIT/RUN -> 9.04.070 URINATE/DEFECATE PUB",1,0.00165016501650165
"20002(A) HIT/RUN -> 9.40.020(A) JUVENILE CURFEW",1,0.00165016501650165
"20002(A) HIT/RUN -> ABC LICENSE VIO/INFO - I RPT",1,0.00165016501650165
"20002(A) HIT/RUN -> CASUALTY REPORT",1,0.00165016501650165
"20002(A) HIT/RUN -> ELDER ABUSE/PHYS/MENTAL-I RPT",1,0.00165016501650165
"20002(A) HIT/RUN -> GANG ACTIVITY - I RPT",1,0.00165016501650165
"20002(A) HIT/RUN -> GRAND THEFT - I RPT",1,0.00165016501650165
"20002(A) HIT/RUN -> HIT AND RUN /SUSPECTS- I RPT",1,0.00165016501650165
"20002(A) HIT/RUN -> IMPOUNDED VEHICLE",1,0.00165016501650165
"20002(A) HIT/RUN -> LOST PROPERTY - I RPT",1,0.00165016501650165
"20002(A) HIT/RUN -> MISSING PERSON LOCATE O/S ASSI",1,0.00165016501650165
"20002(A) HIT/RUN -> POSSIBLE FINANCIAL CRIME-I RPT",1,0.00165016501650165
"20002(A) HIT/RUN -> PROB VIOLA/FEL-MISD - I RPT",1,0.00165016501650165
"20002(A) HIT/RUN -> PROTECTIVE CUSTODY-I RPT",1,0.00165016501650165
"20002(A) HIT/RUN -> ROBBERY - I RPT",1,0.00165016501650165
"20002(A) HIT/RUN -> VICE/GAMBLING ACT - I RPT",1,0.00165016501650165
"203 PC    MAYHEM -> 20002(A) HIT/RUN",1,0.00165016501650165
"203 PC    MAYHEM -> TOWED/STORED VEHICLE",1,0.00165016501650165
"211 PC  ROBBERY UNSPECIFIED -> 10855 VC LSE/RENT NOT RETURNED",1,0.00165016501650165
"211 PC  ROBBERY UNSPECIFIED -> 11351 HS POSS/SALE OPIATE/NARC",1,0.00165016501650165
"211 PC  ROBBERY UNSPECIFIED -> 12020(A)1) PROHIBITED FIREARM",1,0.00165016501650165
"211 PC  ROBBERY UNSPECIFIED -> 12022.1 PC COMMIT FEL ON BAIL",1,0.00165016501650165
"211 PC  ROBBERY UNSPECIFIED -> 1203.2 PC VIOLATION OF PROBATI",1,0.00165016501650165
"211 PC  ROBBERY UNSPECIFIED -> 13.10.200 SCC DUMP PUB PLACES",1,0.00165016501650165
"211 PC  ROBBERY UNSPECIFIED -> 136.1(C)(1) PC DISSUADE V/W",1,0.00165016501650165
"211 PC  ROBBERY UNSPECIFIED -> 1551(A) FUGITIVE FROM JUSTICE",1,0.00165016501650165
"211 PC  ROBBERY UNSPECIFIED -> 187(A)  HOMICIDE",1,0.00165016501650165
"211 PC  ROBBERY UNSPECIFIED -> 212.5(A)ROBBERY-INHAB DWELLING",1,0.00165016501650165
"211 PC  ROBBERY UNSPECIFIED -> 215(A) PC    CARJACKING",1,0.00165016501650165
"211 PC  ROBBERY UNSPECIFIED -> 23152(B) VC DUI BA .08 OR MORE",1,0.00165016501650165
"211 PC  ROBBERY UNSPECIFIED -> 23153(A) VC DUI CAUSE INJURY",1,0.00165016501650165
"211 PC  ROBBERY UNSPECIFIED -> 23222(B)POSSESS MARIJ IN VEH",1,0.00165016501650165
"211 PC  ROBBERY UNSPECIFIED -> 243(D) PC BATT/CIVILIAN W/INJ",1,0.00165016501650165
"211 PC  ROBBERY UNSPECIFIED -> 308(B) PC MINOR POSS TOBACCO",1,0.00165016501650165
"211 PC  ROBBERY UNSPECIFIED -> 368(C) CAUSE PAIN/INJ TO ELDER",1,0.00165016501650165
"211 PC  ROBBERY UNSPECIFIED -> 417(A)1) PC BRANDISH NON-GUN",1,0.00165016501650165
"211 PC  ROBBERY UNSPECIFIED -> 459 PC  BURGLARY-UNSPECIFIED",1,0.00165016501650165
"211 PC  ROBBERY UNSPECIFIED -> 466 PC   POSS OF BURG TOOLS",1,0.00165016501650165
"211 PC  ROBBERY UNSPECIFIED -> 475(C) PASS FORGED NOTE",1,0.00165016501650165
"211 PC  ROBBERY UNSPECIFIED -> 484 PC   THEFT-LIC PLATE TABS",1,0.00165016501650165
"211 PC  ROBBERY UNSPECIFIED -> 484 PETTY THEFT-PURSE SNATCH",1,0.00165016501650165
"211 PC  ROBBERY UNSPECIFIED -> 484E(D)PC FRAUD POSS CARD INFO",1,0.00165016501650165
"211 PC  ROBBERY UNSPECIFIED -> 484G(B) PC ACCESS CARD FRAUD",1,0.00165016501650165
"211 PC  ROBBERY UNSPECIFIED -> 487(A) GRAND THEFT-COIN MACHIN",1,0.00165016501650165
"211 PC  ROBBERY UNSPECIFIED -> 487(A) PC GRAND THEFT",1,0.00165016501650165
"211 PC  ROBBERY UNSPECIFIED -> 532 PC FRAUD OBTAIN MONEY ETC",1,0.00165016501650165
"211 PC  ROBBERY UNSPECIFIED -> 594.3(A)VANDAL/PLACE OF WORSHI",1,0.00165016501650165
"211 PC  ROBBERY UNSPECIFIED -> 626.2 PC UNAUTH ENTRY CAMPUS",1,0.00165016501650165
"211 PC  ROBBERY UNSPECIFIED -> 647(F) PC DIP - DISORDERLY",1,0.00165016501650165
"211 PC  ROBBERY UNSPECIFIED -> ACCIDENTAL FIRES/ARSON -I RPT",1,0.00165016501650165
"211 PC  ROBBERY UNSPECIFIED -> ASSAULT WITH WEAPON - I RPT",1,0.00165016501650165
"211 PC  ROBBERY UNSPECIFIED -> BAIT CAR 10851 VC TAKE VEHICLE",1,0.00165016501650165
"211 PC  ROBBERY UNSPECIFIED -> BURGLARY - I RPT",1,0.00165016501650165
"211 PC  ROBBERY UNSPECIFIED -> CHILD WELFARE - I RPT",1,0.00165016501650165
"211 PC  ROBBERY UNSPECIFIED -> FOUND EVIDENCE-NON NARC -I RPT",1,0.00165016501650165
"211 PC  ROBBERY UNSPECIFIED -> FRAUD OR BUNCO - I RPT",1,0.00165016501650165
"211 PC  ROBBERY UNSPECIFIED -> GRAFFITI PROBLEMS- I RPT",1,0.00165016501650165
"211 PC  ROBBERY UNSPECIFIED -> MISSING PERSON I RPT",1,0.00165016501650165
"211 PC  ROBBERY UNSPECIFIED -> NEIGHBORHOOD DISTURBANCE-I RPT",1,0.00165016501650165
"211 PC  ROBBERY UNSPECIFIED -> PERSON INFORMATION - I RPT",1,0.00165016501650165
"211 PC  ROBBERY UNSPECIFIED -> PROTECTIVE CUSTODY-I RPT",1,0.00165016501650165
"211 PC  ROBBERY UNSPECIFIED -> SUSP PERS-NO CRIME - I RPT",1,0.00165016501650165
"211 PC  ROBBERY UNSPECIFIED -> SUSPICIOUS VEHICLE - I RPT",1,0.00165016501650165
"211 PC  ROBBERY UNSPECIFIED -> TELEPEST -I RPT",1,0.00165016501650165
"211 PC  ROBBERY UNSPECIFIED -> TERRORIST THREATS - I RPT",1,0.00165016501650165
"211 PC ROBBERY- BUSINESS -> 11378 HS POSS/SALE AMPHETAMINE",1,0.00165016501650165
"211 PC ROBBERY- BUSINESS -> 11532(A)HS LOITER DRG ACTIVITY",1,0.00165016501650165
"211 PC ROBBERY- BUSINESS -> 1551(A) FUGITIVE FROM JUSTICE",1,0.00165016501650165
"211 PC ROBBERY- BUSINESS -> 1708 US   THEFT OF MAIL",1,0.00165016501650165
"211 PC ROBBERY- BUSINESS -> 20002(A) HIT/RUN",1,0.00165016501650165
"211 PC ROBBERY- BUSINESS -> 211 PC  ROBBERY UNSPECIFIED",1,0.00165016501650165
"211 PC ROBBERY- BUSINESS -> 211 PC ROBBERY- BUSINESS",1,0.00165016501650165
"211 PC ROBBERY- BUSINESS -> 23103(A) RECKLESS ON HIGHWAY",1,0.00165016501650165
"211 PC ROBBERY- BUSINESS -> 23153(A) VC DUI CAUSE INJURY",1,0.00165016501650165
"211 PC ROBBERY- BUSINESS -> 243(D) PC BATT/CIVILIAN W/INJ",1,0.00165016501650165
"211 PC ROBBERY- BUSINESS -> 243(E)1 BATTERY NONCOHAB SPOUS",1,0.00165016501650165
"211 PC ROBBERY- BUSINESS -> 243.4(E)(1)TOUCH FOR SEX PLEAS",1,0.00165016501650165
"211 PC ROBBERY- BUSINESS -> 422 PC THREAT/INTENT TO TERROR",1,0.00165016501650165
"211 PC ROBBERY- BUSINESS -> 459 PC  BURGLARY BUSINESS",1,0.00165016501650165
"211 PC ROBBERY- BUSINESS -> 476 PC PASS FICTICIOUS CHECK",1,0.00165016501650165
"211 PC ROBBERY- BUSINESS -> 484 PC PETTY THEFT",1,0.00165016501650165
"211 PC ROBBERY- BUSINESS -> 484 PETTY THEFT CLOUT UNLOCKED",1,0.00165016501650165
"211 PC ROBBERY- BUSINESS -> 484G(B) PC ACCESS CARD FRAUD",1,0.00165016501650165
"211 PC ROBBERY- BUSINESS -> 484J PC PUBLISH CARD INFO",1,0.00165016501650165
"211 PC ROBBERY- BUSINESS -> 487(A) GRAND THEFT-INSIDE",1,0.00165016501650165
"211 PC ROBBERY- BUSINESS -> 5150 WI DANGER SELF/OTHERS",1,0.00165016501650165
"211 PC ROBBERY- BUSINESS -> 530 PC FALSE PERS. REC PROP",1,0.00165016501650165
"211 PC ROBBERY- BUSINESS -> ACCIDENTAL FIRES/ARSON -I RPT",1,0.00165016501650165
"211 PC ROBBERY- BUSINESS -> DUI I RPT",1,0.00165016501650165
"211 PC ROBBERY- BUSINESS -> FAMILY DISTURBANCE - I RPT",1,0.00165016501650165
"211 PC ROBBERY- BUSINESS -> FOUND PROPERTY - I RPT",1,0.00165016501650165
"211 PC ROBBERY- BUSINESS -> HARASSMENT - I RPT",1,0.00165016501650165
"211 PC ROBBERY- BUSINESS -> NARCOTICS SUSP/EVID/ACT- I RPT",1,0.00165016501650165
"211 PC ROBBERY- BUSINESS -> PROTECTIVE CUSTODY-I RPT",1,0.00165016501650165
"211 PC ROBBERY- BUSINESS -> SUSP PERS-NO CRIME - I RPT",1,0.00165016501650165
"211 PC ROBBERY- BUSINESS -> TELEPEST -I RPT",1,0.00165016501650165
"211 PC ROBBERY- BUSINESS -> TRAFFIC-ACCIDENT-NON INJURY",1,0.00165016501650165
"211 PC ROBBERY-PURSE SNATCH -> 11350(A)HS POSS CNTRL SUBST",1,0.00165016501650165
"211 PC ROBBERY-PURSE SNATCH -> 11357(B)HS POSS -28.5GR MARIJ",1,0.00165016501650165
"211 PC ROBBERY-PURSE SNATCH -> 166(A)(4) WILFUL DISOBEY CT OR",1,0.00165016501650165
"211 PC ROBBERY-PURSE SNATCH -> 20001(A) VC HIT/RUN INJ/DEATH",1,0.00165016501650165
"211 PC ROBBERY-PURSE SNATCH -> 20002(A) HIT/RUN",1,0.00165016501650165
"211 PC ROBBERY-PURSE SNATCH -> 211 PC ROBBERY-PURSE SNATCH",1,0.00165016501650165
"211 PC ROBBERY-PURSE SNATCH -> 240 PC ASSAULT/SIMPLE-CIVILIAN",1,0.00165016501650165
"211 PC ROBBERY-PURSE SNATCH -> 243.2(A)(1) BATT/SCHOOL INJURY",1,0.00165016501650165
"211 PC ROBBERY-PURSE SNATCH -> 2800.2(A) VC EVADING/RECKLESS",1,0.00165016501650165
"211 PC ROBBERY-PURSE SNATCH -> 3056 PAROLE VIO - I RPT",1,0.00165016501650165
"211 PC ROBBERY-PURSE SNATCH -> 452(D)PC CAUSE FIRE OF PROPERT",1,0.00165016501650165
"211 PC ROBBERY-PURSE SNATCH -> 484 PETTY THEFT/LICENSE PLATE",1,0.00165016501650165
"211 PC ROBBERY-PURSE SNATCH -> 484G(B) PC ACCESS CARD FRAUD",1,0.00165016501650165
"211 PC ROBBERY-PURSE SNATCH -> 594(B)(2)(A) VANDALISM/ -$400",1,0.00165016501650165
"211 PC ROBBERY-PURSE SNATCH -> 666 PC PETTY THEFT W/PRI CONV",1,0.00165016501650165
"211 PC ROBBERY-PURSE SNATCH -> ACCIDENTAL FIRES/ARSON -I RPT",1,0.00165016501650165
"211 PC ROBBERY-PURSE SNATCH -> BATTERY - I RPT",1,0.00165016501650165
"211 PC ROBBERY-PURSE SNATCH -> HARASSMENT - I RPT",1,0.00165016501650165
"211 PC ROBBERY-PURSE SNATCH -> IMPOUNDED VEHICLE",1,0.00165016501650165
"211 PC ROBBERY-PURSE SNATCH -> MISCELLANEOUS I RPT (ZMISC)",1,0.00165016501650165
"211 PC ROBBERY-PURSE SNATCH -> NON INJ HR/MAIL OUT REPORT",1,0.00165016501650165
"211 PC ROBBERY-PURSE SNATCH -> POSSIBLE FINANCIAL CRIME-I RPT",1,0.00165016501650165
"211 PC ROBBERY-PURSE SNATCH -> POSSIBLE MENTAL - I RPT",1,0.00165016501650165
"211 PC ROBBERY-PURSE SNATCH -> TRAFFIC-ACCIDENT INJURY",1,0.00165016501650165
"211 PC ROBBERY-PURSE SNATCH -> WANTED SUBJ-O/S WANT/ I RPT",1,0.00165016501650165
"212.5(A)ROBBERY-INHAB DWELLING -> 10851 VC AUTO THEFT LOCATE",1,0.00165016501650165
"212.5(A)ROBBERY-INHAB DWELLING -> 10851(A)VC TAKE VEH W/O OWNER",1,0.00165016501650165
"212.5(A)ROBBERY-INHAB DWELLING -> 11350(A)HS POSS CNTRL SUBST",1,0.00165016501650165
"212.5(A)ROBBERY-INHAB DWELLING -> 11351.5 HS POSS SALE RCK COCAI",1,0.00165016501650165
"212.5(A)ROBBERY-INHAB DWELLING -> 23152(A) VC DUI-ALCOHOL/DRUGS",1,0.00165016501650165
"212.5(A)ROBBERY-INHAB DWELLING -> 459 PC  BURGLARY BUSINESS",1,0.00165016501650165
"212.5(A)ROBBERY-INHAB DWELLING -> 476 PC PASS FICTICIOUS CHECK",1,0.00165016501650165
"212.5(A)ROBBERY-INHAB DWELLING -> 484 PC PETTY THEFT",1,0.00165016501650165
"212.5(A)ROBBERY-INHAB DWELLING -> 484 PETTY THEFT-SHOPLIFT",1,0.00165016501650165
"212.5(A)ROBBERY-INHAB DWELLING -> 484G(B) PC ACCESS CARD FRAUD",1,0.00165016501650165
"212.5(A)ROBBERY-INHAB DWELLING -> 487(A) PC GRAND THEFT",1,0.00165016501650165
"212.5(A)ROBBERY-INHAB DWELLING -> 5150 WI DANGER SELF/OTHERS",1,0.00165016501650165
"212.5(A)ROBBERY-INHAB DWELLING -> 594(B)(1)PC  VANDALISM +$400",1,0.00165016501650165
"212.5(A)ROBBERY-INHAB DWELLING -> 594(B)(2)(A) VANDALISM/ -$400",1,0.00165016501650165
"212.5(A)ROBBERY-INHAB DWELLING -> ASSAULT WITH WEAPON - I RPT",1,0.00165016501650165
"212.5(A)ROBBERY-INHAB DWELLING -> BATTERY - I RPT",1,0.00165016501650165
"212.5(A)ROBBERY-INHAB DWELLING -> MISCELLANEOUS I RPT (ZMISC)",1,0.00165016501650165
"212.5(A)ROBBERY-INHAB DWELLING -> TOWED/STORED VEH-14602.6",1,0.00165016501650165
"212.5(A)ROBBERY-INHAB DWELLING -> TOWED/STORED VEHICLE",1,0.00165016501650165
"212.5(A)ROBBERY-INHAB DWELLING -> TRAFFIC-ACCIDENT-NON INJURY",1,0.00165016501650165
"21200.5 VC BICYCLE DUI -> 10851(A)VC TAKE VEH W/O OWNER",1,0.00165016501650165
"215(A) PC    CARJACKING -> 10851 VC AUTO THEFT LOCATE",1,0.00165016501650165
"215(A) PC    CARJACKING -> 11378 HS POSS/SALE AMPHETAMINE",1,0.00165016501650165
"215(A) PC    CARJACKING -> 1708 US   THEFT OF MAIL",1,0.00165016501650165
"215(A) PC    CARJACKING -> 243(B) PC  BATTERY - OFFICER",1,0.00165016501650165
"215(A) PC    CARJACKING -> 245(A)(2) AWDW/FIREARM/CIVILIA",1,0.00165016501650165
"215(A) PC    CARJACKING -> 246 PC SHOOT OCCUP DWELL/VEH",1,0.00165016501650165
"215(A) PC    CARJACKING -> 368(D) THEFT-ELDER >400",1,0.00165016501650165
"215(A) PC    CARJACKING -> 4462.5 VC FALSE TAB/AVOID REG",1,0.00165016501650165
"215(A) PC    CARJACKING -> 484 PC  PETTY THEFT/ OUTSIDE",1,0.00165016501650165
"215(A) PC    CARJACKING -> 484 PC-PETTY THEFT-COIN MACHIN",1,0.00165016501650165
"215(A) PC    CARJACKING -> 484 PETTY THEFT/LICENSE PLATE",1,0.00165016501650165
"215(A) PC    CARJACKING -> 487(A) GRAND THEFT-COIN MACHIN",1,0.00165016501650165
"215(A) PC    CARJACKING -> 496(A) RECEIVE STOLEN PROPERTY",1,0.00165016501650165
"215(A) PC    CARJACKING -> 5150 WI DANGER SELF/OTHERS",1,0.00165016501650165
"215(A) PC    CARJACKING -> 594(B)(1)VANDALISM GRAF +$400",1,0.00165016501650165
"215(A) PC    CARJACKING -> 594(B)(2)(A)VANDALISM GRAF-400",1,0.00165016501650165
"215(A) PC    CARJACKING -> 602(K)TRESPASS:INJURE PROPERTY",1,0.00165016501650165
"215(A) PC    CARJACKING -> CASUALTY REPORT",1,0.00165016501650165
"215(A) PC    CARJACKING -> CHILD CUSTODY - I RPT",1,0.00165016501650165
"215(A) PC    CARJACKING -> CHILD WELFARE - I RPT",1,0.00165016501650165
"215(A) PC    CARJACKING -> GANG ACTIVITY - I RPT",1,0.00165016501650165
"215(A) PC    CARJACKING -> HIT AND RUN /SUSPECTS- I RPT",1,0.00165016501650165
"215(A) PC    CARJACKING -> JUVENILE DISURBANCE - I RPT",1,0.00165016501650165
"215(A) PC    CARJACKING -> LOST PROPERTY - I RPT",1,0.00165016501650165
"215(A) PC    CARJACKING -> MISSING PERSON",1,0.00165016501650165
"215(A) PC    CARJACKING -> O/S AGENCY -ASSISTANCE- I RPT",1,0.00165016501650165
"215(A) PC    CARJACKING -> POSS STOLEN VEHICLE- I RPT",1,0.00165016501650165
"215(A) PC    CARJACKING -> POSSIBLE STOLEN PROPERTY-I RPT",1,0.00165016501650165
"215(A) PC    CARJACKING -> RPT # CANCELLED- I RPT",1,0.00165016501650165
"215(A) PC    CARJACKING -> TERRORIST THREATS - I RPT",1,0.00165016501650165
"22435.2(A) BP POSS SHOP CART -> 11377(A)HS POSS AMPHETAMINES",1,0.00165016501650165
"22435.2(A) BP POSS SHOP CART -> 11378 HS POSS/SALE AMPHETAMINE",1,0.00165016501650165
"22435.2(A) BP POSS SHOP CART -> 12020(A)(4) PC DIRK/DAGGER",1,0.00165016501650165
"22435.2(A) BP POSS SHOP CART -> 23550.5 VC 4+DUI IN 10 YEARS",1,0.00165016501650165
"22435.2(A) BP POSS SHOP CART -> 273.6(A) PC VIO DV COURT ORDER",1,0.00165016501650165
"22435.2(A) BP POSS SHOP CART -> 459 PC  BURGLARY BUSINESS",1,0.00165016501650165
"22435.2(A) BP POSS SHOP CART -> 459 PC  BURGLARY VEHICLE",1,0.00165016501650165
"22435.2(A) BP POSS SHOP CART -> 484 PETTY THEFT/LICENSE PLATE",1,0.00165016501650165
"22435.2(A) BP POSS SHOP CART -> 594(B)(2)(A) VANDALISM/ -$400",1,0.00165016501650165
"22435.2(A) BP POSS SHOP CART -> 647(F) PC DIP - DISORDERLY",1,0.00165016501650165
"22435.2(A) BP POSS SHOP CART -> BATTERY - I RPT",1,0.00165016501650165
"22435.2(A) BP POSS SHOP CART -> CASUALTY REPORT",1,0.00165016501650165
"22435.2(A) BP POSS SHOP CART -> NON INJ HR/MAIL OUT REPORT",1,0.00165016501650165
"22435.2(A) BP POSS SHOP CART -> ROBBERY - I RPT",1,0.00165016501650165
"22435.2(A) BP POSS SHOP CART -> TELEPEST -I RPT",1,0.00165016501650165
"22435.2(A) BP POSS SHOP CART -> TRAFFIC-ACCIDENT INJURY",1,0.00165016501650165
"23103(A) RECKLESS ON HIGHWAY -> 11359 HS POSS FOR SALE MARIJ",1,0.00165016501650165
"23103(A) RECKLESS ON HIGHWAY -> 11377(A)HS POSS AMPHETAMINES",1,0.00165016501650165
"23103(A) RECKLESS ON HIGHWAY -> 11378 HS POSS CNTRL SUB/SALE",1,0.00165016501650165
"23103(A) RECKLESS ON HIGHWAY -> 211 PC ROBBERY- BUSINESS",1,0.00165016501650165
"23103(A) RECKLESS ON HIGHWAY -> 245(A)(1)AWDW/NO FIREARM/CIVIL",1,0.00165016501650165
"23103(A) RECKLESS ON HIGHWAY -> 417(A)1) PC BRANDISH NON-GUN",1,0.00165016501650165
"23103(A) RECKLESS ON HIGHWAY -> 422 PC THREAT/INTENT TO TERROR",1,0.00165016501650165
"23103(A) RECKLESS ON HIGHWAY -> 484 PC  PETTY THEFT/ OUTSIDE",1,0.00165016501650165
"23103(A) RECKLESS ON HIGHWAY -> 484 PC PETTY THEFT",1,0.00165016501650165
"23103(A) RECKLESS ON HIGHWAY -> 5150 WI DANGER SELF/OTHERS",1,0.00165016501650165
"23103(A) RECKLESS ON HIGHWAY -> ACCIDENTAL FIRES/ARSON -I RPT",1,0.00165016501650165
"23103(A) RECKLESS ON HIGHWAY -> FRAUD OR BUNCO - I RPT",1,0.00165016501650165
"23103(A) RECKLESS ON HIGHWAY -> HARASSMENT - I RPT",1,0.00165016501650165
"23103(A) RECKLESS ON HIGHWAY -> MISCELLANEOUS I RPT (ZMISC)",1,0.00165016501650165
"23103(A) RECKLESS ON HIGHWAY -> NON INJ HR/MAIL OUT REPORT",1,0.00165016501650165
"23103(A) RECKLESS ON HIGHWAY -> ROBBERY - I RPT",1,0.00165016501650165
"23103(A) RECKLESS ON HIGHWAY -> THREATS - I RPT",1,0.00165016501650165
"23103(A) RECKLESS ON HIGHWAY -> TOWED/STORED VEH-14602.6",1,0.00165016501650165
"23103(A) RECKLESS ON HIGHWAY -> TOWED/STORED VEHICLE",1,0.00165016501650165
"23103(A) RECKLESS ON HIGHWAY -> TRAFFIC-ACCIDENT INJURY",1,0.00165016501650165
"23110(B) VC THROW AT VEH W/INT -> TOWED/STORED VEH-14602.6",1,0.00165016501650165
"23110(B) VC THROW AT VEH W/INT -> TOWED/STORED VEHICLE",1,0.00165016501650165
"23152(A) VC DUI-ALCOHOL/DRUGS -> 11357(C)HS POSS +28.5GR MARIJ",1,0.00165016501650165
"23152(A) VC DUI-ALCOHOL/DRUGS -> 12021(A)(1)PC FELON POSS FRARM",1,0.00165016501650165
"23152(A) VC DUI-ALCOHOL/DRUGS -> 1203.2 PC VIOLATION OF PROBATI",1,0.00165016501650165
"23152(A) VC DUI-ALCOHOL/DRUGS -> 148(A)(1)PC RESIST PEACE OFFCR",1,0.00165016501650165
"23152(A) VC DUI-ALCOHOL/DRUGS -> 1708 US   THEFT OF MAIL",1,0.00165016501650165
"23152(A) VC DUI-ALCOHOL/DRUGS -> 212.5(A)ROBBERY-INHAB DWELLING",1,0.00165016501650165
"23152(A) VC DUI-ALCOHOL/DRUGS -> 215(A) PC    CARJACKING",1,0.00165016501650165
"23152(A) VC DUI-ALCOHOL/DRUGS -> 246 PC SHOOT OCCUP DWELL/VEH",1,0.00165016501650165
"23152(A) VC DUI-ALCOHOL/DRUGS -> 246.3 PC NEGL DISCH FIREARM",1,0.00165016501650165
"23152(A) VC DUI-ALCOHOL/DRUGS -> 3056 PAROLE VIO - I RPT",1,0.00165016501650165
"23152(A) VC DUI-ALCOHOL/DRUGS -> 4140 BP  POSS OF HYPO NEEDLE",1,0.00165016501650165
"23152(A) VC DUI-ALCOHOL/DRUGS -> 451(D) PC  ARSON OF PROPERTY",1,0.00165016501650165
"23152(A) VC DUI-ALCOHOL/DRUGS -> 470 PC FORGERY",1,0.00165016501650165
"23152(A) VC DUI-ALCOHOL/DRUGS -> 476 PC PASS FICTICIOUS CHECK",1,0.00165016501650165
"23152(A) VC DUI-ALCOHOL/DRUGS -> 484 PC   THEFT-LIC PLATE TABS",1,0.00165016501650165
"23152(A) VC DUI-ALCOHOL/DRUGS -> 484E(D)PC FRAUD POSS CARD INFO",1,0.00165016501650165
"23152(A) VC DUI-ALCOHOL/DRUGS -> 484G(B) PC ACCESS CARD FRAUD",1,0.00165016501650165
"23152(A) VC DUI-ALCOHOL/DRUGS -> 487(A) GRAND THEFT-COIN MACHIN",1,0.00165016501650165
"23152(A) VC DUI-ALCOHOL/DRUGS -> 487(A) PC GRAND THEFT-SHOPLIFT",1,0.00165016501650165
"23152(A) VC DUI-ALCOHOL/DRUGS -> 496(A) RECEIVE STOLEN PROPERTY",1,0.00165016501650165
"23152(A) VC DUI-ALCOHOL/DRUGS -> 530.5 PC USE PERSONAL ID INFO",1,0.00165016501650165
"23152(A) VC DUI-ALCOHOL/DRUGS -> 666 PC PETTY THEFT W/PRI CONV",1,0.00165016501650165
"23152(A) VC DUI-ALCOHOL/DRUGS -> ASSAULT WITH WEAPON - I RPT",1,0.00165016501650165
"23152(A) VC DUI-ALCOHOL/DRUGS -> FAMILY DISTURBANCE - I RPT",1,0.00165016501650165
"23152(A) VC DUI-ALCOHOL/DRUGS -> HARASSMENT - I RPT",1,0.00165016501650165
"23152(A) VC DUI-ALCOHOL/DRUGS -> INTOX REPORT/ADMIN PER - I RPT",1,0.00165016501650165
"23152(A) VC DUI-ALCOHOL/DRUGS -> JUVENILE PROBLEMS - I RPT",1,0.00165016501650165
"23152(A) VC DUI-ALCOHOL/DRUGS -> LOST PROPERTY - I RPT",1,0.00165016501650165
"23152(A) VC DUI-ALCOHOL/DRUGS -> MISSING PERSON I RPT",1,0.00165016501650165
"23152(A) VC DUI-ALCOHOL/DRUGS -> NARCOTICS SUSP/EVID/ACT- I RPT",1,0.00165016501650165
"23152(A) VC DUI-ALCOHOL/DRUGS -> O/S AGENCY -ASSISTANCE- I RPT",1,0.00165016501650165
"23152(A) VC DUI-ALCOHOL/DRUGS -> PERSON INFORMATION - I RPT",1,0.00165016501650165
"23152(A) VC DUI-ALCOHOL/DRUGS -> POSSIBLE STOLEN PROPERTY-I RPT",1,0.00165016501650165
"23152(A) VC DUI-ALCOHOL/DRUGS -> WANTED SUBJ-O/S WANT/ I RPT",1,0.00165016501650165
"23152(A) VC DUI-ALCOHOL/DRUGS -> WARRANT SERVED - I RPT",1,0.00165016501650165
"23152(B) VC DUI BA .08 OR MORE -> 23152(A) VC DUI-ALCOHOL/DRUGS",1,0.00165016501650165
"23152(B) VC DUI BA .08 OR MORE -> 417(A)2) PC BRANDISH FIREARM",1,0.00165016501650165
"23152(B) VC DUI BA .08 OR MORE -> 484 PC PETTY THEFT",1,0.00165016501650165
"23152(B) VC DUI BA .08 OR MORE -> 594(B)(1)PC  VANDALISM +$400",1,0.00165016501650165
"23152(B) VC DUI BA .08 OR MORE -> 594(B)(2)(A) VANDALISM/ -$400",1,0.00165016501650165
"23152(B) VC DUI BA .08 OR MORE -> MISSING PERSON",1,0.00165016501650165
"23153(A) VC DUI CAUSE INJURY -> 11364 HS POSS DRUG PARAPH",1,0.00165016501650165
"23153(A) VC DUI CAUSE INJURY -> 1551(A) FUGITIVE FROM JUSTICE",1,0.00165016501650165
"23153(A) VC DUI CAUSE INJURY -> 166(A)(4) WILFUL DISOBEY CT OR",1,0.00165016501650165
"23153(A) VC DUI CAUSE INJURY -> 1708 US   THEFT OF MAIL",1,0.00165016501650165
"23153(A) VC DUI CAUSE INJURY -> 211 PC ROBBERY- BUSINESS",1,0.00165016501650165
"23153(A) VC DUI CAUSE INJURY -> 215(A) PC    CARJACKING",1,0.00165016501650165
"23153(A) VC DUI CAUSE INJURY -> 23153(A) VC DUI CAUSE INJURY",1,0.00165016501650165
"23153(A) VC DUI CAUSE INJURY -> 243(E)1 BATTERY NONCOHAB SPOUS",1,0.00165016501650165
"23153(A) VC DUI CAUSE INJURY -> 422 PC THREAT/INTENT TO TERROR",1,0.00165016501650165
"23153(A) VC DUI CAUSE INJURY -> 484 PETTY THEFT-SHOPLIFT",1,0.00165016501650165
"23153(A) VC DUI CAUSE INJURY -> 484G(B) PC ACCESS CARD FRAUD",1,0.00165016501650165
"23153(A) VC DUI CAUSE INJURY -> 530.5 PC USE PERSONAL ID INFO",1,0.00165016501650165
"23153(A) VC DUI CAUSE INJURY -> 653M(B) PC ANNOY/RPT CALL HOME",1,0.00165016501650165
"23153(A) VC DUI CAUSE INJURY -> 666 PC PETTY THEFT W/PRI CONV",1,0.00165016501650165
"23153(A) VC DUI CAUSE INJURY -> ACCIDENTAL FIRES/ARSON -I RPT",1,0.00165016501650165
"23153(A) VC DUI CAUSE INJURY -> CASUALTY REPORT",1,0.00165016501650165
"23153(A) VC DUI CAUSE INJURY -> NEIGHBORHOOD DISTURBANCE-I RPT",1,0.00165016501650165
"23153(A) VC DUI CAUSE INJURY -> SUSP PERS-NO CRIME - I RPT",1,0.00165016501650165
"23153(A) VC DUI CAUSE INJURY -> TELEPEST -I RPT",1,0.00165016501650165
"23153(A) VC DUI CAUSE INJURY -> THREATS - I RPT",1,0.00165016501650165
"23153(A) VC DUI CAUSE INJURY -> TRAFFIC-ACCIDENT-NON INJURY",1,0.00165016501650165
"23220 VC DRINKING WHILE DRVING -> 10851(A)VC TAKE VEH W/O OWNER",1,0.00165016501650165
"23220 VC DRINKING WHILE DRVING -> 20002(A) HIT/RUN",1,0.00165016501650165
"23220 VC DRINKING WHILE DRVING -> 23152(A) VC DUI-ALCOHOL/DRUGS",1,0.00165016501650165
"23220 VC DRINKING WHILE DRVING -> 484G(B) PC ACCESS CARD FRAUD",1,0.00165016501650165
"23220 VC DRINKING WHILE DRVING -> 594(B)(2)(A) VANDALISM/ -$400",1,0.00165016501650165
"23220 VC DRINKING WHILE DRVING -> MISSING PERSON",1,0.00165016501650165
"23220 VC DRINKING WHILE DRVING -> PROB VIOLA/FEL-MISD - I RPT",1,0.00165016501650165
"23222(B)POSSESS MARIJ IN VEH -> 11350(A)HS POSS CNTRL SUBST",1,0.00165016501650165
"23222(B)POSSESS MARIJ IN VEH -> 11364 HS POSS DRUG PARAPH",1,0.00165016501650165
"23222(B)POSSESS MARIJ IN VEH -> 11550(A)HS UNDER INFL NARCOTIC",1,0.00165016501650165
"23222(B)POSSESS MARIJ IN VEH -> 211 PC  ROBBERY UNSPECIFIED",1,0.00165016501650165
"23222(B)POSSESS MARIJ IN VEH -> 273.6(A) PC VIO DV COURT ORDER",1,0.00165016501650165
"23222(B)POSSESS MARIJ IN VEH -> 529 PC FALSE PERSONATION",1,0.00165016501650165
"23222(B)POSSESS MARIJ IN VEH -> 594(B)(2)(A) VANDALISM/ -$400",1,0.00165016501650165
"23222(B)POSSESS MARIJ IN VEH -> 647(B) PC   PROSTITUTION",1,0.00165016501650165
"23222(B)POSSESS MARIJ IN VEH -> ELDER ABUSE/PHYS/MENTAL-I RPT",1,0.00165016501650165
"23222(B)POSSESS MARIJ IN VEH -> FOUND PROPERTY - I RPT",1,0.00165016501650165
"23222(B)POSSESS MARIJ IN VEH -> GANG ACTIVITY - I RPT",1,0.00165016501650165
"23222(B)POSSESS MARIJ IN VEH -> TOWED/STORED VEH-14602.6",1,0.00165016501650165
"23222(B)POSSESS MARIJ IN VEH -> TOWED/STORED VEHICLE",1,0.00165016501650165
"23222(B)POSSESS MARIJ IN VEH -> TRAFFIC-ACCIDENT-NON INJURY",1,0.00165016501650165
"23550.5 VC 4+DUI IN 10 YEARS -> 10851(A)VC TAKE VEH W/O OWNER",1,0.00165016501650165
"23550.5 VC 4+DUI IN 10 YEARS -> 459 PC  BURGLARY VEHICLE",1,0.00165016501650165
"23550.5 VC 4+DUI IN 10 YEARS -> 496(A) RECEIVE STOLEN PROPERTY",1,0.00165016501650165
"23550.5 VC 4+DUI IN 10 YEARS -> 594(B)(2)(A)VANDALISM GRAF-400",1,0.00165016501650165
"23550.5 VC 4+DUI IN 10 YEARS -> LOST PROPERTY - I RPT",1,0.00165016501650165
"240 PC ASSAULT/SIMPLE-CIVILIAN -> 11350(A)HS POSS CNTRL SUBST",1,0.00165016501650165
"240 PC ASSAULT/SIMPLE-CIVILIAN -> 11357(B)HS POSS -28.5GR MARIJ",1,0.00165016501650165
"240 PC ASSAULT/SIMPLE-CIVILIAN -> 3056 PAROLE VIO - I RPT",1,0.00165016501650165
"240 PC ASSAULT/SIMPLE-CIVILIAN -> 459 PC  BURGLARY RESIDENCE",1,0.00165016501650165
"240 PC ASSAULT/SIMPLE-CIVILIAN -> 484 PETTY THEFT/LICENSE PLATE",1,0.00165016501650165
"240 PC ASSAULT/SIMPLE-CIVILIAN -> 849(B)(1) CERTIFICATE OF RELEA",1,0.00165016501650165
"240 PC ASSAULT/SIMPLE-CIVILIAN -> CASUALTY REPORT",1,0.00165016501650165
"240 PC ASSAULT/SIMPLE-CIVILIAN -> LOST PROPERTY - I RPT",1,0.00165016501650165
"240 PC ASSAULT/SIMPLE-CIVILIAN -> TOWED/STORED VEHICLE",1,0.00165016501650165
"241(B) ASSAULT ON POLICE OFFIC -> 10851 VC AUTO THEFT LOCATE",1,0.00165016501650165
"241(B) ASSAULT ON POLICE OFFIC -> 11350(A)HS POSS CNTRL SUBST",1,0.00165016501650165
"241(B) ASSAULT ON POLICE OFFIC -> 11364 HS POSS DRUG PARAPH",1,0.00165016501650165
"241(B) ASSAULT ON POLICE OFFIC -> 12021(A)(1)PC FELON POSS FRARM",1,0.00165016501650165
"241(B) ASSAULT ON POLICE OFFIC -> 211 PC  ROBBERY UNSPECIFIED",1,0.00165016501650165
"241(B) ASSAULT ON POLICE OFFIC -> 466 PC   POSS OF BURG TOOLS",1,0.00165016501650165
"241(B) ASSAULT ON POLICE OFFIC -> 484 PETTY THEFT-SHOPLIFT",1,0.00165016501650165
"241(B) ASSAULT ON POLICE OFFIC -> NON INJ HR/MAIL OUT REPORT",1,0.00165016501650165
"241(B) ASSAULT ON POLICE OFFIC -> TOWED/STORED VEHICLE",1,0.00165016501650165
"242 PC  BATTERY CIVILIAN -> 11350(B)HS POSSESS QUAALUDES",1,0.00165016501650165
"242 PC  BATTERY CIVILIAN -> 11357(E) MNR POSS MARIJ SCHOOL",1,0.00165016501650165
"242 PC  BATTERY CIVILIAN -> 11378 HS POSS/SALE AMPHETAMINE",1,0.00165016501650165
"242 PC  BATTERY CIVILIAN -> 11532(A)HS LOITER DRG ACTIVITY",1,0.00165016501650165
"242 PC  BATTERY CIVILIAN -> 12021(A)(1)PC FELON POSS FRARM",1,0.00165016501650165
"242 PC  BATTERY CIVILIAN -> 14601(A) VC LIC SUSP NEGLIGENT",1,0.00165016501650165
"242 PC  BATTERY CIVILIAN -> 148.9 PC FALSE ID TO OFFICER",1,0.00165016501650165
"242 PC  BATTERY CIVILIAN -> 203 PC    MAYHEM",1,0.00165016501650165
"242 PC  BATTERY CIVILIAN -> 23103(A) RECKLESS ON HIGHWAY",1,0.00165016501650165
"242 PC  BATTERY CIVILIAN -> 243(D) PC BATT/CIVILIAN W/INJ",1,0.00165016501650165
"242 PC  BATTERY CIVILIAN -> 243(E)1 BATTERY NONCOHAB SPOUS",1,0.00165016501650165
"242 PC  BATTERY CIVILIAN -> 243.4(E)(1)TOUCH FOR SEX PLEAS",1,0.00165016501650165
"242 PC  BATTERY CIVILIAN -> 246.3 PC NEGL DISCH FIREARM",1,0.00165016501650165
"242 PC  BATTERY CIVILIAN -> 273.6(A) PC VIO DV COURT ORDER",1,0.00165016501650165
"242 PC  BATTERY CIVILIAN -> 2800.2(A) VC EVADING/RECKLESS",1,0.00165016501650165
"242 PC  BATTERY CIVILIAN -> 290(F)1 W/I 5 DAYS ADD CHANGE",1,0.00165016501650165
"242 PC  BATTERY CIVILIAN -> 422 PC THREAT/INTENT TO TERROR",1,0.00165016501650165
"242 PC  BATTERY CIVILIAN -> 470 PC FORGERY",1,0.00165016501650165
"242 PC  BATTERY CIVILIAN -> 475(C) PASS FORGED NOTE",1,0.00165016501650165
"242 PC  BATTERY CIVILIAN -> 484 PC PETTY THEFT",1,0.00165016501650165
"242 PC  BATTERY CIVILIAN -> 487(D) PC GRAND THEFT AUTO",1,0.00165016501650165
"242 PC  BATTERY CIVILIAN -> 487(D)GRAND THEFT FIREARM/ANIM",1,0.00165016501650165
"242 PC  BATTERY CIVILIAN -> 529 PC FALSE PERSONATION",1,0.00165016501650165
"242 PC  BATTERY CIVILIAN -> 594(B)(2)(A)VANDALISM GRAF-400",1,0.00165016501650165
"242 PC  BATTERY CIVILIAN -> 626.2 PC UNAUTH ENTRY CAMPUS",1,0.00165016501650165
"242 PC  BATTERY CIVILIAN -> 647(F) PC PUB INTOX-DETOX ONLY",1,0.00165016501650165
"242 PC  BATTERY CIVILIAN -> 653M(A) PC OBSCENE/THREAT CALL",1,0.00165016501650165
"242 PC  BATTERY CIVILIAN -> 666 PC PETTY THEFT W/PRI CONV",1,0.00165016501650165
"242 PC  BATTERY CIVILIAN -> 849(B)(1) CERTIFICATE OF RELEA",1,0.00165016501650165
"242 PC  BATTERY CIVILIAN -> ABC LICENSE VIO/INFO - I RPT",1,0.00165016501650165
"242 PC  BATTERY CIVILIAN -> ASSAULT WITH WEAPON - I RPT",1,0.00165016501650165
"242 PC  BATTERY CIVILIAN -> FRAUDULENT DOCUMENTS- I RPT",1,0.00165016501650165
"242 PC  BATTERY CIVILIAN -> MISSING PERSON I RPT",1,0.00165016501650165
"242 PC  BATTERY CIVILIAN -> NARCOTICS SUSP/EVID/ACT- I RPT",1,0.00165016501650165
"242 PC  BATTERY CIVILIAN -> O/S AGENCY -ASSISTANCE- I RPT",1,0.00165016501650165
"242 PC  BATTERY CIVILIAN -> POSSIBLE MENTAL - I RPT",1,0.00165016501650165
"242 PC  BATTERY CIVILIAN -> PROTECTIVE CUSTODY-I RPT",1,0.00165016501650165
"242 PC  BATTERY CIVILIAN -> RECOVERED PROPERTY - I RPT",1,0.00165016501650165
"242 PC  BATTERY CIVILIAN -> SUSP PERS-NO CRIME - I RPT",1,0.00165016501650165
"242 PC  BATTERY CIVILIAN -> WARRANT SERVED - I RPT",1,0.00165016501650165
"243(B) BATTERY DR/NURSE/EMERG -> MISSING PERSON",1,0.00165016501650165
"243(B) BATTERY DR/NURSE/EMERG -> TRAFFIC-ACCIDENT INJURY",1,0.00165016501650165
"243(B) PC  BATTERY - OFFICER -> 10851 VC AUTO THEFT LOCATE",1,0.00165016501650165
"243(B) PC  BATTERY - OFFICER -> 11364 HS POSS DRUG PARAPH",1,0.00165016501650165
"243(B) PC  BATTERY - OFFICER -> 11377(A)HS POSS AMPHETAMINES",1,0.00165016501650165
"243(C)(1)BATT EMERG PERSON-INJ -> 484 PC PETTY THEFT",1,0.00165016501650165
"243(C)2 PC BATT/PO WITH INJURY -> 242 PC  BATTERY CIVILIAN",1,0.00165016501650165
"243(C)2 PC BATT/PO WITH INJURY -> 647(B) PC   PROSTITUTION",1,0.00165016501650165
"243(C)2 PC BATT/PO WITH INJURY -> NON INJ HR/MAIL OUT REPORT",1,0.00165016501650165
"243(D) PC BATT/CIVILIAN W/INJ -> 11351.5 HS POSS SALE RCK COCAI",1,0.00165016501650165
"243(D) PC BATT/CIVILIAN W/INJ -> 11550(A)HS UNDER INFL NARCOTIC",1,0.00165016501650165
"243(D) PC BATT/CIVILIAN W/INJ -> 12022.1 PC COMMIT FEL ON BAIL",1,0.00165016501650165
"243(D) PC BATT/CIVILIAN W/INJ -> 14601.1(A) VC LIC SUSP OTHER",1,0.00165016501650165
"243(D) PC BATT/CIVILIAN W/INJ -> 148.9 PC FALSE ID TO OFFICER",1,0.00165016501650165
"243(D) PC BATT/CIVILIAN W/INJ -> 1551(A) FUGITIVE FROM JUSTICE",1,0.00165016501650165
"243(D) PC BATT/CIVILIAN W/INJ -> 211 PC ROBBERY-PURSE SNATCH",1,0.00165016501650165
"243(D) PC BATT/CIVILIAN W/INJ -> 242 PC  BATTERY CIVILIAN",1,0.00165016501650165
"243(D) PC BATT/CIVILIAN W/INJ -> 246.3 PC NEGL DISCH FIREARM",1,0.00165016501650165
"243(D) PC BATT/CIVILIAN W/INJ -> 2800.2(A) VC EVADING/RECKLESS",1,0.00165016501650165
"243(D) PC BATT/CIVILIAN W/INJ -> 422 PC THREAT/INTENT TO TERROR",1,0.00165016501650165
"243(D) PC BATT/CIVILIAN W/INJ -> 459 PC  BURGLARY RESIDENCE",1,0.00165016501650165
"243(D) PC BATT/CIVILIAN W/INJ -> 484 PETTY THEFT/LICENSE PLATE",1,0.00165016501650165
"243(D) PC BATT/CIVILIAN W/INJ -> 487(A) GRAND THEFT-INSIDE",1,0.00165016501650165
"243(D) PC BATT/CIVILIAN W/INJ -> 487(A) PC GRAND THEFT",1,0.00165016501650165
"243(D) PC BATT/CIVILIAN W/INJ -> 5150 WI DANGER SELF/OTHERS",1,0.00165016501650165
"243(D) PC BATT/CIVILIAN W/INJ -> 594(B)(2)(A)VANDALISM GRAF-400",1,0.00165016501650165
"243(D) PC BATT/CIVILIAN W/INJ -> 602(N)TRESP DRIVE ON PRIVATE P",1,0.00165016501650165
"243(D) PC BATT/CIVILIAN W/INJ -> BATTERY - I RPT",1,0.00165016501650165
"243(D) PC BATT/CIVILIAN W/INJ -> FAMILY DISTURBANCE - I RPT",1,0.00165016501650165
"243(D) PC BATT/CIVILIAN W/INJ -> FOUND PROPERTY - I RPT",1,0.00165016501650165
"243(D) PC BATT/CIVILIAN W/INJ -> FRAUD OR BUNCO - I RPT",1,0.00165016501650165
"243(D) PC BATT/CIVILIAN W/INJ -> MISCELLANEOUS I RPT (ZMISC)",1,0.00165016501650165
"243(D) PC BATT/CIVILIAN W/INJ -> NEIGHBORHOOD DISTURBANCE-I RPT",1,0.00165016501650165
"243(D) PC BATT/CIVILIAN W/INJ -> SUSPICIOUS VEHICLE - I RPT",1,0.00165016501650165
"243(D) PC BATT/CIVILIAN W/INJ -> TRAFFIC-ACCIDENT-NON INJURY",1,0.00165016501650165
"243(E)1 BATTERY NONCOHAB SPOUS -> 10.48.150 E FALSIFY PKG PERMIT",1,0.00165016501650165
"243(E)1 BATTERY NONCOHAB SPOUS -> 11351 HS POSS/SALE OPIATE/NARC",1,0.00165016501650165
"243(E)1 BATTERY NONCOHAB SPOUS -> 11359 HS POSS FOR SALE MARIJ",1,0.00165016501650165
"243(E)1 BATTERY NONCOHAB SPOUS -> 11377(A)HS POSS AMPHETAMINES",1,0.00165016501650165
"243(E)1 BATTERY NONCOHAB SPOUS -> 11532(A)HS LOITER DRG ACTIVITY",1,0.00165016501650165
"243(E)1 BATTERY NONCOHAB SPOUS -> 12020(A)1) PROHIBITED FIREARM",1,0.00165016501650165
"243(E)1 BATTERY NONCOHAB SPOUS -> 1551(A) FUGITIVE FROM JUSTICE",1,0.00165016501650165
"243(E)1 BATTERY NONCOHAB SPOUS -> 212.5(B) ROB-VICINITY OF ATM",1,0.00165016501650165
"243(E)1 BATTERY NONCOHAB SPOUS -> 215(A) PC    CARJACKING",1,0.00165016501650165
"243(E)1 BATTERY NONCOHAB SPOUS -> 243(D) PC BATT/CIVILIAN W/INJ",1,0.00165016501650165
"243(E)1 BATTERY NONCOHAB SPOUS -> 246 PC SHOOT OCCUP DWELL/VEH",1,0.00165016501650165
"243(E)1 BATTERY NONCOHAB SPOUS -> 247(B) PC SHOOT UNOCC BLDG/VEH",1,0.00165016501650165
"243(E)1 BATTERY NONCOHAB SPOUS -> 273.6(A) PC VIO DV COURT ORDER",1,0.00165016501650165
"243(E)1 BATTERY NONCOHAB SPOUS -> 290(A)(1)(D) FAIL TO REG-5 DAY",1,0.00165016501650165
"243(E)1 BATTERY NONCOHAB SPOUS -> 4140 BP  POSS OF HYPO NEEDLE",1,0.00165016501650165
"243(E)1 BATTERY NONCOHAB SPOUS -> 415(3) PC DIST PEACE OFF WORDS",1,0.00165016501650165
"243(E)1 BATTERY NONCOHAB SPOUS -> 417(A)1) PC BRANDISH NON-GUN",1,0.00165016501650165
"243(E)1 BATTERY NONCOHAB SPOUS -> 417.4 PC BRANDISH IMIT FIREARM",1,0.00165016501650165
"243(E)1 BATTERY NONCOHAB SPOUS -> 422 PC THREAT/INTENT TO TERROR",1,0.00165016501650165
"243(E)1 BATTERY NONCOHAB SPOUS -> 4462.5 VC FALSE TAB/AVOID REG",1,0.00165016501650165
"243(E)1 BATTERY NONCOHAB SPOUS -> 451(B) PC ARSON OF INHAB STRUC",1,0.00165016501650165
"243(E)1 BATTERY NONCOHAB SPOUS -> 476 PC PASS FICTICIOUS CHECK",1,0.00165016501650165
"243(E)1 BATTERY NONCOHAB SPOUS -> 484 PC  PETTY THEFT AUTO PART",1,0.00165016501650165
"243(E)1 BATTERY NONCOHAB SPOUS -> 484 PC  PETTY THEFT/ OUTSIDE",1,0.00165016501650165
"243(E)1 BATTERY NONCOHAB SPOUS -> 484 PETTY THEFT CLOUT UNLOCKED",1,0.00165016501650165
"243(E)1 BATTERY NONCOHAB SPOUS -> 484J PC PUBLISH CARD INFO",1,0.00165016501650165
"243(E)1 BATTERY NONCOHAB SPOUS -> 487(A) GRAND THEFT-CLOUT-UNLOC",1,0.00165016501650165
"243(E)1 BATTERY NONCOHAB SPOUS -> 487(A) GRAND THEFT-COIN MACHIN",1,0.00165016501650165
"243(E)1 BATTERY NONCOHAB SPOUS -> 487(A) GRAND THEFT-INSIDE",1,0.00165016501650165
"243(E)1 BATTERY NONCOHAB SPOUS -> 487(D)GRAND THEFT FIREARM/ANIM",1,0.00165016501650165
"243(E)1 BATTERY NONCOHAB SPOUS -> 496(A) RECEIVE STOLEN PROPERTY",1,0.00165016501650165
"243(E)1 BATTERY NONCOHAB SPOUS -> 537(A)(1) DEFRAUD INKEEP/-$400",1,0.00165016501650165
"243(E)1 BATTERY NONCOHAB SPOUS -> 594(B)(2)(A)VANDALISM GRAF-400",1,0.00165016501650165
"243(E)1 BATTERY NONCOHAB SPOUS -> 601(A) WI JUVENILE INCORRIGIBL",1,0.00165016501650165
"243(E)1 BATTERY NONCOHAB SPOUS -> 647(B) PC   PROSTITUTION",1,0.00165016501650165
"243(E)1 BATTERY NONCOHAB SPOUS -> 653M(B) PC ANNOY/RPT CALL HOME",1,0.00165016501650165
"243(E)1 BATTERY NONCOHAB SPOUS -> 9.04.050C POSS OPEN CONTAINER",1,0.00165016501650165
"243(E)1 BATTERY NONCOHAB SPOUS -> 9.40.020(A) JUVENILE CURFEW",1,0.00165016501650165
"243(E)1 BATTERY NONCOHAB SPOUS -> ABC LICENSE VIO/INFO - I RPT",1,0.00165016501650165
"243(E)1 BATTERY NONCOHAB SPOUS -> GRAND THEFT - I RPT",1,0.00165016501650165
"243(E)1 BATTERY NONCOHAB SPOUS -> JUVENILE PROBLEMS - I RPT",1,0.00165016501650165
"243(E)1 BATTERY NONCOHAB SPOUS -> MISSING PERSON I RPT",1,0.00165016501650165
"243(E)1 BATTERY NONCOHAB SPOUS -> MISSING PERSON LOCATE O/S ASSI",1,0.00165016501650165
"243(E)1 BATTERY NONCOHAB SPOUS -> NEIGHBORHOOD DISTURBANCE-I RPT",1,0.00165016501650165
"243(E)1 BATTERY NONCOHAB SPOUS -> NON INJ HR/MAIL OUT REPORT",1,0.00165016501650165
"243(E)1 BATTERY NONCOHAB SPOUS -> POSSIBLE FINANCIAL CRIME-I RPT",1,0.00165016501650165
"243(E)1 BATTERY NONCOHAB SPOUS -> POSSIBLE STOLEN PROPERTY-I RPT",1,0.00165016501650165
"243(E)1 BATTERY NONCOHAB SPOUS -> PROTECTIVE CUSTODY-I RPT",1,0.00165016501650165
"243(E)1 BATTERY NONCOHAB SPOUS -> ROBBERY - I RPT",1,0.00165016501650165
"243(E)1 BATTERY NONCOHAB SPOUS -> SUSP PERS-NO CRIME - I RPT",1,0.00165016501650165
"243(E)1 BATTERY NONCOHAB SPOUS -> WARRANT SERVED - I RPT",1,0.00165016501650165
"243.2(A)(1) BATT/SCHOOL INJURY -> 10851 VC AUTO THEFT LOCATE",1,0.00165016501650165
"243.2(A)(1) BATT/SCHOOL INJURY -> 12020(A)1) PROHIBITED FIREARM",1,0.00165016501650165
"243.2(A)(1) BATT/SCHOOL INJURY -> 136.1(C)(1) PC DISSUADE V/W",1,0.00165016501650165
"243.2(A)(1) BATT/SCHOOL INJURY -> 243.6 BATTERY SCHOOL EMPLOYEE",1,0.00165016501650165
"243.2(A)(1) BATT/SCHOOL INJURY -> 273.6(A) PC VIO DV COURT ORDER",1,0.00165016501650165
"243.2(A)(1) BATT/SCHOOL INJURY -> 308(B) PC MINOR POSS TOBACCO",1,0.00165016501650165
"243.2(A)(1) BATT/SCHOOL INJURY -> 452(D)PC CAUSE FIRE OF PROPERT",1,0.00165016501650165
"243.2(A)(1) BATT/SCHOOL INJURY -> 484 PETTY THEFT-SHOPLIFT",1,0.00165016501650165
"243.2(A)(1) BATT/SCHOOL INJURY -> 487(A) GRAND THEFT-INSIDE",1,0.00165016501650165
"243.2(A)(1) BATT/SCHOOL INJURY -> 594(B)(1)PC  VANDALISM +$400",1,0.00165016501650165
"243.2(A)(1) BATT/SCHOOL INJURY -> 626.2 PC UNAUTH ENTRY CAMPUS",1,0.00165016501650165
"243.2(A)(1) BATT/SCHOOL INJURY -> BUSINESS PERMITS - I RPT",1,0.00165016501650165
"243.2(A)(1) BATT/SCHOOL INJURY -> CASUALTY REPORT",1,0.00165016501650165
"243.2(A)(1) BATT/SCHOOL INJURY -> FOUND PROPERTY - I RPT",1,0.00165016501650165
"243.2(A)(1) BATT/SCHOOL INJURY -> MISCELLANEOUS I RPT (ZMISC)",1,0.00165016501650165
"243.2(A)(1) BATT/SCHOOL INJURY -> MISSING PERSON I RPT",1,0.00165016501650165
"243.2(A)(1) BATT/SCHOOL INJURY -> NARCOTICS SUSP/EVID/ACT- I RPT",1,0.00165016501650165
"243.2(A)(1) BATT/SCHOOL INJURY -> POSSIBLE FINANCIAL CRIME-I RPT",1,0.00165016501650165
"243.2(A)(1) BATT/SCHOOL INJURY -> ROBBERY - I RPT",1,0.00165016501650165
"243.3 BATT TRANS PERS/PASS/INJ -> 215(A) PC    CARJACKING",1,0.00165016501650165
"243.4(A) SEXUAL BATTERY -> 10851(A)VC TAKE VEH W/O OWNER",1,0.00165016501650165
"243.4(A) SEXUAL BATTERY -> 243(E)1 BATTERY NONCOHAB SPOUS",1,0.00165016501650165
"243.4(A) SEXUAL BATTERY -> 245(A)(2) AWDW/FIREARM/CIVILIA",1,0.00165016501650165
"243.4(A) SEXUAL BATTERY -> 246 PC SHOOT OCCUP DWELL/VEH",1,0.00165016501650165
"243.4(A) SEXUAL BATTERY -> 594(B)(2)(A) VANDALISM/ -$400",1,0.00165016501650165
"243.4(A) SEXUAL BATTERY -> TRAFFIC-ACCIDENT INJURY",1,0.00165016501650165
"243.4(E)(1)TOUCH FOR SEX PLEAS -> 10851(A)VC TAKE VEH W/O OWNER",1,0.00165016501650165
"243.4(E)(1)TOUCH FOR SEX PLEAS -> 23152(A) VC DUI-ALCOHOL/DRUGS",1,0.00165016501650165
"243.4(E)(1)TOUCH FOR SEX PLEAS -> 459 PC  BURGLARY RESIDENCE",1,0.00165016501650165
"243.4(E)(1)TOUCH FOR SEX PLEAS -> 487(A) GRAND THEFT-CLOUT-UNLOC",1,0.00165016501650165
"243.4(E)(1)TOUCH FOR SEX PLEAS -> 653M(A) PC OBSCENE/THREAT CALL",1,0.00165016501650165
"243.4(E)(1)TOUCH FOR SEX PLEAS -> CASUALTY REPORT",1,0.00165016501650165
"243.6 BATTERY SCHOOL EMPLOYEE -> 1551(A) FUGITIVE FROM JUSTICE",1,0.00165016501650165
"243.6 BATTERY SCHOOL EMPLOYEE -> 211 PC ROBBERY- BUSINESS",1,0.00165016501650165
"243.6 BATTERY SCHOOL EMPLOYEE -> 415.5(A)(1) PC FIGHT SCHOOL GR",1,0.00165016501650165
"243.6 BATTERY SCHOOL EMPLOYEE -> LOST PROPERTY - I RPT",1,0.00165016501650165
"243.6 BATTERY SCHOOL EMPLOYEE -> NEIGHBORHOOD DISTURBANCE-I RPT",1,0.00165016501650165
"243.6 BATTERY SCHOOL EMPLOYEE -> TOWED/STORED VEHICLE",1,0.00165016501650165
"245(A)(1)AWDW/NO FIREARM/CIVIL -> 11350(A)HS POSS CNTRL SUBST",1,0.00165016501650165
"245(A)(1)AWDW/NO FIREARM/CIVIL -> 11357(B)HS POSS -28.5GR MARIJ",1,0.00165016501650165
"245(A)(1)AWDW/NO FIREARM/CIVIL -> 11550(A)HS UNDER INFL NARCOTIC",1,0.00165016501650165
"245(A)(1)AWDW/NO FIREARM/CIVIL -> 12020(A)(4) PC DIRK/DAGGER",1,0.00165016501650165
"245(A)(1)AWDW/NO FIREARM/CIVIL -> 12020(A)1) PROHIBITED FIREARM",1,0.00165016501650165
"245(A)(1)AWDW/NO FIREARM/CIVIL -> 14601.1(A) VC LIC SUSP OTHER",1,0.00165016501650165
"245(A)(1)AWDW/NO FIREARM/CIVIL -> 166(A)(4) WILFUL DISOBEY CT OR",1,0.00165016501650165
"245(A)(1)AWDW/NO FIREARM/CIVIL -> 1708 US   THEFT OF MAIL",1,0.00165016501650165
"245(A)(1)AWDW/NO FIREARM/CIVIL -> 211 PC ROBBERY- BUSINESS",1,0.00165016501650165
"245(A)(1)AWDW/NO FIREARM/CIVIL -> 215(A) PC    CARJACKING",1,0.00165016501650165
"245(A)(1)AWDW/NO FIREARM/CIVIL -> 23153(A) VC DUI CAUSE INJURY",1,0.00165016501650165
"245(A)(1)AWDW/NO FIREARM/CIVIL -> 242 PC  BATTERY CIVILIAN",1,0.00165016501650165
"245(A)(1)AWDW/NO FIREARM/CIVIL -> 245(A)(2) AWDW/FIREARM/CIVILIA",1,0.00165016501650165
"245(A)(1)AWDW/NO FIREARM/CIVIL -> 246 PC SHOOT OCCUP DWELL/VEH",1,0.00165016501650165
"245(A)(1)AWDW/NO FIREARM/CIVIL -> 2800.2(A) VC EVADING/RECKLESS",1,0.00165016501650165
"245(A)(1)AWDW/NO FIREARM/CIVIL -> 417(A)2) PC BRANDISH FIREARM",1,0.00165016501650165
"245(A)(1)AWDW/NO FIREARM/CIVIL -> 475(A)PC POSS FORGED CHK/NOTE",1,0.00165016501650165
"245(A)(1)AWDW/NO FIREARM/CIVIL -> 484 PC-PETTY THEFT-COIN MACHIN",1,0.00165016501650165
"245(A)(1)AWDW/NO FIREARM/CIVIL -> 484 PETTY THEFT CLOUT UNLOCKED",1,0.00165016501650165
"245(A)(1)AWDW/NO FIREARM/CIVIL -> 484E(D)PC FRAUD POSS CARD INFO",1,0.00165016501650165
"245(A)(1)AWDW/NO FIREARM/CIVIL -> 487(A) GRAND THEFT-COIN MACHIN",1,0.00165016501650165
"245(A)(1)AWDW/NO FIREARM/CIVIL -> 487(D)GRAND THEFT FIREARM/ANIM",1,0.00165016501650165
"245(A)(1)AWDW/NO FIREARM/CIVIL -> 529 PC FALSE PERSONATION",1,0.00165016501650165
"245(A)(1)AWDW/NO FIREARM/CIVIL -> 603  FORCED ENTRY/PROP DAMAGE",1,0.00165016501650165
"245(A)(1)AWDW/NO FIREARM/CIVIL -> 647(B) PC   PROSTITUTION",1,0.00165016501650165
"245(A)(1)AWDW/NO FIREARM/CIVIL -> ELDER ABUSE/PHYS/MENTAL-I RPT",1,0.00165016501650165
"245(A)(1)AWDW/NO FIREARM/CIVIL -> FOUND EVIDENCE-NON NARC -I RPT",1,0.00165016501650165
"245(A)(1)AWDW/NO FIREARM/CIVIL -> HARASSMENT - I RPT",1,0.00165016501650165
"245(A)(1)AWDW/NO FIREARM/CIVIL -> HIT AND RUN /SUSPECTS- I RPT",1,0.00165016501650165
"245(A)(1)AWDW/NO FIREARM/CIVIL -> INTOX REPORT/ADMIN PER - I RPT",1,0.00165016501650165
"245(A)(1)AWDW/NO FIREARM/CIVIL -> MISCELLANEOUS I RPT (ZMISC)",1,0.00165016501650165
"245(A)(1)AWDW/NO FIREARM/CIVIL -> NARCOTICS SUSP/EVID/ACT- I RPT",1,0.00165016501650165
"245(A)(1)AWDW/NO FIREARM/CIVIL -> PERSON INFORMATION - I RPT",1,0.00165016501650165
"245(A)(1)AWDW/NO FIREARM/CIVIL -> POSSIBLE FINANCIAL CRIME-I RPT",1,0.00165016501650165
"245(A)(1)AWDW/NO FIREARM/CIVIL -> TELEPEST -I RPT",1,0.00165016501650165
"245(A)(1)AWDW/NO FIREARM/CIVIL -> TRAFFIC - I RPT",1,0.00165016501650165
"245(A)(2) AWDW/FIREARM/CIVILIA -> 10851 VC AUTO THEFT LOCATE",1,0.00165016501650165
"245(A)(2) AWDW/FIREARM/CIVILIA -> 11357(B)HS POSS -28.5GR MARIJ",1,0.00165016501650165
"245(A)(2) AWDW/FIREARM/CIVILIA -> 12.52.030 SCC UNLAWFUL CAMPING",1,0.00165016501650165
"245(A)(2) AWDW/FIREARM/CIVILIA -> 211 PC ROBBERY- BUSINESS",1,0.00165016501650165
"245(A)(2) AWDW/FIREARM/CIVILIA -> 23153(A) VC DUI CAUSE INJURY",1,0.00165016501650165
"245(A)(2) AWDW/FIREARM/CIVILIA -> 243(D) PC BATT/CIVILIAN W/INJ",1,0.00165016501650165
"245(A)(2) AWDW/FIREARM/CIVILIA -> 245(A)(2) AWDW/FIREARM/CIVILIA",1,0.00165016501650165
"245(A)(2) AWDW/FIREARM/CIVILIA -> 246 PC SHOOT OCCUP DWELL/VEH",1,0.00165016501650165
"245(A)(2) AWDW/FIREARM/CIVILIA -> 247(B) PC SHOOT UNOCC BLDG/VEH",1,0.00165016501650165
"245(A)(2) AWDW/FIREARM/CIVILIA -> 3056 PAROLE VIO - I RPT",1,0.00165016501650165
"245(A)(2) AWDW/FIREARM/CIVILIA -> 466 PC   POSS OF BURG TOOLS",1,0.00165016501650165
"245(A)(2) AWDW/FIREARM/CIVILIA -> 484 PC  PETTY THEFT AUTO PART",1,0.00165016501650165
"245(A)(2) AWDW/FIREARM/CIVILIA -> 484 PC PETTY THEFT",1,0.00165016501650165
"245(A)(2) AWDW/FIREARM/CIVILIA -> 484G(B) PC ACCESS CARD FRAUD",1,0.00165016501650165
"245(A)(2) AWDW/FIREARM/CIVILIA -> 602(K)TRESPASS:INJURE PROPERTY",1,0.00165016501650165
"245(A)(2) AWDW/FIREARM/CIVILIA -> 647(B) PC   PROSTITUTION",1,0.00165016501650165
"245(A)(2) AWDW/FIREARM/CIVILIA -> BATTERY - I RPT",1,0.00165016501650165
"245(A)(2) AWDW/FIREARM/CIVILIA -> CHILD WELFARE - I RPT",1,0.00165016501650165
"245(A)(2) AWDW/FIREARM/CIVILIA -> FOUND PROPERTY - I RPT",1,0.00165016501650165
"245(A)(2) AWDW/FIREARM/CIVILIA -> NARCOTICS SUSP/EVID/ACT- I RPT",1,0.00165016501650165
"245(A)(2) AWDW/FIREARM/CIVILIA -> NON INJ HR/MAIL OUT REPORT",1,0.00165016501650165
"245(A)(2) AWDW/FIREARM/CIVILIA -> O/S AGENCY -ASSISTANCE- I RPT",1,0.00165016501650165
"245(A)(2) AWDW/FIREARM/CIVILIA -> WARRANT SERVED - I RPT",1,0.00165016501650165
"245(C) AWDW/NO FIREARM/OFFICER -> 10851 VC AUTO THEFT LOCATE",1,0.00165016501650165
"245(C) AWDW/NO FIREARM/OFFICER -> LOST PROPERTY - I RPT",1,0.00165016501650165
"245(C) AWDW/NO FIREARM/OFFICER -> TOWED/STORED VEH-14602.6",1,0.00165016501650165
"245(C) AWDW/NO FIREARM/OFFICER -> TOWED/STORED VEHICLE",1,0.00165016501650165
"246 PC SHOOT OCCUP DWELL/VEH -> 10851 VC AUTO THEFT LOCATE",1,0.00165016501650165
"246 PC SHOOT OCCUP DWELL/VEH -> 11351.5 HS POSS SALE RCK COCAI",1,0.00165016501650165
"246 PC SHOOT OCCUP DWELL/VEH -> 11377(A)HS POSS AMPHETAMINES",1,0.00165016501650165
"246 PC SHOOT OCCUP DWELL/VEH -> 12025(B)6 UNREG/CONCLED FIREAR",1,0.00165016501650165
"246 PC SHOOT OCCUP DWELL/VEH -> 148(A)(1)PC RESIST PEACE OFFCR",1,0.00165016501650165
"246 PC SHOOT OCCUP DWELL/VEH -> 211 PC ROBBERY- BUSINESS",1,0.00165016501650165
"246 PC SHOOT OCCUP DWELL/VEH -> 23222(B)POSSESS MARIJ IN VEH",1,0.00165016501650165
"246 PC SHOOT OCCUP DWELL/VEH -> 243(D) PC BATT/CIVILIAN W/INJ",1,0.00165016501650165
"246 PC SHOOT OCCUP DWELL/VEH -> 25661 BP FALSE EVIDENCE OF AGE",1,0.00165016501650165
"246 PC SHOOT OCCUP DWELL/VEH -> 374.4(A) LITTERING",1,0.00165016501650165
"246 PC SHOOT OCCUP DWELL/VEH -> 459 PC  BURGLARY BUSINESS",1,0.00165016501650165
"246 PC SHOOT OCCUP DWELL/VEH -> 475(C) PASS FORGED NOTE",1,0.00165016501650165
"246 PC SHOOT OCCUP DWELL/VEH -> 484 PC PETTY THEFT",1,0.00165016501650165
"246 PC SHOOT OCCUP DWELL/VEH -> 484 PETTY THEFT/LICENSE PLATE",1,0.00165016501650165
"246 PC SHOOT OCCUP DWELL/VEH -> 484G(B) PC ACCESS CARD FRAUD",1,0.00165016501650165
"246 PC SHOOT OCCUP DWELL/VEH -> 487(A) GRAND THEFT-COIN MACHIN",1,0.00165016501650165
"246 PC SHOOT OCCUP DWELL/VEH -> 5150 WI DANGER SELF/OTHERS",1,0.00165016501650165
"246 PC SHOOT OCCUP DWELL/VEH -> 529 PC FALSE PERSONATION",1,0.00165016501650165
"246 PC SHOOT OCCUP DWELL/VEH -> 530.5 PC USE PERSONAL ID INFO",1,0.00165016501650165
"246 PC SHOOT OCCUP DWELL/VEH -> 594(B)(1)PC  VANDALISM +$400",1,0.00165016501650165
"246 PC SHOOT OCCUP DWELL/VEH -> 594(B)(2)(A)VANDALISM GRAF-400",1,0.00165016501650165
"246 PC SHOOT OCCUP DWELL/VEH -> BURGLARY - I RPT",1,0.00165016501650165
"246 PC SHOOT OCCUP DWELL/VEH -> DUI I RPT",1,0.00165016501650165
"246 PC SHOOT OCCUP DWELL/VEH -> FOUND PROPERTY - I RPT",1,0.00165016501650165
"246 PC SHOOT OCCUP DWELL/VEH -> LOST PROPERTY - I RPT",1,0.00165016501650165
"246 PC SHOOT OCCUP DWELL/VEH -> NEIGHBORHOOD DISTURBANCE-I RPT",1,0.00165016501650165
"246 PC SHOOT OCCUP DWELL/VEH -> O/S AGENCY -ASSISTANCE- I RPT",1,0.00165016501650165
"246 PC SHOOT OCCUP DWELL/VEH -> PROB VIOLA/FEL-MISD - I RPT",1,0.00165016501650165
"246 PC SHOOT OCCUP DWELL/VEH -> THREATS - I RPT",1,0.00165016501650165
"246 PC SHOOT OCCUP DWELL/VEH -> TRAFFIC-ACCIDENT INJURY",1,0.00165016501650165
"246 PC SHOOT OCCUP DWELL/VEH -> TRAFFIC-ACCIDENT-NON INJURY",1,0.00165016501650165
"246.3 PC NEGL DISCH FIREARM -> 11364 HS POSS DRUG PARAPH",1,0.00165016501650165
"246.3 PC NEGL DISCH FIREARM -> 23153(A) VC DUI CAUSE INJURY",1,0.00165016501650165
"246.3 PC NEGL DISCH FIREARM -> 459 PC  BURGLARY RESIDENCE",1,0.00165016501650165
"246.3 PC NEGL DISCH FIREARM -> 459 PC  BURGLARY VEHICLE",1,0.00165016501650165
"246.3 PC NEGL DISCH FIREARM -> 487(A) PC GRAND THEFT",1,0.00165016501650165
"246.3 PC NEGL DISCH FIREARM -> 594(B)(1)PC  VANDALISM +$400",1,0.00165016501650165
"246.3 PC NEGL DISCH FIREARM -> 653M(B) PC ANNOY/RPT CALL HOME",1,0.00165016501650165
"246.3 PC NEGL DISCH FIREARM -> 666 PC PETTY THEFT W/PRI CONV",1,0.00165016501650165
"246.3 PC NEGL DISCH FIREARM -> CASUALTY REPORT",1,0.00165016501650165
"246.3 PC NEGL DISCH FIREARM -> LOST PROPERTY - I RPT",1,0.00165016501650165
"247(B) PC SHOOT UNOCC BLDG/VEH -> 10851 VC AUTO THEFT LOCATE",1,0.00165016501650165
"247(B) PC SHOOT UNOCC BLDG/VEH -> 10851(A)VC TAKE VEH W/O OWNER",1,0.00165016501650165
"247(B) PC SHOOT UNOCC BLDG/VEH -> 211 PC  ROBBERY UNSPECIFIED",1,0.00165016501650165
"247(B) PC SHOOT UNOCC BLDG/VEH -> 211 PC ROBBERY-PURSE SNATCH",1,0.00165016501650165
"247(B) PC SHOOT UNOCC BLDG/VEH -> 212.5(A)ROBBERY-INHAB DWELLING",1,0.00165016501650165
"247(B) PC SHOOT UNOCC BLDG/VEH -> 245(A)(1)AWDW/NO FIREARM/CIVIL",1,0.00165016501650165
"247(B) PC SHOOT UNOCC BLDG/VEH -> 459 PC  BURGLARY BUSINESS",1,0.00165016501650165
"247(B) PC SHOOT UNOCC BLDG/VEH -> 459 PC  BURGLARY RESIDENCE",1,0.00165016501650165
"247(B) PC SHOOT UNOCC BLDG/VEH -> 496(A) RECEIVE STOLEN PROPERTY",1,0.00165016501650165
"247(B) PC SHOOT UNOCC BLDG/VEH -> ABC LICENSE VIO/INFO - I RPT",1,0.00165016501650165
"247(B) PC SHOOT UNOCC BLDG/VEH -> BATTERY - I RPT",1,0.00165016501650165
"247(B) PC SHOOT UNOCC BLDG/VEH -> CHILD WELFARE - I RPT",1,0.00165016501650165
"247(B) PC SHOOT UNOCC BLDG/VEH -> HARASSMENT - I RPT",1,0.00165016501650165
"247(B) PC SHOOT UNOCC BLDG/VEH -> INTOX REPORT/ADMIN PER - I RPT",1,0.00165016501650165
"247(B) PC SHOOT UNOCC BLDG/VEH -> NON INJ HR/MAIL OUT REPORT",1,0.00165016501650165
"247(B) PC SHOOT UNOCC BLDG/VEH -> TRAFFIC-ACCIDENT-NON INJURY",1,0.00165016501650165
"25661 BP FALSE EVIDENCE OF AGE -> 242 PC  BATTERY CIVILIAN",1,0.00165016501650165
"25662(A)BP POSS ALC BY MINOR -> 484 PETTY THEFT-SHOPLIFT",1,0.00165016501650165
"273.6(A) PC VIO DV COURT ORDER -> 11364 HS POSS DRUG PARAPH",1,0.00165016501650165
"273.6(A) PC VIO DV COURT ORDER -> 11550(A)HS UNDER INFL NARCOTIC",1,0.00165016501650165
"273.6(A) PC VIO DV COURT ORDER -> 12.52.030 SCC UNLAWFUL CAMPING",1,0.00165016501650165
"273.6(A) PC VIO DV COURT ORDER -> 12020(A)(4) PC DIRK/DAGGER",1,0.00165016501650165
"273.6(A) PC VIO DV COURT ORDER -> 215(A) PC    CARJACKING",1,0.00165016501650165
"273.6(A) PC VIO DV COURT ORDER -> 242 PC  BATTERY CIVILIAN",1,0.00165016501650165
"273.6(A) PC VIO DV COURT ORDER -> 243(D) PC BATT/CIVILIAN W/INJ",1,0.00165016501650165
"273.6(A) PC VIO DV COURT ORDER -> 245(A)(1)AWDW/NO FIREARM/CIVIL",1,0.00165016501650165
"273.6(A) PC VIO DV COURT ORDER -> 246 PC SHOOT OCCUP DWELL/VEH",1,0.00165016501650165
"273.6(A) PC VIO DV COURT ORDER -> 278.5(A)DEPRIVE RIGHT OF CUSTO",1,0.00165016501650165
"273.6(A) PC VIO DV COURT ORDER -> 422 PC THREAT/INTENT TO TERROR",1,0.00165016501650165
"273.6(A) PC VIO DV COURT ORDER -> 459 PC  BURGLARY BUSINESS",1,0.00165016501650165
"273.6(A) PC VIO DV COURT ORDER -> 484 PETTY THEFT-SHOPLIFT",1,0.00165016501650165
"273.6(A) PC VIO DV COURT ORDER -> 484J PC PUBLISH CARD INFO",1,0.00165016501650165
"273.6(A) PC VIO DV COURT ORDER -> 487(A) PC GRAND THEFT-SHOPLIFT",1,0.00165016501650165
"273.6(A) PC VIO DV COURT ORDER -> 487(D)GRAND THEFT FIREARM/ANIM",1,0.00165016501650165
"273.6(A) PC VIO DV COURT ORDER -> 496(A) RECEIVE STOLEN PROPERTY",1,0.00165016501650165
"273.6(A) PC VIO DV COURT ORDER -> 594(B)(1)VANDALISM GRAF +$400",1,0.00165016501650165
"273.6(A) PC VIO DV COURT ORDER -> 594(B)(2)(A) VANDALISM/ -$400",1,0.00165016501650165
"273.6(A) PC VIO DV COURT ORDER -> 653K PC POSS/SELL SWITCHBLADE",1,0.00165016501650165
"273.6(A) PC VIO DV COURT ORDER -> 666 PC PETTY THEFT W/PRI CONV",1,0.00165016501650165
"273.6(A) PC VIO DV COURT ORDER -> ABC LICENSE VIO/INFO - I RPT",1,0.00165016501650165
"273.6(A) PC VIO DV COURT ORDER -> BUSINESS PERMITS - I RPT",1,0.00165016501650165
"273.6(A) PC VIO DV COURT ORDER -> CASUALTY REPORT",1,0.00165016501650165
"273.6(A) PC VIO DV COURT ORDER -> FOUND PROPERTY - I RPT",1,0.00165016501650165
"273.6(A) PC VIO DV COURT ORDER -> GANG ACTIVITY - I RPT",1,0.00165016501650165
"273.6(A) PC VIO DV COURT ORDER -> PETTY THEFT - I RPT",1,0.00165016501650165
"273.6(A) PC VIO DV COURT ORDER -> SUSP PERS-NO CRIME - I RPT",1,0.00165016501650165
"273.6(A) PC VIO DV COURT ORDER -> THREATS - I RPT",1,0.00165016501650165
"278.5(A)DEPRIVE RIGHT OF CUSTO -> 10851(A)VC TAKE VEH W/O OWNER",1,0.00165016501650165
"278.5(A)DEPRIVE RIGHT OF CUSTO -> 20002(A) HIT/RUN",1,0.00165016501650165
"278.5(A)DEPRIVE RIGHT OF CUSTO -> 23152(A) VC DUI-ALCOHOL/DRUGS",1,0.00165016501650165
"278.5(A)DEPRIVE RIGHT OF CUSTO -> 484 PETTY THEFT/LICENSE PLATE",1,0.00165016501650165
"278.5(A)DEPRIVE RIGHT OF CUSTO -> CHILD CUSTODY - I RPT",1,0.00165016501650165
"278.5(A)DEPRIVE RIGHT OF CUSTO -> MISSING PERSON",1,0.00165016501650165
"2800.2(A) VC EVADING/RECKLESS -> 10851 VC AUTO THEFT LOCATE",1,0.00165016501650165
"2800.2(A) VC EVADING/RECKLESS -> 20002(A) HIT/RUN",1,0.00165016501650165
"2800.2(A) VC EVADING/RECKLESS -> 459 PC  BURGLARY RESIDENCE",1,0.00165016501650165
"2800.2(A) VC EVADING/RECKLESS -> 459 PC  BURGLARY VEHICLE",1,0.00165016501650165
"2800.2(A) VC EVADING/RECKLESS -> 496(A) RECEIVE STOLEN PROPERTY",1,0.00165016501650165
"2800.2(A) VC EVADING/RECKLESS -> 594(B)(1)PC  VANDALISM +$400",1,0.00165016501650165
"2800.2(A) VC EVADING/RECKLESS -> 647(F) PC DIP - DISORDERLY",1,0.00165016501650165
"2800.2(A) VC EVADING/RECKLESS -> MISSING PERSON",1,0.00165016501650165
"2800.2(A) VC EVADING/RECKLESS -> MISSING PERSON LOCATE O/S ASSI",1,0.00165016501650165
"2800.2(A) VC EVADING/RECKLESS -> NARCOTICS SUSP/EVID/ACT- I RPT",1,0.00165016501650165
"290(A)(1)(A) FAIL REG-CHG ADD -> 594(B)(2)(A) VANDALISM/ -$400",1,0.00165016501650165
"290(A)(1)(A) FAIL REG-CHG ADD -> 594(B)(2)(A)VANDALISM GRAF-400",1,0.00165016501650165
"290(A)(1)(A) FAIL REG-CHG ADD -> 647(I) PEEPING TOM-INHAB DWELL",1,0.00165016501650165
"290(A)(1)(A) FAIL REG-CHG ADD -> 653M(B) PC ANNOY/RPT CALL HOME",1,0.00165016501650165
"290(A)(1)(A) FAIL REG-CHG ADD -> GANG ACTIVITY - I RPT",1,0.00165016501650165
"290(A)(1)(A) FAIL REG-CHG ADD -> TOWED/STORED VEHICLE",1,0.00165016501650165
"290(A)(1)(A) FAIL REG-CHG ADD -> TRAFFIC-ACCIDENT-NON INJURY",1,0.00165016501650165
"290(A)(1)(D) FAIL TO REG-5 DAY -> 10851 VC AUTO THEFT LOCATE",1,0.00165016501650165
"290(A)(1)(D) FAIL TO REG-5 DAY -> 211 PC  ROBBERY UNSPECIFIED",1,0.00165016501650165
"290(A)(1)(D) FAIL TO REG-5 DAY -> 459 PC  BURGLARY RESIDENCE",1,0.00165016501650165
"290(A)(1)(D) FAIL TO REG-5 DAY -> 484 PC PETTY THEFT",1,0.00165016501650165
"290(A)(1)(D) FAIL TO REG-5 DAY -> 484G(B) PC ACCESS CARD FRAUD",1,0.00165016501650165
"290(A)(1)(D) FAIL TO REG-5 DAY -> 487(A) PC GRAND THEFT",1,0.00165016501650165
"290(A)(1)(D) FAIL TO REG-5 DAY -> 594(B)(1)PC  VANDALISM +$400",1,0.00165016501650165
"290(A)(1)(D) FAIL TO REG-5 DAY -> 594(B)(2)(A) VANDALISM/ -$400",1,0.00165016501650165
"290(A)(1)(D) FAIL TO REG-5 DAY -> CHILD CUSTODY - I RPT",1,0.00165016501650165
"290(A)(1)(D) FAIL TO REG-5 DAY -> FOUND PROPERTY - I RPT",1,0.00165016501650165
"290(A)(1)(D) FAIL TO REG-5 DAY -> LOST PROPERTY - I RPT",1,0.00165016501650165
"290(A)(1)(D) FAIL TO REG-5 DAY -> MISSING PERSON",1,0.00165016501650165
"290(A)(1)(D) FAIL TO REG-5 DAY -> NON INJ HR/MAIL OUT REPORT",1,0.00165016501650165
"290(A)(1)(D) FAIL TO REG-5 DAY -> SUSP PERS-NO CRIME - I RPT",1,0.00165016501650165
"290(A)(1)(D) FAIL TO REG-5 DAY -> THREATS - I RPT",1,0.00165016501650165
"290(A)(1)(D) FAIL TO REG-5 DAY -> TRAFFIC-ACCIDENT INJURY",1,0.00165016501650165
"290(A)(1)(D) FAIL TO REG-5 DAY -> TRAFFIC-ACCIDENT-NON INJURY",1,0.00165016501650165
"290(F)1 W/I 5 DAYS ADD CHANGE -> 10851 VC AUTO THEFT LOCATE",1,0.00165016501650165
"290(F)1 W/I 5 DAYS ADD CHANGE -> 10851(A)VC TAKE VEH W/O OWNER",1,0.00165016501650165
"290(F)1 W/I 5 DAYS ADD CHANGE -> 11364 HS POSS DRUG PARAPH",1,0.00165016501650165
"290(F)1 W/I 5 DAYS ADD CHANGE -> 23103(A) RECKLESS ON HIGHWAY",1,0.00165016501650165
"290(F)1 W/I 5 DAYS ADD CHANGE -> 243(E)1 BATTERY NONCOHAB SPOUS",1,0.00165016501650165
"290(F)1 W/I 5 DAYS ADD CHANGE -> 3056 PAROLE VIO - I RPT",1,0.00165016501650165
"290(F)1 W/I 5 DAYS ADD CHANGE -> 459 PC  BURGLARY RESIDENCE",1,0.00165016501650165
"290(F)1 W/I 5 DAYS ADD CHANGE -> 484 PETTY THEFT/LICENSE PLATE",1,0.00165016501650165
"290(F)1 W/I 5 DAYS ADD CHANGE -> 5.136.050 NO TAXICAB PERMIT",1,0.00165016501650165
"290(F)1 W/I 5 DAYS ADD CHANGE -> CASUALTY REPORT",1,0.00165016501650165
"290(F)1 W/I 5 DAYS ADD CHANGE -> GANG ACTIVITY - I RPT",1,0.00165016501650165
"290(F)1 W/I 5 DAYS ADD CHANGE -> MISSING PERSON",1,0.00165016501650165
"290(F)1 W/I 5 DAYS ADD CHANGE -> TOWED/STORED VEH-14602.6",1,0.00165016501650165
"290(F)1 W/I 5 DAYS ADD CHANGE -> TRAFFIC-ACCIDENT INJURY",1,0.00165016501650165
"290(G)(1) FAIL TO REG SEX OFFE -> 20002(A) HIT/RUN",1,0.00165016501650165
"290(G)(1) FAIL TO REG SEX OFFE -> 242 PC  BATTERY CIVILIAN",1,0.00165016501650165
"290(G)(1) FAIL TO REG SEX OFFE -> HARASSMENT - I RPT",1,0.00165016501650165
"3056 PAROLE VIO - I RPT -> 11359 HS POSS FOR SALE MARIJ",1,0.00165016501650165
"3056 PAROLE VIO - I RPT -> 11364 HS POSS DRUG PARAPH",1,0.00165016501650165
"3056 PAROLE VIO - I RPT -> 11550(A)HS UNDER INFL NARCOTIC",1,0.00165016501650165
"3056 PAROLE VIO - I RPT -> 12020(A)(4) PC DIRK/DAGGER",1,0.00165016501650165
"3056 PAROLE VIO - I RPT -> 12022.1 PC COMMIT FEL ON BAIL",1,0.00165016501650165
"3056 PAROLE VIO - I RPT -> 20001(A) VC HIT/RUN INJ/DEATH",1,0.00165016501650165
"3056 PAROLE VIO - I RPT -> 20002(A) HIT/RUN",1,0.00165016501650165
"3056 PAROLE VIO - I RPT -> 212.5(B) ROB-VICINITY OF ATM",1,0.00165016501650165
"3056 PAROLE VIO - I RPT -> 215(A) PC    CARJACKING",1,0.00165016501650165
"3056 PAROLE VIO - I RPT -> 23152(A) VC DUI-ALCOHOL/DRUGS",1,0.00165016501650165
"3056 PAROLE VIO - I RPT -> 242 PC  BATTERY CIVILIAN",1,0.00165016501650165
"3056 PAROLE VIO - I RPT -> 273.6(A) PC VIO DV COURT ORDER",1,0.00165016501650165
"3056 PAROLE VIO - I RPT -> 475(C) PASS FORGED NOTE",1,0.00165016501650165
"3056 PAROLE VIO - I RPT -> 476 PC PASS FICTICIOUS CHECK",1,0.00165016501650165
"3056 PAROLE VIO - I RPT -> 484 PC   PETTY THEFT/INSIDE",1,0.00165016501650165
"3056 PAROLE VIO - I RPT -> 484 PC PETTY THEFT",1,0.00165016501650165
"3056 PAROLE VIO - I RPT -> 487(A) PC GRAND THEFT-SHOPLIFT",1,0.00165016501650165
"3056 PAROLE VIO - I RPT -> 496(A) RECEIVE STOLEN PROPERTY",1,0.00165016501650165
"3056 PAROLE VIO - I RPT -> 5150 WI DANGER SELF/OTHERS",1,0.00165016501650165
"3056 PAROLE VIO - I RPT -> 529 PC FALSE PERSONATION",1,0.00165016501650165
"3056 PAROLE VIO - I RPT -> 530.5 PC USE PERSONAL ID INFO",1,0.00165016501650165
"3056 PAROLE VIO - I RPT -> 594(B)(1)PC  VANDALISM +$400",1,0.00165016501650165
"3056 PAROLE VIO - I RPT -> 666 PC PETTY THEFT W/PRI CONV",1,0.00165016501650165
"3056 PAROLE VIO - I RPT -> 849(B)(1) CERTIFICATE OF RELEA",1,0.00165016501650165
"3056 PAROLE VIO - I RPT -> 9.04.050C POSS OPEN CONTAINER",1,0.00165016501650165
"3056 PAROLE VIO - I RPT -> ASSAULT WITH WEAPON - I RPT",1,0.00165016501650165
"3056 PAROLE VIO - I RPT -> FOUND PROPERTY - I RPT",1,0.00165016501650165
"3056 PAROLE VIO - I RPT -> FRAUD OR BUNCO - I RPT",1,0.00165016501650165
"3056 PAROLE VIO - I RPT -> HARASSMENT - I RPT",1,0.00165016501650165
"3056 PAROLE VIO - I RPT -> LOST PROPERTY - I RPT",1,0.00165016501650165
"3056 PAROLE VIO - I RPT -> MISCELLANEOUS I RPT (ZMISC)",1,0.00165016501650165
"3056 PAROLE VIO - I RPT -> MISSING PERSON LOCATE O/S ASSI",1,0.00165016501650165
"3056 PAROLE VIO - I RPT -> NON INJ HR/MAIL OUT REPORT",1,0.00165016501650165
"3056 PAROLE VIO - I RPT -> PETTY THEFT - I RPT",1,0.00165016501650165
"3056 PAROLE VIO - I RPT -> ROBBERY - I RPT",1,0.00165016501650165
"3056 PAROLE VIO - I RPT -> WANTED SUBJ-O/S WANT/ I RPT",1,0.00165016501650165
"3056 PAROLE VIO - I RPT -> WARRANT SERVED - I RPT",1,0.00165016501650165
"3056 PC PAROLE VIOLATION -> 10851(A)VC TAKE VEH W/O OWNER",1,0.00165016501650165
"3056 PC PAROLE VIOLATION -> 243(E)1 BATTERY NONCOHAB SPOUS",1,0.00165016501650165
"3056 PC PAROLE VIOLATION -> 459 PC  BURGLARY RESIDENCE",1,0.00165016501650165
"3056 PC PAROLE VIOLATION -> 459 PC  BURGLARY VEHICLE",1,0.00165016501650165
"3056 PC PAROLE VIOLATION -> 647(B) PC   PROSTITUTION",1,0.00165016501650165
"3056 PC PAROLE VIOLATION -> BURGLARY - I RPT",1,0.00165016501650165
"3056 PC PAROLE VIOLATION -> MISSING PERSON",1,0.00165016501650165
"3056 PC PAROLE VIOLATION -> NON INJ HR/MAIL OUT REPORT",1,0.00165016501650165
"3056 PC PAROLE VIOLATION -> TOWED/STORED VEHICLE",1,0.00165016501650165
"3056 PC PAROLE VIOLATION -> TRAFFIC-ACCIDENT INJURY",1,0.00165016501650165
"308(B) PC MINOR POSS TOBACCO -> 10851(A)VC TAKE VEH W/O OWNER",1,0.00165016501650165
"308(B) PC MINOR POSS TOBACCO -> 211 PC  ROBBERY UNSPECIFIED",1,0.00165016501650165
"308(B) PC MINOR POSS TOBACCO -> 212.5(A)ROBBERY-INHAB DWELLING",1,0.00165016501650165
"308(B) PC MINOR POSS TOBACCO -> 242 PC  BATTERY CIVILIAN",1,0.00165016501650165
"308(B) PC MINOR POSS TOBACCO -> 273.6(A) PC VIO DV COURT ORDER",1,0.00165016501650165
"308(B) PC MINOR POSS TOBACCO -> 484 PETTY THEFT-SHOPLIFT",1,0.00165016501650165
"308(B) PC MINOR POSS TOBACCO -> 487(A) GRAND THEFT-INSIDE",1,0.00165016501650165
"308(B) PC MINOR POSS TOBACCO -> LOST PROPERTY - I RPT",1,0.00165016501650165
"308(B) PC MINOR POSS TOBACCO -> MISSING PERSON",1,0.00165016501650165
"308(B) PC MINOR POSS TOBACCO -> TRAFFIC - I RPT",1,0.00165016501650165
"31 VC FALSE INFO TO OFFICER -> 245(A)(1)AWDW/NO FIREARM/CIVIL",1,0.00165016501650165
"31 VC FALSE INFO TO OFFICER -> 459 PC  BURGLARY VEHICLE",1,0.00165016501650165
"31 VC FALSE INFO TO OFFICER -> 594.3(A)VANDAL/PLACE OF WORSHI",1,0.00165016501650165
"31 VC FALSE INFO TO OFFICER -> TOWED/STORED VEHICLE",1,0.00165016501650165
"314.1 PC   INDECENT EXPOSURE -> 459 PC  BURGLARY VEHICLE",1,0.00165016501650165
"314.1 PC   INDECENT EXPOSURE -> 487(A) PC GRAND THEFT",1,0.00165016501650165
"314.1 PC   INDECENT EXPOSURE -> 5150 WI DANGER SELF/OTHERS",1,0.00165016501650165
"32 PC ACCESSORY TO A CRIME -> 10851(A)VC TAKE VEH W/O OWNER",1,0.00165016501650165
"32 PC ACCESSORY TO A CRIME -> 20002(A) HIT/RUN",1,0.00165016501650165
"32 PC ACCESSORY TO A CRIME -> NON INJ HR/MAIL OUT REPORT",1,0.00165016501650165
"32 PC ACCESSORY TO A CRIME -> TOWED/STORED VEH-14602.6",1,0.00165016501650165
"32210 EC WILFL DISTURB PUB SCH -> SUSP PERS-NO CRIME - I RPT",1,0.00165016501650165
"368(B)(1) CRUELTY/ELDER/ W/INJ -> 211 PC  ROBBERY UNSPECIFIED",1,0.00165016501650165
"368(B)(1) CRUELTY/ELDER/ W/INJ -> 459 PC  BURGLARY VEHICLE",1,0.00165016501650165
"368(B)(1) CRUELTY/ELDER/ W/INJ -> 594(B)(2)(A) VANDALISM/ -$400",1,0.00165016501650165
"368(B)(1) CRUELTY/ELDER/ W/INJ -> SUSPICIOUS VEHICLE - I RPT",1,0.00165016501650165
"368(B)(1) CRUELTY/ELDER/ W/INJ -> TOWED/STORED VEH-14602.6",1,0.00165016501650165
"368(C) CAUSE PAIN/INJ TO ELDER -> 10851(A)VC TAKE VEH W/O OWNER",1,0.00165016501650165
"368(C) CAUSE PAIN/INJ TO ELDER -> 11359 HS POSS FOR SALE MARIJ",1,0.00165016501650165
"368(C) CAUSE PAIN/INJ TO ELDER -> 12020(A)1) PROHIBITED FIREARM",1,0.00165016501650165
"368(C) CAUSE PAIN/INJ TO ELDER -> 243(E)1 BATTERY NONCOHAB SPOUS",1,0.00165016501650165
"368(D) THEFT-ELDER >400 -> 10851(A)VC TAKE VEH W/O OWNER",1,0.00165016501650165
"368(D) THEFT-ELDER >400 -> 12020(A)1) PROHIBITED FIREARM",1,0.00165016501650165
"368(D) THEFT-ELDER >400 -> 243.6 BATTERY SCHOOL EMPLOYEE",1,0.00165016501650165
"368(D) THEFT-ELDER >400 -> 459 PC  BURGLARY BUSINESS",1,0.00165016501650165
"368(D) THEFT-ELDER >400 -> 459 PC  BURGLARY VEHICLE",1,0.00165016501650165
"368(D) THEFT-ELDER >400 -> 484 PC PETTY THEFT",1,0.00165016501650165
"368(D) THEFT-ELDER >400 -> 594(B)(1)PC  VANDALISM +$400",1,0.00165016501650165
"368(D) THEFT-ELDER >400 -> CAR CLOUT -  I RPT",1,0.00165016501650165
"368(D) THEFT-ELDER >400 -> CASUALTY REPORT",1,0.00165016501650165
"368(D) THEFT-ELDER >400 -> FOUND PROPERTY - I RPT",1,0.00165016501650165
"368(D) THEFT-ELDER >400 -> TOWED/STORED VEH-14602.6",1,0.00165016501650165
"368(E) THEFT OF ELDER <$400 -> 148.9 PC FALSE ID TO OFFICER",1,0.00165016501650165
"368(E) THEFT OF ELDER <$400 -> 22435.2(A) BP POSS SHOP CART",1,0.00165016501650165
"368(E) THEFT OF ELDER <$400 -> 273.6(A) PC VIO DV COURT ORDER",1,0.00165016501650165
"368(E) THEFT OF ELDER <$400 -> 5150 WI DANGER SELF/OTHERS",1,0.00165016501650165
"368(E) THEFT OF ELDER <$400 -> BURGLARY - I RPT",1,0.00165016501650165
"368(E) THEFT OF ELDER <$400 -> COLLISION/ACCIDENT BOATS",1,0.00165016501650165
"368(E) THEFT OF ELDER <$400 -> PROB VIOLA/FEL-MISD - I RPT",1,0.00165016501650165
"368(E) THEFT OF ELDER <$400 -> TRAFFIC - I RPT",1,0.00165016501650165
"368(E) THEFT OF ELDER <$400 -> TRAFFIC-ACCIDENT-NON INJURY",1,0.00165016501650165
"374.3(A) PC ILLEGAL DUMPING -> 10851 VC AUTO THEFT LOCATE",1,0.00165016501650165
"374.3(A) PC ILLEGAL DUMPING -> 10851(A)VC TAKE VEH W/O OWNER",1,0.00165016501650165
"374.3(A) PC ILLEGAL DUMPING -> 211 PC  ROBBERY UNSPECIFIED",1,0.00165016501650165
"374.3(A) PC ILLEGAL DUMPING -> 242 PC  BATTERY CIVILIAN",1,0.00165016501650165
"374.3(A) PC ILLEGAL DUMPING -> 459 PC  BURGLARY BUSINESS",1,0.00165016501650165
"374.3(A) PC ILLEGAL DUMPING -> GANG ACTIVITY - I RPT",1,0.00165016501650165
"374.3(A) PC ILLEGAL DUMPING -> TOWED/STORED VEH-14602.6",1,0.00165016501650165
"374.4(A) LITTERING -> 211 PC ROBBERY- BUSINESS",1,0.00165016501650165
"374.4(A) LITTERING -> 23152(A) VC DUI-ALCOHOL/DRUGS",1,0.00165016501650165
"374.4(A) LITTERING -> 459 PC  BURGLARY VEHICLE",1,0.00165016501650165
"374.4(A) LITTERING -> 530.5 PC USE PERSONAL ID INFO",1,0.00165016501650165
"374.4(A) LITTERING -> 594(B)(2)(A) VANDALISM/ -$400",1,0.00165016501650165
"4140 BP  POSS OF HYPO NEEDLE -> 11364 HS POSS DRUG PARAPH",1,0.00165016501650165
"4140 BP  POSS OF HYPO NEEDLE -> 11377(A)HS POSS CNTRL SUBST",1,0.00165016501650165
"4140 BP  POSS OF HYPO NEEDLE -> 12020(A)(4) PC DIRK/DAGGER",1,0.00165016501650165
"4140 BP  POSS OF HYPO NEEDLE -> 211 PC ROBBERY- BUSINESS",1,0.00165016501650165
"4140 BP  POSS OF HYPO NEEDLE -> 215(A) PC    CARJACKING",1,0.00165016501650165
"4140 BP  POSS OF HYPO NEEDLE -> 23152(A) VC DUI-ALCOHOL/DRUGS",1,0.00165016501650165
"4140 BP  POSS OF HYPO NEEDLE -> 242 PC  BATTERY CIVILIAN",1,0.00165016501650165
"4140 BP  POSS OF HYPO NEEDLE -> 246 PC SHOOT OCCUP DWELL/VEH",1,0.00165016501650165
"4140 BP  POSS OF HYPO NEEDLE -> 459 PC  BURGLARY RESIDENCE",1,0.00165016501650165
"4140 BP  POSS OF HYPO NEEDLE -> 476 PC PASS FICTICIOUS CHECK",1,0.00165016501650165
"4140 BP  POSS OF HYPO NEEDLE -> 484 PC PETTY THEFT",1,0.00165016501650165
"4140 BP  POSS OF HYPO NEEDLE -> 484 PETTY THEFT CLOUT UNLOCKED",1,0.00165016501650165
"4140 BP  POSS OF HYPO NEEDLE -> 484 PETTY THEFT-SHOPLIFT",1,0.00165016501650165
"4140 BP  POSS OF HYPO NEEDLE -> 484 PETTY THEFT/LICENSE PLATE",1,0.00165016501650165
"4140 BP  POSS OF HYPO NEEDLE -> 503 PC   EMBEZZLEMENT",1,0.00165016501650165
"4140 BP  POSS OF HYPO NEEDLE -> 508 PC   EMBEZZLEMENT/EMPLOYEE",1,0.00165016501650165
"4140 BP  POSS OF HYPO NEEDLE -> 529 PC FALSE PERSONATION",1,0.00165016501650165
"4140 BP  POSS OF HYPO NEEDLE -> 594(B)(1)VANDALISM GRAF +$400",1,0.00165016501650165
"4140 BP  POSS OF HYPO NEEDLE -> 653.22(A) LOITER PROSTITUTION",1,0.00165016501650165
"4140 BP  POSS OF HYPO NEEDLE -> BURGLARY - I RPT",1,0.00165016501650165
"4140 BP  POSS OF HYPO NEEDLE -> TOWED/STORED VEH-14602.6",1,0.00165016501650165
"415(1) PC DISTURB PEACE/FIGHT -> 11350(A)HS POSS CNTRL SUBST",1,0.00165016501650165
"415(1) PC DISTURB PEACE/FIGHT -> 11357(B)HS POSS -28.5GR MARIJ",1,0.00165016501650165
"415(1) PC DISTURB PEACE/FIGHT -> 12101(B)1)PC MINOR POSS AMMO",1,0.00165016501650165
"415(1) PC DISTURB PEACE/FIGHT -> 14601.1(A) VC LIC SUSP OTHER",1,0.00165016501650165
"415(1) PC DISTURB PEACE/FIGHT -> 1551(A) FUGITIVE FROM JUSTICE",1,0.00165016501650165
"415(1) PC DISTURB PEACE/FIGHT -> 20002(A) HIT/RUN",1,0.00165016501650165
"415(1) PC DISTURB PEACE/FIGHT -> 211 PC  ROBBERY UNSPECIFIED",1,0.00165016501650165
"415(1) PC DISTURB PEACE/FIGHT -> 211 PC ROBBERY- BUSINESS",1,0.00165016501650165
"415(1) PC DISTURB PEACE/FIGHT -> 243(E)1 BATTERY NONCOHAB SPOUS",1,0.00165016501650165
"415(1) PC DISTURB PEACE/FIGHT -> 243.6 BATTERY SCHOOL EMPLOYEE",1,0.00165016501650165
"415(1) PC DISTURB PEACE/FIGHT -> 3056 PAROLE VIO - I RPT",1,0.00165016501650165
"415(1) PC DISTURB PEACE/FIGHT -> 422 PC THREAT/INTENT TO TERROR",1,0.00165016501650165
"415(1) PC DISTURB PEACE/FIGHT -> 459 PC  BURGLARY RESIDENCE",1,0.00165016501650165
"415(1) PC DISTURB PEACE/FIGHT -> 484 PC   PETTY THEFT/INSIDE",1,0.00165016501650165
"415(1) PC DISTURB PEACE/FIGHT -> 484 PC PETTY THEFT",1,0.00165016501650165
"415(1) PC DISTURB PEACE/FIGHT -> 496(A) RECEIVE STOLEN PROPERTY",1,0.00165016501650165
"415(1) PC DISTURB PEACE/FIGHT -> BURGLARY - I RPT",1,0.00165016501650165
"415(1) PC DISTURB PEACE/FIGHT -> CASUALTY REPORT",1,0.00165016501650165
"415(1) PC DISTURB PEACE/FIGHT -> CHILD WELFARE - I RPT",1,0.00165016501650165
"415(1) PC DISTURB PEACE/FIGHT -> FOUND PROPERTY - I RPT",1,0.00165016501650165
"415(1) PC DISTURB PEACE/FIGHT -> FRAUD OR BUNCO - I RPT",1,0.00165016501650165
"415(1) PC DISTURB PEACE/FIGHT -> GANG ACTIVITY - I RPT",1,0.00165016501650165
"415(1) PC DISTURB PEACE/FIGHT -> JUVENILE PROBLEMS - I RPT",1,0.00165016501650165
"415(1) PC DISTURB PEACE/FIGHT -> MISCELLANEOUS I RPT (ZMISC)",1,0.00165016501650165
"415(1) PC DISTURB PEACE/FIGHT -> MISSING PERSON",1,0.00165016501650165
"415(1) PC DISTURB PEACE/FIGHT -> POSS STOLEN VEHICLE- I RPT",1,0.00165016501650165
"415(1) PC DISTURB PEACE/FIGHT -> PROB VIOLA/FEL-MISD - I RPT",1,0.00165016501650165
"415(1) PC DISTURB PEACE/FIGHT -> TOWED/STORED VEH-14602.6",1,0.00165016501650165
"415(1) PC DISTURB PEACE/FIGHT -> TRAFFIC-ACCIDENT-NON INJURY",1,0.00165016501650165
"415(3) PC DIST PEACE OFF WORDS -> 11350(A)HS POSS CNTRL SUBST",1,0.00165016501650165
"415(3) PC DIST PEACE OFF WORDS -> 459 PC  BURGLARY VEHICLE",1,0.00165016501650165
"415(3) PC DIST PEACE OFF WORDS -> 484 PETTY THEFT CLOUT UNLOCKED",1,0.00165016501650165
"415(3) PC DIST PEACE OFF WORDS -> 487(A) PC GRAND THEFT",1,0.00165016501650165
"415(3) PC DIST PEACE OFF WORDS -> 594(B)(1)PC  VANDALISM +$400",1,0.00165016501650165
"415(3) PC DIST PEACE OFF WORDS -> TOWED/STORED VEH-14602.6",1,0.00165016501650165
"415.5(A)(1) PC FIGHT SCHOOL GR -> 10851(A)VC TAKE VEH W/O OWNER",1,0.00165016501650165
"415.5(A)(1) PC FIGHT SCHOOL GR -> 459 PC  BURGLARY BUSINESS",1,0.00165016501650165
"415.5(A)(1) PC FIGHT SCHOOL GR -> 459 PC  BURGLARY VEHICLE",1,0.00165016501650165
"415.5(A)(1) PC FIGHT SCHOOL GR -> 484 PETTY THEFT/LICENSE PLATE",1,0.00165016501650165
"415.5(A)(1) PC FIGHT SCHOOL GR -> TOWED/STORED VEH-14602.6",1,0.00165016501650165
"415.5(A)(1) PC FIGHT SCHOOL GR -> TRAFFIC-ACCIDENT INJURY",1,0.00165016501650165
"417(A)1) PC BRANDISH NON-GUN -> 10851(A)VC TAKE VEH W/O OWNER",1,0.00165016501650165
"417(A)1) PC BRANDISH NON-GUN -> 10855 VC LSE/RENT NOT RETURNED",1,0.00165016501650165
"417(A)1) PC BRANDISH NON-GUN -> 11357(B)HS POSS -28.5GR MARIJ",1,0.00165016501650165
"417(A)1) PC BRANDISH NON-GUN -> 1708 US   THEFT OF MAIL",1,0.00165016501650165
"417(A)1) PC BRANDISH NON-GUN -> 211 PC  ROBBERY UNSPECIFIED",1,0.00165016501650165
"417(A)1) PC BRANDISH NON-GUN -> 211 PC ROBBERY- BUSINESS",1,0.00165016501650165
"417(A)1) PC BRANDISH NON-GUN -> 211 PC ROBBERY-PURSE SNATCH",1,0.00165016501650165
"417(A)1) PC BRANDISH NON-GUN -> 215(A) PC    CARJACKING",1,0.00165016501650165
"417(A)1) PC BRANDISH NON-GUN -> 23152(A) VC DUI-ALCOHOL/DRUGS",1,0.00165016501650165
"417(A)1) PC BRANDISH NON-GUN -> 243(B) PC  BATTERY - OFFICER",1,0.00165016501650165
"417(A)1) PC BRANDISH NON-GUN -> 243(E)1 BATTERY NONCOHAB SPOUS",1,0.00165016501650165
"417(A)1) PC BRANDISH NON-GUN -> 484 PC PETTY THEFT",1,0.00165016501650165
"417(A)1) PC BRANDISH NON-GUN -> 484G(B) PC ACCESS CARD FRAUD",1,0.00165016501650165
"417(A)1) PC BRANDISH NON-GUN -> 5150 WI DANGER SELF/OTHERS",1,0.00165016501650165
"417(A)1) PC BRANDISH NON-GUN -> 530.5 PC USE PERSONAL ID INFO",1,0.00165016501650165
"417(A)1) PC BRANDISH NON-GUN -> 594(B)(1)PC  VANDALISM +$400",1,0.00165016501650165
"417(A)1) PC BRANDISH NON-GUN -> 647(F) PC DIP - DISORDERLY",1,0.00165016501650165
"417(A)1) PC BRANDISH NON-GUN -> 653M(A) PC OBSCENE/THREAT CALL",1,0.00165016501650165
"417(A)1) PC BRANDISH NON-GUN -> SUSP PERS-NO CRIME - I RPT",1,0.00165016501650165
"417(A)1) PC BRANDISH NON-GUN -> TOWED/STORED VEH-14602.6",1,0.00165016501650165
"417(A)1) PC BRANDISH NON-GUN -> TRAFFIC-ACCIDENT INJURY",1,0.00165016501650165
"417(A)1) PC BRANDISH NON-GUN -> TRAFFIC-ACCIDENT-NON INJURY",1,0.00165016501650165
"417(A)2) PC BRANDISH FIREARM -> 10851 VC AUTO THEFT LOCATE",1,0.00165016501650165
"417(A)2) PC BRANDISH FIREARM -> 417(A)2) PC BRANDISH FIREARM",1,0.00165016501650165
"417(A)2) PC BRANDISH FIREARM -> 459 PC  BURGLARY RESIDENCE",1,0.00165016501650165
"417(A)2) PC BRANDISH FIREARM -> 484 PETTY THEFT-SHOPLIFT",1,0.00165016501650165
"417(A)2) PC BRANDISH FIREARM -> 594(B)(2)(A)VANDALISM GRAF-400",1,0.00165016501650165
"417(A)2) PC BRANDISH FIREARM -> MISSING PERSON",1,0.00165016501650165
"417(A)2) PC BRANDISH FIREARM -> TOWED/STORED VEHICLE",1,0.00165016501650165
"417.4 PC BRANDISH IMIT FIREARM -> 242 PC  BATTERY CIVILIAN",1,0.00165016501650165
"422 PC THREAT/INTENT TO TERROR -> 11350(A)HS POSS CNTRL SUBST",1,0.00165016501650165
"422 PC THREAT/INTENT TO TERROR -> 11357(B)HS POSS -28.5GR MARIJ",1,0.00165016501650165
"422 PC THREAT/INTENT TO TERROR -> 211 PC  ROBBERY UNSPECIFIED",1,0.00165016501650165
"422 PC THREAT/INTENT TO TERROR -> 23153(A) VC DUI CAUSE INJURY",1,0.00165016501650165
"422 PC THREAT/INTENT TO TERROR -> 242 PC  BATTERY CIVILIAN",1,0.00165016501650165
"422 PC THREAT/INTENT TO TERROR -> 245(A)(1)AWDW/NO FIREARM/CIVIL",1,0.00165016501650165
"422 PC THREAT/INTENT TO TERROR -> 484 PETTY THEFT/LICENSE PLATE",1,0.00165016501650165
"422 PC THREAT/INTENT TO TERROR -> 484G(B) PC ACCESS CARD FRAUD",1,0.00165016501650165
"422 PC THREAT/INTENT TO TERROR -> 487(A) PC GRAND THEFT",1,0.00165016501650165
"422 PC THREAT/INTENT TO TERROR -> 594(B)(1)PC  VANDALISM +$400",1,0.00165016501650165
"422 PC THREAT/INTENT TO TERROR -> 594(B)(2)(A) VANDALISM/ -$400",1,0.00165016501650165
"422 PC THREAT/INTENT TO TERROR -> 666 PC PETTY THEFT W/PRI CONV",1,0.00165016501650165
"422 PC THREAT/INTENT TO TERROR -> CASUALTY REPORT",1,0.00165016501650165
"422 PC THREAT/INTENT TO TERROR -> FOUND PROPERTY - I RPT",1,0.00165016501650165
"422 PC THREAT/INTENT TO TERROR -> MISSING PERSON I RPT",1,0.00165016501650165
"422 PC THREAT/INTENT TO TERROR -> NON INJ HR/MAIL OUT REPORT",1,0.00165016501650165
"422 PC THREAT/INTENT TO TERROR -> TELEPEST -I RPT",1,0.00165016501650165
"422 PC THREAT/INTENT TO TERROR -> THREATS - I RPT",1,0.00165016501650165
"422 PC THREAT/INTENT TO TERROR -> VANDALISM - I RPT",1,0.00165016501650165
"4462.5 VC FALSE TAB/AVOID REG -> 10851 VC AUTO THEFT LOCATE",1,0.00165016501650165
"4462.5 VC FALSE TAB/AVOID REG -> 10851(A)VC TAKE VEH W/O OWNER",1,0.00165016501650165
"4462.5 VC FALSE TAB/AVOID REG -> 20001(A) VC HIT/RUN INJ/DEATH",1,0.00165016501650165
"4462.5 VC FALSE TAB/AVOID REG -> 23152(B) VC DUI BA .08 OR MORE",1,0.00165016501650165
"4462.5 VC FALSE TAB/AVOID REG -> 23153(A) VC DUI CAUSE INJURY",1,0.00165016501650165
"4462.5 VC FALSE TAB/AVOID REG -> 417(A)2) PC BRANDISH FIREARM",1,0.00165016501650165
"4462.5 VC FALSE TAB/AVOID REG -> 484 PETTY THEFT/LICENSE PLATE",1,0.00165016501650165
"4462.5 VC FALSE TAB/AVOID REG -> 594(B)(1)PC  VANDALISM +$400",1,0.00165016501650165
"4462.5 VC FALSE TAB/AVOID REG -> CHILD CUSTODY - I RPT",1,0.00165016501650165
"4462.5 VC FALSE TAB/AVOID REG -> MISSING PERSON",1,0.00165016501650165
"4462.5 VC FALSE TAB/AVOID REG -> TRAFFIC-ACCIDENT INJURY",1,0.00165016501650165
"4463(A)(1) VC ALTER REG -> 10851(A)VC TAKE VEH W/O OWNER",1,0.00165016501650165
"4463(A)(1) VC ALTER REG -> 11357(B)HS POSS -28.5GR MARIJ",1,0.00165016501650165
"4463(A)(1) VC ALTER REG -> 148.9 PC FALSE ID TO OFFICER",1,0.00165016501650165
"4463(A)(1) VC ALTER REG -> 23152(A) VC DUI-ALCOHOL/DRUGS",1,0.00165016501650165
"4463(A)(1) VC ALTER REG -> 5150 WI DANGER SELF/OTHERS",1,0.00165016501650165
"4463(A)(1) VC ALTER REG -> ROBBERY - I RPT",1,0.00165016501650165
"4463(A)(1) VC ALTER REG -> TRAFFIC-ACCIDENT-NON INJURY",1,0.00165016501650165
"451(B) PC ARSON OF INHAB STRUC -> 10851(A)VC TAKE VEH W/O OWNER",1,0.00165016501650165
"451(B) PC ARSON OF INHAB STRUC -> 12021(A)(1)PC FELON POSS FRARM",1,0.00165016501650165
"451(B) PC ARSON OF INHAB STRUC -> 242 PC  BATTERY CIVILIAN",1,0.00165016501650165
"451(B) PC ARSON OF INHAB STRUC -> 243(D) PC BATT/CIVILIAN W/INJ",1,0.00165016501650165
"451(B) PC ARSON OF INHAB STRUC -> MISSING PERSON",1,0.00165016501650165
"451(B) PC ARSON OF INHAB STRUC -> TOWED/STORED VEH-14602.6",1,0.00165016501650165
"451(D) PC  ARSON OF PROPERTY -> 11377(A)HS POSS AMPHETAMINES",1,0.00165016501650165
"451(D) PC  ARSON OF PROPERTY -> 12025(A)2)CONCL GUN ON PER/MSD",1,0.00165016501650165
"451(D) PC  ARSON OF PROPERTY -> 23152(A) VC DUI-ALCOHOL/DRUGS",1,0.00165016501650165
"451(D) PC  ARSON OF PROPERTY -> 245(A)(1)AWDW/NO FIREARM/CIVIL",1,0.00165016501650165
"451(D) PC  ARSON OF PROPERTY -> 273.6(A) PC VIO DV COURT ORDER",1,0.00165016501650165
"451(D) PC  ARSON OF PROPERTY -> 415(1) PC DISTURB PEACE/FIGHT",1,0.00165016501650165
"451(D) PC  ARSON OF PROPERTY -> 459 PC  BURGLARY RESIDENCE",1,0.00165016501650165
"451(D) PC  ARSON OF PROPERTY -> 484 PC   PETTY THEFT/INSIDE",1,0.00165016501650165
"451(D) PC  ARSON OF PROPERTY -> 484 PETTY THEFT/LICENSE PLATE",1,0.00165016501650165
"451(D) PC  ARSON OF PROPERTY -> 594(B)(2)(A) VANDALISM/ -$400",1,0.00165016501650165
"451(D) PC  ARSON OF PROPERTY -> 626.10(A) PC POSS WPN SCHL ZN",1,0.00165016501650165
"451(D) PC  ARSON OF PROPERTY -> MISCELLANEOUS I RPT (ZMISC)",1,0.00165016501650165
"451(D) PC  ARSON OF PROPERTY -> MISSING PERSON",1,0.00165016501650165
"451(D) PC  ARSON OF PROPERTY -> NARCOTICS SUSP/EVID/ACT- I RPT",1,0.00165016501650165
"451(D) PC  ARSON OF PROPERTY -> NON INJ HR/MAIL OUT REPORT",1,0.00165016501650165
"451(D) PC  ARSON OF PROPERTY -> TOWED/STORED VEHICLE",1,0.00165016501650165
"451(D) PC  ARSON OF PROPERTY -> TRAFFIC-ACCIDENT-NON INJURY",1,0.00165016501650165
"452(D)PC CAUSE FIRE OF PROPERT -> TOWED/STORED VEH-14602.6",1,0.00165016501650165
"4574(A)WEAPON/TEAR GAS IN JAIL -> 459 PC  BURGLARY BUSINESS",1,0.00165016501650165
"4574(A)WEAPON/TEAR GAS IN JAIL -> POSS STOLEN VEHICLE- I RPT",1,0.00165016501650165
"459 PC  BURGLARY BUSINESS -> 11352(A)HS SALE/TRANS CNTL SUB",1,0.00165016501650165
"459 PC  BURGLARY BUSINESS -> 11357(E) MNR POSS MARIJ SCHOOL",1,0.00165016501650165
"459 PC  BURGLARY BUSINESS -> 11532(A)HS LOITER DRG ACTIVITY",1,0.00165016501650165
"459 PC  BURGLARY BUSINESS -> 12021(A)(1)PC FELON POSS FRARM",1,0.00165016501650165
"459 PC  BURGLARY BUSINESS -> 12022.1 PC COMMIT FEL ON BAIL",1,0.00165016501650165
"459 PC  BURGLARY BUSINESS -> 12316(B)(1)FELON POSSESS AMMO",1,0.00165016501650165
"459 PC  BURGLARY BUSINESS -> 14601.1(A) VC LIC SUSP OTHER",1,0.00165016501650165
"459 PC  BURGLARY BUSINESS -> 20001(A) VC HIT/RUN INJ/DEATH",1,0.00165016501650165
"459 PC  BURGLARY BUSINESS -> 211 PC ROBBERY-PURSE SNATCH",1,0.00165016501650165
"459 PC  BURGLARY BUSINESS -> 215(A) PC    CARJACKING",1,0.00165016501650165
"459 PC  BURGLARY BUSINESS -> 22435.2(A) BP POSS SHOP CART",1,0.00165016501650165
"459 PC  BURGLARY BUSINESS -> 243(D) PC BATT/CIVILIAN W/INJ",1,0.00165016501650165
"459 PC  BURGLARY BUSINESS -> 243.6 BATTERY SCHOOL EMPLOYEE",1,0.00165016501650165
"459 PC  BURGLARY BUSINESS -> 246 PC SHOOT OCCUP DWELL/VEH",1,0.00165016501650165
"459 PC  BURGLARY BUSINESS -> 374.4(A) LITTERING",1,0.00165016501650165
"459 PC  BURGLARY BUSINESS -> 451(B) PC ARSON OF INHAB STRUC",1,0.00165016501650165
"459 PC  BURGLARY BUSINESS -> 459 PC  BURGLARY-UNSPECIFIED",1,0.00165016501650165
"459 PC  BURGLARY BUSINESS -> 475(A)PC POSS FORGED CHK/NOTE",1,0.00165016501650165
"459 PC  BURGLARY BUSINESS -> 476 PC PASS FICTICIOUS CHECK",1,0.00165016501650165
"459 PC  BURGLARY BUSINESS -> 484 PC   PETTY THEFT/INSIDE",1,0.00165016501650165
"459 PC  BURGLARY BUSINESS -> 484G(A)PC USE FORGED CARD",1,0.00165016501650165
"459 PC  BURGLARY BUSINESS -> 487(D)GRAND THEFT FIREARM/ANIM",1,0.00165016501650165
"459 PC  BURGLARY BUSINESS -> 503 PC   EMBEZZLEMENT",1,0.00165016501650165
"459 PC  BURGLARY BUSINESS -> 530 PC FALSE PERS. REC PROP",1,0.00165016501650165
"459 PC  BURGLARY BUSINESS -> 530.5 PC USE PERSONAL ID INFO",1,0.00165016501650165
"459 PC  BURGLARY BUSINESS -> 594(B)(1)VANDALISM GRAF +$400",1,0.00165016501650165
"459 PC  BURGLARY BUSINESS -> 594(B)(2)(A)VANDALISM GRAF-400",1,0.00165016501650165
"459 PC  BURGLARY BUSINESS -> 647(A) PC LEWD CONDUCT",1,0.00165016501650165
"459 PC  BURGLARY BUSINESS -> 647(B) PC   PROSTITUTION",1,0.00165016501650165
"459 PC  BURGLARY BUSINESS -> 647(F) PC DIP - DISORDERLY",1,0.00165016501650165
"459 PC  BURGLARY BUSINESS -> 653.22(A) LOITER PROSTITUTION",1,0.00165016501650165
"459 PC  BURGLARY BUSINESS -> 653M(A) PC OBSCENE/THREAT CALL",1,0.00165016501650165
"459 PC  BURGLARY BUSINESS -> BATTERY - I RPT",1,0.00165016501650165
"459 PC  BURGLARY BUSINESS -> BURGLARY - I RPT",1,0.00165016501650165
"459 PC  BURGLARY BUSINESS -> BUSINESS PERMITS - I RPT",1,0.00165016501650165
"459 PC  BURGLARY BUSINESS -> CHILD CUSTODY - I RPT",1,0.00165016501650165
"459 PC  BURGLARY BUSINESS -> CHILD WELFARE - I RPT",1,0.00165016501650165
"459 PC  BURGLARY BUSINESS -> DUI I RPT",1,0.00165016501650165
"459 PC  BURGLARY BUSINESS -> FAMILY DISTURBANCE - I RPT",1,0.00165016501650165
"459 PC  BURGLARY BUSINESS -> IMPOUNDED VEHICLE",1,0.00165016501650165
"459 PC  BURGLARY BUSINESS -> INTOX REPORT/ADMIN PER - I RPT",1,0.00165016501650165
"459 PC  BURGLARY BUSINESS -> JUVENILE DISURBANCE - I RPT",1,0.00165016501650165
"459 PC  BURGLARY BUSINESS -> JUVENILE PROBLEMS - I RPT",1,0.00165016501650165
"459 PC  BURGLARY BUSINESS -> NARCOTICS SUSP/EVID/ACT- I RPT",1,0.00165016501650165
"459 PC  BURGLARY BUSINESS -> O/S AGENCY -ASSISTANCE- I RPT",1,0.00165016501650165
"459 PC  BURGLARY BUSINESS -> PETTY THEFT - I RPT",1,0.00165016501650165
"459 PC  BURGLARY BUSINESS -> POSSIBLE FINANCIAL CRIME-I RPT",1,0.00165016501650165
"459 PC  BURGLARY RESIDENCE -> 10.48.150 E FALSIFY PKG PERMIT",1,0.00165016501650165
"459 PC  BURGLARY RESIDENCE -> 10852 VC VEHICLE TAMPERING",1,0.00165016501650165
"459 PC  BURGLARY RESIDENCE -> 11357(E) MNR POSS MARIJ SCHOOL",1,0.00165016501650165
"459 PC  BURGLARY RESIDENCE -> 11359 HS POSS FOR SALE MARIJ",1,0.00165016501650165
"459 PC  BURGLARY RESIDENCE -> 11532(A)HS LOITER DRG ACTIVITY",1,0.00165016501650165
"459 PC  BURGLARY RESIDENCE -> 12.52.030 SCC UNLAWFUL CAMPING",1,0.00165016501650165
"459 PC  BURGLARY RESIDENCE -> 12020(A)1) PROHIBITED FIREARM",1,0.00165016501650165
"459 PC  BURGLARY RESIDENCE -> 12021(A)(1)PC FELON POSS FRARM",1,0.00165016501650165
"459 PC  BURGLARY RESIDENCE -> 12022.1 PC COMMIT FEL ON BAIL",1,0.00165016501650165
"459 PC  BURGLARY RESIDENCE -> 166(A)(4) WILFUL DISOBEY CT OR",1,0.00165016501650165
"459 PC  BURGLARY RESIDENCE -> 1705 US DESTRUCT OF MAIL RECEP",1,0.00165016501650165
"459 PC  BURGLARY RESIDENCE -> 1708 US   THEFT OF MAIL",1,0.00165016501650165
"459 PC  BURGLARY RESIDENCE -> 197 JUSTIFIABLE HOMI-CIVILIAN",1,0.00165016501650165
"459 PC  BURGLARY RESIDENCE -> 215(A) PC    CARJACKING",1,0.00165016501650165
"459 PC  BURGLARY RESIDENCE -> 23103(A) RECKLESS ON HIGHWAY",1,0.00165016501650165
"459 PC  BURGLARY RESIDENCE -> 23110(B) VC THROW AT VEH W/INT",1,0.00165016501650165
"459 PC  BURGLARY RESIDENCE -> 23152(B) VC DUI BA .08 OR MORE",1,0.00165016501650165
"459 PC  BURGLARY RESIDENCE -> 23220 VC DRINKING WHILE DRVING",1,0.00165016501650165
"459 PC  BURGLARY RESIDENCE -> 23222(B)POSSESS MARIJ IN VEH",1,0.00165016501650165
"459 PC  BURGLARY RESIDENCE -> 243.2(A)(1) BATT/SCHOOL INJURY",1,0.00165016501650165
"459 PC  BURGLARY RESIDENCE -> 243.3 BATT TRANS PERS/PASS/INJ",1,0.00165016501650165
"459 PC  BURGLARY RESIDENCE -> 243.6 BATTERY SCHOOL EMPLOYEE",1,0.00165016501650165
"459 PC  BURGLARY RESIDENCE -> 246.3 PC NEGL DISCH FIREARM",1,0.00165016501650165
"459 PC  BURGLARY RESIDENCE -> 278.5(A)DEPRIVE RIGHT OF CUSTO",1,0.00165016501650165
"459 PC  BURGLARY RESIDENCE -> 4140 BP  POSS OF HYPO NEEDLE",1,0.00165016501650165
"459 PC  BURGLARY RESIDENCE -> 417(A)1) PC BRANDISH NON-GUN",1,0.00165016501650165
"459 PC  BURGLARY RESIDENCE -> 417(A)2) PC BRANDISH FIREARM",1,0.00165016501650165
"459 PC  BURGLARY RESIDENCE -> 422 PC THREAT/INTENT TO TERROR",1,0.00165016501650165
"459 PC  BURGLARY RESIDENCE -> 466 PC   POSS OF BURG TOOLS",1,0.00165016501650165
"459 PC  BURGLARY RESIDENCE -> 484 PC   THEFT-LIC PLATE TABS",1,0.00165016501650165
"459 PC  BURGLARY RESIDENCE -> 484 PC  PETTY THEFT AUTO PART",1,0.00165016501650165
"459 PC  BURGLARY RESIDENCE -> 484G(A)PC USE FORGED CARD",1,0.00165016501650165
"459 PC  BURGLARY RESIDENCE -> 487(A) GRAND THEFT-AUTO PARTS",1,0.00165016501650165
"459 PC  BURGLARY RESIDENCE -> 487(A) GRAND THEFT-CLOUT-UNLOC",1,0.00165016501650165
"459 PC  BURGLARY RESIDENCE -> 487(A) GRAND THEFT-COIN MACHIN",1,0.00165016501650165
"459 PC  BURGLARY RESIDENCE -> 487(C) PC  GRAND THEFT-PERSON",1,0.00165016501650165
"459 PC  BURGLARY RESIDENCE -> 530 PC FALSE PERS. REC PROP",1,0.00165016501650165
"459 PC  BURGLARY RESIDENCE -> 602(N)TRESP DRIVE ON PRIVATE P",1,0.00165016501650165
"459 PC  BURGLARY RESIDENCE -> 653.22(A) LOITER PROSTITUTION",1,0.00165016501650165
"459 PC  BURGLARY RESIDENCE -> 849(B)(1) CERTIFICATE OF RELEA",1,0.00165016501650165
"459 PC  BURGLARY RESIDENCE -> 9.04.070 URINATE/DEFECATE PUB",1,0.00165016501650165
"459 PC  BURGLARY RESIDENCE -> 99170 PUBLIC UTILITIES CODE",1,0.00165016501650165
"459 PC  BURGLARY RESIDENCE -> ACCIDENTAL FIRES/ARSON -I RPT",1,0.00165016501650165
"459 PC  BURGLARY RESIDENCE -> BOMBS/THREATS/EXPLOSIV- I RPT",1,0.00165016501650165
"459 PC  BURGLARY RESIDENCE -> BURGLARY - I RPT",1,0.00165016501650165
"459 PC  BURGLARY RESIDENCE -> CHILD WELFARE - I RPT",1,0.00165016501650165
"459 PC  BURGLARY RESIDENCE -> FALSE PERSONATION - I RPT",1,0.00165016501650165
"459 PC  BURGLARY RESIDENCE -> FAMILY DISTURBANCE - I RPT",1,0.00165016501650165
"459 PC  BURGLARY RESIDENCE -> FORGERY-COUNTERFEITING",1,0.00165016501650165
"459 PC  BURGLARY RESIDENCE -> FRAUD OR BUNCO - I RPT",1,0.00165016501650165
"459 PC  BURGLARY RESIDENCE -> FRAUDULENT DOCUMENTS- I RPT",1,0.00165016501650165
"459 PC  BURGLARY RESIDENCE -> GRAFFITI PROBLEMS- I RPT",1,0.00165016501650165
"459 PC  BURGLARY RESIDENCE -> HAZARDOUS SITUATION - I RPT",1,0.00165016501650165
"459 PC  BURGLARY RESIDENCE -> JUVENILE DISURBANCE - I RPT",1,0.00165016501650165
"459 PC  BURGLARY RESIDENCE -> JUVENILE OFFENDER-PROBATION",1,0.00165016501650165
"459 PC  BURGLARY RESIDENCE -> MISSING PERSON LOCATE O/S ASSI",1,0.00165016501650165
"459 PC  BURGLARY RESIDENCE -> PETTY THEFT - I RPT",1,0.00165016501650165
"459 PC  BURGLARY RESIDENCE -> POSS STOLEN VEHICLE- I RPT",1,0.00165016501650165
"459 PC  BURGLARY RESIDENCE -> POSSIBLE MENTAL - I RPT",1,0.00165016501650165
"459 PC  BURGLARY RESIDENCE -> POSSIBLE STOLEN PROPERTY-I RPT",1,0.00165016501650165
"459 PC  BURGLARY RESIDENCE -> PROTECTIVE CUSTODY-I RPT",1,0.00165016501650165
"459 PC  BURGLARY RESIDENCE -> ROBBERY - I RPT",1,0.00165016501650165
"459 PC  BURGLARY RESIDENCE -> TERRORIST THREATS - I RPT",1,0.00165016501650165
"459 PC  BURGLARY RESIDENCE -> WANTED SUBJ-O/S WANT/ I RPT",1,0.00165016501650165
"459 PC  BURGLARY VEHICLE -> 10852 VC VEHICLE TAMPERING",1,0.00165016501650165
"459 PC  BURGLARY VEHICLE -> 11351.5 HS POSS SALE RCK COCAI",1,0.00165016501650165
"459 PC  BURGLARY VEHICLE -> 11532(A)HS LOITER DRG ACTIVITY",1,0.00165016501650165
"459 PC  BURGLARY VEHICLE -> 11550(A)HS UNDER INFL NARCOTIC",1,0.00165016501650165
"459 PC  BURGLARY VEHICLE -> 12.72.060I ADULT LOITER PLYGRD",1,0.00165016501650165
"459 PC  BURGLARY VEHICLE -> 12020(A)1) PROHIBITED FIREARM",1,0.00165016501650165
"459 PC  BURGLARY VEHICLE -> 12021(A)(1)PC FELON POSS FRARM",1,0.00165016501650165
"459 PC  BURGLARY VEHICLE -> 12025(A)2)CNCLD GUN ON PER/FEL",1,0.00165016501650165
"459 PC  BURGLARY VEHICLE -> 12025(A)2)CONCL GUN ON PER/MSD",1,0.00165016501650165
"459 PC  BURGLARY VEHICLE -> 14601.1(A) VC LIC SUSP OTHER",1,0.00165016501650165
"459 PC  BURGLARY VEHICLE -> 148.1(A)PC FALSE REPT OF BOMB",1,0.00165016501650165
"459 PC  BURGLARY VEHICLE -> 192(C)(2)VEH MAN W/O GROSS NEG",1,0.00165016501650165
"459 PC  BURGLARY VEHICLE -> 212.5(A)ROBBERY-INHAB DWELLING",1,0.00165016501650165
"459 PC  BURGLARY VEHICLE -> 22435.2(A) BP POSS SHOP CART",1,0.00165016501650165
"459 PC  BURGLARY VEHICLE -> 243.3 BATT TRANS PERS/PASS/INJ",1,0.00165016501650165
"459 PC  BURGLARY VEHICLE -> 246.3 PC NEGL DISCH FIREARM",1,0.00165016501650165
"459 PC  BURGLARY VEHICLE -> 247(B) PC SHOOT UNOCC BLDG/VEH",1,0.00165016501650165
"459 PC  BURGLARY VEHICLE -> 290(F)1 W/I 5 DAYS ADD CHANGE",1,0.00165016501650165
"459 PC  BURGLARY VEHICLE -> 308(B) PC MINOR POSS TOBACCO",1,0.00165016501650165
"459 PC  BURGLARY VEHICLE -> 415(3) PC DIST PEACE OFF WORDS",1,0.00165016501650165
"459 PC  BURGLARY VEHICLE -> 417.4 PC BRANDISH IMIT FIREARM",1,0.00165016501650165
"459 PC  BURGLARY VEHICLE -> 475(A)PC POSS FORGED CHK/NOTE",1,0.00165016501650165
"459 PC  BURGLARY VEHICLE -> 484 PC   THEFT-LIC PLATE TABS",1,0.00165016501650165
"459 PC  BURGLARY VEHICLE -> 484G(A)PC USE FORGED CARD",1,0.00165016501650165
"459 PC  BURGLARY VEHICLE -> 485 PC PT OF FOUND PROPERTY",1,0.00165016501650165
"459 PC  BURGLARY VEHICLE -> 487(A) GRAND THEFT-COIN MACHIN",1,0.00165016501650165
"459 PC  BURGLARY VEHICLE -> 487(C) PC  GRAND THEFT-PERSON",1,0.00165016501650165
"459 PC  BURGLARY VEHICLE -> 508 PC   EMBEZZLEMENT/EMPLOYEE",1,0.00165016501650165
"459 PC  BURGLARY VEHICLE -> 538D PC IMPERSON PEACE OFFICER",1,0.00165016501650165
"459 PC  BURGLARY VEHICLE -> 594.3(A)VANDAL/PLACE OF WORSHI",1,0.00165016501650165
"459 PC  BURGLARY VEHICLE -> 602(N)TRESP DRIVE ON PRIVATE P",1,0.00165016501650165
"459 PC  BURGLARY VEHICLE -> 653.22(A) LOITER PROSTITUTION",1,0.00165016501650165
"459 PC  BURGLARY VEHICLE -> 653K PC POSS/SELL SWITCHBLADE",1,0.00165016501650165
"459 PC  BURGLARY VEHICLE -> 9.04.050 A DRINKING IN PUBLIC",1,0.00165016501650165
"459 PC  BURGLARY VEHICLE -> 9.04.050C POSS OPEN CONTAINER",1,0.00165016501650165
"459 PC  BURGLARY VEHICLE -> 9.40.020(A) JUVENILE CURFEW",1,0.00165016501650165
"459 PC  BURGLARY VEHICLE -> 99170 PUBLIC UTILITIES CODE",1,0.00165016501650165
"459 PC  BURGLARY VEHICLE -> FOUND EVIDENCE-NON NARC -I RPT",1,0.00165016501650165
"459 PC  BURGLARY VEHICLE -> O/S AGENCY -ASSISTANCE- I RPT",1,0.00165016501650165
"459 PC  BURGLARY VEHICLE -> PROB VIOLA/FEL-MISD - I RPT",1,0.00165016501650165
"459 PC  BURGLARY VEHICLE -> PROTECTIVE CUSTODY-I RPT",1,0.00165016501650165
"459 PC  BURGLARY-UNSPECIFIED -> 148.1(A)PC FALSE REPT OF BOMB",1,0.00165016501650165
"459 PC  BURGLARY-UNSPECIFIED -> 211 PC  ROBBERY UNSPECIFIED",1,0.00165016501650165
"459 PC  BURGLARY-UNSPECIFIED -> 242 PC  BATTERY CIVILIAN",1,0.00165016501650165
"459 PC  BURGLARY-UNSPECIFIED -> 245(A)(1)AWDW/NO FIREARM/CIVIL",1,0.00165016501650165
"459 PC  BURGLARY-UNSPECIFIED -> 368(D) THEFT-ELDER >400",1,0.00165016501650165
"459 PC  BURGLARY-UNSPECIFIED -> 422 PC THREAT/INTENT TO TERROR",1,0.00165016501650165
"459 PC  BURGLARY-UNSPECIFIED -> 484 PC   PETTY THEFT/INSIDE",1,0.00165016501650165
"459 PC  BURGLARY-UNSPECIFIED -> 484 PC  PETTY THEFT/ OUTSIDE",1,0.00165016501650165
"459 PC  BURGLARY-UNSPECIFIED -> 484 PETTY THEFT CLOUT UNLOCKED",1,0.00165016501650165
"459 PC  BURGLARY-UNSPECIFIED -> 484 PETTY THEFT-SHOPLIFT",1,0.00165016501650165
"459 PC  BURGLARY-UNSPECIFIED -> 484 PETTY THEFT/LICENSE PLATE",1,0.00165016501650165
"459 PC  BURGLARY-UNSPECIFIED -> 484G(A)PC USE FORGED CARD",1,0.00165016501650165
"459 PC  BURGLARY-UNSPECIFIED -> 484G(B) PC ACCESS CARD FRAUD",1,0.00165016501650165
"459 PC  BURGLARY-UNSPECIFIED -> 487(A) GRAND THEFT-INSIDE",1,0.00165016501650165
"459 PC  BURGLARY-UNSPECIFIED -> 487(A) PC GRAND THEFT-SHOPLIFT",1,0.00165016501650165
"459 PC  BURGLARY-UNSPECIFIED -> 530 PC FALSE PERS. REC PROP",1,0.00165016501650165
"459 PC  BURGLARY-UNSPECIFIED -> 530.5 PC USE PERSONAL ID INFO",1,0.00165016501650165
"459 PC  BURGLARY-UNSPECIFIED -> 594(B)(1)PC  VANDALISM +$400",1,0.00165016501650165
"459 PC  BURGLARY-UNSPECIFIED -> BAIT CAR 10851 VC TAKE VEHICLE",1,0.00165016501650165
"459 PC  BURGLARY-UNSPECIFIED -> BATTERY - I RPT",1,0.00165016501650165
"459 PC  BURGLARY-UNSPECIFIED -> FOUND PROPERTY - I RPT",1,0.00165016501650165
"459 PC  BURGLARY-UNSPECIFIED -> MISCELLANEOUS I RPT (ZMISC)",1,0.00165016501650165
"459 PC  BURGLARY-UNSPECIFIED -> THREATS - I RPT",1,0.00165016501650165
"459 PC  BURGLARY-UNSPECIFIED -> TOWED/STORED VEHICLE",1,0.00165016501650165
"459 PC  BURGLARY-UNSPECIFIED -> TRAFFIC - I RPT",1,0.00165016501650165
"466 PC   POSS OF BURG TOOLS -> 10851 VC AUTO THEFT LOCATE",1,0.00165016501650165
"466 PC   POSS OF BURG TOOLS -> 10851(A)VC TAKE VEH W/O OWNER",1,0.00165016501650165
"466 PC   POSS OF BURG TOOLS -> 11364 HS POSS DRUG PARAPH",1,0.00165016501650165
"466 PC   POSS OF BURG TOOLS -> 459 PC  BURGLARY BUSINESS",1,0.00165016501650165
"466 PC   POSS OF BURG TOOLS -> 459 PC  BURGLARY VEHICLE",1,0.00165016501650165
"466 PC   POSS OF BURG TOOLS -> 476 PC PASS FICTICIOUS CHECK",1,0.00165016501650165
"466 PC   POSS OF BURG TOOLS -> 484J PC PUBLISH CARD INFO",1,0.00165016501650165
"466 PC   POSS OF BURG TOOLS -> 487(A) GRAND THEFT-COIN MACHIN",1,0.00165016501650165
"466 PC   POSS OF BURG TOOLS -> 487(D)GRAND THEFT FIREARM/ANIM",1,0.00165016501650165
"466 PC   POSS OF BURG TOOLS -> MISSING PERSON LOCATE O/S ASSI",1,0.00165016501650165
"475(A)PC POSS FORGED CHK/NOTE -> 11350(A)HS POSS CNTRL SUBST",1,0.00165016501650165
"475(A)PC POSS FORGED CHK/NOTE -> 12020(A)1) PROHIBITED FIREARM",1,0.00165016501650165
"475(A)PC POSS FORGED CHK/NOTE -> 1551(A) FUGITIVE FROM JUSTICE",1,0.00165016501650165
"475(A)PC POSS FORGED CHK/NOTE -> 20002(A) HIT/RUN",1,0.00165016501650165
"475(A)PC POSS FORGED CHK/NOTE -> 211 PC ROBBERY- BUSINESS",1,0.00165016501650165
"475(A)PC POSS FORGED CHK/NOTE -> 243(D) PC BATT/CIVILIAN W/INJ",1,0.00165016501650165
"475(A)PC POSS FORGED CHK/NOTE -> 243.2(A)(1) BATT/SCHOOL INJURY",1,0.00165016501650165
"475(A)PC POSS FORGED CHK/NOTE -> 245(C) AWDW/NO FIREARM/OFFICER",1,0.00165016501650165
"475(A)PC POSS FORGED CHK/NOTE -> 368(D) THEFT-ELDER >400",1,0.00165016501650165
"475(A)PC POSS FORGED CHK/NOTE -> 415(3) PC DIST PEACE OFF WORDS",1,0.00165016501650165
"475(A)PC POSS FORGED CHK/NOTE -> 459 PC  BURGLARY RESIDENCE",1,0.00165016501650165
"475(A)PC POSS FORGED CHK/NOTE -> 476 PC PASS FICTICIOUS CHECK",1,0.00165016501650165
"475(A)PC POSS FORGED CHK/NOTE -> 484 PC   PETTY THEFT/INSIDE",1,0.00165016501650165
"475(A)PC POSS FORGED CHK/NOTE -> 484G(B) PC ACCESS CARD FRAUD",1,0.00165016501650165
"475(A)PC POSS FORGED CHK/NOTE -> 487(A) PC GRAND THEFT",1,0.00165016501650165
"475(A)PC POSS FORGED CHK/NOTE -> 5150 WI DANGER SELF/OTHERS",1,0.00165016501650165
"475(A)PC POSS FORGED CHK/NOTE -> 530.5 PC USE PERSONAL ID INFO",1,0.00165016501650165
"475(A)PC POSS FORGED CHK/NOTE -> 594(B)(1)PC  VANDALISM +$400",1,0.00165016501650165
"475(A)PC POSS FORGED CHK/NOTE -> 594(B)(1)VANDALISM GRAF +$400",1,0.00165016501650165
"475(A)PC POSS FORGED CHK/NOTE -> 594(B)(2)(A) VANDALISM/ -$400",1,0.00165016501650165
"475(A)PC POSS FORGED CHK/NOTE -> BATTERY - I RPT",1,0.00165016501650165
"475(A)PC POSS FORGED CHK/NOTE -> BURGLARY - I RPT",1,0.00165016501650165
"475(A)PC POSS FORGED CHK/NOTE -> FOUND PROPERTY - I RPT",1,0.00165016501650165
"475(A)PC POSS FORGED CHK/NOTE -> FRAUD OR BUNCO - I RPT",1,0.00165016501650165
"475(A)PC POSS FORGED CHK/NOTE -> GANG ACTIVITY - I RPT",1,0.00165016501650165
"475(A)PC POSS FORGED CHK/NOTE -> NEIGHBORHOOD DISTURBANCE-I RPT",1,0.00165016501650165
"475(A)PC POSS FORGED CHK/NOTE -> NON INJ HR/MAIL OUT REPORT",1,0.00165016501650165
"475(A)PC POSS FORGED CHK/NOTE -> THREATS - I RPT",1,0.00165016501650165
"475(A)PC POSS FORGED CHK/NOTE -> TRAFFIC-ACCIDENT-NON INJURY",1,0.00165016501650165
"475(A)PC POSS FORGED CHK/NOTE -> VANDALISM - I RPT",1,0.00165016501650165
"475(A)PC POSS FORGED CHK/NOTE -> WARRANT SERVED - I RPT",1,0.00165016501650165
"475(C) PASS FORGED NOTE -> 10851 VC AUTO THEFT LOCATE",1,0.00165016501650165
"475(C) PASS FORGED NOTE -> 1203.2 PC VIOLATION OF PROBATI",1,0.00165016501650165
"475(C) PASS FORGED NOTE -> 14601.1(A) VC LIC SUSP OTHER",1,0.00165016501650165
"475(C) PASS FORGED NOTE -> 20001(A) VC HIT/RUN INJ/DEATH",1,0.00165016501650165
"475(C) PASS FORGED NOTE -> 23103(A) RECKLESS ON HIGHWAY",1,0.00165016501650165
"475(C) PASS FORGED NOTE -> 245(A)(2) AWDW/FIREARM/CIVILIA",1,0.00165016501650165
"475(C) PASS FORGED NOTE -> 368(D) THEFT-ELDER >400",1,0.00165016501650165
"475(C) PASS FORGED NOTE -> 4140 BP  POSS OF HYPO NEEDLE",1,0.00165016501650165
"475(C) PASS FORGED NOTE -> 459 PC  BURGLARY BUSINESS",1,0.00165016501650165
"475(C) PASS FORGED NOTE -> 484 PC  PETTY THEFT/ OUTSIDE",1,0.00165016501650165
"475(C) PASS FORGED NOTE -> 484 PC PETTY THEFT",1,0.00165016501650165
"475(C) PASS FORGED NOTE -> 484 PETTY THEFT/LICENSE PLATE",1,0.00165016501650165
"475(C) PASS FORGED NOTE -> 484G(B) PC ACCESS CARD FRAUD",1,0.00165016501650165
"475(C) PASS FORGED NOTE -> 487(A) GRAND THEFT-INSIDE",1,0.00165016501650165
"475(C) PASS FORGED NOTE -> 496(A) PC REC STOLEN AUTO PART",1,0.00165016501650165
"475(C) PASS FORGED NOTE -> 532 PC FRAUD OBTAIN MONEY ETC",1,0.00165016501650165
"475(C) PASS FORGED NOTE -> 594(B)(2)(A)VANDALISM GRAF-400",1,0.00165016501650165
"475(C) PASS FORGED NOTE -> 601(A) WI JUVENILE INCORRIGIBL",1,0.00165016501650165
"475(C) PASS FORGED NOTE -> 666 PC PETTY THEFT W/PRI CONV",1,0.00165016501650165
"475(C) PASS FORGED NOTE -> GANG ACTIVITY - I RPT",1,0.00165016501650165
"475(C) PASS FORGED NOTE -> LOST PROPERTY - I RPT",1,0.00165016501650165
"475(C) PASS FORGED NOTE -> MISSING PERSON I RPT",1,0.00165016501650165
"475(C) PASS FORGED NOTE -> NEIGHBORHOOD DISTURBANCE-I RPT",1,0.00165016501650165
"475(C) PASS FORGED NOTE -> NON INJ HR/MAIL OUT REPORT",1,0.00165016501650165
"475(C) PASS FORGED NOTE -> PERSON INFORMATION - I RPT",1,0.00165016501650165
"475(C) PASS FORGED NOTE -> SAFEKEEPING - I RPT",1,0.00165016501650165
"475(C) PASS FORGED NOTE -> TERRORIST THREATS - I RPT",1,0.00165016501650165
"475(C) PASS FORGED NOTE -> TRESPASS OR PROWLER- I RPT",1,0.00165016501650165
"476 PC PASS FICTICIOUS CHECK -> 10855 VC LSE/RENT NOT RETURNED",1,0.00165016501650165
"476 PC PASS FICTICIOUS CHECK -> 11351.5 HS POSS SALE RCK COCAI",1,0.00165016501650165
"476 PC PASS FICTICIOUS CHECK -> 11364 HS POSS DRUG PARAPH",1,0.00165016501650165
"476 PC PASS FICTICIOUS CHECK -> 1203.2 PC VIOLATION OF PROBATI",1,0.00165016501650165
"476 PC PASS FICTICIOUS CHECK -> 459 PC  BURGLARY RESIDENCE",1,0.00165016501650165
"476 PC PASS FICTICIOUS CHECK -> 476 PC PASS FICTICIOUS CHECK",1,0.00165016501650165
"476 PC PASS FICTICIOUS CHECK -> 484 PC  PETTY THEFT/ OUTSIDE",1,0.00165016501650165
"476 PC PASS FICTICIOUS CHECK -> 484G(A)PC USE FORGED CARD",1,0.00165016501650165
"476 PC PASS FICTICIOUS CHECK -> 484G(B) PC ACCESS CARD FRAUD",1,0.00165016501650165
"476 PC PASS FICTICIOUS CHECK -> 487(A) PC GRAND THEFT",1,0.00165016501650165
"476 PC PASS FICTICIOUS CHECK -> 530 PC FALSE PERS. REC PROP",1,0.00165016501650165
"476 PC PASS FICTICIOUS CHECK -> 530.5 PC USE PERSONAL ID INFO",1,0.00165016501650165
"476 PC PASS FICTICIOUS CHECK -> 594(B)(1)PC  VANDALISM +$400",1,0.00165016501650165
"476 PC PASS FICTICIOUS CHECK -> 653M(A) PC OBSCENE/THREAT CALL",1,0.00165016501650165
"476 PC PASS FICTICIOUS CHECK -> CHILD WELFARE - I RPT",1,0.00165016501650165
"476 PC PASS FICTICIOUS CHECK -> LOST PROPERTY - I RPT",1,0.00165016501650165
"476 PC PASS FICTICIOUS CHECK -> MISCELLANEOUS I RPT (ZMISC)",1,0.00165016501650165
"476 PC PASS FICTICIOUS CHECK -> PETTY THEFT - I RPT",1,0.00165016501650165
"476 PC PASS FICTICIOUS CHECK -> SAFEKEEPING - I RPT",1,0.00165016501650165
"476 PC PASS FICTICIOUS CHECK -> SUSP PERS-NO CRIME - I RPT",1,0.00165016501650165
"476 PC PASS FICTICIOUS CHECK -> TELEPEST -I RPT",1,0.00165016501650165
"476 PC PASS FICTICIOUS CHECK -> THREATS - I RPT",1,0.00165016501650165
"476 PC PASS FICTICIOUS CHECK -> TRAFFIC - I RPT",1,0.00165016501650165
"484 PC   PETTY THEFT/INSIDE -> 11350(B)HS POSSESS QUAALUDES",1,0.00165016501650165
"484 PC   PETTY THEFT/INSIDE -> 11351.5 HS POSS SALE RCK COCAI",1,0.00165016501650165
"484 PC   PETTY THEFT/INSIDE -> 11352(A)HS SALE/TRANS CNTL SUB",1,0.00165016501650165
"484 PC   PETTY THEFT/INSIDE -> 11357(B)HS POSS -28.5GR MARIJ",1,0.00165016501650165
"484 PC   PETTY THEFT/INSIDE -> 11357(E) MNR POSS MARIJ SCHOOL",1,0.00165016501650165
"484 PC   PETTY THEFT/INSIDE -> 11377(A)HS POSS AMPHETAMINES",1,0.00165016501650165
"484 PC   PETTY THEFT/INSIDE -> 11378 HS POSS CNTRL SUB/SALE",1,0.00165016501650165
"484 PC   PETTY THEFT/INSIDE -> 12.52.030 SCC UNLAWFUL CAMPING",1,0.00165016501650165
"484 PC   PETTY THEFT/INSIDE -> 14601(A) VC LIC SUSP NEGLIGENT",1,0.00165016501650165
"484 PC   PETTY THEFT/INSIDE -> 166(A)(4) WILFUL DISOBEY CT OR",1,0.00165016501650165
"484 PC   PETTY THEFT/INSIDE -> 211 PC ROBBERY-PURSE SNATCH",1,0.00165016501650165
"484 PC   PETTY THEFT/INSIDE -> 23103(A) RECKLESS ON HIGHWAY",1,0.00165016501650165
"484 PC   PETTY THEFT/INSIDE -> 23550.5 VC 4+DUI IN 10 YEARS",1,0.00165016501650165
"484 PC   PETTY THEFT/INSIDE -> 243(C)(1)BATT EMERG PERSON-INJ",1,0.00165016501650165
"484 PC   PETTY THEFT/INSIDE -> 243(D) PC BATT/CIVILIAN W/INJ",1,0.00165016501650165
"484 PC   PETTY THEFT/INSIDE -> 290(F)1 W/I 5 DAYS ADD CHANGE",1,0.00165016501650165
"484 PC   PETTY THEFT/INSIDE -> 374.4(A) LITTERING",1,0.00165016501650165
"484 PC   PETTY THEFT/INSIDE -> 4140 BP  POSS OF HYPO NEEDLE",1,0.00165016501650165
"484 PC   PETTY THEFT/INSIDE -> 417.4 PC BRANDISH IMIT FIREARM",1,0.00165016501650165
"484 PC   PETTY THEFT/INSIDE -> 422 PC THREAT/INTENT TO TERROR",1,0.00165016501650165
"484 PC   PETTY THEFT/INSIDE -> 451(B) PC ARSON OF INHAB STRUC",1,0.00165016501650165
"484 PC   PETTY THEFT/INSIDE -> 459 PC  BURGLARY-UNSPECIFIED",1,0.00165016501650165
"484 PC   PETTY THEFT/INSIDE -> 470 PC FORGERY",1,0.00165016501650165
"484 PC   PETTY THEFT/INSIDE -> 475(C) PASS FORGED NOTE",1,0.00165016501650165
"484 PC   PETTY THEFT/INSIDE -> 484 PC  PETTY THEFT/ OUTSIDE",1,0.00165016501650165
"484 PC   PETTY THEFT/INSIDE -> 484 PETTY THEFT CLOUT UNLOCKED",1,0.00165016501650165
"484 PC   PETTY THEFT/INSIDE -> 484J PC PUBLISH CARD INFO",1,0.00165016501650165
"484 PC   PETTY THEFT/INSIDE -> 529 PC FALSE PERSONATION",1,0.00165016501650165
"484 PC   PETTY THEFT/INSIDE -> 594(B)(1)VANDALISM GRAF +$400",1,0.00165016501650165
"484 PC   PETTY THEFT/INSIDE -> 594(B)(2)(A)VANDALISM GRAF-400",1,0.00165016501650165
"484 PC   PETTY THEFT/INSIDE -> 626.2 PC UNAUTH ENTRY CAMPUS",1,0.00165016501650165
"484 PC   PETTY THEFT/INSIDE -> 664/187(A) ATTEMPTED HOMICIDE",1,0.00165016501650165
"484 PC   PETTY THEFT/INSIDE -> 9.04.050 A DRINKING IN PUBLIC",1,0.00165016501650165
"484 PC   PETTY THEFT/INSIDE -> 9.04.050C POSS OPEN CONTAINER",1,0.00165016501650165
"484 PC   PETTY THEFT/INSIDE -> ABC LICENSE VIO/INFO - I RPT",1,0.00165016501650165
"484 PC   PETTY THEFT/INSIDE -> ACCIDENTAL FIRES/ARSON -I RPT",1,0.00165016501650165
"484 PC   PETTY THEFT/INSIDE -> ASSAULT WITH WEAPON - I RPT",1,0.00165016501650165
"484 PC   PETTY THEFT/INSIDE -> BUSINESS PERMITS - I RPT",1,0.00165016501650165
"484 PC   PETTY THEFT/INSIDE -> CHILD CUSTODY - I RPT",1,0.00165016501650165
"484 PC   PETTY THEFT/INSIDE -> CHILD WELFARE - I RPT",1,0.00165016501650165
"484 PC   PETTY THEFT/INSIDE -> FAMILY DISTURBANCE - I RPT",1,0.00165016501650165
"484 PC   PETTY THEFT/INSIDE -> MISCELLANEOUS I RPT (ZMISC)",1,0.00165016501650165
"484 PC   PETTY THEFT/INSIDE -> MISSING PERSON LOCATE O/S ASSI",1,0.00165016501650165
"484 PC   PETTY THEFT/INSIDE -> PERSON INFORMATION - I RPT",1,0.00165016501650165
"484 PC   PETTY THEFT/INSIDE -> PROTECTIVE CUSTODY-I RPT",1,0.00165016501650165
"484 PC   PETTY THEFT/INSIDE -> SAFEKEEPING - I RPT",1,0.00165016501650165
"484 PC   PETTY THEFT/INSIDE -> TRAFFIC - I RPT",1,0.00165016501650165
"484 PC   PETTY THEFT/INSIDE -> TRAFFIC OFFENSE",1,0.00165016501650165
"484 PC   THEFT-LIC PLATE TABS -> 10851 VC AUTO THEFT LOCATE",1,0.00165016501650165
"484 PC   THEFT-LIC PLATE TABS -> 211 PC ROBBERY-PURSE SNATCH",1,0.00165016501650165
"484 PC   THEFT-LIC PLATE TABS -> 23152(A) VC DUI-ALCOHOL/DRUGS",1,0.00165016501650165
"484 PC   THEFT-LIC PLATE TABS -> 243(E)1 BATTERY NONCOHAB SPOUS",1,0.00165016501650165
"484 PC   THEFT-LIC PLATE TABS -> 451(D) PC  ARSON OF PROPERTY",1,0.00165016501650165
"484 PC   THEFT-LIC PLATE TABS -> 459 PC  BURGLARY BUSINESS",1,0.00165016501650165
"484 PC   THEFT-LIC PLATE TABS -> 459 PC  BURGLARY RESIDENCE",1,0.00165016501650165
"484 PC   THEFT-LIC PLATE TABS -> 484 PC   PETTY THEFT/INSIDE",1,0.00165016501650165
"484 PC   THEFT-LIC PLATE TABS -> 484 PC PETTY THEFT",1,0.00165016501650165
"484 PC   THEFT-LIC PLATE TABS -> 484 PETTY THEFT/LICENSE PLATE",1,0.00165016501650165
"484 PC   THEFT-LIC PLATE TABS -> 487(A) GRAND THEFT-INSIDE",1,0.00165016501650165
"484 PC   THEFT-LIC PLATE TABS -> 532 PC FRAUD OBTAIN MONEY ETC",1,0.00165016501650165
"484 PC   THEFT-LIC PLATE TABS -> 594(B)(2)(A) VANDALISM/ -$400",1,0.00165016501650165
"484 PC   THEFT-LIC PLATE TABS -> CASUALTY REPORT",1,0.00165016501650165
"484 PC   THEFT-LIC PLATE TABS -> TOWED/STORED VEHICLE",1,0.00165016501650165
"484 PC  PETTY THEFT AUTO PART -> 10851(A)VC TAKE VEH W/O OWNER",1,0.00165016501650165
"484 PC  PETTY THEFT AUTO PART -> 11377(A)HS POSS AMPHETAMINES",1,0.00165016501650165
"484 PC  PETTY THEFT AUTO PART -> 148.9 PC FALSE ID TO OFFICER",1,0.00165016501650165
"484 PC  PETTY THEFT AUTO PART -> 459 PC  BURGLARY RESIDENCE",1,0.00165016501650165
"484 PC  PETTY THEFT AUTO PART -> 459 PC  BURGLARY VEHICLE",1,0.00165016501650165
"484 PC  PETTY THEFT AUTO PART -> 466 PC   POSS OF BURG TOOLS",1,0.00165016501650165
"484 PC  PETTY THEFT AUTO PART -> 484 PETTY THEFT-SHOPLIFT",1,0.00165016501650165
"484 PC  PETTY THEFT AUTO PART -> 594(B)(1)PC  VANDALISM +$400",1,0.00165016501650165
"484 PC  PETTY THEFT AUTO PART -> FOUND PROPERTY - I RPT",1,0.00165016501650165
"484 PC  PETTY THEFT AUTO PART -> THREATS - I RPT",1,0.00165016501650165
"484 PC  PETTY THEFT AUTO PART -> TOWED/STORED VEH-14602.6",1,0.00165016501650165
"484 PC  PETTY THEFT AUTO PART -> VANDALISM - I RPT",1,0.00165016501650165
"484 PC  PETTY THEFT/ OUTSIDE -> 10.48.150 E FALSIFY PKG PERMIT",1,0.00165016501650165
"484 PC  PETTY THEFT/ OUTSIDE -> 10853 VC MALIC MISCHIEF TO VEH",1,0.00165016501650165
"484 PC  PETTY THEFT/ OUTSIDE -> 10855 VC LSE/RENT NOT RETURNED",1,0.00165016501650165
"484 PC  PETTY THEFT/ OUTSIDE -> 11350(A)HS POSS CNTRL SUBST",1,0.00165016501650165
"484 PC  PETTY THEFT/ OUTSIDE -> 11357(B)HS POSS -28.5GR MARIJ",1,0.00165016501650165
"484 PC  PETTY THEFT/ OUTSIDE -> 12020(A)1) PROHIBITED FIREARM",1,0.00165016501650165
"484 PC  PETTY THEFT/ OUTSIDE -> 23103(A) RECKLESS ON HIGHWAY",1,0.00165016501650165
"484 PC  PETTY THEFT/ OUTSIDE -> 242 PC  BATTERY CIVILIAN",1,0.00165016501650165
"484 PC  PETTY THEFT/ OUTSIDE -> 308(B) PC MINOR POSS TOBACCO",1,0.00165016501650165
"484 PC  PETTY THEFT/ OUTSIDE -> 417(A)2) PC BRANDISH FIREARM",1,0.00165016501650165
"484 PC  PETTY THEFT/ OUTSIDE -> 422 PC THREAT/INTENT TO TERROR",1,0.00165016501650165
"484 PC  PETTY THEFT/ OUTSIDE -> 475(A)PC POSS FORGED CHK/NOTE",1,0.00165016501650165
"484 PC  PETTY THEFT/ OUTSIDE -> 475(C) PASS FORGED NOTE",1,0.00165016501650165
"484 PC  PETTY THEFT/ OUTSIDE -> 484 PC  PETTY THEFT/ OUTSIDE",1,0.00165016501650165
"484 PC  PETTY THEFT/ OUTSIDE -> 484 PETTY THEFT/LICENSE PLATE",1,0.00165016501650165
"484 PC  PETTY THEFT/ OUTSIDE -> 484J PC PUBLISH CARD INFO",1,0.00165016501650165
"484 PC  PETTY THEFT/ OUTSIDE -> 487(A) GRAND THEFT-INSIDE",1,0.00165016501650165
"484 PC  PETTY THEFT/ OUTSIDE -> 487(A) PC GRAND THEFT",1,0.00165016501650165
"484 PC  PETTY THEFT/ OUTSIDE -> 487(D)GRAND THEFT FIREARM/ANIM",1,0.00165016501650165
"484 PC  PETTY THEFT/ OUTSIDE -> 530.5 PC USE PERSONAL ID INFO",1,0.00165016501650165
"484 PC  PETTY THEFT/ OUTSIDE -> 602(K)TRESPASS:INJURE PROPERTY",1,0.00165016501650165
"484 PC  PETTY THEFT/ OUTSIDE -> 602(L)(1)TRESPASS REFUSE TO LV",1,0.00165016501650165
"484 PC  PETTY THEFT/ OUTSIDE -> 653.22(A) LOITER PROSTITUTION",1,0.00165016501650165
"484 PC  PETTY THEFT/ OUTSIDE -> BATTERY - I RPT",1,0.00165016501650165
"484 PC  PETTY THEFT/ OUTSIDE -> SAFEKEEPING - I RPT",1,0.00165016501650165
"484 PC  PETTY THEFT/ OUTSIDE -> THREATS - I RPT",1,0.00165016501650165
"484 PC  PETTY THEFT/ OUTSIDE -> TRAFFIC OFFENSE",1,0.00165016501650165
"484 PC  PETTY THEFT/ OUTSIDE -> TRAFFIC-ACCIDENT-NON INJURY",1,0.00165016501650165
"484 PC PETTY THEFT -> 10.48.150 E FALSIFY PKG PERMIT",1,0.00165016501650165
"484 PC PETTY THEFT -> 10855 VC LSE/RENT NOT RETURNED",1,0.00165016501650165
"484 PC PETTY THEFT -> 11359 HS POSS FOR SALE MARIJ",1,0.00165016501650165
"484 PC PETTY THEFT -> 11379(A)HS SELL/TRANSP AMPHET",1,0.00165016501650165
"484 PC PETTY THEFT -> 11532(A)HS LOITER DRG ACTIVITY",1,0.00165016501650165
"484 PC PETTY THEFT -> 12.52.030 SCC UNLAWFUL CAMPING",1,0.00165016501650165
"484 PC PETTY THEFT -> 12020(A)(4) PC DIRK/DAGGER",1,0.00165016501650165
"484 PC PETTY THEFT -> 12021(A)(1)PC FELON POSS FRARM",1,0.00165016501650165
"484 PC PETTY THEFT -> 14601.1(A) VC LIC SUSP OTHER",1,0.00165016501650165
"484 PC PETTY THEFT -> 20001(A) VC HIT/RUN INJ/DEATH",1,0.00165016501650165
"484 PC PETTY THEFT -> 20002(A) HIT/RUN",1,0.00165016501650165
"484 PC PETTY THEFT -> 211 PC ROBBERY- BUSINESS",1,0.00165016501650165
"484 PC PETTY THEFT -> 215(A) PC    CARJACKING",1,0.00165016501650165
"484 PC PETTY THEFT -> 23103(A) RECKLESS ON HIGHWAY",1,0.00165016501650165
"484 PC PETTY THEFT -> 23110(B) VC THROW AT VEH W/INT",1,0.00165016501650165
"484 PC PETTY THEFT -> 243.6 BATTERY SCHOOL EMPLOYEE",1,0.00165016501650165
"484 PC PETTY THEFT -> 247(B) PC SHOOT UNOCC BLDG/VEH",1,0.00165016501650165
"484 PC PETTY THEFT -> 273.6(A) PC VIO DV COURT ORDER",1,0.00165016501650165
"484 PC PETTY THEFT -> 459 PC  BURGLARY BUSINESS",1,0.00165016501650165
"484 PC PETTY THEFT -> 459 PC  BURGLARY-UNSPECIFIED",1,0.00165016501650165
"484 PC PETTY THEFT -> 466 PC   POSS OF BURG TOOLS",1,0.00165016501650165
"484 PC PETTY THEFT -> 475(C) PASS FORGED NOTE",1,0.00165016501650165
"484 PC PETTY THEFT -> 484G(A)PC USE FORGED CARD",1,0.00165016501650165
"484 PC PETTY THEFT -> 484G(B) PC ACCESS CARD FRAUD",1,0.00165016501650165
"484 PC PETTY THEFT -> 487(A) PC GRAND THEFT",1,0.00165016501650165
"484 PC PETTY THEFT -> 496(A) RECEIVE STOLEN PROPERTY",1,0.00165016501650165
"484 PC PETTY THEFT -> 5150 WI DANGER SELF/OTHERS",1,0.00165016501650165
"484 PC PETTY THEFT -> 529 PC FALSE PERSONATION",1,0.00165016501650165
"484 PC PETTY THEFT -> 530.5 PC USE PERSONAL ID INFO",1,0.00165016501650165
"484 PC PETTY THEFT -> 653.22(A) LOITER PROSTITUTION",1,0.00165016501650165
"484 PC PETTY THEFT -> 653M(B) PC ANNOY/RPT CALL HOME",1,0.00165016501650165
"484 PC PETTY THEFT -> 666 PC PETTY THEFT W/PRI CONV",1,0.00165016501650165
"484 PC PETTY THEFT -> 9.04.050 A DRINKING IN PUBLIC",1,0.00165016501650165
"484 PC PETTY THEFT -> 9.40.020(A) JUVENILE CURFEW",1,0.00165016501650165
"484 PC PETTY THEFT -> ABC LICENSE VIO/INFO - I RPT",1,0.00165016501650165
"484 PC PETTY THEFT -> ACCIDENTAL FIRES/ARSON -I RPT",1,0.00165016501650165
"484 PC PETTY THEFT -> BURGLARY - I RPT",1,0.00165016501650165
"484 PC PETTY THEFT -> CHILD CUSTODY - I RPT",1,0.00165016501650165
"484 PC PETTY THEFT -> FOUND EVIDENCE-NON NARC -I RPT",1,0.00165016501650165
"484 PC PETTY THEFT -> FRAUD OR BUNCO - I RPT",1,0.00165016501650165
"484 PC PETTY THEFT -> NARCOTICS SUSP/EVID/ACT- I RPT",1,0.00165016501650165
"484 PC PETTY THEFT -> NEIGHBORHOOD DISTURBANCE-I RPT",1,0.00165016501650165
"484 PC PETTY THEFT -> PERSON INFORMATION - I RPT",1,0.00165016501650165
"484 PC PETTY THEFT -> TELEPEST -I RPT",1,0.00165016501650165
"484 PC PETTY THEFT -> TRAFFIC - I RPT",1,0.00165016501650165
"484 PC PETTY THEFT -> TRESPASS OR PROWLER- I RPT",1,0.00165016501650165
"484 PC-PETTY THEFT-COIN MACHIN -> 459 PC  BURGLARY VEHICLE",1,0.00165016501650165
"484 PC-PETTY THEFT-COIN MACHIN -> BATTERY - I RPT",1,0.00165016501650165
"484 PC-PETTY THEFT-COIN MACHIN -> TOWED/STORED VEH-14602.6",1,0.00165016501650165
"484 PETTY THEFT CLOUT UNLOCKED -> 10851 VC AUTO THEFT LOCATE",1,0.00165016501650165
"484 PETTY THEFT CLOUT UNLOCKED -> 11357(B)HS POSS -28.5GR MARIJ",1,0.00165016501650165
"484 PETTY THEFT CLOUT UNLOCKED -> 11364 HS POSS DRUG PARAPH",1,0.00165016501650165
"484 PETTY THEFT CLOUT UNLOCKED -> 12020(A)(4) PC DIRK/DAGGER",1,0.00165016501650165
"484 PETTY THEFT CLOUT UNLOCKED -> 148(A)(1)PC RESIST PEACE OFFCR",1,0.00165016501650165
"484 PETTY THEFT CLOUT UNLOCKED -> 148.9 PC FALSE ID TO OFFICER",1,0.00165016501650165
"484 PETTY THEFT CLOUT UNLOCKED -> 166(A)(4) WILFUL DISOBEY CT OR",1,0.00165016501650165
"484 PETTY THEFT CLOUT UNLOCKED -> 20002(A) HIT/RUN",1,0.00165016501650165
"484 PETTY THEFT CLOUT UNLOCKED -> 211 PC  ROBBERY UNSPECIFIED",1,0.00165016501650165
"484 PETTY THEFT CLOUT UNLOCKED -> 245(A)(1)AWDW/NO FIREARM/CIVIL",1,0.00165016501650165
"484 PETTY THEFT CLOUT UNLOCKED -> 273.6(A) PC VIO DV COURT ORDER",1,0.00165016501650165
"484 PETTY THEFT CLOUT UNLOCKED -> 459 PC  BURGLARY BUSINESS",1,0.00165016501650165
"484 PETTY THEFT CLOUT UNLOCKED -> 484 PC   PETTY THEFT/INSIDE",1,0.00165016501650165
"484 PETTY THEFT CLOUT UNLOCKED -> 487(D)GRAND THEFT FIREARM/ANIM",1,0.00165016501650165
"484 PETTY THEFT CLOUT UNLOCKED -> 496(A) RECEIVE STOLEN PROPERTY",1,0.00165016501650165
"484 PETTY THEFT CLOUT UNLOCKED -> 503 PC   EMBEZZLEMENT",1,0.00165016501650165
"484 PETTY THEFT CLOUT UNLOCKED -> 5150 WI DANGER SELF/OTHERS",1,0.00165016501650165
"484 PETTY THEFT CLOUT UNLOCKED -> 538D PC IMPERSON PEACE OFFICER",1,0.00165016501650165
"484 PETTY THEFT CLOUT UNLOCKED -> 653.22(A) LOITER PROSTITUTION",1,0.00165016501650165
"484 PETTY THEFT CLOUT UNLOCKED -> 9.04.070 URINATE/DEFECATE PUB",1,0.00165016501650165
"484 PETTY THEFT CLOUT UNLOCKED -> BAIT CAR 10851 VC TAKE VEHICLE",1,0.00165016501650165
"484 PETTY THEFT CLOUT UNLOCKED -> GRAFFITI PROBLEMS- I RPT",1,0.00165016501650165
"484 PETTY THEFT CLOUT UNLOCKED -> MISCELLANEOUS I RPT (ZMISC)",1,0.00165016501650165
"484 PETTY THEFT CLOUT UNLOCKED -> MISSING PERSON",1,0.00165016501650165
"484 PETTY THEFT CLOUT UNLOCKED -> NARCOTICS SUSP/EVID/ACT- I RPT",1,0.00165016501650165
"484 PETTY THEFT CLOUT UNLOCKED -> PROB VIOLA/FEL-MISD - I RPT",1,0.00165016501650165
"484 PETTY THEFT-PURSE SNATCH -> 12021(A)(1)PC FELON POSS FRARM",1,0.00165016501650165
"484 PETTY THEFT-PURSE SNATCH -> 484 PETTY THEFT-SHOPLIFT",1,0.00165016501650165
"484 PETTY THEFT-PURSE SNATCH -> FOUND EVIDENCE-NON NARC -I RPT",1,0.00165016501650165
"484 PETTY THEFT-PURSE SNATCH -> FOUND PROPERTY - I RPT",1,0.00165016501650165
"484 PETTY THEFT-PURSE SNATCH -> LOST PROPERTY - I RPT",1,0.00165016501650165
"484 PETTY THEFT-PURSE SNATCH -> MISCELLANEOUS I RPT (ZMISC)",1,0.00165016501650165
"484 PETTY THEFT-PURSE SNATCH -> MISSING PERSON",1,0.00165016501650165
"484 PETTY THEFT-PURSE SNATCH -> PROB VIOLA/FEL-MISD - I RPT",1,0.00165016501650165
"484 PETTY THEFT-PURSE SNATCH -> TRAFFIC-ACCIDENT INJURY",1,0.00165016501650165
"484 PETTY THEFT-SHOPLIFT -> 11377(A)HS POSS AMPHETAMINES",1,0.00165016501650165
"484 PETTY THEFT-SHOPLIFT -> 12.52.030 SCC UNLAWFUL CAMPING",1,0.00165016501650165
"484 PETTY THEFT-SHOPLIFT -> 23153(A) VC DUI CAUSE INJURY",1,0.00165016501650165
"484 PETTY THEFT-SHOPLIFT -> 23222(B)POSSESS MARIJ IN VEH",1,0.00165016501650165
"484 PETTY THEFT-SHOPLIFT -> 25662(A)BP POSS ALC BY MINOR",1,0.00165016501650165
"484 PETTY THEFT-SHOPLIFT -> 308(B) PC MINOR POSS TOBACCO",1,0.00165016501650165
"484 PETTY THEFT-SHOPLIFT -> 415(3) PC DIST PEACE OFF WORDS",1,0.00165016501650165
"484 PETTY THEFT-SHOPLIFT -> 422 PC THREAT/INTENT TO TERROR",1,0.00165016501650165
"484 PETTY THEFT-SHOPLIFT -> 466 PC   POSS OF BURG TOOLS",1,0.00165016501650165
"484 PETTY THEFT-SHOPLIFT -> 484 PC  PETTY THEFT/ OUTSIDE",1,0.00165016501650165
"484 PETTY THEFT-SHOPLIFT -> 487(A) GRAND THEFT-INSIDE",1,0.00165016501650165
"484 PETTY THEFT-SHOPLIFT -> 487(A) PC GRAND THEFT",1,0.00165016501650165
"484 PETTY THEFT-SHOPLIFT -> 487(D)GRAND THEFT FIREARM/ANIM",1,0.00165016501650165
"484 PETTY THEFT-SHOPLIFT -> 594(B)(1)VANDALISM GRAF +$400",1,0.00165016501650165
"484 PETTY THEFT-SHOPLIFT -> 594.3(A)VANDAL/PLACE OF WORSHI",1,0.00165016501650165
"484 PETTY THEFT-SHOPLIFT -> 602(K)TRESPASS:INJURE PROPERTY",1,0.00165016501650165
"484 PETTY THEFT-SHOPLIFT -> 602.1(A)TRES OBST BUSIN OPERAT",1,0.00165016501650165
"484 PETTY THEFT-SHOPLIFT -> 647(F) PC DIP - DISORDERLY",1,0.00165016501650165
"484 PETTY THEFT-SHOPLIFT -> 653M(A) PC OBSCENE/THREAT CALL",1,0.00165016501650165
"484 PETTY THEFT-SHOPLIFT -> 849(B)(1) CERTIFICATE OF RELEA",1,0.00165016501650165
"484 PETTY THEFT-SHOPLIFT -> 9.04.050 A DRINKING IN PUBLIC",1,0.00165016501650165
"484 PETTY THEFT-SHOPLIFT -> ASSAULT WITH WEAPON - I RPT",1,0.00165016501650165
"484 PETTY THEFT-SHOPLIFT -> BATTERY - I RPT",1,0.00165016501650165
"484 PETTY THEFT-SHOPLIFT -> BURGLARY - I RPT",1,0.00165016501650165
"484 PETTY THEFT-SHOPLIFT -> BUSINESS PERMITS - I RPT",1,0.00165016501650165
"484 PETTY THEFT-SHOPLIFT -> CHILD CUSTODY - I RPT",1,0.00165016501650165
"484 PETTY THEFT-SHOPLIFT -> FALSE PERSONATION - I RPT",1,0.00165016501650165
"484 PETTY THEFT-SHOPLIFT -> GANG ACTIVITY - I RPT",1,0.00165016501650165
"484 PETTY THEFT-SHOPLIFT -> LOST PROPERTY - I RPT",1,0.00165016501650165
"484 PETTY THEFT-SHOPLIFT -> MISCELLANEOUS I RPT (ZMISC)",1,0.00165016501650165
"484 PETTY THEFT-SHOPLIFT -> MISSING PERSON I RPT",1,0.00165016501650165
"484 PETTY THEFT-SHOPLIFT -> NARCOTICS SUSP/EVID/ACT- I RPT",1,0.00165016501650165
"484 PETTY THEFT-SHOPLIFT -> POSSIBLE STOLEN PROPERTY-I RPT",1,0.00165016501650165
"484 PETTY THEFT-SHOPLIFT -> PROTECTIVE CUSTODY-I RPT",1,0.00165016501650165
"484 PETTY THEFT-SHOPLIFT -> ROBBERY - I RPT",1,0.00165016501650165
"484 PETTY THEFT-SHOPLIFT -> SAFEKEEPING - I RPT",1,0.00165016501650165
"484 PETTY THEFT-SHOPLIFT -> TELEPEST -I RPT",1,0.00165016501650165
"484 PETTY THEFT-SHOPLIFT -> TRESPASS OR PROWLER- I RPT",1,0.00165016501650165
"484 PETTY THEFT-SHOPLIFT -> VICE/GAMBLING ACT - I RPT",1,0.00165016501650165
"484 PETTY THEFT/LICENSE PLATE -> 11357(B)HS POSS -28.5GR MARIJ",1,0.00165016501650165
"484 PETTY THEFT/LICENSE PLATE -> 11359 HS POSS FOR SALE MARIJ",1,0.00165016501650165
"484 PETTY THEFT/LICENSE PLATE -> 12.52.030 SCC UNLAWFUL CAMPING",1,0.00165016501650165
"484 PETTY THEFT/LICENSE PLATE -> 12.72.060I ADULT LOITER PLYGRD",1,0.00165016501650165
"484 PETTY THEFT/LICENSE PLATE -> 148(A)(1)PC RESIST PEACE OFFCR",1,0.00165016501650165
"484 PETTY THEFT/LICENSE PLATE -> 148.1(A)PC FALSE REPT OF BOMB",1,0.00165016501650165
"484 PETTY THEFT/LICENSE PLATE -> 197 JUSTIFIABLE HOMI-CIVILIAN",1,0.00165016501650165
"484 PETTY THEFT/LICENSE PLATE -> 211 PC ROBBERY-PURSE SNATCH",1,0.00165016501650165
"484 PETTY THEFT/LICENSE PLATE -> 212.5(A)ROBBERY-INHAB DWELLING",1,0.00165016501650165
"484 PETTY THEFT/LICENSE PLATE -> 23103(A) RECKLESS ON HIGHWAY",1,0.00165016501650165
"484 PETTY THEFT/LICENSE PLATE -> 23152(B) VC DUI BA .08 OR MORE",1,0.00165016501650165
"484 PETTY THEFT/LICENSE PLATE -> 23153(A) VC DUI CAUSE INJURY",1,0.00165016501650165
"484 PETTY THEFT/LICENSE PLATE -> 243(B) PC  BATTERY - OFFICER",1,0.00165016501650165
"484 PETTY THEFT/LICENSE PLATE -> 243(D) PC BATT/CIVILIAN W/INJ",1,0.00165016501650165
"484 PETTY THEFT/LICENSE PLATE -> 243.6 BATTERY SCHOOL EMPLOYEE",1,0.00165016501650165
"484 PETTY THEFT/LICENSE PLATE -> 245(A)(2) AWDW/FIREARM/CIVILIA",1,0.00165016501650165
"484 PETTY THEFT/LICENSE PLATE -> 246 PC SHOOT OCCUP DWELL/VEH",1,0.00165016501650165
"484 PETTY THEFT/LICENSE PLATE -> 290(A)(1)(D) FAIL TO REG-5 DAY",1,0.00165016501650165
"484 PETTY THEFT/LICENSE PLATE -> 417(A)2) PC BRANDISH FIREARM",1,0.00165016501650165
"484 PETTY THEFT/LICENSE PLATE -> 422 PC THREAT/INTENT TO TERROR",1,0.00165016501650165
"484 PETTY THEFT/LICENSE PLATE -> 475(C) PASS FORGED NOTE",1,0.00165016501650165
"484 PETTY THEFT/LICENSE PLATE -> 476 PC PASS FICTICIOUS CHECK",1,0.00165016501650165
"484 PETTY THEFT/LICENSE PLATE -> 484 PC-PETTY THEFT-COIN MACHIN",1,0.00165016501650165
"484 PETTY THEFT/LICENSE PLATE -> 484 PETTY THEFT-PURSE SNATCH",1,0.00165016501650165
"484 PETTY THEFT/LICENSE PLATE -> 484G(B) PC ACCESS CARD FRAUD",1,0.00165016501650165
"484 PETTY THEFT/LICENSE PLATE -> 5.136.050 NO TAXICAB PERMIT",1,0.00165016501650165
"484 PETTY THEFT/LICENSE PLATE -> 503 PC   EMBEZZLEMENT",1,0.00165016501650165
"484 PETTY THEFT/LICENSE PLATE -> 530.5 PC USE PERSONAL ID INFO",1,0.00165016501650165
"484 PETTY THEFT/LICENSE PLATE -> 594(B)(1)VANDALISM GRAF +$400",1,0.00165016501650165
"484 PETTY THEFT/LICENSE PLATE -> 653.22(A) LOITER PROSTITUTION",1,0.00165016501650165
"484 PETTY THEFT/LICENSE PLATE -> 666 PC PETTY THEFT W/PRI CONV",1,0.00165016501650165
"484 PETTY THEFT/LICENSE PLATE -> 9.04.050 A DRINKING IN PUBLIC",1,0.00165016501650165
"484 PETTY THEFT/LICENSE PLATE -> ACCIDENTAL FIRES/ARSON -I RPT",1,0.00165016501650165
"484 PETTY THEFT/LICENSE PLATE -> ASSAULT WITH WEAPON - I RPT",1,0.00165016501650165
"484 PETTY THEFT/LICENSE PLATE -> BATTERY - I RPT",1,0.00165016501650165
"484 PETTY THEFT/LICENSE PLATE -> BOMBS/THREATS/EXPLOSIV- I RPT",1,0.00165016501650165
"484 PETTY THEFT/LICENSE PLATE -> FAMILY DISTURBANCE - I RPT",1,0.00165016501650165
"484 PETTY THEFT/LICENSE PLATE -> GRAND THEFT - I RPT",1,0.00165016501650165
"484 PETTY THEFT/LICENSE PLATE -> IMPOUNDED VEHICLE",1,0.00165016501650165
"484 PETTY THEFT/LICENSE PLATE -> MISSING PERSON LOCATE O/S ASSI",1,0.00165016501650165
"484 PETTY THEFT/LICENSE PLATE -> POSS STOLEN VEHICLE- I RPT",1,0.00165016501650165
"484 PETTY THEFT/LICENSE PLATE -> ROBBERY - I RPT",1,0.00165016501650165
"484 PETTY THEFT/LICENSE PLATE -> TELEPEST -I RPT",1,0.00165016501650165
"484 PETTY THEFT/LICENSE PLATE -> TRESPASS OR PROWLER- I RPT",1,0.00165016501650165
"484 PETTY THEFT/LICENSE PLATE -> VICE/GAMBLING ACT - I RPT",1,0.00165016501650165
"484E(A)PC THEFT OF CREDIT CARD -> 10851 VC AUTO THEFT LOCATE",1,0.00165016501650165
"484E(A)PC THEFT OF CREDIT CARD -> 459 PC  BURGLARY VEHICLE",1,0.00165016501650165
"484E(A)PC THEFT OF CREDIT CARD -> 484 PC PETTY THEFT",1,0.00165016501650165
"484E(A)PC THEFT OF CREDIT CARD -> 484 PETTY THEFT-SHOPLIFT",1,0.00165016501650165
"484E(A)PC THEFT OF CREDIT CARD -> 484 PETTY THEFT/LICENSE PLATE",1,0.00165016501650165
"484E(A)PC THEFT OF CREDIT CARD -> 5150 WI DANGER SELF/OTHERS",1,0.00165016501650165
"484E(A)PC THEFT OF CREDIT CARD -> THREATS - I RPT",1,0.00165016501650165
"484E(D)PC FRAUD POSS CARD INFO -> 10851 VC AUTO THEFT LOCATE",1,0.00165016501650165
"484E(D)PC FRAUD POSS CARD INFO -> 11357(C)HS POSS +28.5GR MARIJ",1,0.00165016501650165
"484E(D)PC FRAUD POSS CARD INFO -> 212.5(A)ROBBERY-INHAB DWELLING",1,0.00165016501650165
"484E(D)PC FRAUD POSS CARD INFO -> 23152(A) VC DUI-ALCOHOL/DRUGS",1,0.00165016501650165
"484E(D)PC FRAUD POSS CARD INFO -> 247(B) PC SHOOT UNOCC BLDG/VEH",1,0.00165016501650165
"484E(D)PC FRAUD POSS CARD INFO -> 459 PC  BURGLARY VEHICLE",1,0.00165016501650165
"484E(D)PC FRAUD POSS CARD INFO -> CHILD WELFARE - I RPT",1,0.00165016501650165
"484E(D)PC FRAUD POSS CARD INFO -> MISCELLANEOUS I RPT (ZMISC)",1,0.00165016501650165
"484E(D)PC FRAUD POSS CARD INFO -> TRAFFIC-ACCIDENT-NON INJURY",1,0.00165016501650165
"484G(A)PC USE FORGED CARD -> 211 PC  ROBBERY UNSPECIFIED",1,0.00165016501650165
"484G(A)PC USE FORGED CARD -> 23152(A) VC DUI-ALCOHOL/DRUGS",1,0.00165016501650165
"484G(A)PC USE FORGED CARD -> 243(E)1 BATTERY NONCOHAB SPOUS",1,0.00165016501650165
"484G(A)PC USE FORGED CARD -> 245(A)(2) AWDW/FIREARM/CIVILIA",1,0.00165016501650165
"484G(A)PC USE FORGED CARD -> 246 PC SHOOT OCCUP DWELL/VEH",1,0.00165016501650165
"484G(A)PC USE FORGED CARD -> 273.6(A) PC VIO DV COURT ORDER",1,0.00165016501650165
"484G(A)PC USE FORGED CARD -> 459 PC  BURGLARY VEHICLE",1,0.00165016501650165
"484G(A)PC USE FORGED CARD -> 647(I) PEEPING TOM-INHAB DWELL",1,0.00165016501650165
"484G(A)PC USE FORGED CARD -> FOUND PROPERTY - I RPT",1,0.00165016501650165
"484G(A)PC USE FORGED CARD -> TOWED/STORED VEHICLE",1,0.00165016501650165
"484G(A)PC USE FORGED CARD -> TRAFFIC - I RPT",1,0.00165016501650165
"484G(A)PC USE FORGED CARD -> TRAFFIC-ACCIDENT INJURY",1,0.00165016501650165
"484G(A)PC USE FORGED CARD -> TRAFFIC-ACCIDENT-NON INJURY",1,0.00165016501650165
"484G(B) PC ACCESS CARD FRAUD -> 11550(A)HS UNDER INFL NARCOTIC",1,0.00165016501650165
"484G(B) PC ACCESS CARD FRAUD -> 12020(A)1) PROHIBITED FIREARM",1,0.00165016501650165
"484G(B) PC ACCESS CARD FRAUD -> 148(A)(1)PC RESIST PEACE OFFCR",1,0.00165016501650165
"484G(B) PC ACCESS CARD FRAUD -> 1551(A) FUGITIVE FROM JUSTICE",1,0.00165016501650165
"484G(B) PC ACCESS CARD FRAUD -> 20002(A) HIT/RUN",1,0.00165016501650165
"484G(B) PC ACCESS CARD FRAUD -> 22435.2(A) BP POSS SHOP CART",1,0.00165016501650165
"484G(B) PC ACCESS CARD FRAUD -> 23152(A) VC DUI-ALCOHOL/DRUGS",1,0.00165016501650165
"484G(B) PC ACCESS CARD FRAUD -> 242 PC  BATTERY CIVILIAN",1,0.00165016501650165
"484G(B) PC ACCESS CARD FRAUD -> 243.2(A)(1) BATT/SCHOOL INJURY",1,0.00165016501650165
"484G(B) PC ACCESS CARD FRAUD -> 243.6 BATTERY SCHOOL EMPLOYEE",1,0.00165016501650165
"484G(B) PC ACCESS CARD FRAUD -> 273.6(A) PC VIO DV COURT ORDER",1,0.00165016501650165
"484G(B) PC ACCESS CARD FRAUD -> 3056 PAROLE VIO - I RPT",1,0.00165016501650165
"484G(B) PC ACCESS CARD FRAUD -> 459 PC  BURGLARY-UNSPECIFIED",1,0.00165016501650165
"484G(B) PC ACCESS CARD FRAUD -> 466 PC   POSS OF BURG TOOLS",1,0.00165016501650165
"484G(B) PC ACCESS CARD FRAUD -> 484 PC  PETTY THEFT/ OUTSIDE",1,0.00165016501650165
"484G(B) PC ACCESS CARD FRAUD -> 484 PC PETTY THEFT",1,0.00165016501650165
"484G(B) PC ACCESS CARD FRAUD -> 484G(A)PC USE FORGED CARD",1,0.00165016501650165
"484G(B) PC ACCESS CARD FRAUD -> 487(A) GRAND THEFT-CLOUT-UNLOC",1,0.00165016501650165
"484G(B) PC ACCESS CARD FRAUD -> 530 PC FALSE PERS. REC PROP",1,0.00165016501650165
"484G(B) PC ACCESS CARD FRAUD -> 530.5 PC USE PERSONAL ID INFO",1,0.00165016501650165
"484G(B) PC ACCESS CARD FRAUD -> 594(B)(1)PC  VANDALISM +$400",1,0.00165016501650165
"484G(B) PC ACCESS CARD FRAUD -> 647(A) PC LEWD CONDUCT",1,0.00165016501650165
"484G(B) PC ACCESS CARD FRAUD -> 647(F) PC DIP - DISORDERLY",1,0.00165016501650165
"484G(B) PC ACCESS CARD FRAUD -> 9.04.070 URINATE/DEFECATE PUB",1,0.00165016501650165
"484G(B) PC ACCESS CARD FRAUD -> BOMBS/THREATS/EXPLOSIV- I RPT",1,0.00165016501650165
"484G(B) PC ACCESS CARD FRAUD -> FALSE PERSONATION - I RPT",1,0.00165016501650165
"484G(B) PC ACCESS CARD FRAUD -> GANG ACTIVITY - I RPT",1,0.00165016501650165
"484G(B) PC ACCESS CARD FRAUD -> JUVENILE DISURBANCE - I RPT",1,0.00165016501650165
"484G(B) PC ACCESS CARD FRAUD -> MISSING PERSON I RPT",1,0.00165016501650165
"484G(B) PC ACCESS CARD FRAUD -> O/S AGENCY -ASSISTANCE- I RPT",1,0.00165016501650165
"484G(B) PC ACCESS CARD FRAUD -> TELEPEST -I RPT",1,0.00165016501650165
"484G(B) PC ACCESS CARD FRAUD -> TRAFFIC - I RPT",1,0.00165016501650165
"484G(B) PC ACCESS CARD FRAUD -> WARRANT SERVED - I RPT",1,0.00165016501650165
"484J PC PUBLISH CARD INFO -> 20001(A) VC HIT/RUN INJ/DEATH",1,0.00165016501650165
"484J PC PUBLISH CARD INFO -> 23103(A) RECKLESS ON HIGHWAY",1,0.00165016501650165
"484J PC PUBLISH CARD INFO -> 242 PC  BATTERY CIVILIAN",1,0.00165016501650165
"484J PC PUBLISH CARD INFO -> 243(C)(1)BATT EMERG PERSON-INJ",1,0.00165016501650165
"484J PC PUBLISH CARD INFO -> 243(D) PC BATT/CIVILIAN W/INJ",1,0.00165016501650165
"484J PC PUBLISH CARD INFO -> 245(A)(2) AWDW/FIREARM/CIVILIA",1,0.00165016501650165
"484J PC PUBLISH CARD INFO -> 246 PC SHOOT OCCUP DWELL/VEH",1,0.00165016501650165
"484J PC PUBLISH CARD INFO -> 247(B) PC SHOOT UNOCC BLDG/VEH",1,0.00165016501650165
"484J PC PUBLISH CARD INFO -> 422 PC THREAT/INTENT TO TERROR",1,0.00165016501650165
"484J PC PUBLISH CARD INFO -> 459 PC  BURGLARY BUSINESS",1,0.00165016501650165
"484J PC PUBLISH CARD INFO -> 484 PC   PETTY THEFT/INSIDE",1,0.00165016501650165
"484J PC PUBLISH CARD INFO -> 484 PC  PETTY THEFT/ OUTSIDE",1,0.00165016501650165
"484J PC PUBLISH CARD INFO -> 484 PETTY THEFT-SHOPLIFT",1,0.00165016501650165
"484J PC PUBLISH CARD INFO -> 484 PETTY THEFT/LICENSE PLATE",1,0.00165016501650165
"484J PC PUBLISH CARD INFO -> 484G(A)PC USE FORGED CARD",1,0.00165016501650165
"484J PC PUBLISH CARD INFO -> 484G(B) PC ACCESS CARD FRAUD",1,0.00165016501650165
"484J PC PUBLISH CARD INFO -> 484J PC PUBLISH CARD INFO",1,0.00165016501650165
"484J PC PUBLISH CARD INFO -> 487(A) GRAND THEFT-INSIDE",1,0.00165016501650165
"484J PC PUBLISH CARD INFO -> 503 PC   EMBEZZLEMENT",1,0.00165016501650165
"484J PC PUBLISH CARD INFO -> 530 PC FALSE PERS. REC PROP",1,0.00165016501650165
"484J PC PUBLISH CARD INFO -> 530.5 PC USE PERSONAL ID INFO",1,0.00165016501650165
"484J PC PUBLISH CARD INFO -> 653M(B) PC ANNOY/RPT CALL HOME",1,0.00165016501650165
"484J PC PUBLISH CARD INFO -> GANG ACTIVITY - I RPT",1,0.00165016501650165
"484J PC PUBLISH CARD INFO -> HARASSMENT - I RPT",1,0.00165016501650165
"484J PC PUBLISH CARD INFO -> PETTY THEFT - I RPT",1,0.00165016501650165
"484J PC PUBLISH CARD INFO -> TELEPEST -I RPT",1,0.00165016501650165
"484J PC PUBLISH CARD INFO -> THREATS - I RPT",1,0.00165016501650165
"484J PC PUBLISH CARD INFO -> TRAFFIC - I RPT",1,0.00165016501650165
"485 PC PT OF FOUND PROPERTY -> 10851 VC AUTO THEFT LOCATE",1,0.00165016501650165
"485 PC PT OF FOUND PROPERTY -> 10851(A)VC TAKE VEH W/O OWNER",1,0.00165016501650165
"485 PC PT OF FOUND PROPERTY -> 20002(A) HIT/RUN",1,0.00165016501650165
"485 PC PT OF FOUND PROPERTY -> 459 PC  BURGLARY VEHICLE",1,0.00165016501650165
"485 PC PT OF FOUND PROPERTY -> HIT AND RUN /SUSPECTS- I RPT",1,0.00165016501650165
"487(A) GRAND THEFT-AUTO PARTS -> 10851(A)VC TAKE VEH W/O OWNER",1,0.00165016501650165
"487(A) GRAND THEFT-AUTO PARTS -> 11350(A)HS POSS CNTRL SUBST",1,0.00165016501650165
"487(A) GRAND THEFT-AUTO PARTS -> 11357(B)HS POSS -28.5GR MARIJ",1,0.00165016501650165
"487(A) GRAND THEFT-AUTO PARTS -> 11364 HS POSS DRUG PARAPH",1,0.00165016501650165
"487(A) GRAND THEFT-AUTO PARTS -> 11377(A)HS POSS AMPHETAMINES",1,0.00165016501650165
"487(A) GRAND THEFT-AUTO PARTS -> 23152(A) VC DUI-ALCOHOL/DRUGS",1,0.00165016501650165
"487(A) GRAND THEFT-AUTO PARTS -> 242 PC  BATTERY CIVILIAN",1,0.00165016501650165
"487(A) GRAND THEFT-AUTO PARTS -> 243(E)1 BATTERY NONCOHAB SPOUS",1,0.00165016501650165
"487(A) GRAND THEFT-AUTO PARTS -> 459 PC  BURGLARY BUSINESS",1,0.00165016501650165
"487(A) GRAND THEFT-AUTO PARTS -> 484 PC  PETTY THEFT/ OUTSIDE",1,0.00165016501650165
"487(A) GRAND THEFT-AUTO PARTS -> 484 PC PETTY THEFT",1,0.00165016501650165
"487(A) GRAND THEFT-AUTO PARTS -> 487(A) PC GRAND THEFT",1,0.00165016501650165
"487(A) GRAND THEFT-AUTO PARTS -> 496(A) RECEIVE STOLEN PROPERTY",1,0.00165016501650165
"487(A) GRAND THEFT-AUTO PARTS -> 5150 WI DANGER SELF/OTHERS",1,0.00165016501650165
"487(A) GRAND THEFT-AUTO PARTS -> FOUND PROPERTY - I RPT",1,0.00165016501650165
"487(A) GRAND THEFT-AUTO PARTS -> GANG ACTIVITY - I RPT",1,0.00165016501650165
"487(A) GRAND THEFT-AUTO PARTS -> LOST PROPERTY - I RPT",1,0.00165016501650165
"487(A) GRAND THEFT-AUTO PARTS -> MISCELLANEOUS I RPT (ZMISC)",1,0.00165016501650165
"487(A) GRAND THEFT-AUTO PARTS -> MISSING PERSON",1,0.00165016501650165
"487(A) GRAND THEFT-AUTO PARTS -> NON INJ HR/MAIL OUT REPORT",1,0.00165016501650165
"487(A) GRAND THEFT-AUTO PARTS -> RECOVERED PROPERTY - I RPT",1,0.00165016501650165
"487(A) GRAND THEFT-AUTO PARTS -> VANDALISM - I RPT",1,0.00165016501650165
"487(A) GRAND THEFT-CLOUT-UNLOC -> 10851 VC AUTO THEFT LOCATE",1,0.00165016501650165
"487(A) GRAND THEFT-CLOUT-UNLOC -> 11364 HS POSS DRUG PARAPH",1,0.00165016501650165
"487(A) GRAND THEFT-CLOUT-UNLOC -> 11377(A)HS POSS AMPHETAMINES",1,0.00165016501650165
"487(A) GRAND THEFT-CLOUT-UNLOC -> 12025(B)6 UNREG/CONCLED FIREAR",1,0.00165016501650165
"487(A) GRAND THEFT-CLOUT-UNLOC -> 20002(A) HIT/RUN",1,0.00165016501650165
"487(A) GRAND THEFT-CLOUT-UNLOC -> 211 PC  ROBBERY UNSPECIFIED",1,0.00165016501650165
"487(A) GRAND THEFT-CLOUT-UNLOC -> 23152(A) VC DUI-ALCOHOL/DRUGS",1,0.00165016501650165
"487(A) GRAND THEFT-CLOUT-UNLOC -> 246 PC SHOOT OCCUP DWELL/VEH",1,0.00165016501650165
"487(A) GRAND THEFT-CLOUT-UNLOC -> 459 PC  BURGLARY RESIDENCE",1,0.00165016501650165
"487(A) GRAND THEFT-CLOUT-UNLOC -> 459 PC  BURGLARY VEHICLE",1,0.00165016501650165
"487(A) GRAND THEFT-CLOUT-UNLOC -> 484 PC  PETTY THEFT/ OUTSIDE",1,0.00165016501650165
"487(A) GRAND THEFT-CLOUT-UNLOC -> 484 PETTY THEFT-SHOPLIFT",1,0.00165016501650165
"487(A) GRAND THEFT-CLOUT-UNLOC -> 653M(A) PC OBSCENE/THREAT CALL",1,0.00165016501650165
"487(A) GRAND THEFT-CLOUT-UNLOC -> BATTERY - I RPT",1,0.00165016501650165
"487(A) GRAND THEFT-CLOUT-UNLOC -> CASUALTY REPORT",1,0.00165016501650165
"487(A) GRAND THEFT-CLOUT-UNLOC -> FOUND PROPERTY - I RPT",1,0.00165016501650165
"487(A) GRAND THEFT-CLOUT-UNLOC -> MISCELLANEOUS I RPT (ZMISC)",1,0.00165016501650165
"487(A) GRAND THEFT-CLOUT-UNLOC -> MISSING PERSON",1,0.00165016501650165
"487(A) GRAND THEFT-CLOUT-UNLOC -> PROB VIOLA/FEL-MISD - I RPT",1,0.00165016501650165
"487(A) GRAND THEFT-CLOUT-UNLOC -> THREATS - I RPT",1,0.00165016501650165
"487(A) GRAND THEFT-CLOUT-UNLOC -> TOWED/STORED VEH-14602.6",1,0.00165016501650165
"487(A) GRAND THEFT-CLOUT-UNLOC -> TRAFFIC-ACCIDENT INJURY",1,0.00165016501650165
"487(A) GRAND THEFT-COIN MACHIN -> 11357(C)HS POSS +28.5GR MARIJ",1,0.00165016501650165
"487(A) GRAND THEFT-COIN MACHIN -> 459 PC  BURGLARY VEHICLE",1,0.00165016501650165
"487(A) GRAND THEFT-COIN MACHIN -> VANDALISM - I RPT",1,0.00165016501650165
"487(A) GRAND THEFT-INSIDE -> 11532(A)HS LOITER DRG ACTIVITY",1,0.00165016501650165
"487(A) GRAND THEFT-INSIDE -> 14601.1(A) VC LIC SUSP OTHER",1,0.00165016501650165
"487(A) GRAND THEFT-INSIDE -> 20001(A) VC HIT/RUN INJ/DEATH",1,0.00165016501650165
"487(A) GRAND THEFT-INSIDE -> 23222(B)POSSESS MARIJ IN VEH",1,0.00165016501650165
"487(A) GRAND THEFT-INSIDE -> 242 PC  BATTERY CIVILIAN",1,0.00165016501650165
"487(A) GRAND THEFT-INSIDE -> 243(C)(1)BATT EMERG PERSON-INJ",1,0.00165016501650165
"487(A) GRAND THEFT-INSIDE -> 243(E)1 BATTERY NONCOHAB SPOUS",1,0.00165016501650165
"487(A) GRAND THEFT-INSIDE -> 246 PC SHOOT OCCUP DWELL/VEH",1,0.00165016501650165
"487(A) GRAND THEFT-INSIDE -> 290(A)(1)(D) FAIL TO REG-5 DAY",1,0.00165016501650165
"487(A) GRAND THEFT-INSIDE -> 422 PC THREAT/INTENT TO TERROR",1,0.00165016501650165
"487(A) GRAND THEFT-INSIDE -> 470 PC FORGERY",1,0.00165016501650165
"487(A) GRAND THEFT-INSIDE -> 484 PC   PETTY THEFT/INSIDE",1,0.00165016501650165
"487(A) GRAND THEFT-INSIDE -> 484 PC-PETTY THEFT-COIN MACHIN",1,0.00165016501650165
"487(A) GRAND THEFT-INSIDE -> 484 PETTY THEFT-SHOPLIFT",1,0.00165016501650165
"487(A) GRAND THEFT-INSIDE -> 484 PETTY THEFT/LICENSE PLATE",1,0.00165016501650165
"487(A) GRAND THEFT-INSIDE -> 484G(A)PC USE FORGED CARD",1,0.00165016501650165
"487(A) GRAND THEFT-INSIDE -> 487(A) GRAND THEFT-CLOUT-UNLOC",1,0.00165016501650165
"487(A) GRAND THEFT-INSIDE -> 487(A) GRAND THEFT-INSIDE",1,0.00165016501650165
"487(A) GRAND THEFT-INSIDE -> 529 PC FALSE PERSONATION",1,0.00165016501650165
"487(A) GRAND THEFT-INSIDE -> ASSAULT WITH WEAPON - I RPT",1,0.00165016501650165
"487(A) GRAND THEFT-INSIDE -> CHILD CUSTODY - I RPT",1,0.00165016501650165
"487(A) GRAND THEFT-INSIDE -> NARCOTICS SUSP/EVID/ACT- I RPT",1,0.00165016501650165
"487(A) GRAND THEFT-INSIDE -> POSS STOLEN VEHICLE- I RPT",1,0.00165016501650165
"487(A) GRAND THEFT-INSIDE -> RECOVERED PROPERTY - I RPT",1,0.00165016501650165
"487(A) GRAND THEFT-INSIDE -> SAFEKEEPING - I RPT",1,0.00165016501650165
"487(A) GRAND THEFT-INSIDE -> VANDALISM - I RPT",1,0.00165016501650165
"487(A) GRAND THEFT-INSIDE -> WARRANT SERVED - I RPT",1,0.00165016501650165
"487(A) PC GRAND THEFT -> 11351.5 HS POSS SALE RCK COCAI",1,0.00165016501650165
"487(A) PC GRAND THEFT -> 11352(A)HS SALE/TRANS CNTL SUB",1,0.00165016501650165
"487(A) PC GRAND THEFT -> 11359 HS POSS FOR SALE MARIJ",1,0.00165016501650165
"487(A) PC GRAND THEFT -> 11377(A)HS POSS AMPHETAMINES",1,0.00165016501650165
"487(A) PC GRAND THEFT -> 12022.1 PC COMMIT FEL ON BAIL",1,0.00165016501650165
"487(A) PC GRAND THEFT -> 148(A)(1)PC RESIST PEACE OFFCR",1,0.00165016501650165
"487(A) PC GRAND THEFT -> 148.1(A)PC FALSE REPT OF BOMB",1,0.00165016501650165
"487(A) PC GRAND THEFT -> 1708 US   THEFT OF MAIL",1,0.00165016501650165
"487(A) PC GRAND THEFT -> 187(A)  HOMICIDE",1,0.00165016501650165
"487(A) PC GRAND THEFT -> 211 PC ROBBERY- BUSINESS",1,0.00165016501650165
"487(A) PC GRAND THEFT -> 212.5(A)ROBBERY-INHAB DWELLING",1,0.00165016501650165
"487(A) PC GRAND THEFT -> 23153(A) VC DUI CAUSE INJURY",1,0.00165016501650165
"487(A) PC GRAND THEFT -> 243(E)1 BATTERY NONCOHAB SPOUS",1,0.00165016501650165
"487(A) PC GRAND THEFT -> 245(A)(2) AWDW/FIREARM/CIVILIA",1,0.00165016501650165
"487(A) PC GRAND THEFT -> 25661 BP FALSE EVIDENCE OF AGE",1,0.00165016501650165
"487(A) PC GRAND THEFT -> 3056 PAROLE VIO - I RPT",1,0.00165016501650165
"487(A) PC GRAND THEFT -> 4140 BP  POSS OF HYPO NEEDLE",1,0.00165016501650165
"487(A) PC GRAND THEFT -> 422 PC THREAT/INTENT TO TERROR",1,0.00165016501650165
"487(A) PC GRAND THEFT -> 451(D) PC  ARSON OF PROPERTY",1,0.00165016501650165
"487(A) PC GRAND THEFT -> 459 PC  BURGLARY-UNSPECIFIED",1,0.00165016501650165
"487(A) PC GRAND THEFT -> 476 PC PASS FICTICIOUS CHECK",1,0.00165016501650165
"487(A) PC GRAND THEFT -> 484G(A)PC USE FORGED CARD",1,0.00165016501650165
"487(A) PC GRAND THEFT -> 487(A) GRAND THEFT-INSIDE",1,0.00165016501650165
"487(A) PC GRAND THEFT -> 487(A) PC GRAND THEFT-SHOPLIFT",1,0.00165016501650165
"487(A) PC GRAND THEFT -> 487(D)GRAND THEFT FIREARM/ANIM",1,0.00165016501650165
"487(A) PC GRAND THEFT -> 496(A) PC REC STOLEN AUTO PART",1,0.00165016501650165
"487(A) PC GRAND THEFT -> 503 PC   EMBEZZLEMENT",1,0.00165016501650165
"487(A) PC GRAND THEFT -> 530 PC FALSE PERS. REC PROP",1,0.00165016501650165
"487(A) PC GRAND THEFT -> 530.5 PC USE PERSONAL ID INFO",1,0.00165016501650165
"487(A) PC GRAND THEFT -> 537(A)(1) DEFRAUD INKEEP/-$400",1,0.00165016501650165
"487(A) PC GRAND THEFT -> 602(L)(1)TRESPASS REFUSE TO LV",1,0.00165016501650165
"487(A) PC GRAND THEFT -> 647(F) PC DIP - DISORDERLY",1,0.00165016501650165
"487(A) PC GRAND THEFT -> 653.22(A) LOITER PROSTITUTION",1,0.00165016501650165
"487(A) PC GRAND THEFT -> 653M(B) PC ANNOY/RPT CALL HOME",1,0.00165016501650165
"487(A) PC GRAND THEFT -> ABC LICENSE VIO/INFO - I RPT",1,0.00165016501650165
"487(A) PC GRAND THEFT -> ACCIDENTAL FIRES/ARSON -I RPT",1,0.00165016501650165
"487(A) PC GRAND THEFT -> ASSAULT WITH WEAPON - I RPT",1,0.00165016501650165
"487(A) PC GRAND THEFT -> BUSINESS PERMITS - I RPT",1,0.00165016501650165
"487(A) PC GRAND THEFT -> FRAUD OR BUNCO - I RPT",1,0.00165016501650165
"487(A) PC GRAND THEFT -> HIT AND RUN /SUSPECTS- I RPT",1,0.00165016501650165
"487(A) PC GRAND THEFT -> IMPOUNDED VEHICLE",1,0.00165016501650165
"487(A) PC GRAND THEFT -> NARCOTICS SUSP/EVID/ACT- I RPT",1,0.00165016501650165
"487(A) PC GRAND THEFT -> PERSON INFORMATION - I RPT",1,0.00165016501650165
"487(A) PC GRAND THEFT -> PETTY THEFT - I RPT",1,0.00165016501650165
"487(A) PC GRAND THEFT -> POSS STOLEN VEHICLE- I RPT",1,0.00165016501650165
"487(A) PC GRAND THEFT -> POSSIBLE FINANCIAL CRIME-I RPT",1,0.00165016501650165
"487(A) PC GRAND THEFT -> SHOOT INTO OCCUP DWELL - I RPT",1,0.00165016501650165
"487(A) PC GRAND THEFT -> TELEPEST -I RPT",1,0.00165016501650165
"487(A) PC GRAND THEFT -> THREATS - I RPT",1,0.00165016501650165
"487(A) PC GRAND THEFT -> VANDALISM - I RPT",1,0.00165016501650165
"487(A) PC GRAND THEFT-SHOPLIFT -> 10851 VC AUTO THEFT LOCATE",1,0.00165016501650165
"487(A) PC GRAND THEFT-SHOPLIFT -> 11550(A)HS UNDER INFL NARCOTIC",1,0.00165016501650165
"487(A) PC GRAND THEFT-SHOPLIFT -> 12.72.060I ADULT LOITER PLYGRD",1,0.00165016501650165
"487(A) PC GRAND THEFT-SHOPLIFT -> 211 PC  ROBBERY UNSPECIFIED",1,0.00165016501650165
"487(A) PC GRAND THEFT-SHOPLIFT -> 451(D) PC  ARSON OF PROPERTY",1,0.00165016501650165
"487(A) PC GRAND THEFT-SHOPLIFT -> 459 PC  BURGLARY BUSINESS",1,0.00165016501650165
"487(A) PC GRAND THEFT-SHOPLIFT -> 459 PC  BURGLARY RESIDENCE",1,0.00165016501650165
"487(A) PC GRAND THEFT-SHOPLIFT -> 484 PETTY THEFT CLOUT UNLOCKED",1,0.00165016501650165
"487(A) PC GRAND THEFT-SHOPLIFT -> 484 PETTY THEFT-SHOPLIFT",1,0.00165016501650165
"487(A) PC GRAND THEFT-SHOPLIFT -> 484 PETTY THEFT/LICENSE PLATE",1,0.00165016501650165
"487(A) PC GRAND THEFT-SHOPLIFT -> 594(B)(2)(A) VANDALISM/ -$400",1,0.00165016501650165
"487(A) PC GRAND THEFT-SHOPLIFT -> TOWED/STORED VEHICLE",1,0.00165016501650165
"487(A) PC GRAND THEFT-SHOPLIFT -> TRAFFIC-ACCIDENT INJURY",1,0.00165016501650165
"487(A) PC GRAND THEFT-SHOPLIFT -> TRAFFIC-ACCIDENT-NON INJURY",1,0.00165016501650165
"487(C) PC  GRAND THEFT-PERSON -> 10851 VC AUTO THEFT LOCATE",1,0.00165016501650165
"487(C) PC  GRAND THEFT-PERSON -> 148(A)(1)PC RESIST PEACE OFFCR",1,0.00165016501650165
"487(C) PC  GRAND THEFT-PERSON -> 20002(A) HIT/RUN",1,0.00165016501650165
"487(C) PC  GRAND THEFT-PERSON -> 246 PC SHOOT OCCUP DWELL/VEH",1,0.00165016501650165
"487(C) PC  GRAND THEFT-PERSON -> 25661 BP FALSE EVIDENCE OF AGE",1,0.00165016501650165
"487(C) PC  GRAND THEFT-PERSON -> 459 PC  BURGLARY VEHICLE",1,0.00165016501650165
"487(C) PC  GRAND THEFT-PERSON -> 484 PETTY THEFT-SHOPLIFT",1,0.00165016501650165
"487(C) PC  GRAND THEFT-PERSON -> 484 PETTY THEFT/LICENSE PLATE",1,0.00165016501650165
"487(C) PC  GRAND THEFT-PERSON -> 594(B)(2)(A) VANDALISM/ -$400",1,0.00165016501650165
"487(C) PC  GRAND THEFT-PERSON -> 653M(A) PC OBSCENE/THREAT CALL",1,0.00165016501650165
"487(C) PC  GRAND THEFT-PERSON -> CASUALTY REPORT",1,0.00165016501650165
"487(C) PC  GRAND THEFT-PERSON -> FAMILY DISTURBANCE - I RPT",1,0.00165016501650165
"487(C) PC  GRAND THEFT-PERSON -> MISCELLANEOUS I RPT (ZMISC)",1,0.00165016501650165
"487(C) PC  GRAND THEFT-PERSON -> O/S AGENCY -ASSISTANCE- I RPT",1,0.00165016501650165
"487(C) PC  GRAND THEFT-PERSON -> VICE/GAMBLING ACT - I RPT",1,0.00165016501650165
"487(D)GRAND THEFT FIREARM/ANIM -> 12025(A)1)CONCLD GUN VEH/FEL",1,0.00165016501650165
"487(D)GRAND THEFT FIREARM/ANIM -> 20002(A) HIT/RUN",1,0.00165016501650165
"487(D)GRAND THEFT FIREARM/ANIM -> 245(A)(2) AWDW/FIREARM/CIVILIA",1,0.00165016501650165
"487(D)GRAND THEFT FIREARM/ANIM -> 459 PC  BURGLARY BUSINESS",1,0.00165016501650165
"487(D)GRAND THEFT FIREARM/ANIM -> 459 PC  BURGLARY RESIDENCE",1,0.00165016501650165
"487(D)GRAND THEFT FIREARM/ANIM -> 484 PC   PETTY THEFT/INSIDE",1,0.00165016501650165
"487(D)GRAND THEFT FIREARM/ANIM -> FOUND PROPERTY - I RPT",1,0.00165016501650165
"487(D)GRAND THEFT FIREARM/ANIM -> GANG ACTIVITY - I RPT",1,0.00165016501650165
"487(D)GRAND THEFT FIREARM/ANIM -> TOWED/STORED VEHICLE",1,0.00165016501650165
"487(D)GRAND THEFT FIREARM/ANIM -> TRAFFIC-ACCIDENT INJURY",1,0.00165016501650165
"487(D)GRAND THEFT FIREARM/ANIM -> TRAFFIC-ACCIDENT-NON INJURY",1,0.00165016501650165
"496(A) PC REC STOLEN AUTO PART -> TOWED/STORED VEH-14602.6",1,0.00165016501650165
"496(A) PC REC STOLEN AUTO PART -> TOWED/STORED VEHICLE",1,0.00165016501650165
"496(A) RECEIVE STOLEN PROPERTY -> 11351.5 HS POSS SALE RCK COCAI",1,0.00165016501650165
"496(A) RECEIVE STOLEN PROPERTY -> 11364 HS POSS DRUG PARAPH",1,0.00165016501650165
"496(A) RECEIVE STOLEN PROPERTY -> 11377(A)HS POSS AMPHETAMINES",1,0.00165016501650165
"496(A) RECEIVE STOLEN PROPERTY -> 12025(A)2)CNCLD GUN ON PER/FEL",1,0.00165016501650165
"496(A) RECEIVE STOLEN PROPERTY -> 23152(A) VC DUI-ALCOHOL/DRUGS",1,0.00165016501650165
"496(A) RECEIVE STOLEN PROPERTY -> 23222(B)POSSESS MARIJ IN VEH",1,0.00165016501650165
"496(A) RECEIVE STOLEN PROPERTY -> 273.6(A) PC VIO DV COURT ORDER",1,0.00165016501650165
"496(A) RECEIVE STOLEN PROPERTY -> 415(1) PC DISTURB PEACE/FIGHT",1,0.00165016501650165
"496(A) RECEIVE STOLEN PROPERTY -> 484 PC   PETTY THEFT/INSIDE",1,0.00165016501650165
"496(A) RECEIVE STOLEN PROPERTY -> 484 PC PETTY THEFT",1,0.00165016501650165
"496(A) RECEIVE STOLEN PROPERTY -> 484 PETTY THEFT/LICENSE PLATE",1,0.00165016501650165
"496(A) RECEIVE STOLEN PROPERTY -> 484J PC PUBLISH CARD INFO",1,0.00165016501650165
"496(A) RECEIVE STOLEN PROPERTY -> 487(A) GRAND THEFT-INSIDE",1,0.00165016501650165
"496(A) RECEIVE STOLEN PROPERTY -> 487(A) PC GRAND THEFT",1,0.00165016501650165
"496(A) RECEIVE STOLEN PROPERTY -> 487(C) PC  GRAND THEFT-PERSON",1,0.00165016501650165
"496(A) RECEIVE STOLEN PROPERTY -> 496(A) RECEIVE STOLEN PROPERTY",1,0.00165016501650165
"496(A) RECEIVE STOLEN PROPERTY -> 5150 WI DANGER SELF/OTHERS",1,0.00165016501650165
"496(A) RECEIVE STOLEN PROPERTY -> 594(B)(1)PC  VANDALISM +$400",1,0.00165016501650165
"496(A) RECEIVE STOLEN PROPERTY -> 594.3(A)VANDAL/PLACE OF WORSHI",1,0.00165016501650165
"496(A) RECEIVE STOLEN PROPERTY -> 647(B) PC   PROSTITUTION",1,0.00165016501650165
"496(A) RECEIVE STOLEN PROPERTY -> CASUALTY REPORT",1,0.00165016501650165
"496(A) RECEIVE STOLEN PROPERTY -> CHILD CUSTODY - I RPT",1,0.00165016501650165
"496(A) RECEIVE STOLEN PROPERTY -> JUVENILE DISURBANCE - I RPT",1,0.00165016501650165
"496(A) RECEIVE STOLEN PROPERTY -> MISCELLANEOUS I RPT (ZMISC)",1,0.00165016501650165
"496(A) RECEIVE STOLEN PROPERTY -> MISSING PERSON",1,0.00165016501650165
"496(A) RECEIVE STOLEN PROPERTY -> NON INJ HR/MAIL OUT REPORT",1,0.00165016501650165
"496(A) RECEIVE STOLEN PROPERTY -> PETTY THEFT - I RPT",1,0.00165016501650165
"496(A) RECEIVE STOLEN PROPERTY -> RPT # CANCELLED- I RPT",1,0.00165016501650165
"496(A) RECEIVE STOLEN PROPERTY -> SUSP PERS-NO CRIME - I RPT",1,0.00165016501650165
"496(A) RECEIVE STOLEN PROPERTY -> THREATS - I RPT",1,0.00165016501650165
"496(A) RECEIVE STOLEN PROPERTY -> TRAFFIC - I RPT",1,0.00165016501650165
"498(B)(5) THEFT OF ELECTRICITY -> 487(A) GRAND THEFT-INSIDE",1,0.00165016501650165
"498(B)(5) THEFT OF ELECTRICITY -> 647(F) PC DIP - DISORDERLY",1,0.00165016501650165
"498(B)(5) THEFT OF ELECTRICITY -> TOWED/STORED VEH-14602.6",1,0.00165016501650165
"5.136.050 NO TAXICAB PERMIT -> 484 PETTY THEFT/LICENSE PLATE",1,0.00165016501650165
"503 PC   EMBEZZLEMENT -> 10851(A)VC TAKE VEH W/O OWNER",1,0.00165016501650165
"503 PC   EMBEZZLEMENT -> 20002(A) HIT/RUN",1,0.00165016501650165
"503 PC   EMBEZZLEMENT -> FOUND PROPERTY - I RPT",1,0.00165016501650165
"503 PC   EMBEZZLEMENT -> TRAFFIC-ACCIDENT INJURY",1,0.00165016501650165
"506 PC EMBEZZLEMENT/CONTRACTOR -> 459 PC  BURGLARY RESIDENCE",1,0.00165016501650165
"506 PC EMBEZZLEMENT/CONTRACTOR -> 594(B)(2)(A) VANDALISM/ -$400",1,0.00165016501650165
"506 PC EMBEZZLEMENT/CONTRACTOR -> THREATS - I RPT",1,0.00165016501650165
"506 PC EMBEZZLEMENT/CONTRACTOR -> TOWED/STORED VEHICLE",1,0.00165016501650165
"508 PC   EMBEZZLEMENT/EMPLOYEE -> 459 PC  BURGLARY RESIDENCE",1,0.00165016501650165
"508 PC   EMBEZZLEMENT/EMPLOYEE -> 594(B)(1)VANDALISM GRAF +$400",1,0.00165016501650165
"508 PC   EMBEZZLEMENT/EMPLOYEE -> TOWED/STORED VEH-14602.6",1,0.00165016501650165
"508 PC   EMBEZZLEMENT/EMPLOYEE -> TOWED/STORED VEHICLE",1,0.00165016501650165
"5150 WI DANGER SELF/OTHERS -> 10.48.150 E FALSIFY PKG PERMIT",1,0.00165016501650165
"5150 WI DANGER SELF/OTHERS -> 11377(A)HS POSS AMPHETAMINES",1,0.00165016501650165
"5150 WI DANGER SELF/OTHERS -> 12020(A)(4) PC DIRK/DAGGER",1,0.00165016501650165
"5150 WI DANGER SELF/OTHERS -> 12022.1 PC COMMIT FEL ON BAIL",1,0.00165016501650165
"5150 WI DANGER SELF/OTHERS -> 1203.2 PC VIOLATION OF PROBATI",1,0.00165016501650165
"5150 WI DANGER SELF/OTHERS -> 148.9 PC FALSE ID TO OFFICER",1,0.00165016501650165
"5150 WI DANGER SELF/OTHERS -> 211 PC ROBBERY-PURSE SNATCH",1,0.00165016501650165
"5150 WI DANGER SELF/OTHERS -> 215(A) PC    CARJACKING",1,0.00165016501650165
"5150 WI DANGER SELF/OTHERS -> 22435.2(A) BP POSS SHOP CART",1,0.00165016501650165
"5150 WI DANGER SELF/OTHERS -> 23222(B)POSSESS MARIJ IN VEH",1,0.00165016501650165
"5150 WI DANGER SELF/OTHERS -> 243(D) PC BATT/CIVILIAN W/INJ",1,0.00165016501650165
"5150 WI DANGER SELF/OTHERS -> 243.2(A)(1) BATT/SCHOOL INJURY",1,0.00165016501650165
"5150 WI DANGER SELF/OTHERS -> 273.6(A) PC VIO DV COURT ORDER",1,0.00165016501650165
"5150 WI DANGER SELF/OTHERS -> 3056 PAROLE VIO - I RPT",1,0.00165016501650165
"5150 WI DANGER SELF/OTHERS -> 3056 PC PAROLE VIOLATION",1,0.00165016501650165
"5150 WI DANGER SELF/OTHERS -> 308(B) PC MINOR POSS TOBACCO",1,0.00165016501650165
"5150 WI DANGER SELF/OTHERS -> 368(D) THEFT-ELDER >400",1,0.00165016501650165
"5150 WI DANGER SELF/OTHERS -> 459 PC  BURGLARY-UNSPECIFIED",1,0.00165016501650165
"5150 WI DANGER SELF/OTHERS -> 484 PC PETTY THEFT",1,0.00165016501650165
"5150 WI DANGER SELF/OTHERS -> 484J PC PUBLISH CARD INFO",1,0.00165016501650165
"5150 WI DANGER SELF/OTHERS -> 487(D)GRAND THEFT FIREARM/ANIM",1,0.00165016501650165
"5150 WI DANGER SELF/OTHERS -> 532 PC FRAUD OBTAIN MONEY ETC",1,0.00165016501650165
"5150 WI DANGER SELF/OTHERS -> 594(B)(1)VANDALISM GRAF +$400",1,0.00165016501650165
"5150 WI DANGER SELF/OTHERS -> 594.3(A)VANDAL/PLACE OF WORSHI",1,0.00165016501650165
"5150 WI DANGER SELF/OTHERS -> 602.1(A)TRES OBST BUSIN OPERAT",1,0.00165016501650165
"5150 WI DANGER SELF/OTHERS -> 603  FORCED ENTRY/PROP DAMAGE",1,0.00165016501650165
"5150 WI DANGER SELF/OTHERS -> 666 PC PETTY THEFT W/PRI CONV",1,0.00165016501650165
"5150 WI DANGER SELF/OTHERS -> 9.04.050 A DRINKING IN PUBLIC",1,0.00165016501650165
"5150 WI DANGER SELF/OTHERS -> 9.40.020(A) JUVENILE CURFEW",1,0.00165016501650165
"5150 WI DANGER SELF/OTHERS -> BATTERY - I RPT",1,0.00165016501650165
"5150 WI DANGER SELF/OTHERS -> HAZARDOUS SITUATION - I RPT",1,0.00165016501650165
"5150 WI DANGER SELF/OTHERS -> NARCOTICS SUSP/EVID/ACT- I RPT",1,0.00165016501650165
"5150 WI DANGER SELF/OTHERS -> POSS STOLEN VEHICLE- I RPT",1,0.00165016501650165
"5150 WI DANGER SELF/OTHERS -> POSSIBLE STOLEN PROPERTY-I RPT",1,0.00165016501650165
"5150 WI DANGER SELF/OTHERS -> TERRORIST THREATS - I RPT",1,0.00165016501650165
"529 PC FALSE PERSONATION -> 1203.2 PC VIOLATION OF PROBATI",1,0.00165016501650165
"529 PC FALSE PERSONATION -> 20001(A) VC HIT/RUN INJ/DEATH",1,0.00165016501650165
"529 PC FALSE PERSONATION -> 23152(A) VC DUI-ALCOHOL/DRUGS",1,0.00165016501650165
"529 PC FALSE PERSONATION -> 23153(A) VC DUI CAUSE INJURY",1,0.00165016501650165
"529 PC FALSE PERSONATION -> 243(E)1 BATTERY NONCOHAB SPOUS",1,0.00165016501650165
"529 PC FALSE PERSONATION -> 245(A)(1)AWDW/NO FIREARM/CIVIL",1,0.00165016501650165
"529 PC FALSE PERSONATION -> 247(B) PC SHOOT UNOCC BLDG/VEH",1,0.00165016501650165
"529 PC FALSE PERSONATION -> 25662(A)BP POSS ALC BY MINOR",1,0.00165016501650165
"529 PC FALSE PERSONATION -> 273.6(A) PC VIO DV COURT ORDER",1,0.00165016501650165
"529 PC FALSE PERSONATION -> 451(D) PC  ARSON OF PROPERTY",1,0.00165016501650165
"529 PC FALSE PERSONATION -> 484 PC   THEFT-LIC PLATE TABS",1,0.00165016501650165
"529 PC FALSE PERSONATION -> 484 PETTY THEFT-SHOPLIFT",1,0.00165016501650165
"529 PC FALSE PERSONATION -> 484 PETTY THEFT/LICENSE PLATE",1,0.00165016501650165
"529 PC FALSE PERSONATION -> 484E(D)PC FRAUD POSS CARD INFO",1,0.00165016501650165
"529 PC FALSE PERSONATION -> 484J PC PUBLISH CARD INFO",1,0.00165016501650165
"529 PC FALSE PERSONATION -> 487(A) GRAND THEFT-AUTO PARTS",1,0.00165016501650165
"529 PC FALSE PERSONATION -> 487(A) GRAND THEFT-COIN MACHIN",1,0.00165016501650165
"529 PC FALSE PERSONATION -> 487(A) PC GRAND THEFT",1,0.00165016501650165
"529 PC FALSE PERSONATION -> 487(D)GRAND THEFT FIREARM/ANIM",1,0.00165016501650165
"529 PC FALSE PERSONATION -> 5150 WI DANGER SELF/OTHERS",1,0.00165016501650165
"529 PC FALSE PERSONATION -> 530.5 PC USE PERSONAL ID INFO",1,0.00165016501650165
"529 PC FALSE PERSONATION -> 532 PC FRAUD OBTAIN MONEY ETC",1,0.00165016501650165
"529 PC FALSE PERSONATION -> 647(B) PC   PROSTITUTION",1,0.00165016501650165
"529 PC FALSE PERSONATION -> 653M(B) PC ANNOY/RPT CALL HOME",1,0.00165016501650165
"529 PC FALSE PERSONATION -> 666 PC PETTY THEFT W/PRI CONV",1,0.00165016501650165
"529 PC FALSE PERSONATION -> LOST PROPERTY - I RPT",1,0.00165016501650165
"529 PC FALSE PERSONATION -> MISCELLANEOUS I RPT (ZMISC)",1,0.00165016501650165
"529 PC FALSE PERSONATION -> MISSING PERSON",1,0.00165016501650165
"529 PC FALSE PERSONATION -> NARCOTICS SUSP/EVID/ACT- I RPT",1,0.00165016501650165
"529 PC FALSE PERSONATION -> NEIGHBORHOOD DISTURBANCE-I RPT",1,0.00165016501650165
"529 PC FALSE PERSONATION -> PETTY THEFT - I RPT",1,0.00165016501650165
"529 PC FALSE PERSONATION -> SUSP PERS-NO CRIME - I RPT",1,0.00165016501650165
"529 PC FALSE PERSONATION -> TRAFFIC - I RPT",1,0.00165016501650165
"529 PC FALSE PERSONATION -> TRAFFIC-ACCIDENT-NON INJURY",1,0.00165016501650165
"529 PC FALSE PERSONATION -> VANDALISM - I RPT",1,0.00165016501650165
"530 PC FALSE PERS. REC PROP -> 242 PC  BATTERY CIVILIAN",1,0.00165016501650165
"530 PC FALSE PERS. REC PROP -> FOUND PROPERTY - I RPT",1,0.00165016501650165
"530.5 PC USE PERSONAL ID INFO -> 10853 VC MALIC MISCHIEF TO VEH",1,0.00165016501650165
"530.5 PC USE PERSONAL ID INFO -> 11351.5 HS POSS SALE RCK COCAI",1,0.00165016501650165
"530.5 PC USE PERSONAL ID INFO -> 12.52.030 SCC UNLAWFUL CAMPING",1,0.00165016501650165
"530.5 PC USE PERSONAL ID INFO -> 20001(A) VC HIT/RUN INJ/DEATH",1,0.00165016501650165
"530.5 PC USE PERSONAL ID INFO -> 211 PC ROBBERY- BUSINESS",1,0.00165016501650165
"530.5 PC USE PERSONAL ID INFO -> 215(A) PC    CARJACKING",1,0.00165016501650165
"530.5 PC USE PERSONAL ID INFO -> 243(B) PC  BATTERY - OFFICER",1,0.00165016501650165
"530.5 PC USE PERSONAL ID INFO -> 243.3 BATT TRANS PERS/PASS/INJ",1,0.00165016501650165
"530.5 PC USE PERSONAL ID INFO -> 247(B) PC SHOOT UNOCC BLDG/VEH",1,0.00165016501650165
"530.5 PC USE PERSONAL ID INFO -> 476 PC PASS FICTICIOUS CHECK",1,0.00165016501650165
"530.5 PC USE PERSONAL ID INFO -> 484 PC-PETTY THEFT-COIN MACHIN",1,0.00165016501650165
"530.5 PC USE PERSONAL ID INFO -> 496(A) PC REC STOLEN AUTO PART",1,0.00165016501650165
"530.5 PC USE PERSONAL ID INFO -> 496(A) RECEIVE STOLEN PROPERTY",1,0.00165016501650165
"530.5 PC USE PERSONAL ID INFO -> 498(B)(5) THEFT OF ELECTRICITY",1,0.00165016501650165
"530.5 PC USE PERSONAL ID INFO -> 529 PC FALSE PERSONATION",1,0.00165016501650165
"530.5 PC USE PERSONAL ID INFO -> 587C PC EVADE PAYMENT RAILFARE",1,0.00165016501650165
"530.5 PC USE PERSONAL ID INFO -> 602(L)(1)TRESPASS REFUSE TO LV",1,0.00165016501650165
"530.5 PC USE PERSONAL ID INFO -> 602(N)TRESP DRIVE ON PRIVATE P",1,0.00165016501650165
"530.5 PC USE PERSONAL ID INFO -> 647(A) PC LEWD CONDUCT",1,0.00165016501650165
"530.5 PC USE PERSONAL ID INFO -> ABC LICENSE VIO/INFO - I RPT",1,0.00165016501650165
"530.5 PC USE PERSONAL ID INFO -> ACCIDENTAL FIRES/ARSON -I RPT",1,0.00165016501650165
"530.5 PC USE PERSONAL ID INFO -> ASSAULT WITH WEAPON - I RPT",1,0.00165016501650165
"530.5 PC USE PERSONAL ID INFO -> BATTERY - I RPT",1,0.00165016501650165
"530.5 PC USE PERSONAL ID INFO -> BURGLARY - I RPT",1,0.00165016501650165
"530.5 PC USE PERSONAL ID INFO -> O/S AGENCY -ASSISTANCE- I RPT",1,0.00165016501650165
"530.5 PC USE PERSONAL ID INFO -> PETTY THEFT - I RPT",1,0.00165016501650165
"530.5 PC USE PERSONAL ID INFO -> POSS STOLEN VEHICLE- I RPT",1,0.00165016501650165
"530.5 PC USE PERSONAL ID INFO -> RECOVERED PROPERTY - I RPT",1,0.00165016501650165
"530.5 PC USE PERSONAL ID INFO -> VANDALISM - I RPT",1,0.00165016501650165
"532 PC FRAUD OBTAIN MONEY ETC -> 11364 HS POSS DRUG PARAPH",1,0.00165016501650165
"532 PC FRAUD OBTAIN MONEY ETC -> 13.10.200 SCC DUMP PUB PLACES",1,0.00165016501650165
"532 PC FRAUD OBTAIN MONEY ETC -> 23153(A) VC DUI CAUSE INJURY",1,0.00165016501650165
"532 PC FRAUD OBTAIN MONEY ETC -> 653M(B) PC ANNOY/RPT CALL HOME",1,0.00165016501650165
"532 PC FRAUD OBTAIN MONEY ETC -> IMPOUNDED VEHICLE",1,0.00165016501650165
"532 PC FRAUD OBTAIN MONEY ETC -> NARCOTICS SUSP/EVID/ACT- I RPT",1,0.00165016501650165
"532 PC FRAUD OBTAIN MONEY ETC -> TOWED/STORED VEHICLE",1,0.00165016501650165
"532 PC FRAUD OBTAIN MONEY ETC -> TRAFFIC-ACCIDENT INJURY",1,0.00165016501650165
"537(A)(1) DEFRAUD INKEEP/-$400 -> 10851(A)VC TAKE VEH W/O OWNER",1,0.00165016501650165
"537(A)(1) DEFRAUD INKEEP/-$400 -> 20002(A) HIT/RUN",1,0.00165016501650165
"537(A)(1) DEFRAUD INKEEP/-$400 -> 211 PC ROBBERY- BUSINESS",1,0.00165016501650165
"537(A)(1) DEFRAUD INKEEP/-$400 -> 459 PC  BURGLARY BUSINESS",1,0.00165016501650165
"537(A)(1) DEFRAUD INKEEP/-$400 -> 484 PETTY THEFT CLOUT UNLOCKED",1,0.00165016501650165
"537(A)(1) DEFRAUD INKEEP/-$400 -> 487(A) PC GRAND THEFT",1,0.00165016501650165
"537(A)(1) DEFRAUD INKEEP/-$400 -> MISSING PERSON",1,0.00165016501650165
"538D PC IMPERSON PEACE OFFICER -> 10851 VC AUTO THEFT LOCATE",1,0.00165016501650165
"538D PC IMPERSON PEACE OFFICER -> 594(B)(1)PC  VANDALISM +$400",1,0.00165016501650165
"587C PC EVADE PAYMENT RAILFARE -> 211 PC ROBBERY-PURSE SNATCH",1,0.00165016501650165
"587C PC EVADE PAYMENT RAILFARE -> TOWED/STORED VEHICLE",1,0.00165016501650165
"594(B)(1)PC  VANDALISM +$400 -> 12.72.060I ADULT LOITER PLYGRD",1,0.00165016501650165
"594(B)(1)PC  VANDALISM +$400 -> 12020(A)(4) PC DIRK/DAGGER",1,0.00165016501650165
"594(B)(1)PC  VANDALISM +$400 -> 12025(A)2)CNCLD GUN ON PER/FEL",1,0.00165016501650165
"594(B)(1)PC  VANDALISM +$400 -> 12403.7(G) PC ILLGL POSS TRGAS",1,0.00165016501650165
"594(B)(1)PC  VANDALISM +$400 -> 14601.1(A) VC LIC SUSP OTHER",1,0.00165016501650165
"594(B)(1)PC  VANDALISM +$400 -> 148.1(A)PC FALSE REPT OF BOMB",1,0.00165016501650165
"594(B)(1)PC  VANDALISM +$400 -> 1551(A) FUGITIVE FROM JUSTICE",1,0.00165016501650165
"594(B)(1)PC  VANDALISM +$400 -> 187(A)  HOMICIDE",1,0.00165016501650165
"594(B)(1)PC  VANDALISM +$400 -> 192(C)(2)VEH MAN W/O GROSS NEG",1,0.00165016501650165
"594(B)(1)PC  VANDALISM +$400 -> 20001(A) VC HIT/RUN INJ/DEATH",1,0.00165016501650165
"594(B)(1)PC  VANDALISM +$400 -> 22435.2(A) BP POSS SHOP CART",1,0.00165016501650165
"594(B)(1)PC  VANDALISM +$400 -> 23153(A) VC DUI CAUSE INJURY",1,0.00165016501650165
"594(B)(1)PC  VANDALISM +$400 -> 243(B) PC  BATTERY - OFFICER",1,0.00165016501650165
"594(B)(1)PC  VANDALISM +$400 -> 245(A)(2) AWDW/FIREARM/CIVILIA",1,0.00165016501650165
"594(B)(1)PC  VANDALISM +$400 -> 246 PC SHOOT OCCUP DWELL/VEH",1,0.00165016501650165
"594(B)(1)PC  VANDALISM +$400 -> 247(B) PC SHOOT UNOCC BLDG/VEH",1,0.00165016501650165
"594(B)(1)PC  VANDALISM +$400 -> 273.6(A) PC VIO DV COURT ORDER",1,0.00165016501650165
"594(B)(1)PC  VANDALISM +$400 -> 2800.2(A) VC EVADING/RECKLESS",1,0.00165016501650165
"594(B)(1)PC  VANDALISM +$400 -> 3056 PAROLE VIO - I RPT",1,0.00165016501650165
"594(B)(1)PC  VANDALISM +$400 -> 368(D) THEFT-ELDER >400",1,0.00165016501650165
"594(B)(1)PC  VANDALISM +$400 -> 415(1) PC DISTURB PEACE/FIGHT",1,0.00165016501650165
"594(B)(1)PC  VANDALISM +$400 -> 417(A)2) PC BRANDISH FIREARM",1,0.00165016501650165
"594(B)(1)PC  VANDALISM +$400 -> 422 PC THREAT/INTENT TO TERROR",1,0.00165016501650165
"594(B)(1)PC  VANDALISM +$400 -> 4462.5 VC FALSE TAB/AVOID REG",1,0.00165016501650165
"594(B)(1)PC  VANDALISM +$400 -> 451(D) PC  ARSON OF PROPERTY",1,0.00165016501650165
"594(B)(1)PC  VANDALISM +$400 -> 475(C) PASS FORGED NOTE",1,0.00165016501650165
"594(B)(1)PC  VANDALISM +$400 -> 484J PC PUBLISH CARD INFO",1,0.00165016501650165
"594(B)(1)PC  VANDALISM +$400 -> 487(A) PC GRAND THEFT-SHOPLIFT",1,0.00165016501650165
"594(B)(1)PC  VANDALISM +$400 -> 594(B)(2)(A)VANDALISM GRAF-400",1,0.00165016501650165
"594(B)(1)PC  VANDALISM +$400 -> 647(F) PC DIP - DISORDERLY",1,0.00165016501650165
"594(B)(1)PC  VANDALISM +$400 -> 9.04.050 A DRINKING IN PUBLIC",1,0.00165016501650165
"594(B)(1)PC  VANDALISM +$400 -> ACCIDENTAL FIRES/ARSON -I RPT",1,0.00165016501650165
"594(B)(1)PC  VANDALISM +$400 -> ASSAULT WITH WEAPON - I RPT",1,0.00165016501650165
"594(B)(1)PC  VANDALISM +$400 -> BATTERY - I RPT",1,0.00165016501650165
"594(B)(1)PC  VANDALISM +$400 -> CHILD WELFARE - I RPT",1,0.00165016501650165
"594(B)(1)PC  VANDALISM +$400 -> ELDER ABUSE/PHYS/MENTAL-I RPT",1,0.00165016501650165
"594(B)(1)PC  VANDALISM +$400 -> FALSE PERSONATION - I RPT",1,0.00165016501650165
"594(B)(1)PC  VANDALISM +$400 -> FOUND EVIDENCE-NON NARC -I RPT",1,0.00165016501650165
"594(B)(1)PC  VANDALISM +$400 -> FRAUD OR BUNCO - I RPT",1,0.00165016501650165
"594(B)(1)PC  VANDALISM +$400 -> GANG ACTIVITY - I RPT",1,0.00165016501650165
"594(B)(1)PC  VANDALISM +$400 -> HIT AND RUN /SUSPECTS- I RPT",1,0.00165016501650165
"594(B)(1)PC  VANDALISM +$400 -> LOST PROPERTY - I RPT",1,0.00165016501650165
"594(B)(1)PC  VANDALISM +$400 -> MISSING PERSON I RPT",1,0.00165016501650165
"594(B)(1)PC  VANDALISM +$400 -> POSSIBLE FINANCIAL CRIME-I RPT",1,0.00165016501650165
"594(B)(1)PC  VANDALISM +$400 -> SHOOT INTO OCCUP DWELL - I RPT",1,0.00165016501650165
"594(B)(1)PC  VANDALISM +$400 -> SUSP PERS-NO CRIME - I RPT",1,0.00165016501650165
"594(B)(1)PC  VANDALISM +$400 -> THREATS - I RPT",1,0.00165016501650165
"594(B)(1)PC  VANDALISM +$400 -> WARRANT SERVED - I RPT",1,0.00165016501650165
"594(B)(1)VANDALISM GRAF +$400 -> 11350(A)HS POSS CNTRL SUBST",1,0.00165016501650165
"594(B)(1)VANDALISM GRAF +$400 -> 12.72.060I ADULT LOITER PLYGRD",1,0.00165016501650165
"594(B)(1)VANDALISM GRAF +$400 -> 243.2(A)(1) BATT/SCHOOL INJURY",1,0.00165016501650165
"594(B)(1)VANDALISM GRAF +$400 -> 459 PC  BURGLARY RESIDENCE",1,0.00165016501650165
"594(B)(1)VANDALISM GRAF +$400 -> 459 PC  BURGLARY VEHICLE",1,0.00165016501650165
"594(B)(1)VANDALISM GRAF +$400 -> 484 PETTY THEFT/LICENSE PLATE",1,0.00165016501650165
"594(B)(1)VANDALISM GRAF +$400 -> 594(B)(2)(A) VANDALISM/ -$400",1,0.00165016501650165
"594(B)(1)VANDALISM GRAF +$400 -> 594(B)(2)(A)VANDALISM GRAF-400",1,0.00165016501650165
"594(B)(1)VANDALISM GRAF +$400 -> BATTERY - I RPT",1,0.00165016501650165
"594(B)(1)VANDALISM GRAF +$400 -> FOUND PROPERTY - I RPT",1,0.00165016501650165
"594(B)(1)VANDALISM GRAF +$400 -> MISSING PERSON",1,0.00165016501650165
"594(B)(1)VANDALISM GRAF +$400 -> TOWED/STORED VEHICLE",1,0.00165016501650165
"594(B)(2)(A) VANDALISM/ -$400 -> 10855 VC LSE/RENT NOT RETURNED",1,0.00165016501650165
"594(B)(2)(A) VANDALISM/ -$400 -> 11350(B)HS POSSESS QUAALUDES",1,0.00165016501650165
"594(B)(2)(A) VANDALISM/ -$400 -> 11351.5 HS POSS SALE RCK COCAI",1,0.00165016501650165
"594(B)(2)(A) VANDALISM/ -$400 -> 11352(A)HS SALE/TRANS CNTL SUB",1,0.00165016501650165
"594(B)(2)(A) VANDALISM/ -$400 -> 11357(C)HS POSS +28.5GR MARIJ",1,0.00165016501650165
"594(B)(2)(A) VANDALISM/ -$400 -> 12020(A)1) PROHIBITED FIREARM",1,0.00165016501650165
"594(B)(2)(A) VANDALISM/ -$400 -> 12022.1 PC COMMIT FEL ON BAIL",1,0.00165016501650165
"594(B)(2)(A) VANDALISM/ -$400 -> 148.4(A)PC TAMPER FIRE PROT EQ",1,0.00165016501650165
"594(B)(2)(A) VANDALISM/ -$400 -> 1708 US   THEFT OF MAIL",1,0.00165016501650165
"594(B)(2)(A) VANDALISM/ -$400 -> 212.5(A)ROBBERY-INHAB DWELLING",1,0.00165016501650165
"594(B)(2)(A) VANDALISM/ -$400 -> 212.5(B) ROB-VICINITY OF ATM",1,0.00165016501650165
"594(B)(2)(A) VANDALISM/ -$400 -> 23110(B) VC THROW AT VEH W/INT",1,0.00165016501650165
"594(B)(2)(A) VANDALISM/ -$400 -> 23153(A) VC DUI CAUSE INJURY",1,0.00165016501650165
"594(B)(2)(A) VANDALISM/ -$400 -> 243.6 BATTERY SCHOOL EMPLOYEE",1,0.00165016501650165
"594(B)(2)(A) VANDALISM/ -$400 -> 246 PC SHOOT OCCUP DWELL/VEH",1,0.00165016501650165
"594(B)(2)(A) VANDALISM/ -$400 -> 247(B) PC SHOOT UNOCC BLDG/VEH",1,0.00165016501650165
"594(B)(2)(A) VANDALISM/ -$400 -> 25661 BP FALSE EVIDENCE OF AGE",1,0.00165016501650165
"594(B)(2)(A) VANDALISM/ -$400 -> 273.6(A) PC VIO DV COURT ORDER",1,0.00165016501650165
"594(B)(2)(A) VANDALISM/ -$400 -> 314.1 PC   INDECENT EXPOSURE",1,0.00165016501650165
"594(B)(2)(A) VANDALISM/ -$400 -> 417(A)1) PC BRANDISH NON-GUN",1,0.00165016501650165
"594(B)(2)(A) VANDALISM/ -$400 -> 451(D) PC  ARSON OF PROPERTY",1,0.00165016501650165
"594(B)(2)(A) VANDALISM/ -$400 -> 484 PC  PETTY THEFT AUTO PART",1,0.00165016501650165
"594(B)(2)(A) VANDALISM/ -$400 -> 484 PC  PETTY THEFT/ OUTSIDE",1,0.00165016501650165
"594(B)(2)(A) VANDALISM/ -$400 -> 484 PETTY THEFT CLOUT UNLOCKED",1,0.00165016501650165
"594(B)(2)(A) VANDALISM/ -$400 -> 487(A) GRAND THEFT-AUTO PARTS",1,0.00165016501650165
"594(B)(2)(A) VANDALISM/ -$400 -> 487(A) GRAND THEFT-CLOUT-UNLOC",1,0.00165016501650165
"594(B)(2)(A) VANDALISM/ -$400 -> 487(A) GRAND THEFT-COIN MACHIN",1,0.00165016501650165
"594(B)(2)(A) VANDALISM/ -$400 -> 537(A)(1) DEFRAUD INKEEP/-$400",1,0.00165016501650165
"594(B)(2)(A) VANDALISM/ -$400 -> 594(B)(2)(A)VANDALISM GRAF-400",1,0.00165016501650165
"594(B)(2)(A) VANDALISM/ -$400 -> 601(A) WI JUVENILE INCORRIGIBL",1,0.00165016501650165
"594(B)(2)(A) VANDALISM/ -$400 -> 602(K)TRESPASS:INJURE PROPERTY",1,0.00165016501650165
"594(B)(2)(A) VANDALISM/ -$400 -> 647(I) PEEPING TOM-INHAB DWELL",1,0.00165016501650165
"594(B)(2)(A) VANDALISM/ -$400 -> 653.22(A) LOITER PROSTITUTION",1,0.00165016501650165
"594(B)(2)(A) VANDALISM/ -$400 -> CAR CLOUT -  I RPT",1,0.00165016501650165
"594(B)(2)(A) VANDALISM/ -$400 -> COLLISION/ACCIDENT BOATS",1,0.00165016501650165
"594(B)(2)(A) VANDALISM/ -$400 -> DAMAGE - I RPT",1,0.00165016501650165
"594(B)(2)(A) VANDALISM/ -$400 -> ELDER ABUSE/PHYS/MENTAL-I RPT",1,0.00165016501650165
"594(B)(2)(A) VANDALISM/ -$400 -> FORGERY-COUNTERFEITING",1,0.00165016501650165
"594(B)(2)(A) VANDALISM/ -$400 -> FRAUD OR BUNCO - I RPT",1,0.00165016501650165
"594(B)(2)(A) VANDALISM/ -$400 -> GRAND THEFT - I RPT",1,0.00165016501650165
"594(B)(2)(A) VANDALISM/ -$400 -> IMPOUNDED VEHICLE",1,0.00165016501650165
"594(B)(2)(A) VANDALISM/ -$400 -> INTOX REPORT/ADMIN PER - I RPT",1,0.00165016501650165
"594(B)(2)(A) VANDALISM/ -$400 -> MISSING PERSON I RPT",1,0.00165016501650165
"594(B)(2)(A) VANDALISM/ -$400 -> NEIGHBORHOOD DISTURBANCE-I RPT",1,0.00165016501650165
"594(B)(2)(A) VANDALISM/ -$400 -> PERSON INFORMATION - I RPT",1,0.00165016501650165
"594(B)(2)(A) VANDALISM/ -$400 -> PETTY THEFT - I RPT",1,0.00165016501650165
"594(B)(2)(A) VANDALISM/ -$400 -> POSS STOLEN VEHICLE- I RPT",1,0.00165016501650165
"594(B)(2)(A) VANDALISM/ -$400 -> POSSIBLE STOLEN PROPERTY-I RPT",1,0.00165016501650165
"594(B)(2)(A) VANDALISM/ -$400 -> PROB VIOLA/FEL-MISD - I RPT",1,0.00165016501650165
"594(B)(2)(A) VANDALISM/ -$400 -> PROTECTIVE CUSTODY-I RPT",1,0.00165016501650165
"594(B)(2)(A) VANDALISM/ -$400 -> RECOVERED PROPERTY - I RPT",1,0.00165016501650165
"594(B)(2)(A) VANDALISM/ -$400 -> SUSP PERS-NO CRIME - I RPT",1,0.00165016501650165
"594(B)(2)(A) VANDALISM/ -$400 -> SUSPICIOUS VEHICLE - I RPT",1,0.00165016501650165
"594(B)(2)(A) VANDALISM/ -$400 -> TRESPASS OR PROWLER- I RPT",1,0.00165016501650165
"594(B)(2)(A) VANDALISM/ -$400 -> WARRANT SERVED - I RPT",1,0.00165016501650165
"594(B)(2)(A)VANDALISM GRAF-400 -> 10.48.150 E FALSIFY PKG PERMIT",1,0.00165016501650165
"594(B)(2)(A)VANDALISM GRAF-400 -> 11350(B)HS POSSESS QUAALUDES",1,0.00165016501650165
"594(B)(2)(A)VANDALISM GRAF-400 -> 12.52.030 SCC UNLAWFUL CAMPING",1,0.00165016501650165
"594(B)(2)(A)VANDALISM GRAF-400 -> 243(E)1 BATTERY NONCOHAB SPOUS",1,0.00165016501650165
"594(B)(2)(A)VANDALISM GRAF-400 -> 245(A)(1)AWDW/NO FIREARM/CIVIL",1,0.00165016501650165
"594(B)(2)(A)VANDALISM GRAF-400 -> 273.6(A) PC VIO DV COURT ORDER",1,0.00165016501650165
"594(B)(2)(A)VANDALISM GRAF-400 -> 2800.2(A) VC EVADING/RECKLESS",1,0.00165016501650165
"594(B)(2)(A)VANDALISM GRAF-400 -> 459 PC  BURGLARY BUSINESS",1,0.00165016501650165
"594(B)(2)(A)VANDALISM GRAF-400 -> 459 PC  BURGLARY VEHICLE",1,0.00165016501650165
"594(B)(2)(A)VANDALISM GRAF-400 -> 484 PC   PETTY THEFT/INSIDE",1,0.00165016501650165
"594(B)(2)(A)VANDALISM GRAF-400 -> 484 PC  PETTY THEFT/ OUTSIDE",1,0.00165016501650165
"594(B)(2)(A)VANDALISM GRAF-400 -> 484G(B) PC ACCESS CARD FRAUD",1,0.00165016501650165
"594(B)(2)(A)VANDALISM GRAF-400 -> 529 PC FALSE PERSONATION",1,0.00165016501650165
"594(B)(2)(A)VANDALISM GRAF-400 -> 530.5 PC USE PERSONAL ID INFO",1,0.00165016501650165
"594(B)(2)(A)VANDALISM GRAF-400 -> 594(B)(1)PC  VANDALISM +$400",1,0.00165016501650165
"594(B)(2)(A)VANDALISM GRAF-400 -> 666 PC PETTY THEFT W/PRI CONV",1,0.00165016501650165
"594(B)(2)(A)VANDALISM GRAF-400 -> ABC LICENSE VIO/INFO - I RPT",1,0.00165016501650165
"594(B)(2)(A)VANDALISM GRAF-400 -> BOMBS/THREATS/EXPLOSIV- I RPT",1,0.00165016501650165
"594(B)(2)(A)VANDALISM GRAF-400 -> CASUALTY REPORT",1,0.00165016501650165
"594(B)(2)(A)VANDALISM GRAF-400 -> FILE-UNABLE TO DEFINE - I RPT",1,0.00165016501650165
"594(B)(2)(A)VANDALISM GRAF-400 -> FOUND PROPERTY - I RPT",1,0.00165016501650165
"594(B)(2)(A)VANDALISM GRAF-400 -> LOST PROPERTY - I RPT",1,0.00165016501650165
"594(B)(2)(A)VANDALISM GRAF-400 -> NEIGHBORHOOD DISTURBANCE-I RPT",1,0.00165016501650165
"594(B)(2)(A)VANDALISM GRAF-400 -> RPT # CANCELLED- I RPT",1,0.00165016501650165
"594(B)(2)(A)VANDALISM GRAF-400 -> TRESPASS OR PROWLER- I RPT",1,0.00165016501650165
"594(B)(2)(A)VANDALISM GRAF-400 -> VANDALISM - I RPT",1,0.00165016501650165
"594(B)(2)(A)VANDALISM GRAF-400 -> WARRANT SERVED - I RPT",1,0.00165016501650165
"594.3(A)VANDAL/PLACE OF WORSHI -> 245(A)(1)AWDW/NO FIREARM/CIVIL",1,0.00165016501650165
"594.3(A)VANDAL/PLACE OF WORSHI -> 459 PC  BURGLARY BUSINESS",1,0.00165016501650165
"594.3(A)VANDAL/PLACE OF WORSHI -> 529 PC FALSE PERSONATION",1,0.00165016501650165
"594.3(A)VANDAL/PLACE OF WORSHI -> NON INJ HR/MAIL OUT REPORT",1,0.00165016501650165
"601(A) WI JUVENILE INCORRIGIBL -> 10851(A)VC TAKE VEH W/O OWNER",1,0.00165016501650165
"601(A) WI JUVENILE INCORRIGIBL -> 211 PC  ROBBERY UNSPECIFIED",1,0.00165016501650165
"601(A) WI JUVENILE INCORRIGIBL -> 242 PC  BATTERY CIVILIAN",1,0.00165016501650165
"601(A) WI JUVENILE INCORRIGIBL -> 459 PC  BURGLARY VEHICLE",1,0.00165016501650165
"601(A) WI JUVENILE INCORRIGIBL -> 476 PC PASS FICTICIOUS CHECK",1,0.00165016501650165
"601(A) WI JUVENILE INCORRIGIBL -> 484 PETTY THEFT/LICENSE PLATE",1,0.00165016501650165
"601(A) WI JUVENILE INCORRIGIBL -> 5150 WI DANGER SELF/OTHERS",1,0.00165016501650165
"601(A) WI JUVENILE INCORRIGIBL -> LOST PROPERTY - I RPT",1,0.00165016501650165
"601(A) WI JUVENILE INCORRIGIBL -> VICE/GAMBLING ACT - I RPT",1,0.00165016501650165
"602(K)TRESPASS:INJURE PROPERTY -> 11377(A)HS POSS AMPHETAMINES",1,0.00165016501650165
"602(K)TRESPASS:INJURE PROPERTY -> 242 PC  BATTERY CIVILIAN",1,0.00165016501650165
"602(K)TRESPASS:INJURE PROPERTY -> 243(E)1 BATTERY NONCOHAB SPOUS",1,0.00165016501650165
"602(K)TRESPASS:INJURE PROPERTY -> 459 PC  BURGLARY BUSINESS",1,0.00165016501650165
"602(K)TRESPASS:INJURE PROPERTY -> 459 PC  BURGLARY VEHICLE",1,0.00165016501650165
"602(K)TRESPASS:INJURE PROPERTY -> 484 PETTY THEFT-SHOPLIFT",1,0.00165016501650165
"602(K)TRESPASS:INJURE PROPERTY -> 484 PETTY THEFT/LICENSE PLATE",1,0.00165016501650165
"602(K)TRESPASS:INJURE PROPERTY -> 594(B)(1)PC  VANDALISM +$400",1,0.00165016501650165
"602(K)TRESPASS:INJURE PROPERTY -> 594(B)(2)(A) VANDALISM/ -$400",1,0.00165016501650165
"602(K)TRESPASS:INJURE PROPERTY -> ABC LICENSE VIO/INFO - I RPT",1,0.00165016501650165
"602(K)TRESPASS:INJURE PROPERTY -> SUSP PERS-NO CRIME - I RPT",1,0.00165016501650165
"602(K)TRESPASS:INJURE PROPERTY -> TOWED/STORED VEHICLE",1,0.00165016501650165
"602(L)(1)TRESPASS REFUSE TO LV -> 10851(A)VC TAKE VEH W/O OWNER",1,0.00165016501650165
"602(L)(1)TRESPASS REFUSE TO LV -> 11359 HS POSS FOR SALE MARIJ",1,0.00165016501650165
"602(L)(1)TRESPASS REFUSE TO LV -> 20002(A) HIT/RUN",1,0.00165016501650165
"602(L)(1)TRESPASS REFUSE TO LV -> 243(E)1 BATTERY NONCOHAB SPOUS",1,0.00165016501650165
"602(L)(1)TRESPASS REFUSE TO LV -> 5150 WI DANGER SELF/OTHERS",1,0.00165016501650165
"602(L)(1)TRESPASS REFUSE TO LV -> 594(B)(2)(A) VANDALISM/ -$400",1,0.00165016501650165
"602(L)(1)TRESPASS REFUSE TO LV -> 653.22(A) LOITER PROSTITUTION",1,0.00165016501650165
"602(L)(1)TRESPASS REFUSE TO LV -> 666 PC PETTY THEFT W/PRI CONV",1,0.00165016501650165
"602(L)(1)TRESPASS REFUSE TO LV -> ACCIDENTAL FIRES/ARSON -I RPT",1,0.00165016501650165
"602(L)(1)TRESPASS REFUSE TO LV -> NEIGHBORHOOD DISTURBANCE-I RPT",1,0.00165016501650165
"602(L)(1)TRESPASS REFUSE TO LV -> TOWED/STORED VEH-14602.6",1,0.00165016501650165
"602(L)(1)TRESPASS REFUSE TO LV -> WARRANT SERVED - I RPT",1,0.00165016501650165
"602(N)TRESP DRIVE ON PRIVATE P -> TOWED/STORED VEH-14602.6",1,0.00165016501650165
"602.5 PC ENTRY OF PROPERTY -> 484 PC   PETTY THEFT/INSIDE",1,0.00165016501650165
"602.5 PC ENTRY OF PROPERTY -> BURGLARY - I RPT",1,0.00165016501650165
"602.5 PC ENTRY OF PROPERTY -> FOUND PROPERTY - I RPT",1,0.00165016501650165
"602.5 PC ENTRY OF PROPERTY -> TRAFFIC-ACCIDENT INJURY",1,0.00165016501650165
"603  FORCED ENTRY/PROP DAMAGE -> 459 PC  BURGLARY BUSINESS",1,0.00165016501650165
"603  FORCED ENTRY/PROP DAMAGE -> 459 PC  BURGLARY RESIDENCE",1,0.00165016501650165
"603  FORCED ENTRY/PROP DAMAGE -> CASUALTY REPORT",1,0.00165016501650165
"603  FORCED ENTRY/PROP DAMAGE -> MISSING PERSON",1,0.00165016501650165
"626.10(A) PC POSS WPN SCHL ZN -> 1551(A) FUGITIVE FROM JUSTICE",1,0.00165016501650165
"626.10(A) PC POSS WPN SCHL ZN -> 20001(A) VC HIT/RUN INJ/DEATH",1,0.00165016501650165
"626.10(A) PC POSS WPN SCHL ZN -> 243.2(A)(1) BATT/SCHOOL INJURY",1,0.00165016501650165
"626.10(A) PC POSS WPN SCHL ZN -> 415(1) PC DISTURB PEACE/FIGHT",1,0.00165016501650165
"626.10(A) PC POSS WPN SCHL ZN -> 496(A) RECEIVE STOLEN PROPERTY",1,0.00165016501650165
"626.10(A) PC POSS WPN SCHL ZN -> 529 PC FALSE PERSONATION",1,0.00165016501650165
"626.10(A) PC POSS WPN SCHL ZN -> 594(B)(1)PC  VANDALISM +$400",1,0.00165016501650165
"626.10(A) PC POSS WPN SCHL ZN -> 594.3(A)VANDAL/PLACE OF WORSHI",1,0.00165016501650165
"626.10(A) PC POSS WPN SCHL ZN -> NON INJ HR/MAIL OUT REPORT",1,0.00165016501650165
"626.10(A) PC POSS WPN SCHL ZN -> TRAFFIC-ACCIDENT INJURY",1,0.00165016501650165
"647(A) PC LEWD CONDUCT -> 530.5 PC USE PERSONAL ID INFO",1,0.00165016501650165
"647(A) PC LEWD CONDUCT -> GANG ACTIVITY - I RPT",1,0.00165016501650165
"647(B) PC   PROSTITUTION -> 10853 VC MALIC MISCHIEF TO VEH",1,0.00165016501650165
"647(B) PC   PROSTITUTION -> 11350(A)HS POSS CNTRL SUBST",1,0.00165016501650165
"647(B) PC   PROSTITUTION -> 11364 HS POSS DRUG PARAPH",1,0.00165016501650165
"647(B) PC   PROSTITUTION -> 12020(A)1) PROHIBITED FIREARM",1,0.00165016501650165
"647(B) PC   PROSTITUTION -> 14601.1(A) VC LIC SUSP OTHER",1,0.00165016501650165
"647(B) PC   PROSTITUTION -> 166(A)(4) WILFUL DISOBEY CT OR",1,0.00165016501650165
"647(B) PC   PROSTITUTION -> 1708 US   THEFT OF MAIL",1,0.00165016501650165
"647(B) PC   PROSTITUTION -> 20001(A) VC HIT/RUN INJ/DEATH",1,0.00165016501650165
"647(B) PC   PROSTITUTION -> 21200.5 VC BICYCLE DUI",1,0.00165016501650165
"647(B) PC   PROSTITUTION -> 215(A) PC    CARJACKING",1,0.00165016501650165
"647(B) PC   PROSTITUTION -> 23152(A) VC DUI-ALCOHOL/DRUGS",1,0.00165016501650165
"647(B) PC   PROSTITUTION -> 23222(B)POSSESS MARIJ IN VEH",1,0.00165016501650165
"647(B) PC   PROSTITUTION -> 242 PC  BATTERY CIVILIAN",1,0.00165016501650165
"647(B) PC   PROSTITUTION -> 247(B) PC SHOOT UNOCC BLDG/VEH",1,0.00165016501650165
"647(B) PC   PROSTITUTION -> 25661 BP FALSE EVIDENCE OF AGE",1,0.00165016501650165
"647(B) PC   PROSTITUTION -> 278.5(A)DEPRIVE RIGHT OF CUSTO",1,0.00165016501650165
"647(B) PC   PROSTITUTION -> 3056 PAROLE VIO - I RPT",1,0.00165016501650165
"647(B) PC   PROSTITUTION -> 308(B) PC MINOR POSS TOBACCO",1,0.00165016501650165
"647(B) PC   PROSTITUTION -> 4140 BP  POSS OF HYPO NEEDLE",1,0.00165016501650165
"647(B) PC   PROSTITUTION -> 4574(A)WEAPON/TEAR GAS IN JAIL",1,0.00165016501650165
"647(B) PC   PROSTITUTION -> 475(A)PC POSS FORGED CHK/NOTE",1,0.00165016501650165
"647(B) PC   PROSTITUTION -> 484 PC PETTY THEFT",1,0.00165016501650165
"647(B) PC   PROSTITUTION -> 484G(B) PC ACCESS CARD FRAUD",1,0.00165016501650165
"647(B) PC   PROSTITUTION -> 484J PC PUBLISH CARD INFO",1,0.00165016501650165
"647(B) PC   PROSTITUTION -> 487(A) GRAND THEFT-COIN MACHIN",1,0.00165016501650165
"647(B) PC   PROSTITUTION -> 487(A) PC GRAND THEFT-SHOPLIFT",1,0.00165016501650165
"647(B) PC   PROSTITUTION -> 487(D)GRAND THEFT FIREARM/ANIM",1,0.00165016501650165
"647(B) PC   PROSTITUTION -> 503 PC   EMBEZZLEMENT",1,0.00165016501650165
"647(B) PC   PROSTITUTION -> 529 PC FALSE PERSONATION",1,0.00165016501650165
"647(B) PC   PROSTITUTION -> 530.5 PC USE PERSONAL ID INFO",1,0.00165016501650165
"647(B) PC   PROSTITUTION -> 594(B)(1)VANDALISM GRAF +$400",1,0.00165016501650165
"647(B) PC   PROSTITUTION -> 653.22(A) LOITER PROSTITUTION",1,0.00165016501650165
"647(B) PC   PROSTITUTION -> 653M(A) PC OBSCENE/THREAT CALL",1,0.00165016501650165
"647(B) PC   PROSTITUTION -> CASUALTY REPORT",1,0.00165016501650165
"647(B) PC   PROSTITUTION -> CHILD CUSTODY - I RPT",1,0.00165016501650165
"647(B) PC   PROSTITUTION -> FOUND PROPERTY - I RPT",1,0.00165016501650165
"647(B) PC   PROSTITUTION -> FRAUD OR BUNCO - I RPT",1,0.00165016501650165
"647(B) PC   PROSTITUTION -> GANG ACTIVITY - I RPT",1,0.00165016501650165
"647(B) PC   PROSTITUTION -> HIT AND RUN /SUSPECTS- I RPT",1,0.00165016501650165
"647(B) PC   PROSTITUTION -> LOST PROPERTY - I RPT",1,0.00165016501650165
"647(B) PC   PROSTITUTION -> POSS STOLEN VEHICLE- I RPT",1,0.00165016501650165
"647(B) PC   PROSTITUTION -> POSSIBLE FINANCIAL CRIME-I RPT",1,0.00165016501650165
"647(B) PC   PROSTITUTION -> THREATS - I RPT",1,0.00165016501650165
"647(B) PC   PROSTITUTION -> TRAFFIC - I RPT",1,0.00165016501650165
"647(F) PC DIP - DISORDERLY -> 10851 VC AUTO THEFT LOCATE",1,0.00165016501650165
"647(F) PC DIP - DISORDERLY -> 12020(A)1) PROHIBITED FIREARM",1,0.00165016501650165
"647(F) PC DIP - DISORDERLY -> 148.9 PC FALSE ID TO OFFICER",1,0.00165016501650165
"647(F) PC DIP - DISORDERLY -> 20001(A) VC HIT/RUN INJ/DEATH",1,0.00165016501650165
"647(F) PC DIP - DISORDERLY -> 23152(A) VC DUI-ALCOHOL/DRUGS",1,0.00165016501650165
"647(F) PC DIP - DISORDERLY -> 242 PC  BATTERY CIVILIAN",1,0.00165016501650165
"647(F) PC DIP - DISORDERLY -> 243(D) PC BATT/CIVILIAN W/INJ",1,0.00165016501650165
"647(F) PC DIP - DISORDERLY -> 245(A)(1)AWDW/NO FIREARM/CIVIL",1,0.00165016501650165
"647(F) PC DIP - DISORDERLY -> 245(A)(2) AWDW/FIREARM/CIVILIA",1,0.00165016501650165
"647(F) PC DIP - DISORDERLY -> 459 PC  BURGLARY RESIDENCE",1,0.00165016501650165
"647(F) PC DIP - DISORDERLY -> 484 PC  PETTY THEFT/ OUTSIDE",1,0.00165016501650165
"647(F) PC DIP - DISORDERLY -> 484 PETTY THEFT/LICENSE PLATE",1,0.00165016501650165
"647(F) PC DIP - DISORDERLY -> 487(D) PC GRAND THEFT AUTO",1,0.00165016501650165
"647(F) PC DIP - DISORDERLY -> 487(D)GRAND THEFT FIREARM/ANIM",1,0.00165016501650165
"647(F) PC DIP - DISORDERLY -> 5150 WI DANGER SELF/OTHERS",1,0.00165016501650165
"647(F) PC DIP - DISORDERLY -> 530.5 PC USE PERSONAL ID INFO",1,0.00165016501650165
"647(F) PC DIP - DISORDERLY -> 587C PC EVADE PAYMENT RAILFARE",1,0.00165016501650165
"647(F) PC DIP - DISORDERLY -> 594(B)(2)(A)VANDALISM GRAF-400",1,0.00165016501650165
"647(F) PC DIP - DISORDERLY -> FOUND PROPERTY - I RPT",1,0.00165016501650165
"647(F) PC DIP - DISORDERLY -> NEIGHBORHOOD DISTURBANCE-I RPT",1,0.00165016501650165
"647(F) PC DIP - DISORDERLY -> TOWED/STORED VEHICLE",1,0.00165016501650165
"647(F) PC DIP - DISORDERLY -> TRAFFIC - I RPT",1,0.00165016501650165
"647(F) PC DIP - DISORDERLY -> VANDALISM - I RPT",1,0.00165016501650165
"647(F) PC PUB INTOX-DETOX ONLY -> 290(A)(1)(D) FAIL TO REG-5 DAY",1,0.00165016501650165
"647(F) PC PUB INTOX-DETOX ONLY -> 459 PC  BURGLARY RESIDENCE",1,0.00165016501650165
"647(F) PC PUB INTOX-DETOX ONLY -> TRAFFIC-ACCIDENT INJURY",1,0.00165016501650165
"647(I) PEEPING TOM-INHAB DWELL -> 653M(B) PC ANNOY/RPT CALL HOME",1,0.00165016501650165
"647(I) PEEPING TOM-INHAB DWELL -> GANG ACTIVITY - I RPT",1,0.00165016501650165
"647(I) PEEPING TOM-INHAB DWELL -> TRAFFIC-ACCIDENT INJURY",1,0.00165016501650165
"653.22(A) LOITER PROSTITUTION -> 10852 VC VEHICLE TAMPERING",1,0.00165016501650165
"653.22(A) LOITER PROSTITUTION -> 11350(A)HS POSS CNTRL SUBST",1,0.00165016501650165
"653.22(A) LOITER PROSTITUTION -> 11357(B)HS POSS -28.5GR MARIJ",1,0.00165016501650165
"653.22(A) LOITER PROSTITUTION -> 11378 HS POSS/SALE AMPHETAMINE",1,0.00165016501650165
"653.22(A) LOITER PROSTITUTION -> 211 PC ROBBERY-PURSE SNATCH",1,0.00165016501650165
"653.22(A) LOITER PROSTITUTION -> 243(E)1 BATTERY NONCOHAB SPOUS",1,0.00165016501650165
"653.22(A) LOITER PROSTITUTION -> 273.6(A) PC VIO DV COURT ORDER",1,0.00165016501650165
"653.22(A) LOITER PROSTITUTION -> 459 PC  BURGLARY BUSINESS",1,0.00165016501650165
"653.22(A) LOITER PROSTITUTION -> 484 PC  PETTY THEFT/ OUTSIDE",1,0.00165016501650165
"653.22(A) LOITER PROSTITUTION -> 484 PETTY THEFT CLOUT UNLOCKED",1,0.00165016501650165
"653.22(A) LOITER PROSTITUTION -> 484 PETTY THEFT-SHOPLIFT",1,0.00165016501650165
"653.22(A) LOITER PROSTITUTION -> 537(A)(1) DEFRAUD INKEEP/-$400",1,0.00165016501650165
"653.22(A) LOITER PROSTITUTION -> 538D PC IMPERSON PEACE OFFICER",1,0.00165016501650165
"653.22(A) LOITER PROSTITUTION -> 594(B)(1)PC  VANDALISM +$400",1,0.00165016501650165
"653.22(A) LOITER PROSTITUTION -> 594(B)(2)(A) VANDALISM/ -$400",1,0.00165016501650165
"653.22(A) LOITER PROSTITUTION -> 647(B) PC   PROSTITUTION",1,0.00165016501650165
"653.22(A) LOITER PROSTITUTION -> 653.22(A) LOITER PROSTITUTION",1,0.00165016501650165
"653.22(A) LOITER PROSTITUTION -> 666 PC PETTY THEFT W/PRI CONV",1,0.00165016501650165
"653.22(A) LOITER PROSTITUTION -> ABANDONED VEHICLE - I RPT",1,0.00165016501650165
"653.22(A) LOITER PROSTITUTION -> CASUALTY REPORT",1,0.00165016501650165
"653.22(A) LOITER PROSTITUTION -> FOUND PROPERTY - I RPT",1,0.00165016501650165
"653.22(A) LOITER PROSTITUTION -> HARASSMENT - I RPT",1,0.00165016501650165
"653.22(A) LOITER PROSTITUTION -> MISCELLANEOUS I RPT (ZMISC)",1,0.00165016501650165
"653.22(A) LOITER PROSTITUTION -> MISSING PERSON LOCATE O/S ASSI",1,0.00165016501650165
"653.22(A) LOITER PROSTITUTION -> NEIGHBORHOOD DISTURBANCE-I RPT",1,0.00165016501650165
"653.22(A) LOITER PROSTITUTION -> PROB VIOLA/FEL-MISD - I RPT",1,0.00165016501650165
"653.22(A) LOITER PROSTITUTION -> SAFEKEEPING - I RPT",1,0.00165016501650165
"653.22(A) LOITER PROSTITUTION -> THREATS - I RPT",1,0.00165016501650165
"653.22(A) LOITER PROSTITUTION -> TRAFFIC-ACCIDENT INJURY",1,0.00165016501650165
"653K PC POSS/SELL SWITCHBLADE -> 10851(A)VC TAKE VEH W/O OWNER",1,0.00165016501650165
"653K PC POSS/SELL SWITCHBLADE -> 459 PC  BURGLARY BUSINESS",1,0.00165016501650165
"653K PC POSS/SELL SWITCHBLADE -> 484 PETTY THEFT-SHOPLIFT",1,0.00165016501650165
"653K PC POSS/SELL SWITCHBLADE -> 594(B)(2)(A) VANDALISM/ -$400",1,0.00165016501650165
"653K PC POSS/SELL SWITCHBLADE -> HARASSMENT - I RPT",1,0.00165016501650165
"653K PC POSS/SELL SWITCHBLADE -> TOWED/STORED VEHICLE",1,0.00165016501650165
"653M(A) PC OBSCENE/THREAT CALL -> 11364 HS POSS DRUG PARAPH",1,0.00165016501650165
"653M(A) PC OBSCENE/THREAT CALL -> 1705 US DESTRUCT OF MAIL RECEP",1,0.00165016501650165
"653M(A) PC OBSCENE/THREAT CALL -> 20002(A) HIT/RUN",1,0.00165016501650165
"653M(A) PC OBSCENE/THREAT CALL -> 242 PC  BATTERY CIVILIAN",1,0.00165016501650165
"653M(A) PC OBSCENE/THREAT CALL -> 422 PC THREAT/INTENT TO TERROR",1,0.00165016501650165
"653M(A) PC OBSCENE/THREAT CALL -> 459 PC  BURGLARY BUSINESS",1,0.00165016501650165
"653M(A) PC OBSCENE/THREAT CALL -> 459 PC  BURGLARY-UNSPECIFIED",1,0.00165016501650165
"653M(A) PC OBSCENE/THREAT CALL -> 484 PETTY THEFT/LICENSE PLATE",1,0.00165016501650165
"653M(A) PC OBSCENE/THREAT CALL -> 484E(A)PC THEFT OF CREDIT CARD",1,0.00165016501650165
"653M(A) PC OBSCENE/THREAT CALL -> 5150 WI DANGER SELF/OTHERS",1,0.00165016501650165
"653M(A) PC OBSCENE/THREAT CALL -> 594(B)(2)(A) VANDALISM/ -$400",1,0.00165016501650165
"653M(A) PC OBSCENE/THREAT CALL -> 594(B)(2)(A)VANDALISM GRAF-400",1,0.00165016501650165
"653M(A) PC OBSCENE/THREAT CALL -> 647(A) PC LEWD CONDUCT",1,0.00165016501650165
"653M(A) PC OBSCENE/THREAT CALL -> 647(B) PC   PROSTITUTION",1,0.00165016501650165
"653M(A) PC OBSCENE/THREAT CALL -> 647(F) PC DIP - DISORDERLY",1,0.00165016501650165
"653M(A) PC OBSCENE/THREAT CALL -> HARASSMENT - I RPT",1,0.00165016501650165
"653M(A) PC OBSCENE/THREAT CALL -> NARCOTICS SUSP/EVID/ACT- I RPT",1,0.00165016501650165
"653M(A) PC OBSCENE/THREAT CALL -> NEIGHBORHOOD DISTURBANCE-I RPT",1,0.00165016501650165
"653M(A) PC OBSCENE/THREAT CALL -> TOWED/STORED VEHICLE",1,0.00165016501650165
"653M(B) PC ANNOY/RPT CALL HOME -> 10851 VC AUTO THEFT LOCATE",1,0.00165016501650165
"653M(B) PC ANNOY/RPT CALL HOME -> 1708 US   THEFT OF MAIL",1,0.00165016501650165
"653M(B) PC ANNOY/RPT CALL HOME -> 20001(A) VC HIT/RUN INJ/DEATH",1,0.00165016501650165
"653M(B) PC ANNOY/RPT CALL HOME -> 23103(A) RECKLESS ON HIGHWAY",1,0.00165016501650165
"653M(B) PC ANNOY/RPT CALL HOME -> 23153(A) VC DUI CAUSE INJURY",1,0.00165016501650165
"653M(B) PC ANNOY/RPT CALL HOME -> 4140 BP  POSS OF HYPO NEEDLE",1,0.00165016501650165
"653M(B) PC ANNOY/RPT CALL HOME -> 451(D) PC  ARSON OF PROPERTY",1,0.00165016501650165
"653M(B) PC ANNOY/RPT CALL HOME -> 484 PC PETTY THEFT",1,0.00165016501650165
"653M(B) PC ANNOY/RPT CALL HOME -> 484 PETTY THEFT CLOUT UNLOCKED",1,0.00165016501650165
"653M(B) PC ANNOY/RPT CALL HOME -> 484G(B) PC ACCESS CARD FRAUD",1,0.00165016501650165
"653M(B) PC ANNOY/RPT CALL HOME -> 506 PC EMBEZZLEMENT/CONTRACTOR",1,0.00165016501650165
"653M(B) PC ANNOY/RPT CALL HOME -> 5150 WI DANGER SELF/OTHERS",1,0.00165016501650165
"653M(B) PC ANNOY/RPT CALL HOME -> 530 PC FALSE PERS. REC PROP",1,0.00165016501650165
"653M(B) PC ANNOY/RPT CALL HOME -> 594(B)(2)(A) VANDALISM/ -$400",1,0.00165016501650165
"653M(B) PC ANNOY/RPT CALL HOME -> 666 PC PETTY THEFT W/PRI CONV",1,0.00165016501650165
"653M(B) PC ANNOY/RPT CALL HOME -> 9.40.020(A) JUVENILE CURFEW",1,0.00165016501650165
"653M(B) PC ANNOY/RPT CALL HOME -> CASUALTY REPORT",1,0.00165016501650165
"653M(B) PC ANNOY/RPT CALL HOME -> FOUND PROPERTY - I RPT",1,0.00165016501650165
"653M(B) PC ANNOY/RPT CALL HOME -> LOST PROPERTY - I RPT",1,0.00165016501650165
"653M(B) PC ANNOY/RPT CALL HOME -> MISSING PERSON",1,0.00165016501650165
"653M(B) PC ANNOY/RPT CALL HOME -> PERSON INFORMATION - I RPT",1,0.00165016501650165
"653M(B) PC ANNOY/RPT CALL HOME -> SUSP PERS-NO CRIME - I RPT",1,0.00165016501650165
"653M(B) PC ANNOY/RPT CALL HOME -> THREATS - I RPT",1,0.00165016501650165
"664/187(A) ATTEMPTED HOMICIDE -> 484 PC PETTY THEFT",1,0.00165016501650165
"664/187(A) ATTEMPTED HOMICIDE -> 594(B)(1)PC  VANDALISM +$400",1,0.00165016501650165
"664/187(A) ATTEMPTED HOMICIDE -> TOWED/STORED VEH-14602.6",1,0.00165016501650165
"664/187(A) ATTEMPTED HOMICIDE -> TOWED/STORED VEHICLE",1,0.00165016501650165
"666 PC PETTY THEFT W/PRI CONV -> 10851 VC AUTO THEFT LOCATE",1,0.00165016501650165
"666 PC PETTY THEFT W/PRI CONV -> 11350(B)HS POSSESS QUAALUDES",1,0.00165016501650165
"666 PC PETTY THEFT W/PRI CONV -> 11357(B)HS POSS -28.5GR MARIJ",1,0.00165016501650165
"666 PC PETTY THEFT W/PRI CONV -> 11377(A)HS POSS AMPHETAMINES",1,0.00165016501650165
"666 PC PETTY THEFT W/PRI CONV -> 166(A)(4) WILFUL DISOBEY CT OR",1,0.00165016501650165
"666 PC PETTY THEFT W/PRI CONV -> 1708 US   THEFT OF MAIL",1,0.00165016501650165
"666 PC PETTY THEFT W/PRI CONV -> 23152(A) VC DUI-ALCOHOL/DRUGS",1,0.00165016501650165
"666 PC PETTY THEFT W/PRI CONV -> 242 PC  BATTERY CIVILIAN",1,0.00165016501650165
"666 PC PETTY THEFT W/PRI CONV -> 243(E)1 BATTERY NONCOHAB SPOUS",1,0.00165016501650165
"666 PC PETTY THEFT W/PRI CONV -> 243.2(A)(1) BATT/SCHOOL INJURY",1,0.00165016501650165
"666 PC PETTY THEFT W/PRI CONV -> 273.6(A) PC VIO DV COURT ORDER",1,0.00165016501650165
"666 PC PETTY THEFT W/PRI CONV -> 3056 PAROLE VIO - I RPT",1,0.00165016501650165
"666 PC PETTY THEFT W/PRI CONV -> 459 PC  BURGLARY BUSINESS",1,0.00165016501650165
"666 PC PETTY THEFT W/PRI CONV -> 484 PC  PETTY THEFT/ OUTSIDE",1,0.00165016501650165
"666 PC PETTY THEFT W/PRI CONV -> 484 PETTY THEFT/LICENSE PLATE",1,0.00165016501650165
"666 PC PETTY THEFT W/PRI CONV -> 484E(D)PC FRAUD POSS CARD INFO",1,0.00165016501650165
"666 PC PETTY THEFT W/PRI CONV -> 484G(B) PC ACCESS CARD FRAUD",1,0.00165016501650165
"666 PC PETTY THEFT W/PRI CONV -> 487(A) GRAND THEFT-CLOUT-UNLOC",1,0.00165016501650165
"666 PC PETTY THEFT W/PRI CONV -> 487(A) GRAND THEFT-COIN MACHIN",1,0.00165016501650165
"666 PC PETTY THEFT W/PRI CONV -> 529 PC FALSE PERSONATION",1,0.00165016501650165
"666 PC PETTY THEFT W/PRI CONV -> 594(B)(2)(A) VANDALISM/ -$400",1,0.00165016501650165
"666 PC PETTY THEFT W/PRI CONV -> 594(B)(2)(A)VANDALISM GRAF-400",1,0.00165016501650165
"666 PC PETTY THEFT W/PRI CONV -> FOUND PROPERTY - I RPT",1,0.00165016501650165
"666 PC PETTY THEFT W/PRI CONV -> JUVENILE DISURBANCE - I RPT",1,0.00165016501650165
"666 PC PETTY THEFT W/PRI CONV -> MISCELLANEOUS I RPT (ZMISC)",1,0.00165016501650165
"666 PC PETTY THEFT W/PRI CONV -> NARCOTICS SUSP/EVID/ACT- I RPT",1,0.00165016501650165
"666 PC PETTY THEFT W/PRI CONV -> NON INJ HR/MAIL OUT REPORT",1,0.00165016501650165
"666 PC PETTY THEFT W/PRI CONV -> POSSIBLE MENTAL - I RPT",1,0.00165016501650165
"666 PC PETTY THEFT W/PRI CONV -> PROTECTIVE CUSTODY-I RPT",1,0.00165016501650165
"666 PC PETTY THEFT W/PRI CONV -> RECOVERED PROPERTY - I RPT",1,0.00165016501650165
"836.6(B) PC ESCAPE FROM ARREST -> 12.52.030 SCC UNLAWFUL CAMPING",1,0.00165016501650165
"836.6(B) PC ESCAPE FROM ARREST -> 1705 US DESTRUCT OF MAIL RECEP",1,0.00165016501650165
"836.6(B) PC ESCAPE FROM ARREST -> 273.6(A) PC VIO DV COURT ORDER",1,0.00165016501650165
"836.6(B) PC ESCAPE FROM ARREST -> 459 PC  BURGLARY RESIDENCE",1,0.00165016501650165
"836.6(B) PC ESCAPE FROM ARREST -> 594(B)(2)(A)VANDALISM GRAF-400",1,0.00165016501650165
"849(B)(1) CERTIFICATE OF RELEA -> 10851(A)VC TAKE VEH W/O OWNER",1,0.00165016501650165
"849(B)(1) CERTIFICATE OF RELEA -> 11350(A)HS POSS CNTRL SUBST",1,0.00165016501650165
"849(B)(1) CERTIFICATE OF RELEA -> 243(B) BATTERY DR/NURSE/EMERG",1,0.00165016501650165
"849(B)(1) CERTIFICATE OF RELEA -> 459 PC  BURGLARY VEHICLE",1,0.00165016501650165
"849(B)(1) CERTIFICATE OF RELEA -> 594(B)(2)(A) VANDALISM/ -$400",1,0.00165016501650165
"849(B)(1) CERTIFICATE OF RELEA -> MISCELLANEOUS I RPT (ZMISC)",1,0.00165016501650165
"849(B)(1) CERTIFICATE OF RELEA -> NON INJ HR/MAIL OUT REPORT",1,0.00165016501650165
"849(B)(1) CERTIFICATE OF RELEA -> TOWED/STORED VEHICLE",1,0.00165016501650165
"849(B)(1) CERTIFICATE OF RELEA -> TRAFFIC-ACCIDENT INJURY",1,0.00165016501650165
"9.04.050 A DRINKING IN PUBLIC -> 314.1 PC   INDECENT EXPOSURE",1,0.00165016501650165
"9.04.050 A DRINKING IN PUBLIC -> 459 PC  BURGLARY BUSINESS",1,0.00165016501650165
"9.04.050 A DRINKING IN PUBLIC -> 459 PC  BURGLARY RESIDENCE",1,0.00165016501650165
"9.04.050 A DRINKING IN PUBLIC -> 459 PC  BURGLARY VEHICLE",1,0.00165016501650165
"9.04.050 A DRINKING IN PUBLIC -> 484 PETTY THEFT-SHOPLIFT",1,0.00165016501650165
"9.04.050 A DRINKING IN PUBLIC -> 653M(A) PC OBSCENE/THREAT CALL",1,0.00165016501650165
"9.04.050 A DRINKING IN PUBLIC -> FOUND PROPERTY - I RPT",1,0.00165016501650165
"9.04.050 A DRINKING IN PUBLIC -> MISSING PERSON",1,0.00165016501650165
"9.04.050 A DRINKING IN PUBLIC -> NARCOTICS SUSP/EVID/ACT- I RPT",1,0.00165016501650165
"9.04.050 A DRINKING IN PUBLIC -> THREATS - I RPT",1,0.00165016501650165
"9.04.050 A DRINKING IN PUBLIC -> TOWED/STORED VEH-14602.6",1,0.00165016501650165
"9.04.050 A DRINKING IN PUBLIC -> TRAFFIC-ACCIDENT INJURY",1,0.00165016501650165
"9.04.050C POSS OPEN CONTAINER -> 212.5(B) ROB-VICINITY OF ATM",1,0.00165016501650165
"9.40.020(A) JUVENILE CURFEW -> 10851(A)VC TAKE VEH W/O OWNER",1,0.00165016501650165
"9.40.020(A) JUVENILE CURFEW -> 23152(A) VC DUI-ALCOHOL/DRUGS",1,0.00165016501650165
"9.40.020(A) JUVENILE CURFEW -> 314.1 PC   INDECENT EXPOSURE",1,0.00165016501650165
"9.40.020(A) JUVENILE CURFEW -> 459 PC  BURGLARY RESIDENCE",1,0.00165016501650165
"9.40.020(A) JUVENILE CURFEW -> 594(B)(2)(A) VANDALISM/ -$400",1,0.00165016501650165
"9.40.020(A) JUVENILE CURFEW -> CASUALTY REPORT",1,0.00165016501650165
"9.40.020(A) JUVENILE CURFEW -> MISSING PERSON LOCATE O/S ASSI",1,0.00165016501650165
"9.44.220 SCC ANIMAL AT LARGE -> 11364 HS POSS DRUG PARAPH",1,0.00165016501650165
"9.44.220 SCC ANIMAL AT LARGE -> 594(B)(1)PC  VANDALISM +$400",1,0.00165016501650165
"9.44.220 SCC ANIMAL AT LARGE -> 594(B)(2)(A) VANDALISM/ -$400",1,0.00165016501650165
"9.44.220 SCC ANIMAL AT LARGE -> MISSING PERSON",1,0.00165016501650165
"99170 PUBLIC UTILITIES CODE -> 11357(B)HS POSS -28.5GR MARIJ",1,0.00165016501650165
"99170 PUBLIC UTILITIES CODE -> FOUND PROPERTY - I RPT",1,0.00165016501650165
"ABC LICENSE VIO/INFO - I RPT -> 211 PC ROBBERY-PURSE SNATCH",1,0.00165016501650165
"ABC LICENSE VIO/INFO - I RPT -> 245(A)(1)AWDW/NO FIREARM/CIVIL",1,0.00165016501650165
"ABC LICENSE VIO/INFO - I RPT -> 25632 BP CONSM ALC AFT CLOSING",1,0.00165016501650165
"ABC LICENSE VIO/INFO - I RPT -> 459 PC  BURGLARY VEHICLE",1,0.00165016501650165
"ABC LICENSE VIO/INFO - I RPT -> 487(A) PC GRAND THEFT",1,0.00165016501650165
"ABC LICENSE VIO/INFO - I RPT -> HARASSMENT - I RPT",1,0.00165016501650165
"ABC LICENSE VIO/INFO - I RPT -> TOWED/STORED VEH-14602.6",1,0.00165016501650165
"ACCIDENTAL FIRES/ARSON -I RPT -> 11357(B)HS POSS -28.5GR MARIJ",1,0.00165016501650165
"ACCIDENTAL FIRES/ARSON -I RPT -> 11364 HS POSS DRUG PARAPH",1,0.00165016501650165
"ACCIDENTAL FIRES/ARSON -I RPT -> 11377(A)HS POSS AMPHETAMINES",1,0.00165016501650165
"ACCIDENTAL FIRES/ARSON -I RPT -> 23152(A) VC DUI-ALCOHOL/DRUGS",1,0.00165016501650165
"ACCIDENTAL FIRES/ARSON -I RPT -> 243.2(A)(1) BATT/SCHOOL INJURY",1,0.00165016501650165
"ACCIDENTAL FIRES/ARSON -I RPT -> 243.4(A) SEXUAL BATTERY",1,0.00165016501650165
"ACCIDENTAL FIRES/ARSON -I RPT -> 245(A)(1)AWDW/NO FIREARM/CIVIL",1,0.00165016501650165
"ACCIDENTAL FIRES/ARSON -I RPT -> 245(A)(2) AWDW/FIREARM/CIVILIA",1,0.00165016501650165
"ACCIDENTAL FIRES/ARSON -I RPT -> 247(B) PC SHOOT UNOCC BLDG/VEH",1,0.00165016501650165
"ACCIDENTAL FIRES/ARSON -I RPT -> 308(B) PC MINOR POSS TOBACCO",1,0.00165016501650165
"ACCIDENTAL FIRES/ARSON -I RPT -> 422 PC THREAT/INTENT TO TERROR",1,0.00165016501650165
"ACCIDENTAL FIRES/ARSON -I RPT -> 476 PC PASS FICTICIOUS CHECK",1,0.00165016501650165
"ACCIDENTAL FIRES/ARSON -I RPT -> 484 PC   PETTY THEFT/INSIDE",1,0.00165016501650165
"ACCIDENTAL FIRES/ARSON -I RPT -> 484 PC  PETTY THEFT/ OUTSIDE",1,0.00165016501650165
"ACCIDENTAL FIRES/ARSON -I RPT -> 484 PETTY THEFT/LICENSE PLATE",1,0.00165016501650165
"ACCIDENTAL FIRES/ARSON -I RPT -> 484G(B) PC ACCESS CARD FRAUD",1,0.00165016501650165
"ACCIDENTAL FIRES/ARSON -I RPT -> 487(A) GRAND THEFT-INSIDE",1,0.00165016501650165
"ACCIDENTAL FIRES/ARSON -I RPT -> 529 PC FALSE PERSONATION",1,0.00165016501650165
"ACCIDENTAL FIRES/ARSON -I RPT -> 530 PC FALSE PERS. REC PROP",1,0.00165016501650165
"ACCIDENTAL FIRES/ARSON -I RPT -> ABC LICENSE VIO/INFO - I RPT",1,0.00165016501650165
"ACCIDENTAL FIRES/ARSON -I RPT -> ASSAULT WITH WEAPON - I RPT",1,0.00165016501650165
"ACCIDENTAL FIRES/ARSON -I RPT -> BATTERY - I RPT",1,0.00165016501650165
"ACCIDENTAL FIRES/ARSON -I RPT -> GANG ACTIVITY - I RPT",1,0.00165016501650165
"ACCIDENTAL FIRES/ARSON -I RPT -> MISCELLANEOUS I RPT (ZMISC)",1,0.00165016501650165
"ACCIDENTAL FIRES/ARSON -I RPT -> MISSING PERSON",1,0.00165016501650165
"ACCIDENTAL FIRES/ARSON -I RPT -> SAFEKEEPING - I RPT",1,0.00165016501650165
"ACCIDENTAL FIRES/ARSON -I RPT -> TRAFFIC-ACCIDENT INJURY",1,0.00165016501650165
"ACCIDENTAL FIRES/ARSON -I RPT -> WARRANT SERVED - I RPT",1,0.00165016501650165
"ASSAULT WITH WEAPON - I RPT -> 10851 VC AUTO THEFT LOCATE",1,0.00165016501650165
"ASSAULT WITH WEAPON - I RPT -> 11364 HS POSS DRUG PARAPH",1,0.00165016501650165
"ASSAULT WITH WEAPON - I RPT -> 12020(A)(4) PC DIRK/DAGGER",1,0.00165016501650165
"ASSAULT WITH WEAPON - I RPT -> 20002(A) HIT/RUN",1,0.00165016501650165
"ASSAULT WITH WEAPON - I RPT -> 23152(A) VC DUI-ALCOHOL/DRUGS",1,0.00165016501650165
"ASSAULT WITH WEAPON - I RPT -> 242 PC  BATTERY CIVILIAN",1,0.00165016501650165
"ASSAULT WITH WEAPON - I RPT -> 243(D) PC BATT/CIVILIAN W/INJ",1,0.00165016501650165
"ASSAULT WITH WEAPON - I RPT -> 243(E)1 BATTERY NONCOHAB SPOUS",1,0.00165016501650165
"ASSAULT WITH WEAPON - I RPT -> 243.4(A) SEXUAL BATTERY",1,0.00165016501650165
"ASSAULT WITH WEAPON - I RPT -> 245(A)(2) AWDW/FIREARM/CIVILIA",1,0.00165016501650165
"ASSAULT WITH WEAPON - I RPT -> 246 PC SHOOT OCCUP DWELL/VEH",1,0.00165016501650165
"ASSAULT WITH WEAPON - I RPT -> 25662(A)BP POSS ALC BY MINOR",1,0.00165016501650165
"ASSAULT WITH WEAPON - I RPT -> 484 PC   PETTY THEFT/INSIDE",1,0.00165016501650165
"ASSAULT WITH WEAPON - I RPT -> 484 PC  PETTY THEFT/ OUTSIDE",1,0.00165016501650165
"ASSAULT WITH WEAPON - I RPT -> 484G(A)PC USE FORGED CARD",1,0.00165016501650165
"ASSAULT WITH WEAPON - I RPT -> 484G(B) PC ACCESS CARD FRAUD",1,0.00165016501650165
"ASSAULT WITH WEAPON - I RPT -> 484J PC PUBLISH CARD INFO",1,0.00165016501650165
"ASSAULT WITH WEAPON - I RPT -> 487(A) GRAND THEFT-INSIDE",1,0.00165016501650165
"ASSAULT WITH WEAPON - I RPT -> 487(A) PC GRAND THEFT",1,0.00165016501650165
"ASSAULT WITH WEAPON - I RPT -> 487(A) PC GRAND THEFT-SHOPLIFT",1,0.00165016501650165
"ASSAULT WITH WEAPON - I RPT -> 5150 WI DANGER SELF/OTHERS",1,0.00165016501650165
"ASSAULT WITH WEAPON - I RPT -> 530 PC FALSE PERS. REC PROP",1,0.00165016501650165
"ASSAULT WITH WEAPON - I RPT -> 530.5 PC USE PERSONAL ID INFO",1,0.00165016501650165
"ASSAULT WITH WEAPON - I RPT -> 594(B)(1)VANDALISM GRAF +$400",1,0.00165016501650165
"ASSAULT WITH WEAPON - I RPT -> 653.22(A) LOITER PROSTITUTION",1,0.00165016501650165
"ASSAULT WITH WEAPON - I RPT -> 653M(A) PC OBSCENE/THREAT CALL",1,0.00165016501650165
"ASSAULT WITH WEAPON - I RPT -> BATTERY - I RPT",1,0.00165016501650165
"ASSAULT WITH WEAPON - I RPT -> FOUND PROPERTY - I RPT",1,0.00165016501650165
"ASSAULT WITH WEAPON - I RPT -> HARASSMENT - I RPT",1,0.00165016501650165
"ASSAULT WITH WEAPON - I RPT -> MISSING PERSON",1,0.00165016501650165
"ASSAULT WITH WEAPON - I RPT -> MISSING PERSON LOCATE O/S ASSI",1,0.00165016501650165
"ASSAULT WITH WEAPON - I RPT -> NON INJ HR/MAIL OUT REPORT",1,0.00165016501650165
"ASSAULT WITH WEAPON - I RPT -> POSSIBLE FINANCIAL CRIME-I RPT",1,0.00165016501650165
"ASSAULT WITH WEAPON - I RPT -> SHOOT INTO OCCUP DWELL - I RPT",1,0.00165016501650165
"ASSAULT WITH WEAPON - I RPT -> TELEPEST -I RPT",1,0.00165016501650165
"ASSAULT WITH WEAPON - I RPT -> TRAFFIC - I RPT",1,0.00165016501650165
"ASSAULT WITH WEAPON - I RPT -> TRAFFIC-ACCIDENT-NON INJURY",1,0.00165016501650165
"BAIT CAR 10851 VC TAKE VEHICLE -> CASUALTY REPORT",1,0.00165016501650165
"BAIT CAR 10851 VC TAKE VEHICLE -> LOST PROPERTY - I RPT",1,0.00165016501650165
"BAIT CAR 10851 VC TAKE VEHICLE -> TRAFFIC-ACCIDENT INJURY",1,0.00165016501650165
"BATTERY - I RPT -> 11357(B)HS POSS -28.5GR MARIJ",1,0.00165016501650165
"BATTERY - I RPT -> 11364 HS POSS DRUG PARAPH",1,0.00165016501650165
"BATTERY - I RPT -> 11366 HS MAINTN PLACE TO SELL",1,0.00165016501650165
"BATTERY - I RPT -> 11550(A)HS UNDER INFL NARCOTIC",1,0.00165016501650165
"BATTERY - I RPT -> 14601.1(A) VC LIC SUSP OTHER",1,0.00165016501650165
"BATTERY - I RPT -> 148(A)(1)PC RESIST PEACE OFFCR",1,0.00165016501650165
"BATTERY - I RPT -> 1551(A) FUGITIVE FROM JUSTICE",1,0.00165016501650165
"BATTERY - I RPT -> 1708 US   THEFT OF MAIL",1,0.00165016501650165
"BATTERY - I RPT -> 187(A)  HOMICIDE",1,0.00165016501650165
"BATTERY - I RPT -> 20001(A) VC HIT/RUN INJ/DEATH",1,0.00165016501650165
"BATTERY - I RPT -> 20002(A) HIT/RUN",1,0.00165016501650165
"BATTERY - I RPT -> 211 PC ROBBERY-PURSE SNATCH",1,0.00165016501650165
"BATTERY - I RPT -> 23153(A) VC DUI CAUSE INJURY",1,0.00165016501650165
"BATTERY - I RPT -> 246 PC SHOOT OCCUP DWELL/VEH",1,0.00165016501650165
"BATTERY - I RPT -> 25661 BP FALSE EVIDENCE OF AGE",1,0.00165016501650165
"BATTERY - I RPT -> 415(3) PC DIST PEACE OFF WORDS",1,0.00165016501650165
"BATTERY - I RPT -> 451(D) PC  ARSON OF PROPERTY",1,0.00165016501650165
"BATTERY - I RPT -> 452(D)PC CAUSE FIRE OF PROPERT",1,0.00165016501650165
"BATTERY - I RPT -> 470 PC FORGERY",1,0.00165016501650165
"BATTERY - I RPT -> 475(C) PASS FORGED NOTE",1,0.00165016501650165
"BATTERY - I RPT -> 484 PC   PETTY THEFT/INSIDE",1,0.00165016501650165
"BATTERY - I RPT -> 484 PETTY THEFT/LICENSE PLATE",1,0.00165016501650165
"BATTERY - I RPT -> 484G(B) PC ACCESS CARD FRAUD",1,0.00165016501650165
"BATTERY - I RPT -> 484J PC PUBLISH CARD INFO",1,0.00165016501650165
"BATTERY - I RPT -> 498(B)(5) THEFT OF ELECTRICITY",1,0.00165016501650165
"BATTERY - I RPT -> 5150 WI DANGER SELF/OTHERS",1,0.00165016501650165
"BATTERY - I RPT -> 529 PC FALSE PERSONATION",1,0.00165016501650165
"BATTERY - I RPT -> 530.5 PC USE PERSONAL ID INFO",1,0.00165016501650165
"BATTERY - I RPT -> 594(B)(2)(A) VANDALISM/ -$400",1,0.00165016501650165
"BATTERY - I RPT -> 647(B) PC   PROSTITUTION",1,0.00165016501650165
"BATTERY - I RPT -> 647(F) PC DIP - DISORDERLY",1,0.00165016501650165
"BATTERY - I RPT -> 653M(A) PC OBSCENE/THREAT CALL",1,0.00165016501650165
"BATTERY - I RPT -> 666 PC PETTY THEFT W/PRI CONV",1,0.00165016501650165
"BATTERY - I RPT -> ACCIDENTAL FIRES/ARSON -I RPT",1,0.00165016501650165
"BATTERY - I RPT -> BATTERY - I RPT",1,0.00165016501650165
"BATTERY - I RPT -> BUSINESS PERMITS - I RPT",1,0.00165016501650165
"BATTERY - I RPT -> FOUND PROPERTY - I RPT",1,0.00165016501650165
"BATTERY - I RPT -> GANG ACTIVITY - I RPT",1,0.00165016501650165
"BATTERY - I RPT -> O/S AGENCY -ASSISTANCE- I RPT",1,0.00165016501650165
"BATTERY - I RPT -> RECOVERED PROPERTY - I RPT",1,0.00165016501650165
"BOMBS/THREATS/EXPLOSIV- I RPT -> 10851 VC AUTO THEFT LOCATE",1,0.00165016501650165
"BOMBS/THREATS/EXPLOSIV- I RPT -> 10851(A)VC TAKE VEH W/O OWNER",1,0.00165016501650165
"BOMBS/THREATS/EXPLOSIV- I RPT -> 20001(A) VC HIT/RUN INJ/DEATH",1,0.00165016501650165
"BOMBS/THREATS/EXPLOSIV- I RPT -> 20002(A) HIT/RUN",1,0.00165016501650165
"BOMBS/THREATS/EXPLOSIV- I RPT -> 23103(A) RECKLESS ON HIGHWAY",1,0.00165016501650165
"BOMBS/THREATS/EXPLOSIV- I RPT -> 245(A)(1)AWDW/NO FIREARM/CIVIL",1,0.00165016501650165
"BOMBS/THREATS/EXPLOSIV- I RPT -> 508 PC   EMBEZZLEMENT/EMPLOYEE",1,0.00165016501650165
"BOMBS/THREATS/EXPLOSIV- I RPT -> HARASSMENT - I RPT",1,0.00165016501650165
"BOMBS/THREATS/EXPLOSIV- I RPT -> TOWED/STORED VEH-14602.6",1,0.00165016501650165
"BOMBS/THREATS/EXPLOSIV- I RPT -> TOWED/STORED VEHICLE",1,0.00165016501650165
"BOMBS/THREATS/EXPLOSIV- I RPT -> TRAFFIC-ACCIDENT-NON INJURY",1,0.00165016501650165
"BURGLARY - I RPT -> 11351.5 HS POSS SALE RCK COCAI",1,0.00165016501650165
"BURGLARY - I RPT -> 11357(B)HS POSS -28.5GR MARIJ",1,0.00165016501650165
"BURGLARY - I RPT -> 12020(A)(4) PC DIRK/DAGGER",1,0.00165016501650165
"BURGLARY - I RPT -> 12020(A)1) PROHIBITED FIREARM",1,0.00165016501650165
"BURGLARY - I RPT -> 211 PC ROBBERY- BUSINESS",1,0.00165016501650165
"BURGLARY - I RPT -> 22435.2(A) BP POSS SHOP CART",1,0.00165016501650165
"BURGLARY - I RPT -> 242 PC  BATTERY CIVILIAN",1,0.00165016501650165
"BURGLARY - I RPT -> 243.4(E)(1)TOUCH FOR SEX PLEAS",1,0.00165016501650165
"BURGLARY - I RPT -> 243.6 BATTERY SCHOOL EMPLOYEE",1,0.00165016501650165
"BURGLARY - I RPT -> 459 PC  BURGLARY BUSINESS",1,0.00165016501650165
"BURGLARY - I RPT -> 459 PC  BURGLARY-UNSPECIFIED",1,0.00165016501650165
"BURGLARY - I RPT -> 496(A) RECEIVE STOLEN PROPERTY",1,0.00165016501650165
"BURGLARY - I RPT -> 594(B)(2)(A) VANDALISM/ -$400",1,0.00165016501650165
"BURGLARY - I RPT -> 594(B)(2)(A)VANDALISM GRAF-400",1,0.00165016501650165
"BURGLARY - I RPT -> BATTERY - I RPT",1,0.00165016501650165
"BURGLARY - I RPT -> CASUALTY REPORT",1,0.00165016501650165
"BURGLARY - I RPT -> GANG ACTIVITY - I RPT",1,0.00165016501650165
"BURGLARY - I RPT -> HOMICIDE ASSAULT - I RPT",1,0.00165016501650165
"BURGLARY - I RPT -> JUVENILE PROBLEMS - I RPT",1,0.00165016501650165
"BURGLARY - I RPT -> LOST PROPERTY - I RPT",1,0.00165016501650165
"BURGLARY - I RPT -> MISSING PERSON",1,0.00165016501650165
"BUSINESS PERMITS - I RPT -> 11377(A)HS POSS AMPHETAMINES",1,0.00165016501650165
"BUSINESS PERMITS - I RPT -> 273.6(A) PC VIO DV COURT ORDER",1,0.00165016501650165
"BUSINESS PERMITS - I RPT -> 459 PC  BURGLARY BUSINESS",1,0.00165016501650165
"BUSINESS PERMITS - I RPT -> 459 PC  BURGLARY VEHICLE",1,0.00165016501650165
"BUSINESS PERMITS - I RPT -> FOUND PROPERTY - I RPT",1,0.00165016501650165
"BUSINESS PERMITS - I RPT -> NARCOTICS SUSP/EVID/ACT- I RPT",1,0.00165016501650165
"BUSINESS PERMITS - I RPT -> TOWED/STORED VEHICLE",1,0.00165016501650165
"BUSINESS PERMITS - I RPT -> TRAFFIC-ACCIDENT INJURY",1,0.00165016501650165
"CAR CLOUT -  I RPT -> 594(B)(1)PC  VANDALISM +$400",1,0.00165016501650165
"CASUALTY REPORT -> 11377(A)HS POSS CNTRL SUBST",1,0.00165016501650165
"CASUALTY REPORT -> 1203.2 PC VIOLATION OF PROBATI",1,0.00165016501650165
"CASUALTY REPORT -> 14601.1(A) VC LIC SUSP OTHER",1,0.00165016501650165
"CASUALTY REPORT -> 148(A)(1)PC RESIST PEACE OFFCR",1,0.00165016501650165
"CASUALTY REPORT -> 166(A)(4) WILFUL DISOBEY CT OR",1,0.00165016501650165
"CASUALTY REPORT -> 1708 US   THEFT OF MAIL",1,0.00165016501650165
"CASUALTY REPORT -> 211 PC  ROBBERY-BANK",1,0.00165016501650165
"CASUALTY REPORT -> 211 PC ROBBERY-PURSE SNATCH",1,0.00165016501650165
"CASUALTY REPORT -> 22435.2(A) BP POSS SHOP CART",1,0.00165016501650165
"CASUALTY REPORT -> 23103(A) RECKLESS ON HIGHWAY",1,0.00165016501650165
"CASUALTY REPORT -> 243.4(E)(1)TOUCH FOR SEX PLEAS",1,0.00165016501650165
"CASUALTY REPORT -> 245(A)(2) AWDW/FIREARM/CIVILIA",1,0.00165016501650165
"CASUALTY REPORT -> 246 PC SHOOT OCCUP DWELL/VEH",1,0.00165016501650165
"CASUALTY REPORT -> 459 PC  BURGLARY-UNSPECIFIED",1,0.00165016501650165
"CASUALTY REPORT -> 475(C) PASS FORGED NOTE",1,0.00165016501650165
"CASUALTY REPORT -> 476 PC PASS FICTICIOUS CHECK",1,0.00165016501650165
"CASUALTY REPORT -> 484 PC-PETTY THEFT-COIN MACHIN",1,0.00165016501650165
"CASUALTY REPORT -> 484 PETTY THEFT CLOUT UNLOCKED",1,0.00165016501650165
"CASUALTY REPORT -> 484 PETTY THEFT-PURSE SNATCH",1,0.00165016501650165
"CASUALTY REPORT -> 484G(B) PC ACCESS CARD FRAUD",1,0.00165016501650165
"CASUALTY REPORT -> 484J PC PUBLISH CARD INFO",1,0.00165016501650165
"CASUALTY REPORT -> 487(A) GRAND THEFT-CLOUT-UNLOC",1,0.00165016501650165
"CASUALTY REPORT -> 487(A) GRAND THEFT-INSIDE",1,0.00165016501650165
"CASUALTY REPORT -> 487(A) PC GRAND THEFT",1,0.00165016501650165
"CASUALTY REPORT -> 530 PC FALSE PERS. REC PROP",1,0.00165016501650165
"CASUALTY REPORT -> 532 PC FRAUD OBTAIN MONEY ETC",1,0.00165016501650165
"CASUALTY REPORT -> 537(A)(1) DEFRAUD INKEEP/-$400",1,0.00165016501650165
"CASUALTY REPORT -> 602.1(A)TRES OBST BUSIN OPERAT",1,0.00165016501650165
"CASUALTY REPORT -> 647(B) PC   PROSTITUTION",1,0.00165016501650165
"CASUALTY REPORT -> 653M(A) PC OBSCENE/THREAT CALL",1,0.00165016501650165
"CASUALTY REPORT -> 9.04.050 A DRINKING IN PUBLIC",1,0.00165016501650165
"CASUALTY REPORT -> ABC LICENSE VIO/INFO - I RPT",1,0.00165016501650165
"CASUALTY REPORT -> ASSAULT WITH WEAPON - I RPT",1,0.00165016501650165
"CASUALTY REPORT -> BATTERY - I RPT",1,0.00165016501650165
"CASUALTY REPORT -> CAR CLOUT -  I RPT",1,0.00165016501650165
"CASUALTY REPORT -> CHILD CUSTODY - I RPT",1,0.00165016501650165
"CASUALTY REPORT -> DUI I RPT",1,0.00165016501650165
"CASUALTY REPORT -> MISSING PERSON I RPT",1,0.00165016501650165
"CASUALTY REPORT -> NARCOTICS SUSP/EVID/ACT- I RPT",1,0.00165016501650165
"CASUALTY REPORT -> POSSIBLE MENTAL - I RPT",1,0.00165016501650165
"CASUALTY REPORT -> POSSIBLE STOLEN PROPERTY-I RPT",1,0.00165016501650165
"CASUALTY REPORT -> TELEPEST -I RPT",1,0.00165016501650165
"CASUALTY REPORT -> TRAFFIC - I RPT",1,0.00165016501650165
"CASUALTY REPORT -> TRESPASS OR PROWLER- I RPT",1,0.00165016501650165
"CASUALTY REPORT -> WANTED SUBJ-O/S WANT/ I RPT",1,0.00165016501650165
"CHILD CUSTODY - I RPT -> 10851(A)VC TAKE VEH W/O OWNER",1,0.00165016501650165
"CHILD CUSTODY - I RPT -> 11350(A)HS POSS CNTRL SUBST",1,0.00165016501650165
"CHILD CUSTODY - I RPT -> 11364 HS POSS DRUG PARAPH",1,0.00165016501650165
"CHILD CUSTODY - I RPT -> 20002(A) HIT/RUN",1,0.00165016501650165
"CHILD CUSTODY - I RPT -> 211 PC ROBBERY-PURSE SNATCH",1,0.00165016501650165
"CHILD CUSTODY - I RPT -> 23152(A) VC DUI-ALCOHOL/DRUGS",1,0.00165016501650165
"CHILD CUSTODY - I RPT -> 242 PC  BATTERY CIVILIAN",1,0.00165016501650165
"CHILD CUSTODY - I RPT -> 243(D) PC BATT/CIVILIAN W/INJ",1,0.00165016501650165
"CHILD CUSTODY - I RPT -> 245(A)(1)AWDW/NO FIREARM/CIVIL",1,0.00165016501650165
"CHILD CUSTODY - I RPT -> 422 PC THREAT/INTENT TO TERROR",1,0.00165016501650165
"CHILD CUSTODY - I RPT -> 459 PC  BURGLARY RESIDENCE",1,0.00165016501650165
"CHILD CUSTODY - I RPT -> 487(A) GRAND THEFT-AUTO PARTS",1,0.00165016501650165
"CHILD CUSTODY - I RPT -> 487(A) GRAND THEFT-INSIDE",1,0.00165016501650165
"CHILD CUSTODY - I RPT -> 487(A) PC GRAND THEFT",1,0.00165016501650165
"CHILD CUSTODY - I RPT -> 530.5 PC USE PERSONAL ID INFO",1,0.00165016501650165
"CHILD CUSTODY - I RPT -> 594(B)(1)PC  VANDALISM +$400",1,0.00165016501650165
"CHILD CUSTODY - I RPT -> 594(B)(2)(A) VANDALISM/ -$400",1,0.00165016501650165
"CHILD CUSTODY - I RPT -> 594(B)(2)(A)VANDALISM GRAF-400",1,0.00165016501650165
"CHILD CUSTODY - I RPT -> ELDER ABUSE/PHYS/MENTAL-I RPT",1,0.00165016501650165
"CHILD CUSTODY - I RPT -> MISCELLANEOUS I RPT (ZMISC)",1,0.00165016501650165
"CHILD CUSTODY - I RPT -> PERSON INFORMATION - I RPT",1,0.00165016501650165
"CHILD WELFARE - I RPT -> 10851 VC AUTO THEFT LOCATE",1,0.00165016501650165
"CHILD WELFARE - I RPT -> 10855 VC LSE/RENT NOT RETURNED",1,0.00165016501650165
"CHILD WELFARE - I RPT -> 11352(A)HS SALE/TRANS CNTL SUB",1,0.00165016501650165
"CHILD WELFARE - I RPT -> 20002(A) HIT/RUN",1,0.00165016501650165
"CHILD WELFARE - I RPT -> 23222(B)POSSESS MARIJ IN VEH",1,0.00165016501650165
"CHILD WELFARE - I RPT -> 245(A)(1)AWDW/NO FIREARM/CIVIL",1,0.00165016501650165
"CHILD WELFARE - I RPT -> 25662(A)BP POSS ALC BY MINOR",1,0.00165016501650165
"CHILD WELFARE - I RPT -> 459 PC  BURGLARY RESIDENCE",1,0.00165016501650165
"CHILD WELFARE - I RPT -> 484 PC PETTY THEFT",1,0.00165016501650165
"CHILD WELFARE - I RPT -> 484 PETTY THEFT-SHOPLIFT",1,0.00165016501650165
"CHILD WELFARE - I RPT -> 530.5 PC USE PERSONAL ID INFO",1,0.00165016501650165
"CHILD WELFARE - I RPT -> 594(B)(1)PC  VANDALISM +$400",1,0.00165016501650165
"CHILD WELFARE - I RPT -> 594(B)(2)(A) VANDALISM/ -$400",1,0.00165016501650165
"CHILD WELFARE - I RPT -> 594(B)(2)(A)VANDALISM GRAF-400",1,0.00165016501650165
"CHILD WELFARE - I RPT -> ASSAULT WITH WEAPON - I RPT",1,0.00165016501650165
"CHILD WELFARE - I RPT -> BATTERY - I RPT",1,0.00165016501650165
"CHILD WELFARE - I RPT -> BURGLARY - I RPT",1,0.00165016501650165
"CHILD WELFARE - I RPT -> FRAUD OR BUNCO - I RPT",1,0.00165016501650165
"CHILD WELFARE - I RPT -> GANG ACTIVITY - I RPT",1,0.00165016501650165
"CHILD WELFARE - I RPT -> GRAFFITI PROBLEMS- I RPT",1,0.00165016501650165
"CHILD WELFARE - I RPT -> HIT AND RUN /SUSPECTS- I RPT",1,0.00165016501650165
"CHILD WELFARE - I RPT -> MISCELLANEOUS I RPT (ZMISC)",1,0.00165016501650165
"CHILD WELFARE - I RPT -> PETTY THEFT - I RPT",1,0.00165016501650165
"CHILD WELFARE - I RPT -> TELEPEST -I RPT",1,0.00165016501650165
"CHILD WELFARE - I RPT -> TRAFFIC - I RPT",1,0.00165016501650165
"COLLISION/ACCIDENT BOATS -> 148.9 PC FALSE ID TO OFFICER",1,0.00165016501650165
"COLLISION/ACCIDENT BOATS -> 273.6(A) PC VIO DV COURT ORDER",1,0.00165016501650165
"COLLISION/ACCIDENT BOATS -> 459 PC  BURGLARY VEHICLE",1,0.00165016501650165
"COLLISION/ACCIDENT BOATS -> 484 PETTY THEFT/LICENSE PLATE",1,0.00165016501650165
"COLLISION/ACCIDENT BOATS -> NEIGHBORHOOD DISTURBANCE-I RPT",1,0.00165016501650165
"COLLISION/ACCIDENT BOATS -> NON INJ HR/MAIL OUT REPORT",1,0.00165016501650165
"COLLISION/ACCIDENT BOATS -> ROBBERY - I RPT",1,0.00165016501650165
"DAMAGE - I RPT -> THREATS - I RPT",1,0.00165016501650165
"DUI I RPT -> 459 PC  BURGLARY VEHICLE",1,0.00165016501650165
"DUI I RPT -> 484 PETTY THEFT/LICENSE PLATE",1,0.00165016501650165
"ELDER ABUSE/PHYS/MENTAL-I RPT -> 11364 HS POSS DRUG PARAPH",1,0.00165016501650165
"ELDER ABUSE/PHYS/MENTAL-I RPT -> 20001(A) VC HIT/RUN INJ/DEATH",1,0.00165016501650165
"ELDER ABUSE/PHYS/MENTAL-I RPT -> 243(E)1 BATTERY NONCOHAB SPOUS",1,0.00165016501650165
"ELDER ABUSE/PHYS/MENTAL-I RPT -> 308(B) PC MINOR POSS TOBACCO",1,0.00165016501650165
"ELDER ABUSE/PHYS/MENTAL-I RPT -> 4140 BP  POSS OF HYPO NEEDLE",1,0.00165016501650165
"ELDER ABUSE/PHYS/MENTAL-I RPT -> 459 PC  BURGLARY VEHICLE",1,0.00165016501650165
"ELDER ABUSE/PHYS/MENTAL-I RPT -> 476 PC PASS FICTICIOUS CHECK",1,0.00165016501650165
"ELDER ABUSE/PHYS/MENTAL-I RPT -> 484 PC   PETTY THEFT/INSIDE",1,0.00165016501650165
"ELDER ABUSE/PHYS/MENTAL-I RPT -> 484 PC PETTY THEFT",1,0.00165016501650165
"ELDER ABUSE/PHYS/MENTAL-I RPT -> 496(A) PC REC STOLEN AUTO PART",1,0.00165016501650165
"ELDER ABUSE/PHYS/MENTAL-I RPT -> 594(B)(2)(A) VANDALISM/ -$400",1,0.00165016501650165
"ELDER ABUSE/PHYS/MENTAL-I RPT -> CASUALTY REPORT",1,0.00165016501650165
"ELDER ABUSE/PHYS/MENTAL-I RPT -> TRAFFIC-ACCIDENT INJURY",1,0.00165016501650165
"ELDER ABUSE/PHYS/MENTAL-I RPT -> TRAFFIC-ACCIDENT-NON INJURY",1,0.00165016501650165
"FALSE PERSONATION - I RPT -> 10851 VC AUTO THEFT LOCATE",1,0.00165016501650165
"FALSE PERSONATION - I RPT -> 459 PC  BURGLARY VEHICLE",1,0.00165016501650165
"FALSE PERSONATION - I RPT -> 484 PC  PETTY THEFT/ OUTSIDE",1,0.00165016501650165
"FALSE PERSONATION - I RPT -> 594(B)(1)PC  VANDALISM +$400",1,0.00165016501650165
"FALSE PERSONATION - I RPT -> TOWED/STORED VEHICLE",1,0.00165016501650165
"FAMILY DISTURBANCE - I RPT -> 11350(B)HS POSSESS QUAALUDES",1,0.00165016501650165
"FAMILY DISTURBANCE - I RPT -> 12022.1 PC COMMIT FEL ON BAIL",1,0.00165016501650165
"FAMILY DISTURBANCE - I RPT -> 148.9 PC FALSE ID TO OFFICER",1,0.00165016501650165
"FAMILY DISTURBANCE - I RPT -> 211 PC  ROBBERY UNSPECIFIED",1,0.00165016501650165
"FAMILY DISTURBANCE - I RPT -> 23152(A) VC DUI-ALCOHOL/DRUGS",1,0.00165016501650165
"FAMILY DISTURBANCE - I RPT -> 243(E)1 BATTERY NONCOHAB SPOUS",1,0.00165016501650165
"FAMILY DISTURBANCE - I RPT -> 2800.2(A) VC EVADING/RECKLESS",1,0.00165016501650165
"FAMILY DISTURBANCE - I RPT -> 470 PC FORGERY",1,0.00165016501650165
"FAMILY DISTURBANCE - I RPT -> 484 PC   PETTY THEFT/INSIDE",1,0.00165016501650165
"FAMILY DISTURBANCE - I RPT -> 484G(B) PC ACCESS CARD FRAUD",1,0.00165016501650165
"FAMILY DISTURBANCE - I RPT -> 487(A) GRAND THEFT-INSIDE",1,0.00165016501650165
"FAMILY DISTURBANCE - I RPT -> 487(A) PC GRAND THEFT-SHOPLIFT",1,0.00165016501650165
"FAMILY DISTURBANCE - I RPT -> 530 PC FALSE PERS. REC PROP",1,0.00165016501650165
"FAMILY DISTURBANCE - I RPT -> 594(B)(1)PC  VANDALISM +$400",1,0.00165016501650165
"FAMILY DISTURBANCE - I RPT -> 594.3(A)VANDAL/PLACE OF WORSHI",1,0.00165016501650165
"FAMILY DISTURBANCE - I RPT -> ACCIDENTAL FIRES/ARSON -I RPT",1,0.00165016501650165
"FAMILY DISTURBANCE - I RPT -> CHILD CUSTODY - I RPT",1,0.00165016501650165
"FAMILY DISTURBANCE - I RPT -> FOUND PROPERTY - I RPT",1,0.00165016501650165
"FAMILY DISTURBANCE - I RPT -> FRAUD OR BUNCO - I RPT",1,0.00165016501650165
"FAMILY DISTURBANCE - I RPT -> LOST PROPERTY - I RPT",1,0.00165016501650165
"FAMILY DISTURBANCE - I RPT -> PERSON INFORMATION - I RPT",1,0.00165016501650165
"FAMILY DISTURBANCE - I RPT -> POSSIBLE FINANCIAL CRIME-I RPT",1,0.00165016501650165
"FAMILY DISTURBANCE - I RPT -> SAFEKEEPING - I RPT",1,0.00165016501650165
"FAMILY DISTURBANCE - I RPT -> TRAFFIC-ACCIDENT INJURY",1,0.00165016501650165
"FAMILY DISTURBANCE - I RPT -> WANTED SUBJ-O/S WANT/ I RPT",1,0.00165016501650165
"FORGERY-COUNTERFEITING -> 10851(A)VC TAKE VEH W/O OWNER",1,0.00165016501650165
"FORGERY-COUNTERFEITING -> 459 PC  BURGLARY RESIDENCE",1,0.00165016501650165
"FORGERY-COUNTERFEITING -> TOWED/STORED VEH-14602.6",1,0.00165016501650165
"FORGERY-COUNTERFEITING -> TOWED/STORED VEHICLE",1,0.00165016501650165
"FORGERY-COUNTERFEITING -> TRAFFIC-ACCIDENT INJURY",1,0.00165016501650165
"FORGERY-COUNTERFEITING -> TRAFFIC-ACCIDENT-NON INJURY",1,0.00165016501650165
"FORGERY-PASSING COUNTERFEIT -> 10851(A)VC TAKE VEH W/O OWNER",1,0.00165016501650165
"FORGERY-PASSING COUNTERFEIT -> 245(A)(2) AWDW/FIREARM/CIVILIA",1,0.00165016501650165
"FORGERY-PASSING COUNTERFEIT -> 246 PC SHOOT OCCUP DWELL/VEH",1,0.00165016501650165
"FORGERY-PASSING COUNTERFEIT -> 594(B)(2)(A) VANDALISM/ -$400",1,0.00165016501650165
"FORGERY-PASSING COUNTERFEIT -> TRAFFIC-ACCIDENT INJURY",1,0.00165016501650165
"FOUND EVIDENCE-NON NARC -I RPT -> 11378 HS POSS/SALE AMPHETAMINE",1,0.00165016501650165
"FOUND EVIDENCE-NON NARC -I RPT -> 211 PC ROBBERY- BUSINESS",1,0.00165016501650165
"FOUND EVIDENCE-NON NARC -I RPT -> 23153(A) VC DUI CAUSE INJURY",1,0.00165016501650165
"FOUND EVIDENCE-NON NARC -I RPT -> 242 PC  BATTERY CIVILIAN",1,0.00165016501650165
"FOUND EVIDENCE-NON NARC -I RPT -> 243(E)1 BATTERY NONCOHAB SPOUS",1,0.00165016501650165
"FOUND EVIDENCE-NON NARC -I RPT -> 243.4(A) SEXUAL BATTERY",1,0.00165016501650165
"FOUND EVIDENCE-NON NARC -I RPT -> 290(F)1 W/I 5 DAYS ADD CHANGE",1,0.00165016501650165
"FOUND EVIDENCE-NON NARC -I RPT -> 459 PC  BURGLARY BUSINESS",1,0.00165016501650165
"FOUND EVIDENCE-NON NARC -I RPT -> 459 PC  BURGLARY RESIDENCE",1,0.00165016501650165
"FOUND EVIDENCE-NON NARC -I RPT -> 594(B)(1)PC  VANDALISM +$400",1,0.00165016501650165
"FOUND EVIDENCE-NON NARC -I RPT -> CASUALTY REPORT",1,0.00165016501650165
"FOUND EVIDENCE-NON NARC -I RPT -> TRAFFIC-ACCIDENT-NON INJURY",1,0.00165016501650165
"FOUND EVIDENCE-NON NARC -I RPT -> VANDALISM - I RPT",1,0.00165016501650165
"FOUND PROPERTY - I RPT -> 11350(A)HS POSS CNTRL SUBST",1,0.00165016501650165
"FOUND PROPERTY - I RPT -> 11357(B)HS POSS -28.5GR MARIJ",1,0.00165016501650165
"FOUND PROPERTY - I RPT -> 11357(C)HS POSS +28.5GR MARIJ",1,0.00165016501650165
"FOUND PROPERTY - I RPT -> 11377(A)HS POSS CNTRL SUBST",1,0.00165016501650165
"FOUND PROPERTY - I RPT -> 12021(A)(1)PC FELON POSS FRARM",1,0.00165016501650165
"FOUND PROPERTY - I RPT -> 12025(A)1)CONCLD GUN VEH/FEL",1,0.00165016501650165
"FOUND PROPERTY - I RPT -> 148(A)(1)PC RESIST PEACE OFFCR",1,0.00165016501650165
"FOUND PROPERTY - I RPT -> 212.5(A)ROBBERY-INHAB DWELLING",1,0.00165016501650165
"FOUND PROPERTY - I RPT -> 23103(A) RECKLESS ON HIGHWAY",1,0.00165016501650165
"FOUND PROPERTY - I RPT -> 308(B) PC MINOR POSS TOBACCO",1,0.00165016501650165
"FOUND PROPERTY - I RPT -> 417(A)1) PC BRANDISH NON-GUN",1,0.00165016501650165
"FOUND PROPERTY - I RPT -> 422 PC THREAT/INTENT TO TERROR",1,0.00165016501650165
"FOUND PROPERTY - I RPT -> 466 PC   POSS OF BURG TOOLS",1,0.00165016501650165
"FOUND PROPERTY - I RPT -> 475(C) PASS FORGED NOTE",1,0.00165016501650165
"FOUND PROPERTY - I RPT -> 476 PC PASS FICTICIOUS CHECK",1,0.00165016501650165
"FOUND PROPERTY - I RPT -> 484 PETTY THEFT CLOUT UNLOCKED",1,0.00165016501650165
"FOUND PROPERTY - I RPT -> 484 PETTY THEFT-PURSE SNATCH",1,0.00165016501650165
"FOUND PROPERTY - I RPT -> 487(A) GRAND THEFT-CLOUT-UNLOC",1,0.00165016501650165
"FOUND PROPERTY - I RPT -> 496(A) RECEIVE STOLEN PROPERTY",1,0.00165016501650165
"FOUND PROPERTY - I RPT -> 594(B)(1)VANDALISM GRAF +$400",1,0.00165016501650165
"FOUND PROPERTY - I RPT -> 594(B)(2)(A) VANDALISM/ -$400",1,0.00165016501650165
"FOUND PROPERTY - I RPT -> 594(B)(2)(A)VANDALISM GRAF-400",1,0.00165016501650165
"FOUND PROPERTY - I RPT -> 594.3(A)VANDAL/PLACE OF WORSHI",1,0.00165016501650165
"FOUND PROPERTY - I RPT -> 9.04.050 A DRINKING IN PUBLIC",1,0.00165016501650165
"FOUND PROPERTY - I RPT -> 9.40.020(A) JUVENILE CURFEW",1,0.00165016501650165
"FOUND PROPERTY - I RPT -> ABANDONED VEHICLE - I RPT",1,0.00165016501650165
"FOUND PROPERTY - I RPT -> ABC LICENSE VIO/INFO - I RPT",1,0.00165016501650165
"FOUND PROPERTY - I RPT -> CHILD WELFARE - I RPT",1,0.00165016501650165
"FOUND PROPERTY - I RPT -> FRAUDULENT DOCUMENTS- I RPT",1,0.00165016501650165
"FOUND PROPERTY - I RPT -> HARASSMENT - I RPT",1,0.00165016501650165
"FOUND PROPERTY - I RPT -> HIT AND RUN /SUSPECTS- I RPT",1,0.00165016501650165
"FOUND PROPERTY - I RPT -> HOMICIDE ASSAULT - I RPT",1,0.00165016501650165
"FOUND PROPERTY - I RPT -> JUVENILE DISURBANCE - I RPT",1,0.00165016501650165
"FOUND PROPERTY - I RPT -> LOST PROPERTY - I RPT",1,0.00165016501650165
"FOUND PROPERTY - I RPT -> MISSING PERSON I RPT",1,0.00165016501650165
"FOUND PROPERTY - I RPT -> POSSIBLE FINANCIAL CRIME-I RPT",1,0.00165016501650165
"FOUND PROPERTY - I RPT -> PROB VIOLA/FEL-MISD - I RPT",1,0.00165016501650165
"FOUND PROPERTY - I RPT -> PROTECTIVE CUSTODY-I RPT",1,0.00165016501650165
"FOUND PROPERTY - I RPT -> ROBBERY - I RPT",1,0.00165016501650165
"FOUND PROPERTY - I RPT -> SAFEKEEPING - I RPT",1,0.00165016501650165
"FOUND PROPERTY - I RPT -> TRAFFIC - I RPT",1,0.00165016501650165
"FOUND PROPERTY - I RPT -> VANDALISM - I RPT",1,0.00165016501650165
"FRAUD OR BUNCO - I RPT -> 11357(B)HS POSS -28.5GR MARIJ",1,0.00165016501650165
"FRAUD OR BUNCO - I RPT -> 11364 HS POSS DRUG PARAPH",1,0.00165016501650165
"FRAUD OR BUNCO - I RPT -> 11377(A)HS POSS AMPHETAMINES",1,0.00165016501650165
"FRAUD OR BUNCO - I RPT -> 11378 HS POSS/SALE AMPHETAMINE",1,0.00165016501650165
"FRAUD OR BUNCO - I RPT -> 20001(A) VC HIT/RUN INJ/DEATH",1,0.00165016501650165
"FRAUD OR BUNCO - I RPT -> 20002(A) HIT/RUN",1,0.00165016501650165
"FRAUD OR BUNCO - I RPT -> 211 PC  ROBBERY UNSPECIFIED",1,0.00165016501650165
"FRAUD OR BUNCO - I RPT -> 246 PC SHOOT OCCUP DWELL/VEH",1,0.00165016501650165
"FRAUD OR BUNCO - I RPT -> 459 PC  BURGLARY BUSINESS",1,0.00165016501650165
"FRAUD OR BUNCO - I RPT -> 459 PC  BURGLARY-UNSPECIFIED",1,0.00165016501650165
"FRAUD OR BUNCO - I RPT -> 484 PETTY THEFT-SHOPLIFT",1,0.00165016501650165
"FRAUD OR BUNCO - I RPT -> 487(A) GRAND THEFT-COIN MACHIN",1,0.00165016501650165
"FRAUD OR BUNCO - I RPT -> 5150 WI DANGER SELF/OTHERS",1,0.00165016501650165
"FRAUD OR BUNCO - I RPT -> 594(B)(2)(A) VANDALISM/ -$400",1,0.00165016501650165
"FRAUD OR BUNCO - I RPT -> 9.04.050 A DRINKING IN PUBLIC",1,0.00165016501650165
"FRAUD OR BUNCO - I RPT -> CASUALTY REPORT",1,0.00165016501650165
"FRAUD OR BUNCO - I RPT -> CHILD WELFARE - I RPT",1,0.00165016501650165
"FRAUD OR BUNCO - I RPT -> FRAUD OR BUNCO - I RPT",1,0.00165016501650165
"FRAUD OR BUNCO - I RPT -> HAZARDOUS SITUATION - I RPT",1,0.00165016501650165
"FRAUD OR BUNCO - I RPT -> LOST PROPERTY - I RPT",1,0.00165016501650165
"FRAUD OR BUNCO - I RPT -> NARCOTICS SUSP/EVID/ACT- I RPT",1,0.00165016501650165
"FRAUD OR BUNCO - I RPT -> NEIGHBORHOOD DISTURBANCE-I RPT",1,0.00165016501650165
"FRAUD OR BUNCO - I RPT -> SUSP PERS-NO CRIME - I RPT",1,0.00165016501650165
"FRAUD OR BUNCO - I RPT -> TOWED/STORED VEHICLE",1,0.00165016501650165
"FRAUD OR BUNCO - I RPT -> TRAFFIC-ACCIDENT-NON INJURY",1,0.00165016501650165
"FRAUD OR BUNCO - I RPT -> VANDALISM - I RPT",1,0.00165016501650165
"FRAUD-SWINDLE -> FILE-UNABLE TO DEFINE - I RPT",1,0.00165016501650165
"FRAUD-SWINDLE -> TRAFFIC-ACCIDENT-NON INJURY",1,0.00165016501650165
"FRAUDULENT DOCUMENTS- I RPT -> 10851(A)VC TAKE VEH W/O OWNER",1,0.00165016501650165
"FRAUDULENT DOCUMENTS- I RPT -> 20001(A) VC HIT/RUN INJ/DEATH",1,0.00165016501650165
"FRAUDULENT DOCUMENTS- I RPT -> 594.3(A)VANDAL/PLACE OF WORSHI",1,0.00165016501650165
"FRAUDULENT DOCUMENTS- I RPT -> 626.10(A) PC POSS WPN SCHL ZN",1,0.00165016501650165
"FRAUDULENT DOCUMENTS- I RPT -> CASUALTY REPORT",1,0.00165016501650165
"FRAUDULENT DOCUMENTS- I RPT -> MISSING PERSON I RPT",1,0.00165016501650165
"FRAUDULENT DOCUMENTS- I RPT -> NON INJ HR/MAIL OUT REPORT",1,0.00165016501650165
"FRAUDULENT DOCUMENTS- I RPT -> TOWED/STORED VEH-14602.6",1,0.00165016501650165
"FRAUDULENT DOCUMENTS- I RPT -> TOWED/STORED VEHICLE",1,0.00165016501650165
"FRAUDULENT DOCUMENTS- I RPT -> TRAFFIC-ACCIDENT INJURY",1,0.00165016501650165
"FRAUDULENT DOCUMENTS- I RPT -> TRAFFIC-ACCIDENT-NON INJURY",1,0.00165016501650165
"GANG ACTIVITY - I RPT -> 10855 VC LSE/RENT NOT RETURNED",1,0.00165016501650165
"GANG ACTIVITY - I RPT -> 11359 HS POSS FOR SALE MARIJ",1,0.00165016501650165
"GANG ACTIVITY - I RPT -> 11377(A)HS POSS AMPHETAMINES",1,0.00165016501650165
"GANG ACTIVITY - I RPT -> 12020(A)(4) PC DIRK/DAGGER",1,0.00165016501650165
"GANG ACTIVITY - I RPT -> 12020(A)1) PROHIBITED FIREARM",1,0.00165016501650165
"GANG ACTIVITY - I RPT -> 12021(A)(1)PC FELON POSS FRARM",1,0.00165016501650165
"GANG ACTIVITY - I RPT -> 1203.2 PC VIOLATION OF PROBATI",1,0.00165016501650165
"GANG ACTIVITY - I RPT -> 148.9 PC FALSE ID TO OFFICER",1,0.00165016501650165
"GANG ACTIVITY - I RPT -> 1551(A) FUGITIVE FROM JUSTICE",1,0.00165016501650165
"GANG ACTIVITY - I RPT -> 211 PC ROBBERY-PURSE SNATCH",1,0.00165016501650165
"GANG ACTIVITY - I RPT -> 212.5(A)ROBBERY-INHAB DWELLING",1,0.00165016501650165
"GANG ACTIVITY - I RPT -> 23152(A) VC DUI-ALCOHOL/DRUGS",1,0.00165016501650165
"GANG ACTIVITY - I RPT -> 23153(A) VC DUI CAUSE INJURY",1,0.00165016501650165
"GANG ACTIVITY - I RPT -> 243(D) PC BATT/CIVILIAN W/INJ",1,0.00165016501650165
"GANG ACTIVITY - I RPT -> 243.2(A)(1) BATT/SCHOOL INJURY",1,0.00165016501650165
"GANG ACTIVITY - I RPT -> 243.6 BATTERY SCHOOL EMPLOYEE",1,0.00165016501650165
"GANG ACTIVITY - I RPT -> 245(A)(1)AWDW/NO FIREARM/CIVIL",1,0.00165016501650165
"GANG ACTIVITY - I RPT -> 290(F)1 W/I 5 DAYS ADD CHANGE",1,0.00165016501650165
"GANG ACTIVITY - I RPT -> 308(B) PC MINOR POSS TOBACCO",1,0.00165016501650165
"GANG ACTIVITY - I RPT -> 417(A)1) PC BRANDISH NON-GUN",1,0.00165016501650165
"GANG ACTIVITY - I RPT -> 475(C) PASS FORGED NOTE",1,0.00165016501650165
"GANG ACTIVITY - I RPT -> 476 PC PASS FICTICIOUS CHECK",1,0.00165016501650165
"GANG ACTIVITY - I RPT -> 484 PETTY THEFT CLOUT UNLOCKED",1,0.00165016501650165
"GANG ACTIVITY - I RPT -> 484 PETTY THEFT/LICENSE PLATE",1,0.00165016501650165
"GANG ACTIVITY - I RPT -> 484G(A)PC USE FORGED CARD",1,0.00165016501650165
"GANG ACTIVITY - I RPT -> 484J PC PUBLISH CARD INFO",1,0.00165016501650165
"GANG ACTIVITY - I RPT -> 487(D)GRAND THEFT FIREARM/ANIM",1,0.00165016501650165
"GANG ACTIVITY - I RPT -> 5150 WI DANGER SELF/OTHERS",1,0.00165016501650165
"GANG ACTIVITY - I RPT -> 532 PC FRAUD OBTAIN MONEY ETC",1,0.00165016501650165
"GANG ACTIVITY - I RPT -> 594(B)(1)PC  VANDALISM +$400",1,0.00165016501650165
"GANG ACTIVITY - I RPT -> 647(B) PC   PROSTITUTION",1,0.00165016501650165
"GANG ACTIVITY - I RPT -> 653M(A) PC OBSCENE/THREAT CALL",1,0.00165016501650165
"GANG ACTIVITY - I RPT -> 9.04.050 A DRINKING IN PUBLIC",1,0.00165016501650165
"GANG ACTIVITY - I RPT -> BURGLARY - I RPT",1,0.00165016501650165
"GANG ACTIVITY - I RPT -> ELDER ABUSE/PHYS/MENTAL-I RPT",1,0.00165016501650165
"GANG ACTIVITY - I RPT -> FILE-UNABLE TO DEFINE - I RPT",1,0.00165016501650165
"GANG ACTIVITY - I RPT -> HARASSMENT - I RPT",1,0.00165016501650165
"GANG ACTIVITY - I RPT -> HOMICIDE ASSAULT - I RPT",1,0.00165016501650165
"GANG ACTIVITY - I RPT -> LOST PROPERTY - I RPT",1,0.00165016501650165
"GANG ACTIVITY - I RPT -> MISCELLANEOUS I RPT (ZMISC)",1,0.00165016501650165
"GANG ACTIVITY - I RPT -> POSSIBLE MENTAL - I RPT",1,0.00165016501650165
"GANG ACTIVITY - I RPT -> PROB VIOLA/FEL-MISD - I RPT",1,0.00165016501650165
"GANG ACTIVITY - I RPT -> SUSP PERS-NO CRIME - I RPT",1,0.00165016501650165
"GANG ACTIVITY - I RPT -> TELEPEST -I RPT",1,0.00165016501650165
"GANG ACTIVITY - I RPT -> TRAFFIC - I RPT",1,0.00165016501650165
"GRAFFITI PROBLEMS- I RPT -> 10851 VC AUTO THEFT LOCATE",1,0.00165016501650165
"GRAFFITI PROBLEMS- I RPT -> 10851(A)VC TAKE VEH W/O OWNER",1,0.00165016501650165
"GRAFFITI PROBLEMS- I RPT -> 22435.2(A) BP POSS SHOP CART",1,0.00165016501650165
"GRAFFITI PROBLEMS- I RPT -> 242 PC  BATTERY CIVILIAN",1,0.00165016501650165
"GRAFFITI PROBLEMS- I RPT -> 4140 BP  POSS OF HYPO NEEDLE",1,0.00165016501650165
"GRAFFITI PROBLEMS- I RPT -> 459 PC  BURGLARY VEHICLE",1,0.00165016501650165
"GRAFFITI PROBLEMS- I RPT -> GRAND THEFT - I RPT",1,0.00165016501650165
"GRAFFITI PROBLEMS- I RPT -> TOWED/STORED VEH-14602.6",1,0.00165016501650165
"GRAFFITI PROBLEMS- I RPT -> TRAFFIC-ACCIDENT INJURY",1,0.00165016501650165
"GRAND THEFT - I RPT -> 1203.2 PC VIOLATION OF PROBATI",1,0.00165016501650165
"GRAND THEFT - I RPT -> 211 PC ROBBERY- BUSINESS",1,0.00165016501650165
"GRAND THEFT - I RPT -> 4463(A)(1) VC ALTER REG",1,0.00165016501650165
"GRAND THEFT - I RPT -> 459 PC  BURGLARY RESIDENCE",1,0.00165016501650165
"GRAND THEFT - I RPT -> 484 PC-PETTY THEFT-COIN MACHIN",1,0.00165016501650165
"GRAND THEFT - I RPT -> 484 PETTY THEFT-SHOPLIFT",1,0.00165016501650165
"GRAND THEFT - I RPT -> 487(A) PC GRAND THEFT",1,0.00165016501650165
"GRAND THEFT - I RPT -> 5150 WI DANGER SELF/OTHERS",1,0.00165016501650165
"GRAND THEFT - I RPT -> MISSING PERSON I RPT",1,0.00165016501650165
"GRAND THEFT - I RPT -> MISSING PERSON LOCATE O/S ASSI",1,0.00165016501650165
"GRAND THEFT - I RPT -> TOWED/STORED VEH-14602.6",1,0.00165016501650165
"GRAND THEFT - I RPT -> TRAFFIC-ACCIDENT INJURY",1,0.00165016501650165
"HARASSMENT - I RPT -> 11350(A)HS POSS CNTRL SUBST",1,0.00165016501650165
"HARASSMENT - I RPT -> 11350(B)HS POSSESS QUAALUDES",1,0.00165016501650165
"HARASSMENT - I RPT -> 11351.5 HS POSS SALE RCK COCAI",1,0.00165016501650165
"HARASSMENT - I RPT -> 11352(A)HS SALE/TRANS CNTL SUB",1,0.00165016501650165
"HARASSMENT - I RPT -> 11532(A)HS LOITER DRG ACTIVITY",1,0.00165016501650165
"HARASSMENT - I RPT -> 12020(A)(4) PC DIRK/DAGGER",1,0.00165016501650165
"HARASSMENT - I RPT -> 12020(A)1) PROHIBITED FIREARM",1,0.00165016501650165
"HARASSMENT - I RPT -> 12022.1 PC COMMIT FEL ON BAIL",1,0.00165016501650165
"HARASSMENT - I RPT -> 20002(A) HIT/RUN",1,0.00165016501650165
"HARASSMENT - I RPT -> 211 PC  ROBBERY UNSPECIFIED",1,0.00165016501650165
"HARASSMENT - I RPT -> 215(A) PC    CARJACKING",1,0.00165016501650165
"HARASSMENT - I RPT -> 23103(A) RECKLESS ON HIGHWAY",1,0.00165016501650165
"HARASSMENT - I RPT -> 23153(A) VC DUI CAUSE INJURY",1,0.00165016501650165
"HARASSMENT - I RPT -> 23222(B)POSSESS MARIJ IN VEH",1,0.00165016501650165
"HARASSMENT - I RPT -> 243(B) BATTERY DR/NURSE/EMERG",1,0.00165016501650165
"HARASSMENT - I RPT -> 246 PC SHOOT OCCUP DWELL/VEH",1,0.00165016501650165
"HARASSMENT - I RPT -> 2800.2(A) VC EVADING/RECKLESS",1,0.00165016501650165
"HARASSMENT - I RPT -> 290(F)1 W/I 5 DAYS ADD CHANGE",1,0.00165016501650165
"HARASSMENT - I RPT -> 475(A)PC POSS FORGED CHK/NOTE",1,0.00165016501650165
"HARASSMENT - I RPT -> 484 PC   PETTY THEFT/INSIDE",1,0.00165016501650165
"HARASSMENT - I RPT -> 484 PETTY THEFT/LICENSE PLATE",1,0.00165016501650165
"HARASSMENT - I RPT -> 487(A) GRAND THEFT-INSIDE",1,0.00165016501650165
"HARASSMENT - I RPT -> 487(A) PC GRAND THEFT-SHOPLIFT",1,0.00165016501650165
"HARASSMENT - I RPT -> 487(D)GRAND THEFT FIREARM/ANIM",1,0.00165016501650165
"HARASSMENT - I RPT -> 496(A) RECEIVE STOLEN PROPERTY",1,0.00165016501650165
"HARASSMENT - I RPT -> 594(B)(1)PC  VANDALISM +$400",1,0.00165016501650165
"HARASSMENT - I RPT -> 653.22(A) LOITER PROSTITUTION",1,0.00165016501650165
"HARASSMENT - I RPT -> FAMILY DISTURBANCE - I RPT",1,0.00165016501650165
"HARASSMENT - I RPT -> MISCELLANEOUS I RPT (ZMISC)",1,0.00165016501650165
"HARASSMENT - I RPT -> MISSING PERSON",1,0.00165016501650165
"HARASSMENT - I RPT -> NON INJ HR/MAIL OUT REPORT",1,0.00165016501650165
"HARASSMENT - I RPT -> POSSIBLE STOLEN PROPERTY-I RPT",1,0.00165016501650165
"HARASSMENT - I RPT -> THREATS - I RPT",1,0.00165016501650165
"HARASSMENT - I RPT -> VANDALISM - I RPT",1,0.00165016501650165
"HAZARDOUS SITUATION - I RPT -> 243(E)1 BATTERY NONCOHAB SPOUS",1,0.00165016501650165
"HAZARDOUS SITUATION - I RPT -> 484 PETTY THEFT-SHOPLIFT",1,0.00165016501650165
"HAZARDOUS SITUATION - I RPT -> NON INJ HR/MAIL OUT REPORT",1,0.00165016501650165
"HAZARDOUS SITUATION - I RPT -> TRAFFIC - I RPT",1,0.00165016501650165
"HAZARDOUS SITUATION - I RPT -> TRAFFIC-ACCIDENT-NON INJURY",1,0.00165016501650165
"HIT AND RUN /SUSPECTS- I RPT -> 10851 VC AUTO THEFT LOCATE",1,0.00165016501650165
"HIT AND RUN /SUSPECTS- I RPT -> 11352(A)HS SALE/TRANS CNTL SUB",1,0.00165016501650165
"HIT AND RUN /SUSPECTS- I RPT -> 23222(B)POSSESS MARIJ IN VEH",1,0.00165016501650165
"HIT AND RUN /SUSPECTS- I RPT -> 3056 PAROLE VIO - I RPT",1,0.00165016501650165
"HIT AND RUN /SUSPECTS- I RPT -> CASUALTY REPORT",1,0.00165016501650165
"HIT AND RUN /SUSPECTS- I RPT -> HIT AND RUN /SUSPECTS- I RPT",1,0.00165016501650165
"HIT AND RUN /SUSPECTS- I RPT -> THREATS - I RPT",1,0.00165016501650165
"HIT AND RUN /SUSPECTS- I RPT -> TRAFFIC-ACCIDENT INJURY",1,0.00165016501650165
"HOMICIDE ASSAULT - I RPT -> 487(A) GRAND THEFT-COIN MACHIN",1,0.00165016501650165
"HOMICIDE ASSAULT - I RPT -> FOUND PROPERTY - I RPT",1,0.00165016501650165
"IMPOUNDED VEHICLE -> 10851 VC AUTO THEFT LOCATE",1,0.00165016501650165
"IMPOUNDED VEHICLE -> 11350(A)HS POSS CNTRL SUBST",1,0.00165016501650165
"IMPOUNDED VEHICLE -> 11364 HS POSS DRUG PARAPH",1,0.00165016501650165
"IMPOUNDED VEHICLE -> 11377(A)HS POSS AMPHETAMINES",1,0.00165016501650165
"IMPOUNDED VEHICLE -> 148(A)(1)PC RESIST PEACE OFFCR",1,0.00165016501650165
"IMPOUNDED VEHICLE -> 1551(A) FUGITIVE FROM JUSTICE",1,0.00165016501650165
"IMPOUNDED VEHICLE -> 166(A)(4) WILFUL DISOBEY CT OR",1,0.00165016501650165
"IMPOUNDED VEHICLE -> 20002(A) HIT/RUN",1,0.00165016501650165
"IMPOUNDED VEHICLE -> 211 PC ROBBERY- BUSINESS",1,0.00165016501650165
"IMPOUNDED VEHICLE -> 23152(A) VC DUI-ALCOHOL/DRUGS",1,0.00165016501650165
"IMPOUNDED VEHICLE -> 459 PC  BURGLARY RESIDENCE",1,0.00165016501650165
"IMPOUNDED VEHICLE -> 459 PC  BURGLARY VEHICLE",1,0.00165016501650165
"IMPOUNDED VEHICLE -> 484 PETTY THEFT-SHOPLIFT",1,0.00165016501650165
"IMPOUNDED VEHICLE -> 594(B)(2)(A) VANDALISM/ -$400",1,0.00165016501650165
"IMPOUNDED VEHICLE -> FRAUD-SWINDLE",1,0.00165016501650165
"IMPOUNDED VEHICLE -> MISCELLANEOUS I RPT (ZMISC)",1,0.00165016501650165
"IMPOUNDED VEHICLE -> MISSING PERSON",1,0.00165016501650165
"IMPOUNDED VEHICLE -> NON INJ HR/MAIL OUT REPORT",1,0.00165016501650165
"IMPOUNDED VEHICLE -> POSSIBLE FINANCIAL CRIME-I RPT",1,0.00165016501650165
"INTOX REPORT/ADMIN PER - I RPT -> 459 PC  BURGLARY BUSINESS",1,0.00165016501650165
"JUVENILE DISURBANCE - I RPT -> 11364 HS POSS DRUG PARAPH",1,0.00165016501650165
"JUVENILE DISURBANCE - I RPT -> 23152(A) VC DUI-ALCOHOL/DRUGS",1,0.00165016501650165
"JUVENILE DISURBANCE - I RPT -> 243(D) PC BATT/CIVILIAN W/INJ",1,0.00165016501650165
"JUVENILE DISURBANCE - I RPT -> 243(E)1 BATTERY NONCOHAB SPOUS",1,0.00165016501650165
"JUVENILE DISURBANCE - I RPT -> 459 PC  BURGLARY BUSINESS",1,0.00165016501650165
"JUVENILE DISURBANCE - I RPT -> 459 PC  BURGLARY VEHICLE",1,0.00165016501650165
"JUVENILE DISURBANCE - I RPT -> 484 PC PETTY THEFT",1,0.00165016501650165
"JUVENILE DISURBANCE - I RPT -> 484 PETTY THEFT-SHOPLIFT",1,0.00165016501650165
"JUVENILE DISURBANCE - I RPT -> 484 PETTY THEFT/LICENSE PLATE",1,0.00165016501650165
"JUVENILE DISURBANCE - I RPT -> 487(A) GRAND THEFT-CLOUT-UNLOC",1,0.00165016501650165
"JUVENILE DISURBANCE - I RPT -> 487(A) PC GRAND THEFT",1,0.00165016501650165
"JUVENILE DISURBANCE - I RPT -> 594(B)(2)(A)VANDALISM GRAF-400",1,0.00165016501650165
"JUVENILE DISURBANCE - I RPT -> 647(F) PC DIP - DISORDERLY",1,0.00165016501650165
"JUVENILE DISURBANCE - I RPT -> 653M(A) PC OBSCENE/THREAT CALL",1,0.00165016501650165
"JUVENILE DISURBANCE - I RPT -> BATTERY - I RPT",1,0.00165016501650165
"JUVENILE DISURBANCE - I RPT -> CHILD CUSTODY - I RPT",1,0.00165016501650165
"JUVENILE DISURBANCE - I RPT -> RPT # CANCELLED- I RPT",1,0.00165016501650165
"JUVENILE DISURBANCE - I RPT -> SUSP PERS-NO CRIME - I RPT",1,0.00165016501650165
"JUVENILE DISURBANCE - I RPT -> TOWED/STORED VEH-14602.6",1,0.00165016501650165
"JUVENILE DISURBANCE - I RPT -> TOWED/STORED VEHICLE",1,0.00165016501650165
"JUVENILE DISURBANCE - I RPT -> TRAFFIC-ACCIDENT INJURY",1,0.00165016501650165
"JUVENILE PROBLEMS - I RPT -> 10851 VC AUTO THEFT LOCATE",1,0.00165016501650165
"JUVENILE PROBLEMS - I RPT -> 11350(A)HS POSS CNTRL SUBST",1,0.00165016501650165
"JUVENILE PROBLEMS - I RPT -> 11532(A)HS LOITER DRG ACTIVITY",1,0.00165016501650165
"JUVENILE PROBLEMS - I RPT -> 20001(A) VC HIT/RUN INJ/DEATH",1,0.00165016501650165
"JUVENILE PROBLEMS - I RPT -> 211 PC  ROBBERY UNSPECIFIED",1,0.00165016501650165
"JUVENILE PROBLEMS - I RPT -> 23152(A) VC DUI-ALCOHOL/DRUGS",1,0.00165016501650165
"JUVENILE PROBLEMS - I RPT -> 242 PC  BATTERY CIVILIAN",1,0.00165016501650165
"JUVENILE PROBLEMS - I RPT -> 245(A)(1)AWDW/NO FIREARM/CIVIL",1,0.00165016501650165
"JUVENILE PROBLEMS - I RPT -> 459 PC  BURGLARY VEHICLE",1,0.00165016501650165
"JUVENILE PROBLEMS - I RPT -> 459 PC  BURGLARY-UNSPECIFIED",1,0.00165016501650165
"JUVENILE PROBLEMS - I RPT -> 484 PC PETTY THEFT",1,0.00165016501650165
"JUVENILE PROBLEMS - I RPT -> 484 PETTY THEFT-SHOPLIFT",1,0.00165016501650165
"JUVENILE PROBLEMS - I RPT -> 487(A) GRAND THEFT-INSIDE",1,0.00165016501650165
"JUVENILE PROBLEMS - I RPT -> 496(A) PC REC STOLEN AUTO PART",1,0.00165016501650165
"JUVENILE PROBLEMS - I RPT -> 594(B)(2)(A) VANDALISM/ -$400",1,0.00165016501650165
"JUVENILE PROBLEMS - I RPT -> FOUND PROPERTY - I RPT",1,0.00165016501650165
"JUVENILE PROBLEMS - I RPT -> TRAFFIC-ACCIDENT INJURY",1,0.00165016501650165
"JUVENILE PROBLEMS - I RPT -> TRAFFIC-ACCIDENT-NON INJURY",1,0.00165016501650165
"LOST PROPERTY - I RPT -> 12.52.030 SCC UNLAWFUL CAMPING",1,0.00165016501650165
"LOST PROPERTY - I RPT -> 12020(A)1) PROHIBITED FIREARM",1,0.00165016501650165
"LOST PROPERTY - I RPT -> 197 JUSTIFIABLE HOMI-CIVILIAN",1,0.00165016501650165
"LOST PROPERTY - I RPT -> 211 PC  ROBBERY-BANK",1,0.00165016501650165
"LOST PROPERTY - I RPT -> 211 PC ROBBERY- BUSINESS",1,0.00165016501650165
"LOST PROPERTY - I RPT -> 212.5(A)ROBBERY-INHAB DWELLING",1,0.00165016501650165
"LOST PROPERTY - I RPT -> 22435.2(A) BP POSS SHOP CART",1,0.00165016501650165
"LOST PROPERTY - I RPT -> 246 PC SHOOT OCCUP DWELL/VEH",1,0.00165016501650165
"LOST PROPERTY - I RPT -> 25662(A)BP POSS ALC BY MINOR",1,0.00165016501650165
"LOST PROPERTY - I RPT -> 290(F)1 W/I 5 DAYS ADD CHANGE",1,0.00165016501650165
"LOST PROPERTY - I RPT -> 3056 PAROLE VIO - I RPT",1,0.00165016501650165
"LOST PROPERTY - I RPT -> 475(C) PASS FORGED NOTE",1,0.00165016501650165
"LOST PROPERTY - I RPT -> 476 PC PASS FICTICIOUS CHECK",1,0.00165016501650165
"LOST PROPERTY - I RPT -> 484 PETTY THEFT CLOUT UNLOCKED",1,0.00165016501650165
"LOST PROPERTY - I RPT -> 484 PETTY THEFT-PURSE SNATCH",1,0.00165016501650165
"LOST PROPERTY - I RPT -> 484 PETTY THEFT-SHOPLIFT",1,0.00165016501650165
"LOST PROPERTY - I RPT -> 487(A) GRAND THEFT-INSIDE",1,0.00165016501650165
"LOST PROPERTY - I RPT -> 529 PC FALSE PERSONATION",1,0.00165016501650165
"LOST PROPERTY - I RPT -> 530.5 PC USE PERSONAL ID INFO",1,0.00165016501650165
"LOST PROPERTY - I RPT -> 594(B)(1)PC  VANDALISM +$400",1,0.00165016501650165
"LOST PROPERTY - I RPT -> 594(B)(2)(A)VANDALISM GRAF-400",1,0.00165016501650165
"LOST PROPERTY - I RPT -> 647(A) PC LEWD CONDUCT",1,0.00165016501650165
"LOST PROPERTY - I RPT -> 647(F) PC DIP - DISORDERLY",1,0.00165016501650165
"LOST PROPERTY - I RPT -> 653M(A) PC OBSCENE/THREAT CALL",1,0.00165016501650165
"LOST PROPERTY - I RPT -> 9.04.070 URINATE/DEFECATE PUB",1,0.00165016501650165
"LOST PROPERTY - I RPT -> BATTERY - I RPT",1,0.00165016501650165
"LOST PROPERTY - I RPT -> BOMBS/THREATS/EXPLOSIV- I RPT",1,0.00165016501650165
"LOST PROPERTY - I RPT -> BURGLARY - I RPT",1,0.00165016501650165
"LOST PROPERTY - I RPT -> NARCOTICS SUSP/EVID/ACT- I RPT",1,0.00165016501650165
"LOST PROPERTY - I RPT -> PERSON INFORMATION - I RPT",1,0.00165016501650165
"LOST PROPERTY - I RPT -> PETTY THEFT - I RPT",1,0.00165016501650165
"LOST PROPERTY - I RPT -> SAFEKEEPING - I RPT",1,0.00165016501650165
"LOST PROPERTY - I RPT -> SUSP PERS-NO CRIME - I RPT",1,0.00165016501650165
"LOST PROPERTY - I RPT -> THREATS - I RPT",1,0.00165016501650165
"LOST PROPERTY - I RPT -> VANDALISM - I RPT",1,0.00165016501650165
"LOST PROPERTY-MATRICULA I RPT -> 10851(A)VC TAKE VEH W/O OWNER",1,0.00165016501650165
"LOST PROPERTY-MATRICULA I RPT -> 12020(A)1) PROHIBITED FIREARM",1,0.00165016501650165
"LOST PROPERTY-MATRICULA I RPT -> 211 PC  ROBBERY UNSPECIFIED",1,0.00165016501650165
"LOST PROPERTY-MATRICULA I RPT -> 459 PC  BURGLARY VEHICLE",1,0.00165016501650165
"LOST PROPERTY-MATRICULA I RPT -> 484 PC PETTY THEFT",1,0.00165016501650165
"LOST PROPERTY-MATRICULA I RPT -> 487(A) GRAND THEFT-INSIDE",1,0.00165016501650165
"LOST PROPERTY-MATRICULA I RPT -> 594(B)(2)(A) VANDALISM/ -$400",1,0.00165016501650165
"LOST PROPERTY-MATRICULA I RPT -> 666 PC PETTY THEFT W/PRI CONV",1,0.00165016501650165
"MISCELLANEOUS I RPT (ZMISC) -> 11350(A)HS POSS CNTRL SUBST",1,0.00165016501650165
"MISCELLANEOUS I RPT (ZMISC) -> 11359 HS POSS FOR SALE MARIJ",1,0.00165016501650165
"MISCELLANEOUS I RPT (ZMISC) -> 11377(A)HS POSS AMPHETAMINES",1,0.00165016501650165
"MISCELLANEOUS I RPT (ZMISC) -> 1203.2 PC VIOLATION OF PROBATI",1,0.00165016501650165
"MISCELLANEOUS I RPT (ZMISC) -> 148(A)(1)PC RESIST PEACE OFFCR",1,0.00165016501650165
"MISCELLANEOUS I RPT (ZMISC) -> 148.1(A)PC FALSE REPT OF BOMB",1,0.00165016501650165
"MISCELLANEOUS I RPT (ZMISC) -> 148.9 PC FALSE ID TO OFFICER",1,0.00165016501650165
"MISCELLANEOUS I RPT (ZMISC) -> 215(A) PC    CARJACKING",1,0.00165016501650165
"MISCELLANEOUS I RPT (ZMISC) -> 23103(A) RECKLESS ON HIGHWAY",1,0.00165016501650165
"MISCELLANEOUS I RPT (ZMISC) -> 243(B) BATTERY DR/NURSE/EMERG",1,0.00165016501650165
"MISCELLANEOUS I RPT (ZMISC) -> 243(D) PC BATT/CIVILIAN W/INJ",1,0.00165016501650165
"MISCELLANEOUS I RPT (ZMISC) -> 246 PC SHOOT OCCUP DWELL/VEH",1,0.00165016501650165
"MISCELLANEOUS I RPT (ZMISC) -> 25632 BP CONSM ALC AFT CLOSING",1,0.00165016501650165
"MISCELLANEOUS I RPT (ZMISC) -> 273.6(A) PC VIO DV COURT ORDER",1,0.00165016501650165
"MISCELLANEOUS I RPT (ZMISC) -> 368(D) THEFT-ELDER >400",1,0.00165016501650165
"MISCELLANEOUS I RPT (ZMISC) -> 4140 BP  POSS OF HYPO NEEDLE",1,0.00165016501650165
"MISCELLANEOUS I RPT (ZMISC) -> 415.5(A)(1) PC FIGHT SCHOOL GR",1,0.00165016501650165
"MISCELLANEOUS I RPT (ZMISC) -> 417(A)1) PC BRANDISH NON-GUN",1,0.00165016501650165
"MISCELLANEOUS I RPT (ZMISC) -> 417(A)2) PC BRANDISH FIREARM",1,0.00165016501650165
"MISCELLANEOUS I RPT (ZMISC) -> 422 PC THREAT/INTENT TO TERROR",1,0.00165016501650165
"MISCELLANEOUS I RPT (ZMISC) -> 459 PC  BURGLARY-UNSPECIFIED",1,0.00165016501650165
"MISCELLANEOUS I RPT (ZMISC) -> 484 PETTY THEFT-PURSE SNATCH",1,0.00165016501650165
"MISCELLANEOUS I RPT (ZMISC) -> 484 PETTY THEFT/LICENSE PLATE",1,0.00165016501650165
"MISCELLANEOUS I RPT (ZMISC) -> 484G(B) PC ACCESS CARD FRAUD",1,0.00165016501650165
"MISCELLANEOUS I RPT (ZMISC) -> 487(A) GRAND THEFT-CLOUT-UNLOC",1,0.00165016501650165
"MISCELLANEOUS I RPT (ZMISC) -> 487(A) GRAND THEFT-INSIDE",1,0.00165016501650165
"MISCELLANEOUS I RPT (ZMISC) -> 496(A) RECEIVE STOLEN PROPERTY",1,0.00165016501650165
"MISCELLANEOUS I RPT (ZMISC) -> 529 PC FALSE PERSONATION",1,0.00165016501650165
"MISCELLANEOUS I RPT (ZMISC) -> 594(B)(2)(A)VANDALISM GRAF-400",1,0.00165016501650165
"MISCELLANEOUS I RPT (ZMISC) -> 647(F) PC PUB INTOX-DETOX ONLY",1,0.00165016501650165
"MISCELLANEOUS I RPT (ZMISC) -> 849(B)(1) CERTIFICATE OF RELEA",1,0.00165016501650165
"MISCELLANEOUS I RPT (ZMISC) -> BOMBS/THREATS/EXPLOSIV- I RPT",1,0.00165016501650165
"MISCELLANEOUS I RPT (ZMISC) -> BURGLARY - I RPT",1,0.00165016501650165
"MISCELLANEOUS I RPT (ZMISC) -> CAR CLOUT -  I RPT",1,0.00165016501650165
"MISCELLANEOUS I RPT (ZMISC) -> CHILD WELFARE - I RPT",1,0.00165016501650165
"MISCELLANEOUS I RPT (ZMISC) -> FAMILY DISTURBANCE - I RPT",1,0.00165016501650165
"MISCELLANEOUS I RPT (ZMISC) -> IMPOUNDED VEHICLE",1,0.00165016501650165
"MISCELLANEOUS I RPT (ZMISC) -> JUVENILE PROBLEMS - I RPT",1,0.00165016501650165
"MISCELLANEOUS I RPT (ZMISC) -> MISSING PERSON I RPT",1,0.00165016501650165
"MISCELLANEOUS I RPT (ZMISC) -> MISSING PERSON LOCATE O/S ASSI",1,0.00165016501650165
"MISCELLANEOUS I RPT (ZMISC) -> NARCOTICS SUSP/EVID/ACT- I RPT",1,0.00165016501650165
"MISCELLANEOUS I RPT (ZMISC) -> NEIGHBORHOOD DISTURBANCE-I RPT",1,0.00165016501650165
"MISCELLANEOUS I RPT (ZMISC) -> O/S AGENCY -ASSISTANCE- I RPT",1,0.00165016501650165
"MISCELLANEOUS I RPT (ZMISC) -> TELEPEST -I RPT",1,0.00165016501650165
"MISCELLANEOUS I RPT (ZMISC) -> TRAFFIC - I RPT",1,0.00165016501650165
"MISCELLANEOUS I RPT (ZMISC) -> WARRANT SERVED - I RPT",1,0.00165016501650165
"MISSING PERSON -> 10852 VC VEHICLE TAMPERING",1,0.00165016501650165
"MISSING PERSON -> 10855 VC LSE/RENT NOT RETURNED",1,0.00165016501650165
"MISSING PERSON -> 11350(B)HS POSSESS QUAALUDES",1,0.00165016501650165
"MISSING PERSON -> 11351.5 HS POSS SALE RCK COCAI",1,0.00165016501650165
"MISSING PERSON -> 11352(A)HS SALE/TRANS CNTL SUB",1,0.00165016501650165
"MISSING PERSON -> 11357(C)HS POSS +28.5GR MARIJ",1,0.00165016501650165
"MISSING PERSON -> 11532(A)HS LOITER DRG ACTIVITY",1,0.00165016501650165
"MISSING PERSON -> 12020(A)1) PROHIBITED FIREARM",1,0.00165016501650165
"MISSING PERSON -> 12021(A)(1)PC FELON POSS FRARM",1,0.00165016501650165
"MISSING PERSON -> 12403.7(G) PC ILLGL POSS TRGAS",1,0.00165016501650165
"MISSING PERSON -> 148(A)(1)PC RESIST PEACE OFFCR",1,0.00165016501650165
"MISSING PERSON -> 1708 US   THEFT OF MAIL",1,0.00165016501650165
"MISSING PERSON -> 211 PC ROBBERY-PURSE SNATCH",1,0.00165016501650165
"MISSING PERSON -> 212.5(A)ROBBERY-INHAB DWELLING",1,0.00165016501650165
"MISSING PERSON -> 23153(A) VC DUI CAUSE INJURY",1,0.00165016501650165
"MISSING PERSON -> 246 PC SHOOT OCCUP DWELL/VEH",1,0.00165016501650165
"MISSING PERSON -> 25661 BP FALSE EVIDENCE OF AGE",1,0.00165016501650165
"MISSING PERSON -> 25662(A)BP POSS ALC BY MINOR",1,0.00165016501650165
"MISSING PERSON -> 2800.2(A) VC EVADING/RECKLESS",1,0.00165016501650165
"MISSING PERSON -> 417(A)2) PC BRANDISH FIREARM",1,0.00165016501650165
"MISSING PERSON -> 417.4 PC BRANDISH IMIT FIREARM",1,0.00165016501650165
"MISSING PERSON -> 422 PC THREAT/INTENT TO TERROR",1,0.00165016501650165
"MISSING PERSON -> 451(B) PC ARSON OF INHAB STRUC",1,0.00165016501650165
"MISSING PERSON -> 466 PC   POSS OF BURG TOOLS",1,0.00165016501650165
"MISSING PERSON -> 475(A)PC POSS FORGED CHK/NOTE",1,0.00165016501650165
"MISSING PERSON -> 484 PETTY THEFT CLOUT UNLOCKED",1,0.00165016501650165
"MISSING PERSON -> 484 PETTY THEFT-PURSE SNATCH",1,0.00165016501650165
"MISSING PERSON -> 484G(A)PC USE FORGED CARD",1,0.00165016501650165
"MISSING PERSON -> 487(A) GRAND THEFT-COIN MACHIN",1,0.00165016501650165
"MISSING PERSON -> 487(A) PC GRAND THEFT-SHOPLIFT",1,0.00165016501650165
"MISSING PERSON -> 487(D) PC GRAND THEFT AUTO",1,0.00165016501650165
"MISSING PERSON -> 496(A) RECEIVE STOLEN PROPERTY",1,0.00165016501650165
"MISSING PERSON -> 5.136.050 NO TAXICAB PERMIT",1,0.00165016501650165
"MISSING PERSON -> 508 PC   EMBEZZLEMENT/EMPLOYEE",1,0.00165016501650165
"MISSING PERSON -> 529 PC FALSE PERSONATION",1,0.00165016501650165
"MISSING PERSON -> 532 PC FRAUD OBTAIN MONEY ETC",1,0.00165016501650165
"MISSING PERSON -> 594(B)(2)(A)VANDALISM GRAF-400",1,0.00165016501650165
"MISSING PERSON -> 594.3(A)VANDAL/PLACE OF WORSHI",1,0.00165016501650165
"MISSING PERSON -> 626.10(A) PC POSS WPN SCHL ZN",1,0.00165016501650165
"MISSING PERSON -> 653K PC POSS/SELL SWITCHBLADE",1,0.00165016501650165
"MISSING PERSON -> 99170 PUBLIC UTILITIES CODE",1,0.00165016501650165
"MISSING PERSON -> BOMBS/THREATS/EXPLOSIV- I RPT",1,0.00165016501650165
"MISSING PERSON -> BURGLARY - I RPT",1,0.00165016501650165
"MISSING PERSON -> CHILD WELFARE - I RPT",1,0.00165016501650165
"MISSING PERSON -> FOUND EVIDENCE-NON NARC -I RPT",1,0.00165016501650165
"MISSING PERSON -> FRAUD OR BUNCO - I RPT",1,0.00165016501650165
"MISSING PERSON -> HAZARDOUS SITUATION - I RPT",1,0.00165016501650165
"MISSING PERSON -> INTOX REPORT/ADMIN PER - I RPT",1,0.00165016501650165
"MISSING PERSON -> JUVENILE OFFENDER-PROBATION",1,0.00165016501650165
"MISSING PERSON -> JUVENILE PROBLEMS - I RPT",1,0.00165016501650165
"MISSING PERSON -> PERSON INFORMATION - I RPT",1,0.00165016501650165
"MISSING PERSON -> POSSIBLE FINANCIAL CRIME-I RPT",1,0.00165016501650165
"MISSING PERSON -> PROTECTIVE CUSTODY-I RPT",1,0.00165016501650165
"MISSING PERSON -> TRAFFIC - I RPT",1,0.00165016501650165
"MISSING PERSON -> TRESPASS OR PROWLER- I RPT",1,0.00165016501650165
"MISSING PERSON I RPT -> 166(A)(4) WILFUL DISOBEY CT OR",1,0.00165016501650165
"MISSING PERSON I RPT -> 211 PC  ROBBERY UNSPECIFIED",1,0.00165016501650165
"MISSING PERSON I RPT -> 23153(A) VC DUI CAUSE INJURY",1,0.00165016501650165
"MISSING PERSON I RPT -> 240 PC ASSAULT/SIMPLE-CIVILIAN",1,0.00165016501650165
"MISSING PERSON I RPT -> 242 PC  BATTERY CIVILIAN",1,0.00165016501650165
"MISSING PERSON I RPT -> 422 PC THREAT/INTENT TO TERROR",1,0.00165016501650165
"MISSING PERSON I RPT -> 484 PC   PETTY THEFT/INSIDE",1,0.00165016501650165
"MISSING PERSON I RPT -> 484 PETTY THEFT-PURSE SNATCH",1,0.00165016501650165
"MISSING PERSON I RPT -> 484 PETTY THEFT-SHOPLIFT",1,0.00165016501650165
"MISSING PERSON I RPT -> 5150 WI DANGER SELF/OTHERS",1,0.00165016501650165
"MISSING PERSON I RPT -> 594(B)(2)(A) VANDALISM/ -$400",1,0.00165016501650165
"MISSING PERSON I RPT -> 603  FORCED ENTRY/PROP DAMAGE",1,0.00165016501650165
"MISSING PERSON I RPT -> BATTERY - I RPT",1,0.00165016501650165
"MISSING PERSON I RPT -> CHILD WELFARE - I RPT",1,0.00165016501650165
"MISSING PERSON I RPT -> GRAFFITI PROBLEMS- I RPT",1,0.00165016501650165
"MISSING PERSON I RPT -> HARASSMENT - I RPT",1,0.00165016501650165
"MISSING PERSON I RPT -> LOST PROPERTY - I RPT",1,0.00165016501650165
"MISSING PERSON I RPT -> MISSING PERSON I RPT",1,0.00165016501650165
"MISSING PERSON I RPT -> NARCOTICS SUSP/EVID/ACT- I RPT",1,0.00165016501650165
"MISSING PERSON I RPT -> PERSON INFORMATION - I RPT",1,0.00165016501650165
"MISSING PERSON I RPT -> RECOVERED PROPERTY - I RPT",1,0.00165016501650165
"MISSING PERSON I RPT -> THREATS - I RPT",1,0.00165016501650165
"MISSING PERSON I RPT -> TRAFFIC - I RPT",1,0.00165016501650165
"MISSING PERSON I RPT -> TRAFFIC-ACCIDENT INJURY",1,0.00165016501650165
"MISSING PERSON I RPT -> WARRANT SERVED - I RPT",1,0.00165016501650165
"MISSING PERSON LOCATE O/S ASSI -> 11364 HS POSS DRUG PARAPH",1,0.00165016501650165
"MISSING PERSON LOCATE O/S ASSI -> 12403.7(G) PC ILLGL POSS TRGAS",1,0.00165016501650165
"MISSING PERSON LOCATE O/S ASSI -> 211 PC  ROBBERY UNSPECIFIED",1,0.00165016501650165
"MISSING PERSON LOCATE O/S ASSI -> 368(B)(1) CRUELTY/ELDER/ W/INJ",1,0.00165016501650165
"MISSING PERSON LOCATE O/S ASSI -> 459 PC  BURGLARY RESIDENCE",1,0.00165016501650165
"MISSING PERSON LOCATE O/S ASSI -> 475(C) PASS FORGED NOTE",1,0.00165016501650165
"MISSING PERSON LOCATE O/S ASSI -> 484 PC  PETTY THEFT/ OUTSIDE",1,0.00165016501650165
"MISSING PERSON LOCATE O/S ASSI -> 484 PC PETTY THEFT",1,0.00165016501650165
"MISSING PERSON LOCATE O/S ASSI -> MISSING PERSON I RPT",1,0.00165016501650165
"MISSING PERSON LOCATE O/S ASSI -> NON INJ HR/MAIL OUT REPORT",1,0.00165016501650165
"MISSING PERSON LOCATE O/S ASSI -> TRAFFIC-ACCIDENT INJURY",1,0.00165016501650165
"NARCOTICS SUSP/EVID/ACT- I RPT -> 11350(A)HS POSS CNTRL SUBST",1,0.00165016501650165
"NARCOTICS SUSP/EVID/ACT- I RPT -> 11351.5 HS POSS SALE RCK COCAI",1,0.00165016501650165
"NARCOTICS SUSP/EVID/ACT- I RPT -> 11352(A)HS SALE/TRANS CNTL SUB",1,0.00165016501650165
"NARCOTICS SUSP/EVID/ACT- I RPT -> 11532(A)HS LOITER DRG ACTIVITY",1,0.00165016501650165
"NARCOTICS SUSP/EVID/ACT- I RPT -> 12021(A)(1)PC FELON POSS FRARM",1,0.00165016501650165
"NARCOTICS SUSP/EVID/ACT- I RPT -> 1203.2 PC VIOLATION OF PROBATI",1,0.00165016501650165
"NARCOTICS SUSP/EVID/ACT- I RPT -> 20002(A) HIT/RUN",1,0.00165016501650165
"NARCOTICS SUSP/EVID/ACT- I RPT -> 203 PC    MAYHEM",1,0.00165016501650165
"NARCOTICS SUSP/EVID/ACT- I RPT -> 211 PC ROBBERY- BUSINESS",1,0.00165016501650165
"NARCOTICS SUSP/EVID/ACT- I RPT -> 23152(A) VC DUI-ALCOHOL/DRUGS",1,0.00165016501650165
"NARCOTICS SUSP/EVID/ACT- I RPT -> 243(D) PC BATT/CIVILIAN W/INJ",1,0.00165016501650165
"NARCOTICS SUSP/EVID/ACT- I RPT -> 243.2(A)(1) BATT/SCHOOL INJURY",1,0.00165016501650165
"NARCOTICS SUSP/EVID/ACT- I RPT -> 246 PC SHOOT OCCUP DWELL/VEH",1,0.00165016501650165
"NARCOTICS SUSP/EVID/ACT- I RPT -> 3056 PC PAROLE VIOLATION",1,0.00165016501650165
"NARCOTICS SUSP/EVID/ACT- I RPT -> 308(B) PC MINOR POSS TOBACCO",1,0.00165016501650165
"NARCOTICS SUSP/EVID/ACT- I RPT -> 4140 BP  POSS OF HYPO NEEDLE",1,0.00165016501650165
"NARCOTICS SUSP/EVID/ACT- I RPT -> 417(A)1) PC BRANDISH NON-GUN",1,0.00165016501650165
"NARCOTICS SUSP/EVID/ACT- I RPT -> 459 PC  BURGLARY BUSINESS",1,0.00165016501650165
"NARCOTICS SUSP/EVID/ACT- I RPT -> 476 PC PASS FICTICIOUS CHECK",1,0.00165016501650165
"NARCOTICS SUSP/EVID/ACT- I RPT -> 484 PETTY THEFT/LICENSE PLATE",1,0.00165016501650165
"NARCOTICS SUSP/EVID/ACT- I RPT -> 487(A) GRAND THEFT-INSIDE",1,0.00165016501650165
"NARCOTICS SUSP/EVID/ACT- I RPT -> 487(A) PC GRAND THEFT",1,0.00165016501650165
"NARCOTICS SUSP/EVID/ACT- I RPT -> 529 PC FALSE PERSONATION",1,0.00165016501650165
"NARCOTICS SUSP/EVID/ACT- I RPT -> 530.5 PC USE PERSONAL ID INFO",1,0.00165016501650165
"NARCOTICS SUSP/EVID/ACT- I RPT -> 594(B)(1)VANDALISM GRAF +$400",1,0.00165016501650165
"NARCOTICS SUSP/EVID/ACT- I RPT -> 594(B)(2)(A) VANDALISM/ -$400",1,0.00165016501650165
"NARCOTICS SUSP/EVID/ACT- I RPT -> 603  FORCED ENTRY/PROP DAMAGE",1,0.00165016501650165
"NARCOTICS SUSP/EVID/ACT- I RPT -> 647(B) PC   PROSTITUTION",1,0.00165016501650165
"NARCOTICS SUSP/EVID/ACT- I RPT -> 666 PC PETTY THEFT W/PRI CONV",1,0.00165016501650165
"NARCOTICS SUSP/EVID/ACT- I RPT -> 849(B)(1) CERTIFICATE OF RELEA",1,0.00165016501650165
"NARCOTICS SUSP/EVID/ACT- I RPT -> 9.40.020(A) JUVENILE CURFEW",1,0.00165016501650165
"NARCOTICS SUSP/EVID/ACT- I RPT -> ACCIDENTAL FIRES/ARSON -I RPT",1,0.00165016501650165
"NARCOTICS SUSP/EVID/ACT- I RPT -> FOUND PROPERTY - I RPT",1,0.00165016501650165
"NARCOTICS SUSP/EVID/ACT- I RPT -> GANG ACTIVITY - I RPT",1,0.00165016501650165
"NARCOTICS SUSP/EVID/ACT- I RPT -> MISCELLANEOUS I RPT (ZMISC)",1,0.00165016501650165
"NARCOTICS SUSP/EVID/ACT- I RPT -> NARCOTICS SUSP/EVID/ACT- I RPT",1,0.00165016501650165
"NARCOTICS SUSP/EVID/ACT- I RPT -> NEIGHBORHOOD DISTURBANCE-I RPT",1,0.00165016501650165
"NARCOTICS SUSP/EVID/ACT- I RPT -> NON INJ HR/MAIL OUT REPORT",1,0.00165016501650165
"NARCOTICS SUSP/EVID/ACT- I RPT -> PETTY THEFT - I RPT",1,0.00165016501650165
"NARCOTICS SUSP/EVID/ACT- I RPT -> POSSIBLE FINANCIAL CRIME-I RPT",1,0.00165016501650165
"NARCOTICS SUSP/EVID/ACT- I RPT -> PROB VIOLA/FEL-MISD - I RPT",1,0.00165016501650165
"NARCOTICS SUSP/EVID/ACT- I RPT -> TRAFFIC - I RPT",1,0.00165016501650165
"NARCOTICS SUSP/EVID/ACT- I RPT -> WANTED SUBJ-O/S WANT/ I RPT",1,0.00165016501650165
"NEIGHBORHOOD DISTURBANCE-I RPT -> 10855 VC LSE/RENT NOT RETURNED",1,0.00165016501650165
"NEIGHBORHOOD DISTURBANCE-I RPT -> 11364 HS POSS DRUG PARAPH",1,0.00165016501650165
"NEIGHBORHOOD DISTURBANCE-I RPT -> 12020(A)1) PROHIBITED FIREARM",1,0.00165016501650165
"NEIGHBORHOOD DISTURBANCE-I RPT -> 166(A)(4) WILFUL DISOBEY CT OR",1,0.00165016501650165
"NEIGHBORHOOD DISTURBANCE-I RPT -> 20002(A) HIT/RUN",1,0.00165016501650165
"NEIGHBORHOOD DISTURBANCE-I RPT -> 211 PC  ROBBERY UNSPECIFIED",1,0.00165016501650165
"NEIGHBORHOOD DISTURBANCE-I RPT -> 211 PC ROBBERY-PURSE SNATCH",1,0.00165016501650165
"NEIGHBORHOOD DISTURBANCE-I RPT -> 243.6 BATTERY SCHOOL EMPLOYEE",1,0.00165016501650165
"NEIGHBORHOOD DISTURBANCE-I RPT -> 484 PC  PETTY THEFT/ OUTSIDE",1,0.00165016501650165
"NEIGHBORHOOD DISTURBANCE-I RPT -> 484 PETTY THEFT/LICENSE PLATE",1,0.00165016501650165
"NEIGHBORHOOD DISTURBANCE-I RPT -> 487(A) PC GRAND THEFT",1,0.00165016501650165
"NEIGHBORHOOD DISTURBANCE-I RPT -> ACCIDENTAL FIRES/ARSON -I RPT",1,0.00165016501650165
"NEIGHBORHOOD DISTURBANCE-I RPT -> CASUALTY REPORT",1,0.00165016501650165
"NEIGHBORHOOD DISTURBANCE-I RPT -> GANG ACTIVITY - I RPT",1,0.00165016501650165
"NEIGHBORHOOD DISTURBANCE-I RPT -> HIT AND RUN /SUSPECTS- I RPT",1,0.00165016501650165
"NEIGHBORHOOD DISTURBANCE-I RPT -> LOST PROPERTY - I RPT",1,0.00165016501650165
"NEIGHBORHOOD DISTURBANCE-I RPT -> MISSING PERSON I RPT",1,0.00165016501650165
"NEIGHBORHOOD DISTURBANCE-I RPT -> NARCOTICS SUSP/EVID/ACT- I RPT",1,0.00165016501650165
"NEIGHBORHOOD DISTURBANCE-I RPT -> NEIGHBORHOOD DISTURBANCE-I RPT",1,0.00165016501650165
"NEIGHBORHOOD DISTURBANCE-I RPT -> POSSIBLE FINANCIAL CRIME-I RPT",1,0.00165016501650165
"NEIGHBORHOOD DISTURBANCE-I RPT -> SUSP PERS-NO CRIME - I RPT",1,0.00165016501650165
"NEIGHBORHOOD DISTURBANCE-I RPT -> TRAFFIC-ACCIDENT INJURY",1,0.00165016501650165
"NEIGHBORHOOD DISTURBANCE-I RPT -> TRAFFIC-ACCIDENT-NON INJURY",1,0.00165016501650165
"NON INJ HR/MAIL OUT REPORT -> 10852 VC VEHICLE TAMPERING",1,0.00165016501650165
"NON INJ HR/MAIL OUT REPORT -> 11350(B)HS POSSESS QUAALUDES",1,0.00165016501650165
"NON INJ HR/MAIL OUT REPORT -> 11357(B)HS POSS -28.5GR MARIJ",1,0.00165016501650165
"NON INJ HR/MAIL OUT REPORT -> 12021(A)(1)PC FELON POSS FRARM",1,0.00165016501650165
"NON INJ HR/MAIL OUT REPORT -> 1203.2 PC VIOLATION OF PROBATI",1,0.00165016501650165
"NON INJ HR/MAIL OUT REPORT -> 12403.7(G) PC ILLGL POSS TRGAS",1,0.00165016501650165
"NON INJ HR/MAIL OUT REPORT -> 14601.1(A) VC LIC SUSP OTHER",1,0.00165016501650165
"NON INJ HR/MAIL OUT REPORT -> 20001(A) VC HIT/RUN INJ/DEATH",1,0.00165016501650165
"NON INJ HR/MAIL OUT REPORT -> 22435.2(A) BP POSS SHOP CART",1,0.00165016501650165
"NON INJ HR/MAIL OUT REPORT -> 23103(A) RECKLESS ON HIGHWAY",1,0.00165016501650165
"NON INJ HR/MAIL OUT REPORT -> 23222(B)POSSESS MARIJ IN VEH",1,0.00165016501650165
"NON INJ HR/MAIL OUT REPORT -> 243(D) PC BATT/CIVILIAN W/INJ",1,0.00165016501650165
"NON INJ HR/MAIL OUT REPORT -> 243.6 BATTERY SCHOOL EMPLOYEE",1,0.00165016501650165
"NON INJ HR/MAIL OUT REPORT -> 245(A)(2) AWDW/FIREARM/CIVILIA",1,0.00165016501650165
"NON INJ HR/MAIL OUT REPORT -> 247(B) PC SHOOT UNOCC BLDG/VEH",1,0.00165016501650165
"NON INJ HR/MAIL OUT REPORT -> 290(A)(1)(D) FAIL TO REG-5 DAY",1,0.00165016501650165
"NON INJ HR/MAIL OUT REPORT -> 290(F)1 W/I 5 DAYS ADD CHANGE",1,0.00165016501650165
"NON INJ HR/MAIL OUT REPORT -> 368(B)(1) CRUELTY/ELDER/ W/INJ",1,0.00165016501650165
"NON INJ HR/MAIL OUT REPORT -> 417(A)1) PC BRANDISH NON-GUN",1,0.00165016501650165
"NON INJ HR/MAIL OUT REPORT -> 466 PC   POSS OF BURG TOOLS",1,0.00165016501650165
"NON INJ HR/MAIL OUT REPORT -> 476 PC PASS FICTICIOUS CHECK",1,0.00165016501650165
"NON INJ HR/MAIL OUT REPORT -> 484 PC   THEFT-LIC PLATE TABS",1,0.00165016501650165
"NON INJ HR/MAIL OUT REPORT -> 484 PC  PETTY THEFT AUTO PART",1,0.00165016501650165
"NON INJ HR/MAIL OUT REPORT -> 484 PC  PETTY THEFT/ OUTSIDE",1,0.00165016501650165
"NON INJ HR/MAIL OUT REPORT -> 484J PC PUBLISH CARD INFO",1,0.00165016501650165
"NON INJ HR/MAIL OUT REPORT -> 487(A) GRAND THEFT-CLOUT-UNLOC",1,0.00165016501650165
"NON INJ HR/MAIL OUT REPORT -> 487(A) GRAND THEFT-COIN MACHIN",1,0.00165016501650165
"NON INJ HR/MAIL OUT REPORT -> 487(D)GRAND THEFT FIREARM/ANIM",1,0.00165016501650165
"NON INJ HR/MAIL OUT REPORT -> 496(A) RECEIVE STOLEN PROPERTY",1,0.00165016501650165
"NON INJ HR/MAIL OUT REPORT -> 508 PC   EMBEZZLEMENT/EMPLOYEE",1,0.00165016501650165
"NON INJ HR/MAIL OUT REPORT -> 594.3(A)VANDAL/PLACE OF WORSHI",1,0.00165016501650165
"NON INJ HR/MAIL OUT REPORT -> 603  FORCED ENTRY/PROP DAMAGE",1,0.00165016501650165
"NON INJ HR/MAIL OUT REPORT -> ABANDONED VEHICLE - I RPT",1,0.00165016501650165
"NON INJ HR/MAIL OUT REPORT -> ACCIDENTAL FIRES/ARSON -I RPT",1,0.00165016501650165
"NON INJ HR/MAIL OUT REPORT -> ASSAULT WITH WEAPON - I RPT",1,0.00165016501650165
"NON INJ HR/MAIL OUT REPORT -> FOUND EVIDENCE-NON NARC -I RPT",1,0.00165016501650165
"NON INJ HR/MAIL OUT REPORT -> HARASSMENT - I RPT",1,0.00165016501650165
"NON INJ HR/MAIL OUT REPORT -> MISSING PERSON I RPT",1,0.00165016501650165
"NON INJ HR/MAIL OUT REPORT -> POSSIBLE STOLEN PROPERTY-I RPT",1,0.00165016501650165
"NON INJ HR/MAIL OUT REPORT -> TERRORIST THREATS - I RPT",1,0.00165016501650165
"O/S AGENCY -ASSISTANCE- I RPT -> 10851 VC AUTO THEFT LOCATE",1,0.00165016501650165
"O/S AGENCY -ASSISTANCE- I RPT -> 11377(A)HS POSS AMPHETAMINES",1,0.00165016501650165
"O/S AGENCY -ASSISTANCE- I RPT -> 20001(A) VC HIT/RUN INJ/DEATH",1,0.00165016501650165
"O/S AGENCY -ASSISTANCE- I RPT -> 211 PC ROBBERY- BUSINESS",1,0.00165016501650165
"O/S AGENCY -ASSISTANCE- I RPT -> 23222(B)POSSESS MARIJ IN VEH",1,0.00165016501650165
"O/S AGENCY -ASSISTANCE- I RPT -> 245(A)(1)AWDW/NO FIREARM/CIVIL",1,0.00165016501650165
"O/S AGENCY -ASSISTANCE- I RPT -> 459 PC  BURGLARY RESIDENCE",1,0.00165016501650165
"O/S AGENCY -ASSISTANCE- I RPT -> 475(A)PC POSS FORGED CHK/NOTE",1,0.00165016501650165
"O/S AGENCY -ASSISTANCE- I RPT -> 475(C) PASS FORGED NOTE",1,0.00165016501650165
"O/S AGENCY -ASSISTANCE- I RPT -> 487(A) GRAND THEFT-COIN MACHIN",1,0.00165016501650165
"O/S AGENCY -ASSISTANCE- I RPT -> 487(D)GRAND THEFT FIREARM/ANIM",1,0.00165016501650165
"O/S AGENCY -ASSISTANCE- I RPT -> 5150 WI DANGER SELF/OTHERS",1,0.00165016501650165
"O/S AGENCY -ASSISTANCE- I RPT -> 530.5 PC USE PERSONAL ID INFO",1,0.00165016501650165
"O/S AGENCY -ASSISTANCE- I RPT -> 594(B)(2)(A)VANDALISM GRAF-400",1,0.00165016501650165
"O/S AGENCY -ASSISTANCE- I RPT -> 647(A) PC LEWD CONDUCT",1,0.00165016501650165
"O/S AGENCY -ASSISTANCE- I RPT -> ACCIDENTAL FIRES/ARSON -I RPT",1,0.00165016501650165
"O/S AGENCY -ASSISTANCE- I RPT -> GANG ACTIVITY - I RPT",1,0.00165016501650165
"O/S AGENCY -ASSISTANCE- I RPT -> HIT AND RUN /SUSPECTS- I RPT",1,0.00165016501650165
"O/S AGENCY -ASSISTANCE- I RPT -> JUVENILE PROBLEMS - I RPT",1,0.00165016501650165
"O/S AGENCY -ASSISTANCE- I RPT -> MISCELLANEOUS I RPT (ZMISC)",1,0.00165016501650165
"O/S AGENCY -ASSISTANCE- I RPT -> TOWED/STORED VEHICLE",1,0.00165016501650165
"O/S AGENCY -ASSISTANCE- I RPT -> TRAFFIC-ACCIDENT-NON INJURY",1,0.00165016501650165
"O/S AGENCY -ASSISTANCE- I RPT -> VANDALISM - I RPT",1,0.00165016501650165
"PERSON INFORMATION - I RPT -> 10851(A)VC TAKE VEH W/O OWNER",1,0.00165016501650165
"PERSON INFORMATION - I RPT -> 11350(A)HS POSS CNTRL SUBST",1,0.00165016501650165
"PERSON INFORMATION - I RPT -> 11364 HS POSS DRUG PARAPH",1,0.00165016501650165
"PERSON INFORMATION - I RPT -> 11377(A)HS POSS AMPHETAMINES",1,0.00165016501650165
"PERSON INFORMATION - I RPT -> 20002(A) HIT/RUN",1,0.00165016501650165
"PERSON INFORMATION - I RPT -> 211 PC ROBBERY- BUSINESS",1,0.00165016501650165
"PERSON INFORMATION - I RPT -> 243.2(A)(1) BATT/SCHOOL INJURY",1,0.00165016501650165
"PERSON INFORMATION - I RPT -> 273.6(A) PC VIO DV COURT ORDER",1,0.00165016501650165
"PERSON INFORMATION - I RPT -> 374.4(A) LITTERING",1,0.00165016501650165
"PERSON INFORMATION - I RPT -> 459 PC  BURGLARY RESIDENCE",1,0.00165016501650165
"PERSON INFORMATION - I RPT -> 475(A)PC POSS FORGED CHK/NOTE",1,0.00165016501650165
"PERSON INFORMATION - I RPT -> 484 PC PETTY THEFT",1,0.00165016501650165
"PERSON INFORMATION - I RPT -> 484 PETTY THEFT CLOUT UNLOCKED",1,0.00165016501650165
"PERSON INFORMATION - I RPT -> 487(A) GRAND THEFT-INSIDE",1,0.00165016501650165
"PERSON INFORMATION - I RPT -> 487(A) PC GRAND THEFT",1,0.00165016501650165
"PERSON INFORMATION - I RPT -> 5150 WI DANGER SELF/OTHERS",1,0.00165016501650165
"PERSON INFORMATION - I RPT -> 594(B)(1)PC  VANDALISM +$400",1,0.00165016501650165
"PERSON INFORMATION - I RPT -> BATTERY - I RPT",1,0.00165016501650165
"PERSON INFORMATION - I RPT -> MISCELLANEOUS I RPT (ZMISC)",1,0.00165016501650165
"PERSON INFORMATION - I RPT -> MISSING PERSON",1,0.00165016501650165
"PERSON INFORMATION - I RPT -> NON INJ HR/MAIL OUT REPORT",1,0.00165016501650165
"PERSON INFORMATION - I RPT -> SUSP PERS-NO CRIME - I RPT",1,0.00165016501650165
"PERSON INFORMATION - I RPT -> TRAFFIC-ACCIDENT-NON INJURY",1,0.00165016501650165
"PETTY THEFT - I RPT -> 11350(A)HS POSS CNTRL SUBST",1,0.00165016501650165
"PETTY THEFT - I RPT -> 11364 HS POSS DRUG PARAPH",1,0.00165016501650165
"PETTY THEFT - I RPT -> 20002(A) HIT/RUN",1,0.00165016501650165
"PETTY THEFT - I RPT -> 211 PC ROBBERY- BUSINESS",1,0.00165016501650165
"PETTY THEFT - I RPT -> 243(E)1 BATTERY NONCOHAB SPOUS",1,0.00165016501650165
"PETTY THEFT - I RPT -> 245(A)(1)AWDW/NO FIREARM/CIVIL",1,0.00165016501650165
"PETTY THEFT - I RPT -> 459 PC  BURGLARY VEHICLE",1,0.00165016501650165
"PETTY THEFT - I RPT -> 484 PC   PETTY THEFT/INSIDE",1,0.00165016501650165
"PETTY THEFT - I RPT -> 484 PC  PETTY THEFT/ OUTSIDE",1,0.00165016501650165
"PETTY THEFT - I RPT -> 484 PC PETTY THEFT",1,0.00165016501650165
"PETTY THEFT - I RPT -> 653M(A) PC OBSCENE/THREAT CALL",1,0.00165016501650165
"PETTY THEFT - I RPT -> BOMBS/THREATS/EXPLOSIV- I RPT",1,0.00165016501650165
"PETTY THEFT - I RPT -> MISSING PERSON LOCATE O/S ASSI",1,0.00165016501650165
"PETTY THEFT - I RPT -> TOWED/STORED VEH-14602.6",1,0.00165016501650165
"PETTY THEFT - I RPT -> TOWED/STORED VEHICLE",1,0.00165016501650165
"PETTY THEFT - I RPT -> TRAFFIC-ACCIDENT INJURY",1,0.00165016501650165
"POSS STOLEN VEHICLE- I RPT -> 11364 HS POSS DRUG PARAPH",1,0.00165016501650165
"POSS STOLEN VEHICLE- I RPT -> 11377(A)HS POSS AMPHETAMINES",1,0.00165016501650165
"POSS STOLEN VEHICLE- I RPT -> 242 PC  BATTERY CIVILIAN",1,0.00165016501650165
"POSS STOLEN VEHICLE- I RPT -> 290(F)1 W/I 5 DAYS ADD CHANGE",1,0.00165016501650165
"POSS STOLEN VEHICLE- I RPT -> 459 PC  BURGLARY BUSINESS",1,0.00165016501650165
"POSS STOLEN VEHICLE- I RPT -> 459 PC  BURGLARY RESIDENCE",1,0.00165016501650165
"POSS STOLEN VEHICLE- I RPT -> 484 PC  PETTY THEFT AUTO PART",1,0.00165016501650165
"POSS STOLEN VEHICLE- I RPT -> 529 PC FALSE PERSONATION",1,0.00165016501650165
"POSS STOLEN VEHICLE- I RPT -> 594(B)(2)(A) VANDALISM/ -$400",1,0.00165016501650165
"POSS STOLEN VEHICLE- I RPT -> ACCIDENTAL FIRES/ARSON -I RPT",1,0.00165016501650165
"POSS STOLEN VEHICLE- I RPT -> FOUND PROPERTY - I RPT",1,0.00165016501650165
"POSS STOLEN VEHICLE- I RPT -> GANG ACTIVITY - I RPT",1,0.00165016501650165
"POSS STOLEN VEHICLE- I RPT -> MISSING PERSON",1,0.00165016501650165
"POSS STOLEN VEHICLE- I RPT -> SUSP PERS-NO CRIME - I RPT",1,0.00165016501650165
"POSS STOLEN VEHICLE- I RPT -> VANDALISM - I RPT",1,0.00165016501650165
"POSSIBLE FINANCIAL CRIME-I RPT -> 11357(B)HS POSS -28.5GR MARIJ",1,0.00165016501650165
"POSSIBLE FINANCIAL CRIME-I RPT -> 11532(A)HS LOITER DRG ACTIVITY",1,0.00165016501650165
"POSSIBLE FINANCIAL CRIME-I RPT -> 148(A)(1)PC RESIST PEACE OFFCR",1,0.00165016501650165
"POSSIBLE FINANCIAL CRIME-I RPT -> 215(A) PC    CARJACKING",1,0.00165016501650165
"POSSIBLE FINANCIAL CRIME-I RPT -> 245(A)(1)AWDW/NO FIREARM/CIVIL",1,0.00165016501650165
"POSSIBLE FINANCIAL CRIME-I RPT -> 25662(A)BP POSS ALC BY MINOR",1,0.00165016501650165
"POSSIBLE FINANCIAL CRIME-I RPT -> 2800.2(A) VC EVADING/RECKLESS",1,0.00165016501650165
"POSSIBLE FINANCIAL CRIME-I RPT -> 459 PC  BURGLARY BUSINESS",1,0.00165016501650165
"POSSIBLE FINANCIAL CRIME-I RPT -> 484 PC   THEFT-LIC PLATE TABS",1,0.00165016501650165
"POSSIBLE FINANCIAL CRIME-I RPT -> 484J PC PUBLISH CARD INFO",1,0.00165016501650165
"POSSIBLE FINANCIAL CRIME-I RPT -> 487(A) GRAND THEFT-INSIDE",1,0.00165016501650165
"POSSIBLE FINANCIAL CRIME-I RPT -> 496(A) RECEIVE STOLEN PROPERTY",1,0.00165016501650165
"POSSIBLE FINANCIAL CRIME-I RPT -> 594(B)(1)PC  VANDALISM +$400",1,0.00165016501650165
"POSSIBLE FINANCIAL CRIME-I RPT -> 594(B)(2)(A) VANDALISM/ -$400",1,0.00165016501650165
"POSSIBLE FINANCIAL CRIME-I RPT -> 594(B)(2)(A)VANDALISM GRAF-400",1,0.00165016501650165
"POSSIBLE FINANCIAL CRIME-I RPT -> 647(F) PC DIP - DISORDERLY",1,0.00165016501650165
"POSSIBLE FINANCIAL CRIME-I RPT -> ABC LICENSE VIO/INFO - I RPT",1,0.00165016501650165
"POSSIBLE FINANCIAL CRIME-I RPT -> ASSAULT WITH WEAPON - I RPT",1,0.00165016501650165
"POSSIBLE FINANCIAL CRIME-I RPT -> JUVENILE PROBLEMS - I RPT",1,0.00165016501650165
"POSSIBLE FINANCIAL CRIME-I RPT -> LOST PROPERTY - I RPT",1,0.00165016501650165
"POSSIBLE FINANCIAL CRIME-I RPT -> NARCOTICS SUSP/EVID/ACT- I RPT",1,0.00165016501650165
"POSSIBLE FINANCIAL CRIME-I RPT -> NON INJ HR/MAIL OUT REPORT",1,0.00165016501650165
"POSSIBLE FINANCIAL CRIME-I RPT -> POSSIBLE FINANCIAL CRIME-I RPT",1,0.00165016501650165
"POSSIBLE FINANCIAL CRIME-I RPT -> THREATS - I RPT",1,0.00165016501650165
"POSSIBLE FINANCIAL CRIME-I RPT -> TOWED/STORED VEH-14602.6",1,0.00165016501650165
"POSSIBLE FINANCIAL CRIME-I RPT -> TRAFFIC-ACCIDENT INJURY",1,0.00165016501650165
"POSSIBLE MENTAL - I RPT -> 10851(A)VC TAKE VEH W/O OWNER",1,0.00165016501650165
"POSSIBLE MENTAL - I RPT -> 20002(A) HIT/RUN",1,0.00165016501650165
"POSSIBLE MENTAL - I RPT -> 242 PC  BATTERY CIVILIAN",1,0.00165016501650165
"POSSIBLE MENTAL - I RPT -> 484G(B) PC ACCESS CARD FRAUD",1,0.00165016501650165
"POSSIBLE MENTAL - I RPT -> 487(A) GRAND THEFT-INSIDE",1,0.00165016501650165
"POSSIBLE MENTAL - I RPT -> 5150 WI DANGER SELF/OTHERS",1,0.00165016501650165
"POSSIBLE MENTAL - I RPT -> BATTERY - I RPT",1,0.00165016501650165
"POSSIBLE MENTAL - I RPT -> MISCELLANEOUS I RPT (ZMISC)",1,0.00165016501650165
"POSSIBLE MENTAL - I RPT -> MISSING PERSON",1,0.00165016501650165
"POSSIBLE MENTAL - I RPT -> MISSING PERSON I RPT",1,0.00165016501650165
"POSSIBLE MENTAL - I RPT -> NARCOTICS SUSP/EVID/ACT- I RPT",1,0.00165016501650165
"POSSIBLE MENTAL - I RPT -> TOWED/STORED VEHICLE",1,0.00165016501650165
"POSSIBLE STOLEN PROPERTY-I RPT -> 11350(A)HS POSS CNTRL SUBST",1,0.00165016501650165
"POSSIBLE STOLEN PROPERTY-I RPT -> 211 PC  ROBBERY UNSPECIFIED",1,0.00165016501650165
"POSSIBLE STOLEN PROPERTY-I RPT -> 459 PC  BURGLARY VEHICLE",1,0.00165016501650165
"POSSIBLE STOLEN PROPERTY-I RPT -> 484 PETTY THEFT/LICENSE PLATE",1,0.00165016501650165
"POSSIBLE STOLEN PROPERTY-I RPT -> 594(B)(1)PC  VANDALISM +$400",1,0.00165016501650165
"POSSIBLE STOLEN PROPERTY-I RPT -> 594(B)(2)(A)VANDALISM GRAF-400",1,0.00165016501650165
"POSSIBLE STOLEN PROPERTY-I RPT -> 647(F) PC DIP - DISORDERLY",1,0.00165016501650165
"POSSIBLE STOLEN PROPERTY-I RPT -> TOWED/STORED VEH-14602.6",1,0.00165016501650165
"PROB VIOLA/FEL-MISD - I RPT -> 10851(A)VC TAKE VEH W/O OWNER",1,0.00165016501650165
"PROB VIOLA/FEL-MISD - I RPT -> 12020(A)(4) PC DIRK/DAGGER",1,0.00165016501650165
"PROB VIOLA/FEL-MISD - I RPT -> 148.9 PC FALSE ID TO OFFICER",1,0.00165016501650165
"PROB VIOLA/FEL-MISD - I RPT -> 1708 US   THEFT OF MAIL",1,0.00165016501650165
"PROB VIOLA/FEL-MISD - I RPT -> 20002(A) HIT/RUN",1,0.00165016501650165
"PROB VIOLA/FEL-MISD - I RPT -> 273.6(A) PC VIO DV COURT ORDER",1,0.00165016501650165
"PROB VIOLA/FEL-MISD - I RPT -> 459 PC  BURGLARY VEHICLE",1,0.00165016501650165
"PROB VIOLA/FEL-MISD - I RPT -> 5150 WI DANGER SELF/OTHERS",1,0.00165016501650165
"PROB VIOLA/FEL-MISD - I RPT -> BURGLARY - I RPT",1,0.00165016501650165
"PROB VIOLA/FEL-MISD - I RPT -> COLLISION/ACCIDENT BOATS",1,0.00165016501650165
"PROB VIOLA/FEL-MISD - I RPT -> ELDER ABUSE/PHYS/MENTAL-I RPT",1,0.00165016501650165
"PROB VIOLA/FEL-MISD - I RPT -> FOUND PROPERTY - I RPT",1,0.00165016501650165
"PROB VIOLA/FEL-MISD - I RPT -> IMPOUNDED VEHICLE",1,0.00165016501650165
"PROB VIOLA/FEL-MISD - I RPT -> ROBBERY - I RPT",1,0.00165016501650165
"PROB VIOLA/FEL-MISD - I RPT -> THREATS - I RPT",1,0.00165016501650165
"PROB VIOLA/FEL-MISD - I RPT -> TRAFFIC - I RPT",1,0.00165016501650165
"PROTECTIVE CUSTODY-I RPT -> 12022.1 PC COMMIT FEL ON BAIL",1,0.00165016501650165
"PROTECTIVE CUSTODY-I RPT -> 211 PC  ROBBERY UNSPECIFIED",1,0.00165016501650165
"PROTECTIVE CUSTODY-I RPT -> 243(D) PC BATT/CIVILIAN W/INJ",1,0.00165016501650165
"PROTECTIVE CUSTODY-I RPT -> 245(A)(1)AWDW/NO FIREARM/CIVIL",1,0.00165016501650165
"PROTECTIVE CUSTODY-I RPT -> 4140 BP  POSS OF HYPO NEEDLE",1,0.00165016501650165
"PROTECTIVE CUSTODY-I RPT -> 459 PC  BURGLARY BUSINESS",1,0.00165016501650165
"PROTECTIVE CUSTODY-I RPT -> 459 PC  BURGLARY VEHICLE",1,0.00165016501650165
"PROTECTIVE CUSTODY-I RPT -> 484 PC   PETTY THEFT/INSIDE",1,0.00165016501650165
"PROTECTIVE CUSTODY-I RPT -> 484 PETTY THEFT-SHOPLIFT",1,0.00165016501650165
"PROTECTIVE CUSTODY-I RPT -> 487(A) PC GRAND THEFT-SHOPLIFT",1,0.00165016501650165
"PROTECTIVE CUSTODY-I RPT -> 498(B)(5) THEFT OF ELECTRICITY",1,0.00165016501650165
"PROTECTIVE CUSTODY-I RPT -> 5150 WI DANGER SELF/OTHERS",1,0.00165016501650165
"PROTECTIVE CUSTODY-I RPT -> 647(F) PC DIP - DISORDERLY",1,0.00165016501650165
"PROTECTIVE CUSTODY-I RPT -> 9.04.050 A DRINKING IN PUBLIC",1,0.00165016501650165
"PROTECTIVE CUSTODY-I RPT -> FAMILY DISTURBANCE - I RPT",1,0.00165016501650165
"PROTECTIVE CUSTODY-I RPT -> FOUND PROPERTY - I RPT",1,0.00165016501650165
"PROTECTIVE CUSTODY-I RPT -> FRAUD OR BUNCO - I RPT",1,0.00165016501650165
"PROTECTIVE CUSTODY-I RPT -> MISCELLANEOUS I RPT (ZMISC)",1,0.00165016501650165
"PROTECTIVE CUSTODY-I RPT -> NARCOTICS SUSP/EVID/ACT- I RPT",1,0.00165016501650165
"PROTECTIVE CUSTODY-I RPT -> PROTECTIVE CUSTODY-I RPT",1,0.00165016501650165
"PROTECTIVE CUSTODY-I RPT -> SAFEKEEPING - I RPT",1,0.00165016501650165
"PROTECTIVE CUSTODY-I RPT -> TRAFFIC-ACCIDENT INJURY",1,0.00165016501650165
"RECOVERED PROPERTY - I RPT -> 11364 HS POSS DRUG PARAPH",1,0.00165016501650165
"RECOVERED PROPERTY - I RPT -> 11377(A)HS POSS AMPHETAMINES",1,0.00165016501650165
"RECOVERED PROPERTY - I RPT -> 20002(A) HIT/RUN",1,0.00165016501650165
"RECOVERED PROPERTY - I RPT -> 211 PC ROBBERY- BUSINESS",1,0.00165016501650165
"RECOVERED PROPERTY - I RPT -> 22435.2(A) BP POSS SHOP CART",1,0.00165016501650165
"RECOVERED PROPERTY - I RPT -> 5150 WI DANGER SELF/OTHERS",1,0.00165016501650165
"RECOVERED PROPERTY - I RPT -> 666 PC PETTY THEFT W/PRI CONV",1,0.00165016501650165
"RECOVERED PROPERTY - I RPT -> MISCELLANEOUS I RPT (ZMISC)",1,0.00165016501650165
"RECOVERED PROPERTY - I RPT -> SUSP PERS-NO CRIME - I RPT",1,0.00165016501650165
"RECOVERED PROPERTY - I RPT -> TELEPEST -I RPT",1,0.00165016501650165
"RECOVERED PROPERTY - I RPT -> TOWED/STORED VEH-14602.6",1,0.00165016501650165
"RECOVERED PROPERTY - I RPT -> TRAFFIC-ACCIDENT-NON INJURY",1,0.00165016501650165
"ROBBERY - I RPT -> 10851 VC AUTO THEFT LOCATE",1,0.00165016501650165
"ROBBERY - I RPT -> 10855 VC LSE/RENT NOT RETURNED",1,0.00165016501650165
"ROBBERY - I RPT -> 11357(B)HS POSS -28.5GR MARIJ",1,0.00165016501650165
"ROBBERY - I RPT -> 11364 HS POSS DRUG PARAPH",1,0.00165016501650165
"ROBBERY - I RPT -> 12022.1 PC COMMIT FEL ON BAIL",1,0.00165016501650165
"ROBBERY - I RPT -> 20002(A) HIT/RUN",1,0.00165016501650165
"ROBBERY - I RPT -> 211 PC  ROBBERY UNSPECIFIED",1,0.00165016501650165
"ROBBERY - I RPT -> 23152(A) VC DUI-ALCOHOL/DRUGS",1,0.00165016501650165
"ROBBERY - I RPT -> 242 PC  BATTERY CIVILIAN",1,0.00165016501650165
"ROBBERY - I RPT -> 451(D) PC  ARSON OF PROPERTY",1,0.00165016501650165
"ROBBERY - I RPT -> 459 PC  BURGLARY BUSINESS",1,0.00165016501650165
"ROBBERY - I RPT -> 484 PC  PETTY THEFT AUTO PART",1,0.00165016501650165
"ROBBERY - I RPT -> 484 PETTY THEFT/LICENSE PLATE",1,0.00165016501650165
"ROBBERY - I RPT -> 487(A) GRAND THEFT-AUTO PARTS",1,0.00165016501650165
"ROBBERY - I RPT -> 496(A) RECEIVE STOLEN PROPERTY",1,0.00165016501650165
"ROBBERY - I RPT -> 529 PC FALSE PERSONATION",1,0.00165016501650165
"ROBBERY - I RPT -> ACCIDENTAL FIRES/ARSON -I RPT",1,0.00165016501650165
"ROBBERY - I RPT -> CASUALTY REPORT",1,0.00165016501650165
"ROBBERY - I RPT -> HARASSMENT - I RPT",1,0.00165016501650165
"ROBBERY - I RPT -> LOST PROPERTY - I RPT",1,0.00165016501650165
"ROBBERY - I RPT -> NEIGHBORHOOD DISTURBANCE-I RPT",1,0.00165016501650165
"ROBBERY - I RPT -> NON INJ HR/MAIL OUT REPORT",1,0.00165016501650165
"ROBBERY - I RPT -> POSS STOLEN VEHICLE- I RPT",1,0.00165016501650165
"ROBBERY - I RPT -> WARRANT SERVED - I RPT",1,0.00165016501650165
"RPT # CANCELLED- I RPT -> 11357(B)HS POSS -28.5GR MARIJ",1,0.00165016501650165
"RPT # CANCELLED- I RPT -> 243(E)1 BATTERY NONCOHAB SPOUS",1,0.00165016501650165
"RPT # CANCELLED- I RPT -> 459 PC  BURGLARY RESIDENCE",1,0.00165016501650165
"RPT # CANCELLED- I RPT -> CHILD CUSTODY - I RPT",1,0.00165016501650165
"RPT # CANCELLED- I RPT -> TOWED/STORED VEH-14602.6",1,0.00165016501650165
"RPT # CANCELLED- I RPT -> TOWED/STORED VEHICLE",1,0.00165016501650165
"RPT # CANCELLED- I RPT -> TRAFFIC-ACCIDENT-NON INJURY",1,0.00165016501650165
"SAFEKEEPING - I RPT -> 11350(A)HS POSS CNTRL SUBST",1,0.00165016501650165
"SAFEKEEPING - I RPT -> 11357(E) MNR POSS MARIJ SCHOOL",1,0.00165016501650165
"SAFEKEEPING - I RPT -> 211 PC  ROBBERY UNSPECIFIED",1,0.00165016501650165
"SAFEKEEPING - I RPT -> 308(B) PC MINOR POSS TOBACCO",1,0.00165016501650165
"SAFEKEEPING - I RPT -> 496(A) RECEIVE STOLEN PROPERTY",1,0.00165016501650165
"SAFEKEEPING - I RPT -> 5150 WI DANGER SELF/OTHERS",1,0.00165016501650165
"SAFEKEEPING - I RPT -> 594(B)(1)PC  VANDALISM +$400",1,0.00165016501650165
"SAFEKEEPING - I RPT -> 594(B)(2)(A) VANDALISM/ -$400",1,0.00165016501650165
"SAFEKEEPING - I RPT -> 666 PC PETTY THEFT W/PRI CONV",1,0.00165016501650165
"SAFEKEEPING - I RPT -> JUVENILE OFFENDER-PROBATION",1,0.00165016501650165
"SAFEKEEPING - I RPT -> MISSING PERSON I RPT",1,0.00165016501650165
"SAFEKEEPING - I RPT -> THREATS - I RPT",1,0.00165016501650165
"SHOOT INTO OCCUP DWELL - I RPT -> 243(E)1 BATTERY NONCOHAB SPOUS",1,0.00165016501650165
"SHOOT INTO OCCUP DWELL - I RPT -> 459 PC  BURGLARY RESIDENCE",1,0.00165016501650165
"SHOOT INTO OCCUP DWELL - I RPT -> 459 PC  BURGLARY VEHICLE",1,0.00165016501650165
"SHOOT INTO OCCUP DWELL - I RPT -> 484 PETTY THEFT/LICENSE PLATE",1,0.00165016501650165
"SHOOT INTO OCCUP DWELL - I RPT -> FOUND PROPERTY - I RPT",1,0.00165016501650165
"SHOOT INTO OCCUP DWELL - I RPT -> TOWED/STORED VEH-14602.6",1,0.00165016501650165
"SHOOT INTO OCCUP DWELL - I RPT -> TRAFFIC-ACCIDENT INJURY",1,0.00165016501650165
"SUSP PERS-NO CRIME - I RPT -> 11357(E) MNR POSS MARIJ SCHOOL",1,0.00165016501650165
"SUSP PERS-NO CRIME - I RPT -> 11364 HS POSS DRUG PARAPH",1,0.00165016501650165
"SUSP PERS-NO CRIME - I RPT -> 11379(A)HS SALE/TRAN CNTRL SUB",1,0.00165016501650165
"SUSP PERS-NO CRIME - I RPT -> 11532(A)HS LOITER DRG ACTIVITY",1,0.00165016501650165
"SUSP PERS-NO CRIME - I RPT -> 12020(A)1) PROHIBITED FIREARM",1,0.00165016501650165
"SUSP PERS-NO CRIME - I RPT -> 148.9 PC FALSE ID TO OFFICER",1,0.00165016501650165
"SUSP PERS-NO CRIME - I RPT -> 166(A)(4) WILFUL DISOBEY CT OR",1,0.00165016501650165
"SUSP PERS-NO CRIME - I RPT -> 211 PC ROBBERY- BUSINESS",1,0.00165016501650165
"SUSP PERS-NO CRIME - I RPT -> 211 PC ROBBERY-PURSE SNATCH",1,0.00165016501650165
"SUSP PERS-NO CRIME - I RPT -> 215(A) PC    CARJACKING",1,0.00165016501650165
"SUSP PERS-NO CRIME - I RPT -> 23152(A) VC DUI-ALCOHOL/DRUGS",1,0.00165016501650165
"SUSP PERS-NO CRIME - I RPT -> 242 PC  BATTERY CIVILIAN",1,0.00165016501650165
"SUSP PERS-NO CRIME - I RPT -> 243(D) PC BATT/CIVILIAN W/INJ",1,0.00165016501650165
"SUSP PERS-NO CRIME - I RPT -> 246 PC SHOOT OCCUP DWELL/VEH",1,0.00165016501650165
"SUSP PERS-NO CRIME - I RPT -> 247(B) PC SHOOT UNOCC BLDG/VEH",1,0.00165016501650165
"SUSP PERS-NO CRIME - I RPT -> 3056 PAROLE VIO - I RPT",1,0.00165016501650165
"SUSP PERS-NO CRIME - I RPT -> 459 PC  BURGLARY BUSINESS",1,0.00165016501650165
"SUSP PERS-NO CRIME - I RPT -> 466 PC   POSS OF BURG TOOLS",1,0.00165016501650165
"SUSP PERS-NO CRIME - I RPT -> 475(C) PASS FORGED NOTE",1,0.00165016501650165
"SUSP PERS-NO CRIME - I RPT -> 484 PC  PETTY THEFT/ OUTSIDE",1,0.00165016501650165
"SUSP PERS-NO CRIME - I RPT -> 484 PETTY THEFT CLOUT UNLOCKED",1,0.00165016501650165
"SUSP PERS-NO CRIME - I RPT -> 484G(A)PC USE FORGED CARD",1,0.00165016501650165
"SUSP PERS-NO CRIME - I RPT -> 484J PC PUBLISH CARD INFO",1,0.00165016501650165
"SUSP PERS-NO CRIME - I RPT -> 487(C) PC  GRAND THEFT-PERSON",1,0.00165016501650165
"SUSP PERS-NO CRIME - I RPT -> 503 PC   EMBEZZLEMENT",1,0.00165016501650165
"SUSP PERS-NO CRIME - I RPT -> 508 PC   EMBEZZLEMENT/EMPLOYEE",1,0.00165016501650165
"SUSP PERS-NO CRIME - I RPT -> 529 PC FALSE PERSONATION",1,0.00165016501650165
"SUSP PERS-NO CRIME - I RPT -> 530 PC FALSE PERS. REC PROP",1,0.00165016501650165
"SUSP PERS-NO CRIME - I RPT -> 653M(A) PC OBSCENE/THREAT CALL",1,0.00165016501650165
"SUSP PERS-NO CRIME - I RPT -> ABC LICENSE VIO/INFO - I RPT",1,0.00165016501650165
"SUSP PERS-NO CRIME - I RPT -> BATTERY - I RPT",1,0.00165016501650165
"SUSP PERS-NO CRIME - I RPT -> BOMBS/THREATS/EXPLOSIV- I RPT",1,0.00165016501650165
"SUSP PERS-NO CRIME - I RPT -> O/S AGENCY -ASSISTANCE- I RPT",1,0.00165016501650165
"SUSP PERS-NO CRIME - I RPT -> POSSIBLE FINANCIAL CRIME-I RPT",1,0.00165016501650165
"SUSP PERS-NO CRIME - I RPT -> PROB VIOLA/FEL-MISD - I RPT",1,0.00165016501650165
"SUSP PERS-NO CRIME - I RPT -> SAFEKEEPING - I RPT",1,0.00165016501650165
"SUSP PERS-NO CRIME - I RPT -> TELEPEST -I RPT",1,0.00165016501650165
"SUSP PERS-NO CRIME - I RPT -> VANDALISM - I RPT",1,0.00165016501650165
"SUSP PERS-NO CRIME - I RPT -> WARRANT SERVED - I RPT",1,0.00165016501650165
"SUSPICIOUS VEHICLE - I RPT -> 166(A)(4) WILFUL DISOBEY CT OR",1,0.00165016501650165
"SUSPICIOUS VEHICLE - I RPT -> 20002(A) HIT/RUN",1,0.00165016501650165
"SUSPICIOUS VEHICLE - I RPT -> 243(D) PC BATT/CIVILIAN W/INJ",1,0.00165016501650165
"SUSPICIOUS VEHICLE - I RPT -> 245(A)(2) AWDW/FIREARM/CIVILIA",1,0.00165016501650165
"SUSPICIOUS VEHICLE - I RPT -> 459 PC  BURGLARY VEHICLE",1,0.00165016501650165
"SUSPICIOUS VEHICLE - I RPT -> 484 PETTY THEFT/LICENSE PLATE",1,0.00165016501650165
"SUSPICIOUS VEHICLE - I RPT -> 487(A) GRAND THEFT-CLOUT-UNLOC",1,0.00165016501650165
"SUSPICIOUS VEHICLE - I RPT -> 487(A) GRAND THEFT-INSIDE",1,0.00165016501650165
"SUSPICIOUS VEHICLE - I RPT -> 647(B) PC   PROSTITUTION",1,0.00165016501650165
"SUSPICIOUS VEHICLE - I RPT -> 666 PC PETTY THEFT W/PRI CONV",1,0.00165016501650165
"SUSPICIOUS VEHICLE - I RPT -> CASUALTY REPORT",1,0.00165016501650165
"SUSPICIOUS VEHICLE - I RPT -> FOUND PROPERTY - I RPT",1,0.00165016501650165
"SUSPICIOUS VEHICLE - I RPT -> GANG ACTIVITY - I RPT",1,0.00165016501650165
"SUSPICIOUS VEHICLE - I RPT -> MISCELLANEOUS I RPT (ZMISC)",1,0.00165016501650165
"SUSPICIOUS VEHICLE - I RPT -> MISSING PERSON",1,0.00165016501650165
"SUSPICIOUS VEHICLE - I RPT -> SUSP PERS-NO CRIME - I RPT",1,0.00165016501650165
"SUSPICIOUS VEHICLE - I RPT -> TOWED/STORED VEH-14602.6",1,0.00165016501650165
"SUSPICIOUS VEHICLE - I RPT -> TRAFFIC-ACCIDENT-NON INJURY",1,0.00165016501650165
"TELEPEST -I RPT -> 11350(A)HS POSS CNTRL SUBST",1,0.00165016501650165
"TELEPEST -I RPT -> 11377(A)HS POSS AMPHETAMINES",1,0.00165016501650165
"TELEPEST -I RPT -> 211 PC ROBBERY-PURSE SNATCH",1,0.00165016501650165
"TELEPEST -I RPT -> 242 PC  BATTERY CIVILIAN",1,0.00165016501650165
"TELEPEST -I RPT -> 459 PC  BURGLARY RESIDENCE",1,0.00165016501650165
"TELEPEST -I RPT -> 459 PC  BURGLARY VEHICLE",1,0.00165016501650165
"TELEPEST -I RPT -> 459 PC  BURGLARY-UNSPECIFIED",1,0.00165016501650165
"TELEPEST -I RPT -> 476 PC PASS FICTICIOUS CHECK",1,0.00165016501650165
"TELEPEST -I RPT -> 484 PC  PETTY THEFT/ OUTSIDE",1,0.00165016501650165
"TELEPEST -I RPT -> 484 PETTY THEFT/LICENSE PLATE",1,0.00165016501650165
"TELEPEST -I RPT -> 484G(A)PC USE FORGED CARD",1,0.00165016501650165
"TELEPEST -I RPT -> 484J PC PUBLISH CARD INFO",1,0.00165016501650165
"TELEPEST -I RPT -> 487(A) PC GRAND THEFT",1,0.00165016501650165
"TELEPEST -I RPT -> 487(A) PC GRAND THEFT-SHOPLIFT",1,0.00165016501650165
"TELEPEST -I RPT -> 503 PC   EMBEZZLEMENT",1,0.00165016501650165
"TELEPEST -I RPT -> 5150 WI DANGER SELF/OTHERS",1,0.00165016501650165
"TELEPEST -I RPT -> 530 PC FALSE PERS. REC PROP",1,0.00165016501650165
"TELEPEST -I RPT -> 530.5 PC USE PERSONAL ID INFO",1,0.00165016501650165
"TELEPEST -I RPT -> 594(B)(1)PC  VANDALISM +$400",1,0.00165016501650165
"TELEPEST -I RPT -> 653M(A) PC OBSCENE/THREAT CALL",1,0.00165016501650165
"TELEPEST -I RPT -> BOMBS/THREATS/EXPLOSIV- I RPT",1,0.00165016501650165
"TELEPEST -I RPT -> CASUALTY REPORT",1,0.00165016501650165
"TELEPEST -I RPT -> GANG ACTIVITY - I RPT",1,0.00165016501650165
"TELEPEST -I RPT -> POSSIBLE MENTAL - I RPT",1,0.00165016501650165
"TELEPEST -I RPT -> THREATS - I RPT",1,0.00165016501650165
"TELEPEST -I RPT -> TRAFFIC - I RPT",1,0.00165016501650165
"TELEPEST -I RPT -> WARRANT SERVED - I RPT",1,0.00165016501650165
"TERRORIST THREATS - I RPT -> 11357(C)HS POSS +28.5GR MARIJ",1,0.00165016501650165
"TERRORIST THREATS - I RPT -> 243(E)1 BATTERY NONCOHAB SPOUS",1,0.00165016501650165
"TERRORIST THREATS - I RPT -> 245(A)(2) AWDW/FIREARM/CIVILIA",1,0.00165016501650165
"TERRORIST THREATS - I RPT -> 484 PETTY THEFT-SHOPLIFT",1,0.00165016501650165
"TERRORIST THREATS - I RPT -> 594(B)(2)(A) VANDALISM/ -$400",1,0.00165016501650165
"TERRORIST THREATS - I RPT -> JUVENILE DISURBANCE - I RPT",1,0.00165016501650165
"THREATS - I RPT -> 10852 VC VEHICLE TAMPERING",1,0.00165016501650165
"THREATS - I RPT -> 11352(A)HS SALE/TRANS CNTL SUB",1,0.00165016501650165
"THREATS - I RPT -> 11364 HS POSS DRUG PARAPH",1,0.00165016501650165
"THREATS - I RPT -> 148(A)(1)PC RESIST PEACE OFFCR",1,0.00165016501650165
"THREATS - I RPT -> 1551(A) FUGITIVE FROM JUSTICE",1,0.00165016501650165
"THREATS - I RPT -> 166(A)(4) WILFUL DISOBEY CT OR",1,0.00165016501650165
"THREATS - I RPT -> 192(C)(2)VEH MAN W/O GROSS NEG",1,0.00165016501650165
"THREATS - I RPT -> 211 PC  ROBBERY-BANK",1,0.00165016501650165
"THREATS - I RPT -> 211 PC ROBBERY-PURSE SNATCH",1,0.00165016501650165
"THREATS - I RPT -> 215(A) PC    CARJACKING",1,0.00165016501650165
"THREATS - I RPT -> 243(E)1 BATTERY NONCOHAB SPOUS",1,0.00165016501650165
"THREATS - I RPT -> 243.2(A)(1) BATT/SCHOOL INJURY",1,0.00165016501650165
"THREATS - I RPT -> 243.4(E)(1)TOUCH FOR SEX PLEAS",1,0.00165016501650165
"THREATS - I RPT -> 245(A)(2) AWDW/FIREARM/CIVILIA",1,0.00165016501650165
"THREATS - I RPT -> 273.6(A) PC VIO DV COURT ORDER",1,0.00165016501650165
"THREATS - I RPT -> 308(B) PC MINOR POSS TOBACCO",1,0.00165016501650165
"THREATS - I RPT -> 374.4(A) LITTERING",1,0.00165016501650165
"THREATS - I RPT -> 422 PC THREAT/INTENT TO TERROR",1,0.00165016501650165
"THREATS - I RPT -> 451(D) PC  ARSON OF PROPERTY",1,0.00165016501650165
"THREATS - I RPT -> 475(C) PASS FORGED NOTE",1,0.00165016501650165
"THREATS - I RPT -> 487(A) PC GRAND THEFT-SHOPLIFT",1,0.00165016501650165
"THREATS - I RPT -> 487(D)GRAND THEFT FIREARM/ANIM",1,0.00165016501650165
"THREATS - I RPT -> 530.5 PC USE PERSONAL ID INFO",1,0.00165016501650165
"THREATS - I RPT -> 594(B)(1)VANDALISM GRAF +$400",1,0.00165016501650165
"THREATS - I RPT -> 653.22(A) LOITER PROSTITUTION",1,0.00165016501650165
"THREATS - I RPT -> 653K PC POSS/SELL SWITCHBLADE",1,0.00165016501650165
"THREATS - I RPT -> 653M(A) PC OBSCENE/THREAT CALL",1,0.00165016501650165
"THREATS - I RPT -> 9.04.050 A DRINKING IN PUBLIC",1,0.00165016501650165
"THREATS - I RPT -> ABANDONED VEHICLE - I RPT",1,0.00165016501650165
"THREATS - I RPT -> ACCIDENTAL FIRES/ARSON -I RPT",1,0.00165016501650165
"THREATS - I RPT -> CHILD WELFARE - I RPT",1,0.00165016501650165
"THREATS - I RPT -> GANG ACTIVITY - I RPT",1,0.00165016501650165
"THREATS - I RPT -> GRAND THEFT - I RPT",1,0.00165016501650165
"THREATS - I RPT -> HARASSMENT - I RPT",1,0.00165016501650165
"THREATS - I RPT -> IMPOUNDED VEHICLE",1,0.00165016501650165
"THREATS - I RPT -> JUVENILE DISURBANCE - I RPT",1,0.00165016501650165
"THREATS - I RPT -> JUVENILE PROBLEMS - I RPT",1,0.00165016501650165
"THREATS - I RPT -> LOST PROPERTY - I RPT",1,0.00165016501650165
"THREATS - I RPT -> POSSIBLE STOLEN PROPERTY-I RPT",1,0.00165016501650165
"THREATS - I RPT -> ROBBERY - I RPT",1,0.00165016501650165
"THREATS - I RPT -> TELEPEST -I RPT",1,0.00165016501650165
"THREATS - I RPT -> TRAFFIC - I RPT",1,0.00165016501650165
"TOWED/STORED VEH-14602.6 -> 10.48.150 E FALSIFY PKG PERMIT",1,0.00165016501650165
"TOWED/STORED VEH-14602.6 -> 10852 VC VEHICLE TAMPERING",1,0.00165016501650165
"TOWED/STORED VEH-14602.6 -> 10855 VC LSE/RENT NOT RETURNED",1,0.00165016501650165
"TOWED/STORED VEH-14602.6 -> 11350(B)HS POSSESS QUAALUDES",1,0.00165016501650165
"TOWED/STORED VEH-14602.6 -> 11352(B)HS TRANS SUBST TO CNTY",1,0.00165016501650165
"TOWED/STORED VEH-14602.6 -> 11357(C)HS POSS +28.5GR MARIJ",1,0.00165016501650165
"TOWED/STORED VEH-14602.6 -> 11357(E) MNR POSS MARIJ SCHOOL",1,0.00165016501650165
"TOWED/STORED VEH-14602.6 -> 11361(B)HS ADLT FURN MNR MARIJ",1,0.00165016501650165
"TOWED/STORED VEH-14602.6 -> 11377(A)HS POSS CNTRL SUBST",1,0.00165016501650165
"TOWED/STORED VEH-14602.6 -> 11378 HS POSS CNTRL SUB/SALE",1,0.00165016501650165
"TOWED/STORED VEH-14602.6 -> 11532(A)HS LOITER DRG ACTIVITY",1,0.00165016501650165
"TOWED/STORED VEH-14602.6 -> 11550(A)HS UNDER INFL NARCOTIC",1,0.00165016501650165
"TOWED/STORED VEH-14602.6 -> 12.72.060I ADULT LOITER PLYGRD",1,0.00165016501650165
"TOWED/STORED VEH-14602.6 -> 12020(A)(4) PC DIRK/DAGGER",1,0.00165016501650165
"TOWED/STORED VEH-14602.6 -> 12021(A)(1)PC FELON POSS FRARM",1,0.00165016501650165
"TOWED/STORED VEH-14602.6 -> 12025(A)1)CONCLD GUN VEH/FEL",1,0.00165016501650165
"TOWED/STORED VEH-14602.6 -> 12403.7(G) PC ILLGL POSS TRGAS",1,0.00165016501650165
"TOWED/STORED VEH-14602.6 -> 12500(A) VC UNLIC DRIVER",1,0.00165016501650165
"TOWED/STORED VEH-14602.6 -> 148.9 PC FALSE ID TO OFFICER",1,0.00165016501650165
"TOWED/STORED VEH-14602.6 -> 203 PC    MAYHEM",1,0.00165016501650165
"TOWED/STORED VEH-14602.6 -> 243.3 BATT TRANS PERS/PASS/INJ",1,0.00165016501650165
"TOWED/STORED VEH-14602.6 -> 243.4(A) SEXUAL BATTERY",1,0.00165016501650165
"TOWED/STORED VEH-14602.6 -> 245(A)(2) AWDW/FIREARM/CIVILIA",1,0.00165016501650165
"TOWED/STORED VEH-14602.6 -> 290(A)(1)(A) FAIL REG-CHG ADD",1,0.00165016501650165
"TOWED/STORED VEH-14602.6 -> 3056 PC PAROLE VIOLATION",1,0.00165016501650165
"TOWED/STORED VEH-14602.6 -> 308(B) PC MINOR POSS TOBACCO",1,0.00165016501650165
"TOWED/STORED VEH-14602.6 -> 314.1 PC   INDECENT EXPOSURE",1,0.00165016501650165
"TOWED/STORED VEH-14602.6 -> 417(A)2) PC BRANDISH FIREARM",1,0.00165016501650165
"TOWED/STORED VEH-14602.6 -> 4463(A)(1) VC ALTER REG",1,0.00165016501650165
"TOWED/STORED VEH-14602.6 -> 484 PC   THEFT-LIC PLATE TABS",1,0.00165016501650165
"TOWED/STORED VEH-14602.6 -> 484J PC PUBLISH CARD INFO",1,0.00165016501650165
"TOWED/STORED VEH-14602.6 -> 487(A) GRAND THEFT-CLOUT-UNLOC",1,0.00165016501650165
"TOWED/STORED VEH-14602.6 -> 487(C) PC  GRAND THEFT-PERSON",1,0.00165016501650165
"TOWED/STORED VEH-14602.6 -> 530 PC FALSE PERS. REC PROP",1,0.00165016501650165
"TOWED/STORED VEH-14602.6 -> 532 PC FRAUD OBTAIN MONEY ETC",1,0.00165016501650165
"TOWED/STORED VEH-14602.6 -> 587C PC EVADE PAYMENT RAILFARE",1,0.00165016501650165
"TOWED/STORED VEH-14602.6 -> 594.3(A)VANDAL/PLACE OF WORSHI",1,0.00165016501650165
"TOWED/STORED VEH-14602.6 -> 602(L)(1)TRESPASS REFUSE TO LV",1,0.00165016501650165
"TOWED/STORED VEH-14602.6 -> 602(N)TRESP DRIVE ON PRIVATE P",1,0.00165016501650165
"TOWED/STORED VEH-14602.6 -> 602.5 PC ENTRY OF PROPERTY",1,0.00165016501650165
"TOWED/STORED VEH-14602.6 -> 603  FORCED ENTRY/PROP DAMAGE",1,0.00165016501650165
"TOWED/STORED VEH-14602.6 -> 647(B) PC   PROSTITUTION",1,0.00165016501650165
"TOWED/STORED VEH-14602.6 -> ABANDONED VEHICLE - I RPT",1,0.00165016501650165
"TOWED/STORED VEH-14602.6 -> ABC LICENSE VIO/INFO - I RPT",1,0.00165016501650165
"TOWED/STORED VEH-14602.6 -> BOMBS/THREATS/EXPLOSIV- I RPT",1,0.00165016501650165
"TOWED/STORED VEH-14602.6 -> DAMAGE - I RPT",1,0.00165016501650165
"TOWED/STORED VEH-14602.6 -> FAMILY DISTURBANCE - I RPT",1,0.00165016501650165
"TOWED/STORED VEH-14602.6 -> FILE-UNABLE TO DEFINE - I RPT",1,0.00165016501650165
"TOWED/STORED VEH-14602.6 -> HOMICIDE ASSAULT - I RPT",1,0.00165016501650165
"TOWED/STORED VEH-14602.6 -> MISSING PERSON I RPT",1,0.00165016501650165
"TOWED/STORED VEH-14602.6 -> POSS STOLEN VEHICLE- I RPT",1,0.00165016501650165
"TOWED/STORED VEH-14602.6 -> POSSIBLE FINANCIAL CRIME-I RPT",1,0.00165016501650165
"TOWED/STORED VEH-14602.6 -> POSSIBLE MENTAL - I RPT",1,0.00165016501650165
"TOWED/STORED VEH-14602.6 -> PROTECTIVE CUSTODY-I RPT",1,0.00165016501650165
"TOWED/STORED VEH-14602.6 -> TRAFFIC ARREST FOR DA-I RPT",1,0.00165016501650165
"TOWED/STORED VEH-14602.6 -> TRAFFIC OFFENSE",1,0.00165016501650165
"TOWED/STORED VEH-14602.6 -> TRESPASS OR PROWLER- I RPT",1,0.00165016501650165
"TOWED/STORED VEHICLE -> 11357(E) MNR POSS MARIJ SCHOOL",1,0.00165016501650165
"TOWED/STORED VEHICLE -> 11377(A)HS POSS CNTRL SUBST",1,0.00165016501650165
"TOWED/STORED VEHICLE -> 11378 HS POSS/SALE AMPHETAMINE",1,0.00165016501650165
"TOWED/STORED VEHICLE -> 11550(A)HS UNDER INFL NARCOTIC",1,0.00165016501650165
"TOWED/STORED VEHICLE -> 12025(A)2)CNCLD GUN ON PER/FEL",1,0.00165016501650165
"TOWED/STORED VEHICLE -> 1203.2 PC VIOLATION OF PROBATI",1,0.00165016501650165
"TOWED/STORED VEHICLE -> 12101(B)1)PC MINOR POSS AMMO",1,0.00165016501650165
"TOWED/STORED VEHICLE -> 12403.7(G) PC ILLGL POSS TRGAS",1,0.00165016501650165
"TOWED/STORED VEHICLE -> 136.1(C)(1) PC DISSUADE V/W",1,0.00165016501650165
"TOWED/STORED VEHICLE -> 14601.1(A) VC LIC SUSP OTHER",1,0.00165016501650165
"TOWED/STORED VEHICLE -> 192(C)(2)VEH MAN W/O GROSS NEG",1,0.00165016501650165
"TOWED/STORED VEHICLE -> 197 JUSTIFIABLE HOMI-CIVILIAN",1,0.00165016501650165
"TOWED/STORED VEHICLE -> 211 PC  ROBBERY-BANK",1,0.00165016501650165
"TOWED/STORED VEHICLE -> 215(A) PC    CARJACKING",1,0.00165016501650165
"TOWED/STORED VEHICLE -> 23153(A) VC DUI CAUSE INJURY",1,0.00165016501650165
"TOWED/STORED VEHICLE -> 243.3 BATT TRANS PERS/PASS/INJ",1,0.00165016501650165
"TOWED/STORED VEHICLE -> 245(A)(2) AWDW/FIREARM/CIVILIA",1,0.00165016501650165
"TOWED/STORED VEHICLE -> 246 PC SHOOT OCCUP DWELL/VEH",1,0.00165016501650165
"TOWED/STORED VEHICLE -> 246.3 PC NEGL DISCH FIREARM",1,0.00165016501650165
"TOWED/STORED VEHICLE -> 2800.2(A) VC EVADING/RECKLESS",1,0.00165016501650165
"TOWED/STORED VEHICLE -> 368(D) THEFT-ELDER >400",1,0.00165016501650165
"TOWED/STORED VEHICLE -> 415(3) PC DIST PEACE OFF WORDS",1,0.00165016501650165
"TOWED/STORED VEHICLE -> 452(D)PC CAUSE FIRE OF PROPERT",1,0.00165016501650165
"TOWED/STORED VEHICLE -> 487(D)GRAND THEFT FIREARM/ANIM",1,0.00165016501650165
"TOWED/STORED VEHICLE -> 496(A) PC REC STOLEN AUTO PART",1,0.00165016501650165
"TOWED/STORED VEHICLE -> 5.136.050 NO TAXICAB PERMIT",1,0.00165016501650165
"TOWED/STORED VEHICLE -> 506 PC EMBEZZLEMENT/CONTRACTOR",1,0.00165016501650165
"TOWED/STORED VEHICLE -> 508 PC   EMBEZZLEMENT/EMPLOYEE",1,0.00165016501650165
"TOWED/STORED VEHICLE -> 587C PC EVADE PAYMENT RAILFARE",1,0.00165016501650165
"TOWED/STORED VEHICLE -> 602(N)TRESP DRIVE ON PRIVATE P",1,0.00165016501650165
"TOWED/STORED VEHICLE -> 602.5 PC ENTRY OF PROPERTY",1,0.00165016501650165
"TOWED/STORED VEHICLE -> 626.2 PC UNAUTH ENTRY CAMPUS",1,0.00165016501650165
"TOWED/STORED VEHICLE -> 647(I) PEEPING TOM-INHAB DWELL",1,0.00165016501650165
"TOWED/STORED VEHICLE -> 849(B)(1) CERTIFICATE OF RELEA",1,0.00165016501650165
"TOWED/STORED VEHICLE -> 99170 PUBLIC UTILITIES CODE",1,0.00165016501650165
"TOWED/STORED VEHICLE -> FAMILY DISTURBANCE - I RPT",1,0.00165016501650165
"TOWED/STORED VEHICLE -> FILE-UNABLE TO DEFINE - I RPT",1,0.00165016501650165
"TOWED/STORED VEHICLE -> POSSIBLE MENTAL - I RPT",1,0.00165016501650165
"TOWED/STORED VEHICLE -> PROB VIOLA/FEL-MISD - I RPT",1,0.00165016501650165
"TOWED/STORED VEHICLE -> RECOVERED PROPERTY - I RPT",1,0.00165016501650165
"TOWED/STORED VEHICLE -> SAFEKEEPING - I RPT",1,0.00165016501650165
"TOWED/STORED VEHICLE -> SUSPICIOUS VEHICLE - I RPT",1,0.00165016501650165
"TOWED/STORED VEHICLE -> TERRORIST THREATS - I RPT",1,0.00165016501650165
"TOWED/STORED VEHICLE -> TRAFFIC OFFENSE",1,0.00165016501650165
"TRAFFIC - I RPT -> 11357(B)HS POSS -28.5GR MARIJ",1,0.00165016501650165
"TRAFFIC - I RPT -> 11364 HS POSS DRUG PARAPH",1,0.00165016501650165
"TRAFFIC - I RPT -> 11377(A)HS POSS AMPHETAMINES",1,0.00165016501650165
"TRAFFIC - I RPT -> 12020(A)1) PROHIBITED FIREARM",1,0.00165016501650165
"TRAFFIC - I RPT -> 14601.1(A) VC LIC SUSP OTHER",1,0.00165016501650165
"TRAFFIC - I RPT -> 215(A) PC    CARJACKING",1,0.00165016501650165
"TRAFFIC - I RPT -> 22435.2(A) BP POSS SHOP CART",1,0.00165016501650165
"TRAFFIC - I RPT -> 245(A)(1)AWDW/NO FIREARM/CIVIL",1,0.00165016501650165
"TRAFFIC - I RPT -> 368(D) THEFT-ELDER >400",1,0.00165016501650165
"TRAFFIC - I RPT -> 4140 BP  POSS OF HYPO NEEDLE",1,0.00165016501650165
"TRAFFIC - I RPT -> 484 PETTY THEFT-SHOPLIFT",1,0.00165016501650165
"TRAFFIC - I RPT -> 487(C) PC  GRAND THEFT-PERSON",1,0.00165016501650165
"TRAFFIC - I RPT -> 529 PC FALSE PERSONATION",1,0.00165016501650165
"TRAFFIC - I RPT -> 537(A)(1) DEFRAUD INKEEP/-$400",1,0.00165016501650165
"TRAFFIC - I RPT -> 594.3(A)VANDAL/PLACE OF WORSHI",1,0.00165016501650165
"TRAFFIC - I RPT -> 647(F) PC DIP - DISORDERLY",1,0.00165016501650165
"TRAFFIC - I RPT -> 666 PC PETTY THEFT W/PRI CONV",1,0.00165016501650165
"TRAFFIC - I RPT -> CAR CLOUT -  I RPT",1,0.00165016501650165
"TRAFFIC - I RPT -> CASUALTY REPORT",1,0.00165016501650165
"TRAFFIC - I RPT -> HARASSMENT - I RPT",1,0.00165016501650165
"TRAFFIC - I RPT -> LOST PROPERTY-MATRICULA I RPT",1,0.00165016501650165
"TRAFFIC - I RPT -> NARCOTICS SUSP/EVID/ACT- I RPT",1,0.00165016501650165
"TRAFFIC - I RPT -> ROBBERY - I RPT",1,0.00165016501650165
"TRAFFIC - I RPT -> TRAFFIC-ACCIDENT INJURY",1,0.00165016501650165
"TRAFFIC ARREST FOR DA-I RPT -> 11357(B)HS POSS -28.5GR MARIJ",1,0.00165016501650165
"TRAFFIC ARREST FOR DA-I RPT -> 484 PETTY THEFT-SHOPLIFT",1,0.00165016501650165
"TRAFFIC ARREST FOR DA-I RPT -> NON INJ HR/MAIL OUT REPORT",1,0.00165016501650165
"TRAFFIC ARREST FOR DA-I RPT -> THREATS - I RPT",1,0.00165016501650165
"TRAFFIC OFFENSE -> 10851(A)VC TAKE VEH W/O OWNER",1,0.00165016501650165
"TRAFFIC OFFENSE -> 11357(E) MNR POSS MARIJ SCHOOL",1,0.00165016501650165
"TRAFFIC OFFENSE -> 243.2(A)(1) BATT/SCHOOL INJURY",1,0.00165016501650165
"TRAFFIC OFFENSE -> 245(A)(1)AWDW/NO FIREARM/CIVIL",1,0.00165016501650165
"TRAFFIC OFFENSE -> 422 PC THREAT/INTENT TO TERROR",1,0.00165016501650165
"TRAFFIC OFFENSE -> 647(F) PC DIP - DISORDERLY",1,0.00165016501650165
"TRAFFIC OFFENSE -> FRAUD OR BUNCO - I RPT",1,0.00165016501650165
"TRAFFIC OFFENSE -> NARCOTICS SUSP/EVID/ACT- I RPT",1,0.00165016501650165
"TRAFFIC OFFENSE -> TOWED/STORED VEHICLE",1,0.00165016501650165
"TRAFFIC OFFENSE -> TRAFFIC-ACCIDENT INJURY",1,0.00165016501650165
"TRAFFIC-ACCIDENT INJURY -> 11350(B)HS POSSESS QUAALUDES",1,0.00165016501650165
"TRAFFIC-ACCIDENT INJURY -> 11351 HS POSS/SALE OPIATE/NARC",1,0.00165016501650165
"TRAFFIC-ACCIDENT INJURY -> 11550(A)HS UNDER INFL NARCOTIC",1,0.00165016501650165
"TRAFFIC-ACCIDENT INJURY -> 1203.2 PC VIOLATION OF PROBATI",1,0.00165016501650165
"TRAFFIC-ACCIDENT INJURY -> 12031(A)(1)PC LOADED GUN/PUB-M",1,0.00165016501650165
"TRAFFIC-ACCIDENT INJURY -> 12101(B)1)PC MINOR POSS AMMO",1,0.00165016501650165
"TRAFFIC-ACCIDENT INJURY -> 14601.1(A) VC LIC SUSP OTHER",1,0.00165016501650165
"TRAFFIC-ACCIDENT INJURY -> 148(A)(1)PC RESIST PEACE OFFCR",1,0.00165016501650165
"TRAFFIC-ACCIDENT INJURY -> 166(A)(4) WILFUL DISOBEY CT OR",1,0.00165016501650165
"TRAFFIC-ACCIDENT INJURY -> 1708 US   THEFT OF MAIL",1,0.00165016501650165
"TRAFFIC-ACCIDENT INJURY -> 243(C)(1)BATT EMERG PERSON-INJ",1,0.00165016501650165
"TRAFFIC-ACCIDENT INJURY -> 273.6(A) PC VIO DV COURT ORDER",1,0.00165016501650165
"TRAFFIC-ACCIDENT INJURY -> 290(F)1 W/I 5 DAYS ADD CHANGE",1,0.00165016501650165
"TRAFFIC-ACCIDENT INJURY -> 308(B) PC MINOR POSS TOBACCO",1,0.00165016501650165
"TRAFFIC-ACCIDENT INJURY -> 374.4(A) LITTERING",1,0.00165016501650165
"TRAFFIC-ACCIDENT INJURY -> 451(D) PC  ARSON OF PROPERTY",1,0.00165016501650165
"TRAFFIC-ACCIDENT INJURY -> 475(C) PASS FORGED NOTE",1,0.00165016501650165
"TRAFFIC-ACCIDENT INJURY -> 476 PC PASS FICTICIOUS CHECK",1,0.00165016501650165
"TRAFFIC-ACCIDENT INJURY -> 484 PC   THEFT-LIC PLATE TABS",1,0.00165016501650165
"TRAFFIC-ACCIDENT INJURY -> 484 PC  PETTY THEFT AUTO PART",1,0.00165016501650165
"TRAFFIC-ACCIDENT INJURY -> 484 PC  PETTY THEFT/ OUTSIDE",1,0.00165016501650165
"TRAFFIC-ACCIDENT INJURY -> 487(A) GRAND THEFT-AUTO PARTS",1,0.00165016501650165
"TRAFFIC-ACCIDENT INJURY -> 487(A) PC GRAND THEFT-SHOPLIFT",1,0.00165016501650165
"TRAFFIC-ACCIDENT INJURY -> 503 PC   EMBEZZLEMENT",1,0.00165016501650165
"TRAFFIC-ACCIDENT INJURY -> 594(B)(2)(A)VANDALISM GRAF-400",1,0.00165016501650165
"TRAFFIC-ACCIDENT INJURY -> 602(K)TRESPASS:INJURE PROPERTY",1,0.00165016501650165
"TRAFFIC-ACCIDENT INJURY -> 602(N)TRESP DRIVE ON PRIVATE P",1,0.00165016501650165
"TRAFFIC-ACCIDENT INJURY -> 626.10(A) PC POSS WPN SCHL ZN",1,0.00165016501650165
"TRAFFIC-ACCIDENT INJURY -> 647(B) PC   PROSTITUTION",1,0.00165016501650165
"TRAFFIC-ACCIDENT INJURY -> 653.22(A) LOITER PROSTITUTION",1,0.00165016501650165
"TRAFFIC-ACCIDENT INJURY -> 653M(A) PC OBSCENE/THREAT CALL",1,0.00165016501650165
"TRAFFIC-ACCIDENT INJURY -> 666 PC PETTY THEFT W/PRI CONV",1,0.00165016501650165
"TRAFFIC-ACCIDENT INJURY -> 9.04.050C POSS OPEN CONTAINER",1,0.00165016501650165
"TRAFFIC-ACCIDENT INJURY -> ACCIDENTAL FIRES/ARSON -I RPT",1,0.00165016501650165
"TRAFFIC-ACCIDENT INJURY -> BATTERY - I RPT",1,0.00165016501650165
"TRAFFIC-ACCIDENT INJURY -> BUSINESS PERMITS - I RPT",1,0.00165016501650165
"TRAFFIC-ACCIDENT INJURY -> DUI I RPT",1,0.00165016501650165
"TRAFFIC-ACCIDENT INJURY -> FILE-UNABLE TO DEFINE - I RPT",1,0.00165016501650165
"TRAFFIC-ACCIDENT INJURY -> FORGERY-COUNTERFEITING",1,0.00165016501650165
"TRAFFIC-ACCIDENT INJURY -> FRAUD OR BUNCO - I RPT",1,0.00165016501650165
"TRAFFIC-ACCIDENT INJURY -> HAZARDOUS SITUATION - I RPT",1,0.00165016501650165
"TRAFFIC-ACCIDENT INJURY -> HIT AND RUN /SUSPECTS- I RPT",1,0.00165016501650165
"TRAFFIC-ACCIDENT INJURY -> JUVENILE PROBLEMS - I RPT",1,0.00165016501650165
"TRAFFIC-ACCIDENT INJURY -> LOST PROPERTY-MATRICULA I RPT",1,0.00165016501650165
"TRAFFIC-ACCIDENT INJURY -> MISSING PERSON LOCATE O/S ASSI",1,0.00165016501650165
"TRAFFIC-ACCIDENT INJURY -> O/S AGENCY -ASSISTANCE- I RPT",1,0.00165016501650165
"TRAFFIC-ACCIDENT INJURY -> PETTY THEFT - I RPT",1,0.00165016501650165
"TRAFFIC-ACCIDENT INJURY -> POSSIBLE STOLEN PROPERTY-I RPT",1,0.00165016501650165
"TRAFFIC-ACCIDENT INJURY -> PROTECTIVE CUSTODY-I RPT",1,0.00165016501650165
"TRAFFIC-ACCIDENT INJURY -> SUSPICIOUS VEHICLE - I RPT",1,0.00165016501650165
"TRAFFIC-ACCIDENT INJURY -> WANTED SUBJ-O/S WANT/ I RPT",1,0.00165016501650165
"TRAFFIC-ACCIDENT-NON INJURY -> 11350(B)HS POSSESS QUAALUDES",1,0.00165016501650165
"TRAFFIC-ACCIDENT-NON INJURY -> 1203.2 PC VIOLATION OF PROBATI",1,0.00165016501650165
"TRAFFIC-ACCIDENT-NON INJURY -> 12101(B)1)PC MINOR POSS AMMO",1,0.00165016501650165
"TRAFFIC-ACCIDENT-NON INJURY -> 215(A) PC    CARJACKING",1,0.00165016501650165
"TRAFFIC-ACCIDENT-NON INJURY -> 22435.2(A) BP POSS SHOP CART",1,0.00165016501650165
"TRAFFIC-ACCIDENT-NON INJURY -> 23103(A) RECKLESS ON HIGHWAY",1,0.00165016501650165
"TRAFFIC-ACCIDENT-NON INJURY -> 243.4(A) SEXUAL BATTERY",1,0.00165016501650165
"TRAFFIC-ACCIDENT-NON INJURY -> 25662(A)BP POSS ALC BY MINOR",1,0.00165016501650165
"TRAFFIC-ACCIDENT-NON INJURY -> 290(F)1 W/I 5 DAYS ADD CHANGE",1,0.00165016501650165
"TRAFFIC-ACCIDENT-NON INJURY -> 3056 PAROLE VIO - I RPT",1,0.00165016501650165
"TRAFFIC-ACCIDENT-NON INJURY -> 3056 PC PAROLE VIOLATION",1,0.00165016501650165
"TRAFFIC-ACCIDENT-NON INJURY -> 308(B) PC MINOR POSS TOBACCO",1,0.00165016501650165
"TRAFFIC-ACCIDENT-NON INJURY -> 32210 EC WILFL DISTURB PUB SCH",1,0.00165016501650165
"TRAFFIC-ACCIDENT-NON INJURY -> 368(E) THEFT OF ELDER <$400",1,0.00165016501650165
"TRAFFIC-ACCIDENT-NON INJURY -> 417(A)1) PC BRANDISH NON-GUN",1,0.00165016501650165
"TRAFFIC-ACCIDENT-NON INJURY -> 476 PC PASS FICTICIOUS CHECK",1,0.00165016501650165
"TRAFFIC-ACCIDENT-NON INJURY -> 484G(A)PC USE FORGED CARD",1,0.00165016501650165
"TRAFFIC-ACCIDENT-NON INJURY -> 487(A) GRAND THEFT-CLOUT-UNLOC",1,0.00165016501650165
"TRAFFIC-ACCIDENT-NON INJURY -> 487(A) GRAND THEFT-COIN MACHIN",1,0.00165016501650165
"TRAFFIC-ACCIDENT-NON INJURY -> 487(C) PC  GRAND THEFT-PERSON",1,0.00165016501650165
"TRAFFIC-ACCIDENT-NON INJURY -> 487(D)GRAND THEFT FIREARM/ANIM",1,0.00165016501650165
"TRAFFIC-ACCIDENT-NON INJURY -> 503 PC   EMBEZZLEMENT",1,0.00165016501650165
"TRAFFIC-ACCIDENT-NON INJURY -> 537(A)(1) DEFRAUD INKEEP/-$400",1,0.00165016501650165
"TRAFFIC-ACCIDENT-NON INJURY -> 594.3(A)VANDAL/PLACE OF WORSHI",1,0.00165016501650165
"TRAFFIC-ACCIDENT-NON INJURY -> 602(K)TRESPASS:INJURE PROPERTY",1,0.00165016501650165
"TRAFFIC-ACCIDENT-NON INJURY -> 602(L)(1)TRESPASS REFUSE TO LV",1,0.00165016501650165
"TRAFFIC-ACCIDENT-NON INJURY -> 647(F) PC PUB INTOX-DETOX ONLY",1,0.00165016501650165
"TRAFFIC-ACCIDENT-NON INJURY -> 647(I) PEEPING TOM-INHAB DWELL",1,0.00165016501650165
"TRAFFIC-ACCIDENT-NON INJURY -> 9.04.050 A DRINKING IN PUBLIC",1,0.00165016501650165
"TRAFFIC-ACCIDENT-NON INJURY -> ABC LICENSE VIO/INFO - I RPT",1,0.00165016501650165
"TRAFFIC-ACCIDENT-NON INJURY -> FALSE PERSONATION - I RPT",1,0.00165016501650165
"TRAFFIC-ACCIDENT-NON INJURY -> FAMILY DISTURBANCE - I RPT",1,0.00165016501650165
"TRAFFIC-ACCIDENT-NON INJURY -> FILE-UNABLE TO DEFINE - I RPT",1,0.00165016501650165
"TRAFFIC-ACCIDENT-NON INJURY -> GRAFFITI PROBLEMS- I RPT",1,0.00165016501650165
"TRAFFIC-ACCIDENT-NON INJURY -> IMPOUNDED VEHICLE",1,0.00165016501650165
"TRAFFIC-ACCIDENT-NON INJURY -> MISSING PERSON I RPT",1,0.00165016501650165
"TRAFFIC-ACCIDENT-NON INJURY -> NEIGHBORHOOD DISTURBANCE-I RPT",1,0.00165016501650165
"TRAFFIC-ACCIDENT-NON INJURY -> POSSIBLE MENTAL - I RPT",1,0.00165016501650165
"TRAFFIC-ACCIDENT-NON INJURY -> SAFEKEEPING - I RPT",1,0.00165016501650165
"TRAFFIC-ACCIDENT-NON INJURY -> SHOOT INTO OCCUP DWELL - I RPT",1,0.00165016501650165
"TRAFFIC-ACCIDENT-NON INJURY -> TELEPEST -I RPT",1,0.00165016501650165
"TRAFFIC-ACCIDENT-NON INJURY -> TRAFFIC OFFENSE",1,0.00165016501650165
"TRAFFIC-ACCIDENT-NON INJURY -> VANDALISM - I RPT",1,0.00165016501650165
"TRESPASS OR PROWLER- I RPT -> 11357(B)HS POSS -28.5GR MARIJ",1,0.00165016501650165
"TRESPASS OR PROWLER- I RPT -> 11377(A)HS POSS AMPHETAMINES",1,0.00165016501650165
"TRESPASS OR PROWLER- I RPT -> 23103(A) RECKLESS ON HIGHWAY",1,0.00165016501650165
"TRESPASS OR PROWLER- I RPT -> BURGLARY - I RPT",1,0.00165016501650165
"TRESPASS OR PROWLER- I RPT -> IMPOUNDED VEHICLE",1,0.00165016501650165
"TRESPASS OR PROWLER- I RPT -> MISCELLANEOUS I RPT (ZMISC)",1,0.00165016501650165
"TRESPASS OR PROWLER- I RPT -> NON INJ HR/MAIL OUT REPORT",1,0.00165016501650165
"VANDALISM - I RPT -> 11357(B)HS POSS -28.5GR MARIJ",1,0.00165016501650165
"VANDALISM - I RPT -> 148(A)(1)PC RESIST PEACE OFFCR",1,0.00165016501650165
"VANDALISM - I RPT -> 211 PC ROBBERY-PURSE SNATCH",1,0.00165016501650165
"VANDALISM - I RPT -> 215(A) PC    CARJACKING",1,0.00165016501650165
"VANDALISM - I RPT -> 23153(A) VC DUI CAUSE INJURY",1,0.00165016501650165
"VANDALISM - I RPT -> 23222(B)POSSESS MARIJ IN VEH",1,0.00165016501650165
"VANDALISM - I RPT -> 242 PC  BATTERY CIVILIAN",1,0.00165016501650165
"VANDALISM - I RPT -> 243(D) PC BATT/CIVILIAN W/INJ",1,0.00165016501650165
"VANDALISM - I RPT -> 243(E)1 BATTERY NONCOHAB SPOUS",1,0.00165016501650165
"VANDALISM - I RPT -> 245(A)(1)AWDW/NO FIREARM/CIVIL",1,0.00165016501650165
"VANDALISM - I RPT -> 245(A)(2) AWDW/FIREARM/CIVILIA",1,0.00165016501650165
"VANDALISM - I RPT -> 484 PETTY THEFT-SHOPLIFT",1,0.00165016501650165
"VANDALISM - I RPT -> 487(A) GRAND THEFT-CLOUT-UNLOC",1,0.00165016501650165
"VANDALISM - I RPT -> 487(A) PC GRAND THEFT",1,0.00165016501650165
"VANDALISM - I RPT -> 496(A) RECEIVE STOLEN PROPERTY",1,0.00165016501650165
"VANDALISM - I RPT -> 5150 WI DANGER SELF/OTHERS",1,0.00165016501650165
"VANDALISM - I RPT -> 594(B)(2)(A) VANDALISM/ -$400",1,0.00165016501650165
"VANDALISM - I RPT -> 602.5 PC ENTRY OF PROPERTY",1,0.00165016501650165
"VANDALISM - I RPT -> 647(F) PC DIP - DISORDERLY",1,0.00165016501650165
"VANDALISM - I RPT -> ASSAULT WITH WEAPON - I RPT",1,0.00165016501650165
"VANDALISM - I RPT -> BURGLARY - I RPT",1,0.00165016501650165
"VANDALISM - I RPT -> FOUND EVIDENCE-NON NARC -I RPT",1,0.00165016501650165
"VANDALISM - I RPT -> IMPOUNDED VEHICLE",1,0.00165016501650165
"VANDALISM - I RPT -> SUSP PERS-NO CRIME - I RPT",1,0.00165016501650165
"VANDALISM - I RPT -> THREATS - I RPT",1,0.00165016501650165
"VANDALISM - I RPT -> TRAFFIC - I RPT",1,0.00165016501650165
"VANDALISM - I RPT -> VANDALISM - I RPT",1,0.00165016501650165
"VICE/GAMBLING ACT - I RPT -> 20002(A) HIT/RUN",1,0.00165016501650165
"VICE/GAMBLING ACT - I RPT -> 242 PC  BATTERY CIVILIAN",1,0.00165016501650165
"VICE/GAMBLING ACT - I RPT -> 459 PC  BURGLARY VEHICLE",1,0.00165016501650165
"WANTED SUBJ-O/S WANT/ I RPT -> 10851(A)VC TAKE VEH W/O OWNER",1,0.00165016501650165
"WANTED SUBJ-O/S WANT/ I RPT -> 1203.2 PC VIOLATION OF PROBATI",1,0.00165016501650165
"WANTED SUBJ-O/S WANT/ I RPT -> 484 PETTY THEFT/LICENSE PLATE",1,0.00165016501650165
"WANTED SUBJ-O/S WANT/ I RPT -> TOWED/STORED VEH-14602.6",1,0.00165016501650165
"WARRANT SERVED - I RPT -> 10851 VC AUTO THEFT LOCATE",1,0.00165016501650165
"WARRANT SERVED - I RPT -> 12020(A)1) PROHIBITED FIREARM",1,0.00165016501650165
"WARRANT SERVED - I RPT -> 12022.1 PC COMMIT FEL ON BAIL",1,0.00165016501650165
"WARRANT SERVED - I RPT -> 415(3) PC DIST PEACE OFF WORDS",1,0.00165016501650165
"WARRANT SERVED - I RPT -> 459 PC  BURGLARY RESIDENCE",1,0.00165016501650165
"WARRANT SERVED - I RPT -> 484 PC PETTY THEFT",1,0.00165016501650165
"WARRANT SERVED - I RPT -> 484 PETTY THEFT/LICENSE PLATE",1,0.00165016501650165
"WARRANT SERVED - I RPT -> BATTERY - I RPT",1,0.00165016501650165
"WARRANT SERVED - I RPT -> ELDER ABUSE/PHYS/MENTAL-I RPT",1,0.00165016501650165
"WARRANT SERVED - I RPT -> FRAUD OR BUNCO - I RPT",1,0.00165016501650165
"WARRANT SERVED - I RPT -> HIT AND RUN /SUSPECTS- I RPT",1,0.00165016501650165
"WARRANT SERVED - I RPT -> MISCELLANEOUS I RPT (ZMISC)",1,0.00165016501650165
"WARRANT SERVED - I RPT -> SUSP PERS-NO CRIME - I RPT",1,0.00165016501650165
"WARRANT SERVED - I RPT -> TOWED/STORED VEHICLE",1,0.00165016501650165
"WARRANT SERVED - I RPT -> TRAFFIC-ACCIDENT-NON INJURY",1,0.00165016501650165
