PctUrbOp2011Cat,PctUrbLo2011Cat,PctUrbMd2011Cat,PctUrbHi2011Cat,PctBl2011Cat,PctDecid2011Cat,PctConif2011Cat,PctMxFst2011Cat,PctShrb2011Cat,PctGrs2011Cat,PctHay2011Cat,PctCrop2011Cat,PctWdWet2011Cat,PctHbWet2011Cat,PctOw2011Ws
5.76,1.96,0.41,0.07,0.31,30.89,18.76,7.11,2.99,3.53,12.01,0.08,0.33,0.19,3.51
2.147923054,1.080662675,0.535271287,0.22127464,0.371161541,2.658030847,4.00673944,5.184773898,0.746425826,1.388915481,9.611360771,1.120596047,52.95383866,4.679315881,1.877441984
4.46,1.46,0.39,0.14,0.44,22.72,24.91,5.82,6.66,3.95,5.73,1.16,1.25,0.06,2.01
9.298815881,7.870907824,2.565590899,0.150917112,0.116090086,28.16345484,3.889017878,6.884142094,0.557232412,1.091246808,31.17018807,0,0.208962155,0.046436034,5.111680703
8.783914917,2.107673796,0.302759772,0.031052284,0.314404378,1.094593021,20.19174786,12.96044715,3.850483251,3.140162248,8.422932112,2.429841245,7.301168342,0.683150254,1.005151218
3.63395531,1.894724718,0.656530753,0.017277125,0.207325501,38.71227828,15.83160562,10.54480534,3.530292559,0.702603087,1.180603548,0,0.27067496,0.03455425,3.56198027
31.33116883,13.96103896,1.569264069,0.108225108,1.515151515,14.06926407,2.867965368,6.655844156,1.406926407,0.974025974,1.893939394,0,0.108225108,0,4.723702329
7.45,1.73,0.47,0.09,0.11,25.48,10.14,10.36,4.22,1.61,9.63,3.75,1.37,0.29,2.04
0.546448087,0.032144005,0.032144005,0,0,66.79524269,22.27579556,2.732240437,0.771456123,0.225008036,0.160720026,0,0.06428801,0,1.891275423
5.35,3.4,3,1.26,0.96,8.8,8.17,4.52,1.7,1.16,16.03,7.41,21.59,2.71,2.22
4.456193353,0.453172205,0,0,0.075528701,2.794561934,9.667673716,1.812688822,2.114803625,5.438066465,41.918429,8.987915408,7.099697885,0.755287009,12.43622449
3.706893648,0.474909661,0.202570382,0.043785997,1.012370747,26.3957388,30.24986888,12.58486544,3.594301084,4.590793393,0.479721309,0,0.498005572,0.067844237,1.765038588
4.308468369,3.645095533,1.509864216,0.314411084,0.262585081,25.04232457,6.789206371,6.737380368,1.858825968,2.356355595,7.500950143,0.853401513,0.172753343,0.521715095,1.855928139
9.43819153,4.531309615,1.445854,0.379347895,0.29032335,24.34026453,10.56391485,5.910395205,2.844214994,3.038161325,11.72381725,0.859245835,1.46175124,0.237465026,1.993648519
0.832342449,0.237812128,0.118906064,0,0,0,24.85136742,25.5648038,0.475624257,1.545778835,3.567181926,0,0.594530321,0.237812128,13.57361963
1.288659794,0.257731959,0,0,0,9.020618557,33.24742268,42.78350515,3.608247423,0,0,0,0.257731959,0,2.683103698
2.176278564,0.27203482,0.054406964,0,0,0.054406964,39.22742111,0.707290533,6.583242655,20.56583243,1.088139282,0,10.39173014,4.51577802,0.692089418
34.46088795,10.62367865,3.805496829,0.317124736,0.052854123,12.73784355,1.268498943,1.162790698,1.268498943,3.276955603,22.72727273,0,0.105708245,0,5.677804944
5.225653207,0.712589074,0,0,0,1.504354711,25.96991291,41.88440222,3.800475059,4.592240697,1.108471892,0,1.90023753,0.237529691,13.06413302
9.018718094,8.22461713,4.140669314,0.397050482,0.850822462,46.11457742,5.78559274,12.93250142,2.382302893,3.006239365,1.418037436,0,0,0.056721497,5.672149745
0.19,0.78,0.19,0.19,0,0.19,17.74,4.68,0.97,1.75,61.21,9.16,1.36,0,1.56
3.138347261,0.724233983,1.225626741,0.129990715,0,0,0,0,0,0,0,69.22934076,8.653667595,0.185701021,14.98505232
4.145804126,2.68375726,1.782495494,0.28039255,0.020028039,0,0,0,0,0,0,62.78790306,13.47887042,0.700981374,0.927230125
0.39745628,0.317965024,0.079491256,0,0,0,0,0,0,0,0,3.100158983,10.01589825,0.556438792,85.53259141
11.89873418,6.692527562,2.968558595,1.322988975,0.547162107,25.70028583,7.027358105,13.12372397,0.767660269,1.747652103,5.565536954,0,0.077582687,0.016333197,4.88237903
3.596304193,0.623075101,0.080549633,0.009476427,0.376687989,23.16512675,19.11158493,26.16441602,6.498460081,7.659322435,0.175313907,0,0.170575693,0.170575693,0.832308109
10.77793558,10.96348559,6.524029871,2.597700096,0.432950016,12.12489119,9.205342008,7.38076694,1.171713932,1.349246346,5.569936317,0,0.317267604,0.046960187,5.007349987
1.32,0.56,0.24,0.05,0.26,7.28,7.4,1.45,2.03,4.09,5.59,0.01,16.14,5.15,1.97
7.945656649,2.017291066,0.123507616,0,0,15.23260601,43.26883491,5.557842734,0.164676822,2.264306299,3.375874846,0,0.370522849,0.205846027,0.973524157
4.19918246,3.623188406,0.854700855,0.130063174,0.11148272,6.057227796,47.84466741,4.384986994,1.746562616,1.077666295,1.597918989,0,11.89149015,0.185804534,2.301581059
8.392226148,1.148409894,0.265017668,0,0,5.830388693,41.25441696,8.038869258,0,5.565371025,0.176678445,0,0.795053004,0.176678445,0.677750932
1.912568306,1.366120219,0,0,0,0,71.8579235,0,0.273224044,0.546448087,0,0,0,0.273224044,10.11299435
5.84141919,2.460060766,0.147015584,0,0.735077918,31.69655984,0.323434284,18.71998432,0.019602078,0.695873763,11.99647163,0,1.411349603,0.225423895,5.353145436
5.531914894,7.234042553,0.425531915,0,0,3.829787234,30.63829787,26.80851064,0,0.425531915,10.63829787,0,0,0,14.46808511
19.59459459,11.48648649,0,0,3.378378378,6.756756757,39.18918919,2.702702703,0,0,10.13513514,0,0,0,1.242236025
3.097893432,1.239157373,0,0,0,0,0,0,0,0,0,36.30731103,50.06195787,0,9.293680297
2.927042377,3.451288772,1.703800786,0.480559196,0,1.26692879,0.0436872,0.174748799,0,0.131061599,4.456094364,46.39580603,13.0624727,1.179554391,22.88438617
1.784386617,0.483271375,0.037174721,0,0.111524164,6.840148699,5.910780669,2.82527881,1.821561338,1.895910781,66.65427509,0,5.427509294,1.672862454,2.109038737
0,0.806451613,0,0,0,0.268817204,0,0,0,0,0,0,72.84946237,0.806451613,0.524708085
1.170727987,0.877092629,0.491934561,0.102963048,0.072455478,0,0.453800099,0,55.99664417,39.36620524,0,0,0.022880677,0,1.445296114
12.42018851,12.67862572,16.31194892,4.363028276,0.030404378,0,1.748251748,0,36.75889328,0.182426269,0,0,1.03374886,1.611432046,1.215015921
1.525454057,1.248098774,0.210253199,0.022367362,0,0,65.41111211,0,16.49816588,0.380245146,0,0,0,0.004473472,2.198037419
7.46284965,18.99038462,61.07954545,10.04152098,0,0,0,0,0.043706294,0,0,0,0,0,2.381993007
13.03499233,10.42102328,9.263906315,1.171058135,0.132441099,0,27.82657187,0,32.62233375,1.275616897,0.473999721,0,0.104558762,0.041823505,0.727097428
0.585429315,0.173460538,0.151777971,0.021682567,0,0,0.693842151,0,69.47094536,0.411968777,0,0,0,0,5.328647033
0,0,0,0,0,0,39.09574468,0,20.94414894,0.265957447,0,0,0,0,1.906763372
0.320219579,1.989935956,0.457456542,0,0,0.022872827,0,0,2.630375114,0,0.228728271,52.37877402,12.6715462,17.36047575,11.93961574
0.212240655,0.623727639,0.168926236,0.02165721,0.043314419,0,0.077965955,0,74.7780136,3.785680253,0,0,0.541430242,1.602633517,0.313024146
2.29,0.73,0,0,0,0,56.64,0,5.52,0.31,0,0,0,0,0.86
0.594574508,1.114827202,0.854700855,0.408769974,0.371609067,0,2.415458937,0,68.22742475,2.26681531,0,0,1.374953549,0.22296544,0.525499922
0,0.131882624,0.098911968,0,0,0,28.18991098,0,45.0049456,0.494559842,0,0,0,0,2.296130992
0.077101002,0,0,0,0.038550501,0,91.51888975,0,0.771010023,0.038550501,0,0,0,0.038550501,1.712328767
1.736158578,0.915926179,0.08202324,0,0.01367054,0,56.60970608,0,28.07928913,0.751879699,0,0,0.30075188,3.923444976,0.309486034
0.591715976,4.733727811,66.56804734,13.60946746,0,0,0,0,0.591715976,0,0,0,0,0,13.90532544
0,0,0,0,1.894736842,0,0,0,29.68421053,0.631578947,0.421052632,0,36.21052632,6.315789474,0.424689581
0.038976225,0.012992075,0,0,0,0,93.73781993,0,4.001559049,0.519682993,0,0,0.064960374,0.064960374,1.55904898
4.099560761,0.170815032,0,0,0,0,45.75402635,0,13.25036603,23.45046364,0,0,0.170815032,2.855051245,0.526560322
0,0,0,0,0,0,51.53374233,0,13.49693252,6.441717791,0,0,2.760736196,0.613496933,25.15337423
17.36244621,32.67875126,33.6949556,7.0768104,0,0,0,0,8.253227135,0,0,0.581342122,0,0,0.310578812
0.192520378,0.602138205,0.233482161,0.02457707,22.90582886,0.004096178,0,0,56.26100848,2.961536886,0.737312088,0.106500635,5.058780158,2.130012698,3.400334377
4.913483513,0.32647731,0,0,0,0,92.03395364,0,0.081619327,0,0,0,0,0,2.64446621
5.321285141,6.325301205,2.108433735,0.100401606,0,0,0,0,0.602409639,0,0,6.425702811,1.506024096,0,76.94545455
20.27310924,26.47058824,20.79831933,1.680672269,0,0,0.840336134,1.260504202,1.155462185,4.621848739,0,0,0,0,1.760072273
16.53384542,10.89774364,3.322131541,0.604896783,0,0,0,0,52.2131541,6.913106097,0,0,0.134421507,0.508881421,8.871819491
3.938115331,26.58227848,40.22503516,2.53164557,0,0,0,0,0,0,0,0,0,0.281293952,26.4416315
0.69215557,0.725115359,0.659195781,0.131839156,0,0,0,0.032959789,1.153592617,71.19314436,0,0.889914305,1.977587343,0.263678312,14.08333333
0.148611111,0.595833333,0.226388889,0.038888889,0.051388889,0,0.429166667,0,58.46111111,0.147222222,0,0,1.369444444,10.95972222,2.304724758
3.058280439,26.42815926,37.33410271,0.288517023,0,0,0,0,9.405654934,5.193306405,0,0,2.135025967,0.807847663,0.95450025
12.51606684,0.626606684,0.064267352,0.016066838,0.064267352,3.502570694,55.59125964,3.37403599,2.120822622,5.302056555,0,0,0.787275064,0,1.193790451
8.013544018,4.589917231,0.564334086,0.037622272,0,1.429646351,30.17306245,0,43.34085779,0.413844996,0,0,0,0,0.243794326
0,0,0,0,0,0,90.62146893,0,0,0,0,0,0.338983051,0,4.837769575
9.090909091,0,49.09090909,0,1.818181818,0,0,0,0,0,0,0,0,0,40
2.830188679,14.1509434,32.0754717,18.86792453,0,0,0,0,0,0,0,0,0,0,32.0754717
13.32126697,29.97285068,35.83710407,2.280542986,0.018099548,0,0,0.018099548,2.714932127,0.850678733,0,0,0.07239819,0,14.91402715
0.900900901,0.257400257,0.18018018,0,0.102960103,0,0,0,0,46.38352638,0,1.003861004,2.96010296,0.566280566,13.93398268
0,0,23.80952381,4.761904762,4.761904762,0,0,0,0,0,0,0,0,0,66.66666667
5.283018868,4.905660377,0.754716981,0,0,0,0,0,4.150943396,24.90566038,4.150943396,0,1.509433962,2.641509434,51.69811321
0.16497113,0,0.027495188,0,2.914489964,0,0,0,0,50.39868023,1.209788287,35.05636514,0,0.192466318,1.89821929
2.79,2.19,4.18,5.18,0,0,0,0,2.79,44.62,0,36.85,0,0,1.39
2.794653706,2.875658161,2.187120292,0.486026731,0,0,0,0.445524504,4.698258404,36.28999595,11.09761037,21.95220737,3.199675982,0.648035642,13.32523289
2.552301255,0.083682008,0,0,0,0,47.74058577,0,21.88284519,9.246861925,14.35146444,0,0.041841004,3.807531381,1.527860995
13.33333333,13.06666667,1.333333333,0,0,3.733333333,13.06666667,0.8,31.2,19.46666667,0,0,0,0,1.147666412
0.758293839,1.895734597,3.791469194,2.938388626,33.45971564,0,0,0,0.09478673,15.16587678,0,0,0,0,13.50985222
0.087719298,0,0,0,0,1.052631579,0,0.087719298,1.228070175,59.9122807,0.350877193,2.719298246,0,0.614035088,7.629839471
0,0,0,0,0,0,2.649006623,0,78.92835641,2.769416014,0,0,0.331125828,0.240818784,0.713387375
2.132609539,0.736719659,0.019387359,0,0,3.354013183,33.03606049,0,51.02753005,0.387747189,0,0,0.988755332,0.213260954,8.103916247
3.29841676,0.655685271,0.019990405,0.003998081,0,0,0,0,5.869182792,67.64752919,0.031984647,5.977130977,0.127938589,8.383975692,7.9841676
3.908484271,1.954242135,0.524308866,0,2.764537655,0,3.098188751,0,24.69018112,36.84461392,0,0.095328885,0.142993327,3.241182078,1.928909378
19.36416185,28.61271676,23.69942197,3.179190751,0,0,0,0,0,0,0.289017341,0,0.867052023,1.445086705,11.37897782
11.83607441,1.842365417,0.431383122,0.008987148,0,0.026961445,0,0,1.366046553,59.37808933,1.024534915,2.552350139,0.790869057,2.336658578,13.22112296
10.56701031,25,26.93298969,1.288659794,0,0,0,0,0.128865979,0.515463918,0,0.644329897,2.963917526,4.381443299,22.26600985
0.74138339,0.181402319,0.141967032,0.003943529,0.027604701,0,0,0,3.091726477,27.43907248,0,26.82388201,0.102531745,19.94636801,21.50011831
3.208685163,0.858866104,0.164053076,0.525934861,0.120627262,0.067551267,0,0,0.048250905,44.24607961,1.326899879,5.669481303,11.54161641,7.034981906,0.117048563
6.9,0.44,0.26,0,0.01,0,0,0,0,25.03,0.08,49.41,0.29,2.93,4.01
5.470852018,13.1838565,10.58295964,3.408071749,0.089686099,0,0,0,0,0,0.089686099,1.883408072,0.179372197,0.269058296,64.84304933
12.91372762,6.981370953,3.924760354,2.73105444,0.117561946,0.072345813,0,0.009043227,0.271296799,8.030385241,2.586362814,48.13709532,0.470247784,1.293181407,5.678832933
7.361587457,11.88143067,10.37481627,2.302792749,0,0.142903805,0.016331863,0,1.073820023,15.55609995,2.911154663,14.36387392,0.269475747,1.077902989,18.38485516
0,0,0,0,0.614250614,5.528255528,68.67321867,0.982800983,9.705159705,0.368550369,0,0,3.562653563,0.982800983,9.582309582
17.00869565,47.46956522,23.7826087,3.417391304,0,0,0,0,0,0.07826087,0.652173913,0.391304348,0.191304348,0.043478261,6.965217391
6.924556529,3.563795683,1.164778799,0.08014533,0.010686044,0.032058132,0,0.005343022,0.491558025,16.34964736,3.205813208,47.47809361,0.737337038,2.489848258,17.6910828
1.151877133,0.874573379,1.983788396,1.130546075,0,0,0.021331058,0,0,25.31996587,10.94283276,0,0.533276451,2.410409556,10.77857231
0,0,0,0,0,0.711743772,61.20996441,0,4.982206406,9.252669039,0,0,0,0,23.84341637
8.439490446,3.821656051,0,0,0,0,7.643312102,0,34.07643312,0,0,0,2.547770701,0.636942675,5.049881724
6.481481481,16.66666667,26.11111111,8.518518519,0,0,0,0,0,25.37037037,0,0,1.296296296,0.185185185,15.37037037
0,0,0,0,0,0,88.18897638,0,0,0,0,0,0,0,11.81102362
0,0,0,0,0,0,0,0,0,0,12.5,9.375,0,0,78.125
0,0.452488688,0,0,0,0,0,0,6.334841629,0.452488688,0.452488688,57.91855204,2.262443439,26.69683258,5.429864253
0,0,0,0,0,0,3.155339806,0,9.223300971,13.34951456,0,0,1.941747573,23.54368932,48.78640777
14.36100132,19.89459816,5.138339921,1.054018445,0,0,0.658761528,0,0.131752306,8.168642951,0,0,7.641633729,7.641633729,35.30961792
16.2094175,48.15659146,21.57849226,3.285905196,0.117915258,0,0,0,1.124125462,1.980976338,0,0,0.275135603,0.605298326,6.666142599
0,0,0,0,0.900900901,16.89189189,38.06306306,22.2972973,0,14.18918919,0,0,4.054054054,3.603603604,6.786964719
7.391826923,17.80849359,21.07371795,9.415064103,0.420673077,0.300480769,0.360576923,0.260416667,0.260416667,13.62179487,13.62179487,9.074519231,0.240384615,1.061698718,5.735518293
1.428571429,10,3.80952381,0.952380952,0,0,0,0,24.28571429,4.761904762,0,0.476190476,4.761904762,2.380952381,47.14285714
2.585438336,0.29717682,0.14858841,0.029717682,0.059435364,46.71619614,5.170876672,19.6731055,0,0.534918276,4.814264487,0,1.753343239,0.237741456,5.14399283
2.94599018,0.122749591,0,0,0,25,2.741407529,36.12929624,0,0.081833061,0,0,3.027823241,0.245499182,10.37439268
12.0452461,2.262305105,0.366860287,0,0,25.64964843,0.703148884,21.58361357,0,0.550290431,0.825435647,0,2.384591868,0.030571691,33.59828799
4.296147787,6.594586854,3.336674782,0.229127882,0.486896749,21.74566805,4.933409709,14.67850494,0.608620937,1.718459115,3.322354289,3.279392811,8.850064442,0.257768867,4.716464189
16.5709598,16.44790812,21.20590648,9.392945037,0.410172272,19.52420016,0.041017227,2.214930271,0,0.4511895,0.4511895,0,2.625102543,0.164068909,3.05251174
7.913413769,9.86515259,20.47551455,6.706884315,0.727466288,24.50319375,0.283889283,2.64371895,0,1.383960256,1.419446416,0.01774308,6.777856636,2.430801987,7.796664091
12.94326241,5.260047281,0.827423168,0,0,18.02600473,5.437352246,20.62647754,0,0.709219858,2.895981087,0,9.278959811,0.354609929,1.332844356
12.51336898,14.97326203,20.21390374,3.315508021,0.320855615,16.25668449,0,0.748663102,0,0.427807487,3.101604278,0,1.604278075,0.106951872,1.954559114
0.404040404,2.222222222,0.303030303,0,0,59.49494949,0.404040404,5.151515152,0,0.101010101,9.797979798,1.414141414,3.232323232,0.101010101,17.37373737
7.741691843,1.359516616,0.188821752,0,0,44.33534743,0.03776435,2.719033233,0.075528701,0.604229607,5.060422961,5.589123867,21.67673716,8.648036254,1.15881459
6.922485543,3.874051543,0.93759401,0.040110974,0.106962597,45.870241,0.727011398,18.19199786,0.095263563,0.372697797,1.831734465,1.074639837,0.670187519,0.015041615,2.714957227
4.186569261,3.04860916,0.744591177,0.02809778,0.01404889,41.24754144,2.233773532,4.523742624,0.01404889,1.05366676,17.518966,3.554369205,10.38212981,0.295026693,7.539775845
3.313253012,0.301204819,0,0,0,76.35542169,0.451807229,2.03313253,0,0.451807229,0,0,2.108433735,1.656626506,1.885175664
7.734604106,2.675953079,0.25659824,0,0,64.47947214,0.513196481,3.66568915,0,0.659824047,0.293255132,0,8.174486804,0.329912023,3.468301339
9.102730819,3.966189857,0.260078023,0.021673169,0,57.06545297,0.368443866,8.647594278,0.065019506,0.281751192,5.916775033,2.297355873,2.102297356,0.498482878,9.40615518
6.310562016,4.251453488,0.775193798,0.012112403,0.096899225,53.22189922,0.072674419,5.54748062,0.072674419,0.35125969,4.953972868,0.968992248,5.414244186,2.507267442,15.44331395
5.585424134,9.617682198,6.033452808,0.119474313,0,33.57228196,2.867383513,25.50776583,0.089605735,0.806451613,0.50776583,0,6.212664277,0.17921147,8.90083632
3.476371537,0.434546442,0,0.054318305,0,59.09831613,0.92341119,6.952743074,0,0.108636611,4.997284085,1.086366105,3.204780011,0.054318305,19.6089082
12.20238095,11.30952381,1.785714286,0,0,35.11904762,0.595238095,8.630952381,0,0,2.976190476,0.297619048,18.75,0,6.454388985
31.29770992,6.106870229,1.526717557,0,0,39.3129771,0,13.74045802,0,0,0.381679389,0,3.053435115,0,0.330542089
6.441850411,3.73973195,0.886294855,0.021616948,0.302637268,33.16039775,5.966277562,29.72330307,0.151318634,1.167315175,2.269779507,0,14.5049719,0.021616948,1.079675309
3.745687531,0.295712173,0.098570724,0,0,56.23459832,0.049285362,10.64563825,0,0.246426811,0.049285362,0,6.062099556,0.295712173,22.27698374
16.75659472,19.60431655,6.894484412,0.419664269,0.18735012,2.95263789,0.577038369,6.205035971,0.104916067,0.224820144,0.17236211,32.72631894,6.886990408,0.202338129,3.978831831
5.952210617,2.897410216,1.237659179,0.128773787,0,13.34239519,0.021462298,0.636714838,0.350550866,0.121619688,1.194734583,54.61439405,14.42981829,0.329088568,2.847984673
17.66063871,22.54713351,15.1596768,5.425163524,0,0.884955752,0.038476337,2.539438245,0,0.076952674,0.192381685,21.3928434,4.424778761,0.192381685,0.67060598
15.77617785,22.79904004,27.16938234,13.24996842,0,5.115574081,0,0.454717696,0.214727801,0.101048377,0.025262094,1.427308324,4.686118479,0.151572565,1.089667997
12.60956903,13.69612856,3.990138787,0.200876552,0.009130752,25.958729,2.145726808,9.030314098,1.040905771,0.255661066,4.674945215,10.50036523,7.350255661,0.493060628,8.044192841
6.467338317,3.119922002,0.454988625,0.032499188,0,8.25479363,0,0.714982125,0.7799805,0.097497563,0.714982125,66.59083523,4.777380565,0.162495938,1.005541426
4.651162791,2.07641196,0.124584718,0,0,7.848837209,0.041528239,0.456810631,0,0.083056478,0,65.49003322,10.1744186,0,1.107890385
17.73612112,9.733237203,1.009372747,0,0,4.109589041,0.072098053,10.09372747,2.018745494,0.288392213,0.072098053,20.62004326,12.47296323,1.658255227,0.597203682
13.46938776,4.897959184,0,0,0,1.632653061,0,5.306122449,0,0,0,35.10204082,15.10204082,2.040816327,0.746369016
17.25222863,13.47666492,1.678028317,0,0,1.048767698,0.10487677,2.7792344,0.314630309,0.052438385,1.153644468,45.41164132,8.390141584,0.10487677,0.974891568
4.420921544,1.183063512,0.99626401,0,0,1.556662516,7.160647572,7.721046077,0,0,0,56.84931507,12.32876712,0.933997509,0.278830867
3.78,1.84,0.07,0,0,1.98,0.33,0.7,0,0,0,68.65,20.63,0.51,1.51
1.834862385,0,0,0,0,1.376146789,0,8.71559633,0,0,58.71559633,21.55963303,1.376146789,0.458715596,5.963302752
21.29221733,13.60744004,4.013705335,0.24473813,0,0,5.580029369,0,0.636319139,0.293685756,1.174743025,0,37.7875673,1.076847773,10.39025603
10.30169637,18.40508911,20.99527593,3.309534035,0.008052394,0,1.975520721,0.273781404,0.134206571,0.061735023,0.212046382,0,13.32939661,0.735452008,12.17963475
20.35483871,29.77419355,16.74193548,3.419354839,0,0,0.709677419,0.35483871,0.258064516,0.387096774,0.774193548,0,5.64516129,2.967741935,5.857702469
14.17857447,20.37442118,11.8292094,2.105053834,0.355103548,0.01704497,2.232891111,0.468736684,1.70733786,0.553961535,13.5308656,1.329507684,1.755631942,2.909008267,12.63468592
6.761044667,3.453746644,0.500366122,0.024408103,0.048816207,0.109836466,2.391994142,0.183060776,1.81840371,0.56138638,16.62191848,13.88821089,4.051745179,2.611667073,4.380895164
17.75061772,8.651017767,2.967996235,0.347099659,0.25591246,0.022061419,6.44781739,3.279797623,1.93993411,1.625191199,17.62560301,3.179785857,17.8388634,6.425755971,11.64254618
10.14492754,35.99686643,27.30121426,21.69996083,0,0,0,0,0.039169604,0.195848022,0,0,0,0.078339209,4.543674109
4.092459265,24.19098143,32.65630921,11.49677908,0.007578628,0,2.455475559,0.037893141,0.409245926,0.242516105,0.007578628,0,2.091701402,1.242895036,7.428692062
26.0365177,31.74619187,13.42681328,5.376777968,0.030263291,0,1.42237466,0.423686069,0.131140926,0.474124887,1.805709674,0.010087764,4.872389791,1.099566226,13.1443559
7.90409129,4.064120271,1.935834447,0.523014921,0.095093622,0,2.567527792,0.167545905,0.726786968,0.536599724,12.34858605,3.993932121,20.9522947,3.692802318,14.0011982
7.760126424,4.967265123,1.813785483,0.420622379,0.430127969,0.300020199,4.682691508,0.747971151,3.610936182,1.847055049,9.789569991,19.33199463,12.54381483,6.668765818,24.78503782
7.493798,3.249025726,1.274436794,0.498672795,0.553268671,0.020330682,18.51234232,0.395420343,2.645958306,1.330631713,19.58575664,1.119329681,16.17088738,8.790164519,20.72444071
12.78138115,8.088515834,8.088515834,0.445122727,0.152613506,0,3.014116749,0.52142948,0.750349739,1.309932596,15.18504388,1.208190258,25.85527152,3.866208826,23.49881797
2.65,0.97,0.2,0.06,0.07,0.04,17.39,0.09,3.22,1.86,10.27,0.89,25.72,3.57,7.16
4.271065287,1.429613967,0.215190584,0.034617616,0.050523007,0.011227335,32.36934189,2.310024139,2.377388148,2.653393462,0.224546696,0.49213151,20.85383881,0.927190734,1.915493972
7.61323584,4.960268921,2.235722634,0.499696467,0.421321591,0.020839563,2.587276994,0.82769306,1.606005418,0.733008961,6.361956019,0.705826923,6.333414879,1.265776908,39.82412718
31.33402275,8.927955877,1.930368838,0,0.344708721,0,9.61737332,0.241296105,3.033436746,1.13753878,4.825922096,0,13.99517408,2.654257153,17.44249726
13.43089815,8.214327865,5.606042724,1.929658917,0.076714269,0,1.239230497,0.100318659,1.091703057,2.443054408,10.8285141,11.23568984,22.79003895,2.502065384,22.16026843
22.90248704,18.66693257,7.733232119,1.763313305,0.062401091,0.005146482,10.38109697,0.261827258,0.569329542,0.334521313,1.177257697,0.003859861,6.182854496,3.351646231,4.552032187
25.87635437,17.14467814,4.015296367,0,0.063734863,0,1.784576163,0,0,8.922880816,18.16443595,0.382409178,2.294455067,0.828553219,20.52262588
0.337511956,0.375344672,0.182871748,0.077585668,0.081998123,2.86E-04,0.012910517,6.95E-04,0.018507798,0.148634366,0.297391299,23.06549595,2.892282575,11.22618449,17.18674905
1.136363636,0,0,0,0,0,0,0,0.568181818,2.840909091,82.38636364,0,0.568181818,7.386363636,5.113636364
32.35294118,12.35294118,7.647058824,0,0,0,5.882352941,0,0,0,2.352941176,0,2.941176471,1.176470588,35.29411765
0.392366685,2.068842518,0.51721063,0,0.196183342,0.142678794,15.1596219,4.084180489,50.02675227,1.444622793,1.248439451,9.327626182,7.009095773,1.480292492,6.902086677
0.244007464,0.204535668,0.154298837,0.033192192,0.05292809,0.143533802,5.242572126,1.69280178,4.952813263,1.088165638,16.14217023,0.058310607,28.44929668,14.16947754,11.6649858
15.50687859,9.135835448,3.686389742,2.764792307,2.377454254,0,2.137037532,0.854815013,1.028449312,0.654467744,7.519700815,0.280486176,15.81407773,21.59743555,11.52918519
8.464100173,7.185293726,3.811109631,1.420007993,0.343679233,0,1.962168643,0.097242574,0.937791395,0.603436792,15.00599441,21.27081391,25.23911016,3.804449181,9.725047575
6.28742515,1.646706587,0.187125749,0,1.347305389,0.299401198,29.60329341,0,24.7754491,19.61077844,0,0,8.907185629,2.282934132,5.868139455
16.95124969,13.0413264,10.64093046,3.934669636,0.173224449,0,1.583766394,0,2.548874041,5.468943331,1.361049245,30.06681514,6.706260827,1.954961643,5.567928731
38.24,21.76,4.9,0,0.2,0,0.59,0,0,0,0,0,26.67,0.59,7.06
3.336809176,23.35766423,53.18039625,10.32325339,0.104275287,0,0,0,0,0,0,0,0,0.417101147,9.280500521
7.415254237,2.966101695,2.542372881,1.271186441,4.872881356,0,0,0,0.63559322,1.271186441,0,0,36.01694915,33.47457627,9.533898305
33.68983957,5.882352941,0,0,0,0,36.89839572,0,1.069518717,3.743315508,0,0,13.36898396,1.069518717,4.278074866
20.65217391,45.49689441,12.26708075,2.01863354,0,0,0.155279503,0,0,1.397515528,0.621118012,0,6.366459627,6.98757764,1.767068273
0.27,0,0,0,0,0.54,47.98,0,1.34,9.27,0.67,16.26,17.74,0.4,5.51
15.41353383,12.40601504,22.93233083,3.383458647,0.751879699,0,0.751879699,0,0,0,0,0,21.9924812,5.07518797,17.29323308
1.708074534,14.44099379,2.173913043,0,0.931677019,8.540372671,33.07453416,2.173913043,1.086956522,1.242236025,23.44720497,0,0,0,11.18012422
32.95925836,12.05171993,0.878262991,0.073188583,0,18.24835326,12.1980971,2.000487924,0.048792388,2.537204196,9.709685289,0,1.21980971,0.097584777,2.012352033
11.62988115,11.03565365,0.509337861,0,0,0.594227504,4.41426146,2.46179966,4.584040747,3.056027165,3.395585739,22.49575552,27.84380306,3.650254669,2.661207779
3.225806452,0.999298738,0.245441795,0,0.105189341,0,20.86255259,1.034361851,0,1.560308555,0.035063114,22.17741935,37.76297335,0.859046283,1.798958575
46.91865242,10.51766639,2.875924404,0.369761709,1.314708299,0,28.01972062,0,0.28759244,0.28759244,0.410846343,0,2.629416598,2.095316352,4.837545126
8.914847005,3.863489441,1.352176411,0.61503376,1.262390461,25.06195231,14.40436001,7.606665709,1.361155006,2.422424939,0.409423933,0,0,0,2.04643501
1.891252955,8.510638298,15.13002364,2.364066194,0,1.182033097,0.709219858,2.600472813,2.127659574,6.855791962,5.673758865,17.0212766,17.25768322,1.182033097,2.032941176
5.830424964,1.560254568,0.205296654,0,0,3.982755081,26.07267502,18.29193184,1.005953603,1.888729214,0.57483063,29.17265449,5.132416342,0.390063642,1.099255343
4.102735157,1.834556371,0.366911274,0,0.633755837,27.15143429,20.91394263,5.570380254,0,0.500333556,28.91927952,0,2.134756504,0.200133422,7.671781187
0.095192765,0,0,0,0,0,0,0,0,0,0,3.664921466,94.14564493,1.189909567,0.904331271
3.434376008,0.338600451,0.080619155,0,0,1.499516285,40.21283457,1.74137375,0.483714931,2.321831667,0.838439213,18.04256691,23.86326991,1.41889713,1.337536729
7.841349442,2.119899704,0.364713928,0,0.045589241,1.777980397,18.53202644,15.15842261,0,2.256667426,2.507408252,17.75700935,27.55869615,2.370640529,0.667434937
0.314465409,0,0,0,0,16.35220126,35.8490566,21.69811321,13.52201258,1.257861635,0,0,0,0,1.333827343
16.70281996,16.70281996,16.48590022,4.772234273,0,0,21.04121475,0.21691974,0.21691974,2.603036876,4.121475054,0,2.819956616,0.433839479,13.88286334
21.9478738,17.28395062,6.995884774,0.411522634,0.411522634,18.2441701,15.36351166,2.19478738,1.646090535,5.075445816,6.790123457,0,0,0,3.635116598
3.869047619,3.439153439,0.793650794,0,0,0,14.18650794,0.198412698,2.248677249,1.521164021,13.26058201,39.0542328,14.8478836,3.835978836,2.744708995
4.707540521,1.423537703,1.62085976,0.352360817,0.239605356,3.692741367,46.84989429,3.241719521,1.338971106,1.846370684,1.113460183,3.157152925,18.64693446,2.071881607,0.974409831
0.18,0.18,0,0,1.42,17.38,22.34,11.7,2.84,9.75,5.85,0,21.99,0.71,5.67
0,0,0,0,0,0,11.96,0.93,0,6.17,3.93,56.07,16.64,1.31,2.99
3.320880033,1.743462017,0.124533001,0.041511,0,0.664176007,17.89124118,0.581154006,2.075550021,9.838107098,9.090909091,22.91407223,22.16687422,2.200083022,7.347447073
23.52256864,13.87854816,10.23731968,6.270358306,0.860865519,4.362494183,18.72964169,3.001395998,0.395532806,3.594695207,1.209865054,0,0.80269893,0.825965565,3.054070113
26.5015015,16.96696697,7.432432432,8.258258258,0.15015015,8.933933934,14.78978979,3.678678679,0.45045045,0.825825826,1.051051051,0,0,0,1.991129565
9.044657999,2.091577162,0.169587337,0.056529112,0.056529112,41.26625212,27.36009045,2.600339175,2.374222725,1.413227812,2.204635387,0,0.056529112,0,2.516930023
4.283679284,1.973951974,0.396825397,0,0.132275132,29.72120472,1.984126984,11.50793651,0,2.706552707,12.65771266,24.86772487,0.407000407,0.386650387,6.670267351
5.085225664,4.401910263,1.372293637,0.303905468,0.028314174,37.0368273,0.632349888,5.870472092,0.001887612,2.897483814,4.84549899,4.366045642,1.311890066,2.329312721,0.835335867
3.592558707,5.93168649,3.888380604,0.619091186,0.024397682,0.643488869,0.094541019,0.082342177,0,4.440378164,0.472705093,69.38700823,2.936870997,4.046965538,3.839585239
1.107899807,3.80539499,0.529865125,0,0,0.385356455,0,1.252408478,0,1.011560694,1.011560694,54.04624277,0,2.071290944,34.77842004
4.18632929,2.72429866,0.662980226,0.19107727,0.150545728,0.063692423,0,0.057902203,0.00289511,0.657190006,1.227526707,74.89070959,0.772994412,1.482296401,11.55886844
3.812732754,1.028551162,0.319205533,0.053200922,0.283738251,0.035467281,0,1.400957617,0,1.418691257,5.586096826,59.37222912,2.660046107,2.71324703,15.72351196
2.200294885,0.975388454,0.272201429,0,0,1.451740955,0,0,0.011341726,2.404445957,1.667233753,25.72303505,10.13950323,8.29080186,35.24195238
0.968342644,2.08566108,0.409683426,0.018621974,0.111731844,28.97579143,0,9.180633147,0.055865922,5.754189944,24.91620112,13.8547486,0,0.037243948,5.893459204
3.102779573,0.58177117,0.452488688,0,0.193923723,0.258564964,0,4.589528119,1.228183581,21.46089205,0,48.86877828,0,3.361344538,15.90174531
1.090074584,2.122776822,0.057372347,0,0,0.688468158,0,0.17211704,0,0.286861733,57.48709122,17.21170396,0.114744693,0,15.69817866
0.819224468,0.983069361,0.109229929,0.054614965,0.054614965,0.218459858,0,7.64609503,4.314582196,20.48061169,3.87766248,12.88913162,0,4.533042054,3.240686539
3.76940133,4.101995565,1.10864745,0.055432373,0,0.166297118,0,0,0,2.494456763,8.592017738,13.3037694,0.776053215,2.827050998,62.80487805
5.358543173,3.96445064,1.289535593,0.113270018,0,0.026139235,0,0,0.008713078,0.792890128,1.054282478,68.06656792,0.095843862,0.662193953,18.56756992
3.29588015,3.745318352,1.348314607,0.486891386,0,17.52808989,0.823970037,12.54681648,0,6.666666667,21.64794007,13.03370787,0.524344569,1.647940075,2.189812059
9.835006566,6.608209429,4.722116321,1.527089423,0.088956665,0.169441267,0,4.149193036,0.500910747,7.403524378,3.098657178,28.34434702,0.069894523,3.271275469,18.31018956
0,0,0,0,0,1.567398119,0,0,0,0,0.626959248,0.940438871,45.14106583,6.896551724,44.82758621
2.545757072,0.698835275,0.099833611,0,0.016638935,0.083194676,0,1.114808652,0,2.861896839,12.59567388,58.33610649,0.116472546,4.043261231,17.4875208
1.664333489,2.270959714,0.357753928,0.062218074,0,5.708508322,0.653289781,8.679421372,0.591071706,3.266448903,25.12054752,33.13112459,0.171099704,0.575517188,2.648528378
1.917890321,0.569373689,0.089901109,0,0.029967036,0,0,2.217560683,0,5.454000599,1.078813305,51.45340126,0.23973629,20.88702427,7.128994695
8.571132095,9.411642627,1.753657777,0.166026772,0,3.455432188,0.010376673,0.549963682,0.010376673,0.280170177,37.8437273,18.22143821,0.103766732,0.03113002,11.77687171
3.213707898,11.71495808,6.078099721,2.015002206,0.077217238,0.058832181,0.044124136,0.05515517,0,0.919252831,0.867774673,23.42623915,0.136049419,0.713340197,17.81464702
7.593307593,7.078507079,2.145002145,0.557700558,0,5.190905191,0.257400257,0.943800944,0.257400257,0.257400257,61.3041613,0.085800086,0.214500215,0.3003003,6.27511592
4.135802469,2.777777778,0.24691358,0,0.061728395,2.037037037,0,1.728395062,0,11.97530864,12.03703704,29.62962963,0,4.074074074,31.2962963
5.070595457,1.240024555,0.135052179,0.012277471,0.036832413,4.505831799,0.049109883,5.377532228,0.061387354,1.436464088,17.79005525,56.64825046,0.159607121,0.57704113,1.868949874
7.843137255,2.521008403,1.307189542,0,0,17.55368814,0,0.56022409,0,1.774042951,1.867413632,38.93557423,0,2.240896359,1.08952481
3.065481589,2.738980591,0.997641937,0.081625249,0.018138944,0.317431525,0,1.986214402,0.145111555,1.061128242,6.68420098,35.42535824,0.389987303,2.212951206,18.0767436
2.191780822,8.493150685,1.095890411,0,0,12.87671233,4.657534247,12.05479452,0,0,35.34246575,7.123287671,0,0,4.705882353
2.941176471,0.079491256,0,0,0,88.47376789,0,2.464228935,0,0.079491256,4.610492846,0.158982512,0,0,1.192368839
2.3,1.92,0,0,5.36,2.11,0,0,0,0.38,14.37,50.77,10.92,3.64,8.24
2.235772358,3.150406504,0.203252033,0,0,4.87804878,0,0.81300813,0.609756098,0,44.61382114,39.53252033,0,0,3.963414634
3.65497076,9.137426901,1.754385965,0.14619883,0,8.040935673,0.365497076,0.950292398,0,1.535087719,8.552631579,55.92105263,0,0,2.148381553
4.429429429,0.900900901,0,0,0,0,0,0.3003003,0,1.276276276,1.351351351,85.36036036,0,0,6.381381381
2.43902439,4.384069157,0.339610991,0,0,1.420191417,0.154368632,1.018832973,0,6.545230009,38.00555727,33.99197283,0.185242359,4.167953072,3.763311011
0.883838384,3.787878788,3.472222222,0,0.315656566,1.767676768,0,2.20959596,0,5.050505051,2.525252525,75.37878788,0.505050505,0.126262626,3.977272727
1.99862164,0.206753963,0.068917988,0,6.340454859,0,0,0,10.47553411,56.6505858,0,0,3.44589938,10.40661613,0.135254969
0.784907595,0.145027552,0.042181703,0.003428195,0.280515779,0,0,0,47.27808772,40.70668513,0.17990571,4.869378319,0.110298447,0.080488056,1.730273108
0.976800977,0.488400488,0.122100122,0,0.122100122,0,0,0,37.11843712,0.366300366,0,11.72161172,0.366300366,0.244200244,48.47374847
3.9,1.52,0.33,0.04,0.24,0,0,0,1.42,9.4,4.47,57.58,1.06,1.64,18.38
2.325035228,0.70455613,0.258337248,0,0,0,0,0,63.87975575,0.493189291,1.855331141,14.53734147,0.915922969,0.516674495,0.710140764
2.691160124,1.205171708,0.163809747,0,0,0.807348037,7.687357398,0.140408354,28.81296437,0.362721582,0.198911835,46.60972328,1.181770315,0.327619493,2.247844376
0.103507305,0.541422827,0.147298857,0.00398105,0.00398105,0,0,0,61.23253314,24.14506947,0.111469406,0,0.290616665,0.274692464,1.067730733
0,0,0,0,0,0,0,0,77.37588652,1.524822695,0,0,0.177304965,0.106382979,0.682071269
1.560178306,0.321941555,0.09905894,0.024764735,0.371471025,0,61.29271917,0,15.10648836,3.219415552,0,0,3.714710253,6.315007429,7.974244676
1.302545885,0.118413262,0.118413262,0,0,0,2.013025459,0,40.37892244,3.966844287,1.657785672,8.170515098,1.953818828,0.414446418,0.082912554
0.889630247,0.013900473,0,0,0,0,0,0,94.50931332,0.013900473,0,0,1.306644426,0.166805671,2.982292637
2.000714541,0.821722044,0.500178635,0.035727045,0.178635227,0,0,0,40.19292605,0.571632726,3.715612719,31.08252947,1.036084316,1.178992497,1.434862126
9.722222222,1.111111111,0.277777778,0,0,0,8.333333333,0,17.22222222,18.33333333,20.55555556,0,6.944444444,0,2.235516373
21.46892655,12.42937853,6.214689266,0,0,0,42.37288136,0,11.29943503,1.694915254,0,0,0,0,0.0917365
0,0,0,0,0,0,0,0,14.54545455,59.44664032,0,0,0,0,26.00790514
0,0,0,0,0,0,0,0,93.32759078,2.875695733,0,0,0.251789027,1.285449245,1.134284669
1.12923463,0.439146801,0.188205772,0,0,0,71.95734003,0,6.712672522,0.062735257,0,0,2.823086575,0.690087829,1.174475166
2.550710555,1.348232722,0.267217296,0,0,0,0,0,35.96501883,0.242924815,0,53.91716264,2.198469574,0.242924815,0.095456093
1.223207272,0.729435529,0.785545954,0.033666255,1.739423185,0,0,0,43.14891707,40.14139827,0,0,3.187072158,3.534956795,5.476377511
0,0,0,0,0,0.996574276,2.273435067,1.308003737,90.40797259,0.155714731,0,0,0.124571784,0.529430084,2.503681885
0,0,0,0,0,0,0,0,84.62055071,7.421087979,0,0,0.302216253,0,0.46474653
0.321428571,1.178571429,0.607142857,0.142857143,0,0,0,0,45.67857143,37.03571429,0,0.107142857,0.178571429,0.714285714,14.03571429
0,0,0,0,0,0,32.9004329,0,4.521404521,59.16305916,0,0,1.875901876,1.202501203,0.336700337
0,0,0.729927007,0.182481752,0.182481752,0,0,0,22.44525547,0,0,0,0.912408759,0.182481752,75.3649635
2.850740559,0.511559272,0.17926436,0.002186151,0,0.05902607,35.41345576,0.006558452,20.25031426,0.190195114,0.005465377,0,0.973930152,5.053287424,4.3284168
0.454545455,0,0,0,0,0,46.21212121,0,27.42424242,8.939393939,0,0,2.121212121,0.757575758,1.820912333
4.304869442,1.058574453,0.282286521,0,0.564573042,0,0,0,34.86238532,2.681721948,0,25.61750176,0.07057163,2.117148906,28.44036697
4.21,2.81,1.6,0,0.2,0,0,0,46.29,7.41,10.22,0,0.4,2,24.85
3.650886584,1.426062228,0.133824021,0.004182001,0.150552024,30.42405487,0.012546002,1.952994312,0.029274005,0.886584142,3.604884577,45.22833724,0.033456005,0.050184008,5.285362709
0,0,0,0,0,86.37168142,0,1.238938053,0,0.530973451,0,0,0.353982301,0,7.100591716
7.73,2.83,0.38,0.09,0.05,18.07,0.14,6.25,0.05,0.66,12.45,32.95,0,0.07,4.42
9.593326382,30.99582899,7.664233577,0.651720542,0,4.092805005,0,0.547445255,0.260688217,0.052137643,0.15641293,0,1.485922836,2.632950991,5.388625421
4.949698189,2.45472837,0.261569416,0.060362173,0.120724346,3.581488934,0,2.897384306,0,0.402414487,8.430583501,64.80885312,0,0,6.4697609
4.966824645,5.573459716,0.379146919,0,0,10.95734597,0,4.872037915,0.360189573,0.227488152,17.57345972,48.39810427,0,0,1.872083157
5.927640069,7.707712162,2.585554715,0.983489831,0.57852343,0.37826532,0,0.115704686,0,0.075653064,0.235859552,27.47541275,10.19536291,4.116416715,21.77807265
4.266196562,1.031291318,0.193918026,0.044072279,0,51.14147201,0.405464963,3.622741296,0,0.996033495,3.534596739,14.20008814,0.43190833,0,3.811757095
1.949740035,0.47660312,0,0,0,45.32062392,5.935875217,20.84055459,0.043327556,0.173310225,15.20797227,0.086655113,0.433275563,0.47660312,1.550618353
8.167330677,0.398406375,0,0,0,59.56175299,0,1.593625498,0,0,5.378486056,15.93625498,0,0,8.964143426
4.349848802,5.018608979,0.657129565,0.023261224,0.040707141,4.756920214,0.040707141,5.268667132,0.005815306,0.540823447,2.384275413,52.73900907,0,0.011630612,3.963656661
2.261048304,10.72970195,49.92805755,19.48612539,0.431654676,1.130524152,0,0,0,0.308324769,0.041109969,0,5.220966084,0.49331963,9.969167523
13.77806493,15.53868519,6.52560168,0.985301244,0.080762397,12.14666451,0.016152479,1.841382652,0.096914876,1.276045873,20.98207075,9.449200452,2.842836375,1.243740914,13.19657567
8.064975777,25.44884583,18.12482189,5.215161015,0.028498148,4.958677686,0,0.826446281,0,0.142490738,0.769449986,0,2.593331433,2.707324024,31.1199772
11.90870606,11.28290079,7.1783545,1.785385606,0,10.63868949,0,0.865083747,0,0.220872446,1.454076937,44.24811338,0,0,2.897663504
5.855599773,27.4587834,5.514496873,0.284252416,0.056850483,17.85105173,0,13.18931211,0,0.056850483,2.615122229,15.80443434,0,0,4.979253112
7.942511346,2.874432678,0.302571861,0,0,13.99394856,0,20.27231467,0,0.453857791,6.883509834,30.40847201,0.075642965,0.226928896,0.72108741
0.380228137,3.802281369,1.425855513,0,0,15.68441065,0,3.231939163,0,0.190114068,13.02281369,47.90874525,0,0,3.711558855
2.5,0,0,0,0,0,0,0,0,0,0,65,0,0,32.5
11.44870101,4.843681198,0.088066931,0,0,22.98546896,0,0.528401585,0,0.924702774,1.100836636,49.14134742,0,0,3.160516892
15.67672833,4.868549172,0.194741967,0,0,55.98831548,0,0,0,0.486854917,15.18987342,5.452775073,0,0,4.002808989
0.446096654,4.371747212,0.713754647,0,0.044609665,33.6802974,0.163568773,14.30483271,0,1.249070632,11.58364312,19.39033457,0.237918216,0.029739777,13.78438662
2.900886382,2.256244964,0,0,0.080580177,61.07977438,0,12.89282836,0.966962127,0.88638195,15.63255439,0,0,0,3.303787268
2.551020408,18.87755102,48.97959184,0.510204082,0.510204082,0,0,0,0,0.510204082,0,0,0,0,28.06122449
19.14893617,24.65581977,12.26533166,0.375469337,0,11.63954944,0,5.63204005,0,0.500625782,0.375469337,18.02252816,0,0,7.384230288
9.904371585,23.29234973,1.43442623,0.068306011,0,25.13661202,0,2.800546448,0,0.683060109,0,0,18.71584699,0.136612022,16.13691932
6.45711501,0.341130604,0.024366472,0,0,50.60916179,18.73781676,20.32163743,0,0,0.730994152,0,0,0,2.777777778
1.01,1.38,0.55,0.08,0.15,9.04,0,2.96,0.91,26.77,12,16.04,14.01,0.76,14.34
1.164021164,8.253968254,7.830687831,0.211640212,0,6.772486772,0,0.529100529,0,9.417989418,1.904761905,53.01587302,5.714285714,0.952380952,4.232804233
1.043219076,2.086438152,0,0,0,81.22205663,0,0,0,0.298062593,0,0,0.149031297,0,15.20119225
36.57505285,37.56166314,11.62790698,0.422832981,0,1.40944327,0,2.677942213,0,0,0.352360817,3.312191684,0,0,3.056616881
2.678571429,1.339285714,0.243506494,0.020292208,0,2.394480519,0,0.060876623,0.040584416,1.095779221,58.0762987,21.06331169,0,0,10.47050219
4.425020486,4.124556132,0.956022945,0.081944824,0,3.714832013,0.054629883,0,0,0.409724119,25.64872986,32.2316307,18.02786124,2.458344715,5.972900391
7.770707506,20.66436583,6.001941329,0.814279551,0.016177739,6.53580673,0.215703192,0.307377049,0.194132873,2.83649698,3.187014668,22.28213978,5.667601381,4.066005177,15.3225464
6.078147612,1.447178003,0,0,0,2.170767004,0.1447178,0.578871201,0,0.578871201,18.95803184,32.56150507,17.80028944,0.1447178,19.53690304
7.008648971,4.264837459,0.447360573,0.029824038,0.298240382,19.534745,0.178944229,0.685952878,0,1.878914405,4.175365344,18.55055174,3.728004772,15.627796,1.356911401
16.32004239,1.97377136,0.22519539,0.039740363,0,58.53755464,0.158961452,3.603126242,0.384156842,1.324678765,6.411445225,4.013776659,0,0,7.007550669
4.469350605,0.991660317,0.350309034,0.082550165,0.75141817,54.24710016,0.170392007,1.713445094,0.041275083,0.418042503,3.707349081,0.020108374,0.042333418,0.021166709,4.364125354
4.752475248,2.656765677,0.660066007,0.066006601,0,6.848184818,0.478547855,0.445544554,0.0330033,0.04950495,3.861386139,62.49174917,6.897689769,0.610561056,1.901149587
8.309787392,5.053499467,1.977859095,0.12506369,0.050951874,10.73694937,0.050951874,0.240863403,0.097271759,0.268655334,4.543980731,36.64829311,5.618602066,2.028810969,6.471978166
10.45377439,17.30279898,16.26378287,3.816793893,0,2.45971162,0,0.042408821,0,0.869380831,4.283290925,18.7446989,16.39100933,0.678541137,5.670401855
5.75815739,22.55278311,21.16122841,10.3646833,0.047984645,0.623800384,0,0.527831094,0,0.19193858,0.287907869,0.047984645,4.126679463,24.5681382,15.64873811
14.67336683,11.05527638,11.55778894,1.105527638,0,16.48241206,0.201005025,0,0,1.206030151,6.934673367,0,22.01005025,0.201005025,14.57286432
3.898442424,7.562798235,3.043125957,0.306113262,0.009003331,15.11659314,0.225083281,0.504186549,0,2.277842802,0.486179887,2.836049338,4.699738903,0.58521653,58.44962636
1.740139211,7.77262181,4.176334107,2.320185615,12.18097448,0,0,0,0,1.044083527,18.6774942,6.148491879,0,0,10.87570621
11.75318315,30.21547502,11.41038198,0.342801175,0,12.14495593,0.783545544,6.513222331,0.048971596,1.469147894,2.791380999,0,0,0.244857982,22.2820764
9.71563981,9.241706161,0.236966825,0,0,30.33175355,0.473933649,5.687203791,0,0,4.739336493,20.14218009,5.924170616,0,0.890985325
4.724409449,1.496062992,0.275590551,0,0,5.787401575,0,0.196850394,0,0.275590551,20,32.71653543,29.60629921,0.433070866,4.488188976
4.861561877,1.389976946,0.223828816,0.031336034,0.008953153,10.12377734,0.02462117,0.389462139,0.011191441,0.673724735,7.099850035,61.61111982,0.431989614,0.185777917,12.09451671
2.351738241,5.419222904,0.81799591,0.102249489,0,6.134969325,0,0,0,0.715746421,22.39263804,14.72392638,30.16359918,2.760736196,14.41717791
3.807588076,5.691056911,3.37398374,0.596205962,0.013550136,1.598915989,0.257452575,0.230352304,0,0.040650407,9.078590786,19.48509485,17.100271,0.203252033,12.57758245
5.410958904,3.698630137,0.205479452,0,0.068493151,12.39726027,0,1.095890411,0.342465753,5.342465753,1.232876712,50,5.753424658,1.575342466,12.87671233
14.90015361,0.460829493,0.153609831,0.153609831,0,48.07987711,1.689708141,8.9093702,0,0,2.150537634,15.20737327,0,0,8.294930876
11.74029223,4.895104895,1.114332822,0.096651316,0,14.73648303,0.301324692,0.415032122,0.034112229,0.420717494,11.47876514,35.15265223,9.955085565,0.659503099,8.889762453
6.424581006,1.983240223,0.391061453,0,0,46.95530726,1.675977654,0.670391061,0.418994413,0.391061453,0.698324022,16.53631285,0.502793296,1.061452514,1.523812959
0.454545455,3.636363636,1.818181818,0,0,0,0,0,0,0,0,18.63636364,0,0,75.45454545
4.24,3.31,1.35,0.24,0,1.39,0.01,0.04,0.23,0.11,2.4,27.71,36.5,1.25,4.86
7.009019309,4.671620935,2.591463415,0.708206301,0.082571138,12.93191057,1.222688008,0.574822154,0.060340447,0.225482724,10.66438008,26.7085874,1.775279472,3.553734756,22.14876033
8.113721927,10.00908737,3.855640659,1.194339868,0.012981955,14.16331299,0,2.142022589,0,0.558224069,14.83837466,33.83097494,0,0.02596391,7.093438759
5.238282788,7.99527373,2.579755809,0.196927924,0,10.22055928,0.64986215,0.72863332,0.137849547,0.059078377,4.017329657,39.14927137,3.721937771,1.024025207,19.59007107
0,0,0,0,0,21.70658683,12.1257485,20.20958084,0,1.796407186,0.898203593,4.790419162,0,1.347305389,37.1257485
7.747974173,6.140312866,3.514321619,0.480998397,0.051999827,10.41729861,0.298999003,0.242665858,0.008666638,0.199332669,7.639641201,5.121982927,27.96290679,0.554664818,10.29276205
21.82024455,21.74461112,2.306819614,0.138661288,0,7.676793143,0.214294718,1.046262448,0.025211143,0.731123156,4.966595235,19.96722551,0,0,5.700242346
3.357817419,0.839454355,0,0,0,42.07764953,0,0,0.629590766,0,0.629590766,5.141657922,19.51731375,1.469045121,2.187920754
1.992031873,0.597609562,0,0,0,8.764940239,0,0,0,0.597609562,32.47011952,17.72908367,17.52988048,1.792828685,18.52589641
6.65742025,3.328710125,0.693481276,0,0,14.42441054,0.416088766,0,0,0.554785021,12.48266297,18.5852982,5.131761442,4.022191401,5.72028339
4.264894985,0.471495928,0.064294899,0,0.085726532,57.02957565,5.422203172,19.71710244,0,0.235747964,8.722674668,0.664380626,0,0,1.538919778
8.358662614,7.193515704,3.216818642,0.329280648,0.329280648,26.24113475,0.025329281,12.41134752,0,0.531914894,1.393110436,32.47213779,0,0.557244174,3.064929517
13.63636364,3.643303262,2.567661346,1.492019431,0,5.412907703,0.034698126,0,0,0.27758501,11.97085357,4.024982651,34.35114504,0.520471895,21.79363549
2.462801437,0,0,0,0,86.60851719,0.051308363,6.157003592,0,0.461775269,0,0.872242175,0,0,3.386351975
11.77062374,7.293762575,1.609657948,0.050301811,0,33.29979879,3.370221328,1.207243461,0,1.509054326,6.38832998,3.018108652,4.728370221,3.672032193,11.76709625
3.155737705,1.612021858,0.396174863,0.081967213,0.081967213,2.62295082,0,0.642076503,1.243169399,0.286885246,4.644808743,53.60655738,24.86338798,1.789617486,1.594733254
5.217089869,5.208423607,1.611924777,0.060663836,0.008666262,4.887771904,0.017332524,0.164658983,0.15599272,0.50264321,9.090909091,40.8527602,6.638356877,6.127047404,18.22448814
16.27248091,24.84602119,5.395417591,0.34491254,0.02463661,3.32594235,0.02463661,0.135501355,0.02463661,1.170238975,1.40428677,14.85587583,0.39418576,0.800689825,1.096412243
6.640405177,5.008441193,1.857062465,0.11254924,0.05627462,14.06865504,0.05627462,0.281373101,0,0.225098481,25.54867755,16.09454136,4.333145751,6.246482836,19.47101857
6.493319925,3.943398937,1.529952593,0.567447206,0.03591438,45.02944979,0.079011636,2.901881914,0.064645884,1.149260164,5.660106307,24.75219078,0.064645884,0.172389025,0.954052389
7.945945946,1.513513514,0.27027027,0,0,67.35135135,0.162162162,6.540540541,0,5.72972973,1.72972973,2.486486486,0,0,6.27027027
7.772304324,7.334428024,2.244116037,0.082101806,1.149425287,12.94471812,1.559934319,2.654625068,0,0.492610837,6.349206349,4.077723043,10.12588944,6.349206349,3.270131504
5.808477237,4.160125589,0.313971743,0,0,4.631083203,0,1.569858713,0.078492936,0.941915228,8.241758242,42.62166405,1.334379906,8.241758242,22.05651491
13.21695761,2.992518703,0.581878637,0.08312552,0.08312552,62.42726517,0.997506234,1.74563591,1.662510391,0.498753117,4.073150457,0.581878637,0,0,11.0556941
16.18451916,12.63822183,4.707919133,1.613984139,0.022338881,22.50642243,0.793030269,0.994080197,0.067016642,1.803864626,2.915223947,18.27320451,12.87278007,0.524963699,4.08243047
4.138192863,5.049354594,0.949126803,0,0,0.911161731,0.569476082,0.265755505,0,0.341685649,9.149582384,47.98785118,18.41305998,0.569476082,11.65527715
3.645200486,4.711759147,1.255569056,0.027001485,0.013500743,2.349129202,0.067503713,0.189010396,0.081004455,1.64709059,0.972053463,64.37154043,1.525583907,5.413797759,5.614131935
5.361305361,1.165501166,0,0,0,8.158508159,0,0,0,0,10.72261072,24.94172494,17.71561772,0.699300699,3.192653323
32.22748815,7.898894155,0,0,0,36.96682464,0,2.05371248,0,0.473933649,4.107424961,4.897314376,0,0,11.37440758
6.968469455,0.681519597,0.26549157,0.027370265,0.3202321,66.85734618,0.05474053,1.962447996,0.057477556,1.111232757,3.648456317,0.276439676,0.572038537,0.052003503,3.866539954
5.614688664,5.588078765,3.219797765,0.186269292,0,10.33794572,0.212879191,0.093134646,0,0.212879191,7.690260777,45.54284194,11.50878127,1.969132517,6.039029536
2.777373855,0.101788571,0.014541224,0,0,46.2992584,5.118510979,9.291842373,0.058164897,0.814308565,19.39799331,7.808637487,0,0,2.301935289
0.167364017,1.366806137,0.139470014,0,0.446304045,20.11157601,26.16457462,24.23988842,0.027894003,1.924686192,5.941422594,11.32496513,0,0.083682008,9.026326786
3.048780488,2.43902439,0,0,0,17.07317073,0,1.524390244,0.609756098,11.8902439,0.304878049,7.012195122,36.58536585,8.841463415,10.65989848
0.110864745,1.55210643,0,0.110864745,0.997782705,10.86474501,8.758314856,14.41241685,0,28.38137472,6.873614191,18.18181818,0,1.77383592,7.982261641
3.914893617,0.255319149,0.085106383,0,0.510638298,24.59574468,0,5.106382979,0,2.212765957,26.89361702,19.40425532,1.191489362,1.021276596,1.76584849
6.530139104,9.273570325,1.970633694,0.154559505,0.193199382,5.255023184,0,0,0,0.193199382,2.975270479,23.91808346,4.057187017,3.863987635,6.351898973
1.27388535,2.335456476,0,0,0,7.643312102,0,0,0,0,27.38853503,7.006369427,40.12738854,0.636942675,1.620427204
2.079281975,0.23934181,0.014958863,0,0,86.25280479,0.688107704,3.066566941,0,0.23934181,0.044876589,0,0.014958863,0.014958863,2.628928284
18.98734177,1.028481013,0.158227848,0,0,9.651898734,0,0,0,0.39556962,6.724683544,62.02531646,0.158227848,0,0.870253165
6.964420893,4.57986374,2.517032551,0.444738834,0.028387585,5.923542771,0.510976533,0.359576079,1.845193036,0.492051476,4.948902347,20.4674489,22.21801665,1.135503407,6.150492308
6.355932203,4.237288136,0.423728814,0,0,62.71186441,0,6.355932203,0,2.118644068,2.118644068,0,0,2.118644068,13.55932203
1.629570747,2.027027027,0.317965024,0.079491256,0,6.081081081,0.119236884,5.286168521,0,1.589825119,3.259141494,76.78855326,0,0.119236884,2.702702703
13.0952381,11.50793651,3.571428571,0.198412698,0.793650794,2.380952381,0.198412698,0.198412698,0,0.198412698,29.96031746,11.11111111,0,1.984126984,24.8015873
5.511811024,0.112485939,0,0,0,85.93925759,0.112485939,4.161979753,0,0.337457818,0.224971879,0,0,0,3.599550056
16.85131785,11.71902666,9.19714676,3.197247938,0.03035362,23.64041079,0.311124602,0.505893661,0.027824151,0.161885972,4.91222745,12.0427986,0.197298528,0.961197956,1.868668255
3.411619283,0.840543881,0.271940667,0.049443758,0,28.13349815,0.148331273,0.716934487,0.173053152,0.024721879,1.878862794,52.80593325,2.126081582,6.155747837,3.26328801
2.287491994,0.777747278,0.054899808,0,2.433891481,42.37350169,0.704547534,2.525391161,0.118949584,1.701894043,0.283649007,1.372495196,13.87135145,9.781315765,4.246768385
0.580464371,0,0,0,0,92.8142514,0.420336269,3.903122498,0,0.320256205,0.020016013,0,0,0,1.941553243
3.264540338,3.245778612,1.069418386,0.056285178,0,3.752345216,0,0,0.131332083,1.031894934,0.844277674,66.51031895,2.045028143,1.181988743,8.663981283
12.86162426,2.091321018,0.400836528,0,0,52.07389334,0.505402579,10.64830952,0.453119554,1.673056814,12.93133496,0.03485535,0,0.470547229,5.85569885
21.28205128,21.28205128,7.179487179,0,0,6.923076923,0,0.769230769,0,0,2.307692308,22.82051282,0.769230769,0.769230769,0.778395695
15.64748201,3.057553957,0.179856115,0,0,26.79856115,1.258992806,6.474820144,0,1.798561151,28.95683453,1.978417266,0,0,13.84892086
4.318522217,2.695956066,2.046929606,0.224663005,0.124812781,7.388916625,0,0.84872691,0.199700449,0.099850225,46.50524214,33.02546181,0,0.249625562,2.271592611
7.25388601,1.554404145,0.345423143,0.172711572,0,15.19861831,0,0.863557858,0,0,4.14507772,11.22625216,19.34369603,4.14507772,2.696301193
5.065234075,8.365310821,3.376822717,0.115118956,0.076745971,5.640828856,5.218726017,1.650038373,0,0.076745971,6.676899463,25.24942441,17.07597851,0.191864927,17.1766521
7.155635063,4.472271914,0.268336315,0,0,3.756708408,0.626118068,6.26118068,0,0.268336315,45.34883721,3.13059034,15.38461538,0.805008945,19.05958193
4.025880661,3.163191948,0.071890726,0,0,25.80877067,0,3.378864127,0,0.071890726,16.03163192,44.356578,0,0,3.091301222
5.15970516,16.70761671,30.22113022,3.194103194,0.737100737,0,0,0,0,0,0,0,0,0,43.98034398
18.53240493,13.39046599,8.114622389,2.30316015,0.026780932,3.026245313,0,0.348152116,0,0.053561864,0.455275844,1.446170327,0.776647027,2.088912694,13.63683432
9.646962233,9.893267652,3.325123153,0.287356322,0,0.944170772,2.873563218,0.410509031,0,0.123152709,6.97865353,28.61247947,15.8456486,0.246305419,3.483217226
11.43911439,0,0,0,0,35.79335793,0,0,0,0,0,47.23247232,0,2.21402214,3.32103321
8.457711443,4.47761194,0,0,0,4.47761194,0,1.990049751,0,0,63.1840796,12.43781095,0,0,4.975124378
2.89507772,1.638601036,0.544041451,0.025906736,0,10.08419689,0,0.097150259,0.019430052,0.492227979,4.196891192,78.97668394,0.058290155,0.012953368,0.958549223
2.796052632,7.894736842,1.809210526,0,0,0.657894737,0,0,0,0,10.36184211,50,15.13157895,1.973684211,9.375
30.70175439,9.649122807,1.754385965,0,2.631578947,17.54385965,0,0,0,4.385964912,2.631578947,13.15789474,0,2.631578947,14.9122807
0,0,0,0,0,9.467455621,43.19526627,20.1183432,0,0,0,0,0,2.662721893,24.55621302
7.692888419,6.454778801,4.488147365,0.841763551,0.022648347,4.801449494,0.086818662,0.581307565,0.109467009,0.385021893,1.041823947,14.08727163,3.850218934,5.492224068,15.57322077
25.82781457,1.986754967,0,0,0,19.20529801,0,23.8410596,0,0,17.8807947,0,0,0,0.606276748
20.21,26.03,9.25,1.37,0,7.88,1.03,26.71,0,0.34,2.74,0,0,0,4.45
10.67839196,11.80904523,7.579564489,0.67001675,0,10.97152429,0.293132328,0,0,0.502512563,10.46901173,4.857621441,22.82244556,0.251256281,2.866610397
5.909943715,0.09380863,0.187617261,0,0,59.09943715,2.720450281,12.28893058,0,1.125703565,3.095684803,0,0,0,2.784484146
0.729927007,7.299270073,0,0,0,3.649635036,0,2.919708029,0,1.459854015,24.81751825,51.09489051,0,0,8.02919708
4.925053533,38.75802998,28.05139186,7.280513919,0,0,0,0,0,0,0,0,0.428265525,0.214132762,20.34261242
6.46,1.01,0,0.2,0,61.62,0,5.05,4.65,18.99,0,0,0,0,2.02
12.37113402,5.154639175,0,0,1.030927835,0,0,0,0,0,0,29.89690722,0,8.24742268,43.29896907
4.446308725,7.466442953,3.523489933,0.503355705,0,11.0738255,0,1.006711409,0.503355705,7.55033557,2.348993289,47.56711409,5.453020134,3.60738255,0.548536127
2.549965541,0.551343901,0.137835975,0,0,47.13990351,0,2.343211578,0,2.067539628,24.12129566,15.71330117,0,0.068917988,5.306685045
2,0,0,0,0,77,0,3,0,0,5,0,0,0,13
7.024793388,0.41322314,0,0,0,70.24793388,0,7.024793388,0,0.41322314,2.892561983,0,2.479338843,0,9.504132231
7.060629317,2.455871067,0.076745971,0,0,27.32156562,1.918649271,4.911742134,0,0,2.532617038,43.36147352,0.767459708,1.995395242,7.597851113
2.441150828,0.697471665,0.087183958,0,0.435919791,15.25719268,0.348735833,6.974716652,0,0,1.830863121,68.35222319,0,0.523103749,3.051438535
5.043961129,0.231374364,0.046274873,0,0,92.13327163,0.555298473,0.647848218,0,0.138824618,0.185099491,0,0,0,1.0180472
4.341317365,5.01497006,0.299401198,0.074850299,0,21.78143713,0.149700599,2.245508982,5.01497006,15.34431138,13.54790419,16.09281437,10.47904192,1.796407186,3.817365269
4.808548531,2.938557435,0.267141585,0,0,40.87266251,0,8.192341941,0,1.24666073,7.569011576,28.40605521,1.157613535,0,7.16080402
7.848837209,6.25,9.156976744,0.436046512,0,0.872093023,0,0.290697674,0,1.01744186,8.86627907,1.889534884,47.09302326,1.598837209,1.653628785
4.339440694,2.121504339,1.157184185,0.289296046,0.096432015,25.36162006,0,7.81099325,0,0.771456123,14.27193828,12.92189007,0,0,4.774150268
2.025782689,3.130755064,0,0,0,22.28360958,0,7.918968692,0.920810313,2.025782689,16.7587477,0,0,0.552486188,40.88669951
9.195402299,3.448275862,1.149425287,0,0,0,0,0,0,1.149425287,4.597701149,68.96551724,0,0,0.420550922
10.66,0.2,0,0,0,71.03,0,2.01,0,2.41,11.27,0,0,0,2.41
12.14953271,20.56074766,4.672897196,0.934579439,0.934579439,0,0,0,0,0,0,0,0.934579439,4.672897196,55.14018692
8.140814081,7.150715072,2.090209021,0,0,9.02090209,0,2.530253025,0,0.110011001,14.85148515,50.3850385,0,0,5.720572057
4.977375566,0.226244344,0,0,0,76.92307692,0.452488688,9.728506787,0,0.226244344,0,0,0,0,7.466063348
14.4895719,40.94401756,16.79473106,2.634467618,0.54884742,3.402854007,0,0.219538968,0,0.329308452,0,0,7.464324918,0,13.17233809
3.513071895,51.55228758,22.14052288,17.0751634,0,0.490196078,0.163398693,1.879084967,0,0,0,0,0,0,3.18627451
11.82470722,9.255761239,0.528900642,0,0,25.57612391,6.989044201,1.851152248,0.642236494,0.868908198,10.31356252,22.9316207,5.137891953,0.906686815,2.001111729
3.291814947,8.896797153,0.444839858,0.088967972,0,31.93950178,0,1.334519573,3.380782918,4.804270463,2.580071174,24.82206406,5.782918149,0.355871886,0.426123621
7.14,2.38,0.24,0.24,0,11.9,0,5,0,0.24,13.1,57.38,0,0,2.38
9.942481512,6.655710764,1.972062449,0,0,1.479046836,0,0.328677075,0,0.082169269,11.17502054,12.81840592,16.92686935,0.986031224,2.561057312
0.77,1.62,0.73,0.45,0.08,21.05,0,0.53,0.12,0.36,41.18,7.6,0.45,0.47,6.55
3.128313892,1.64369035,0.477200424,0,0,13.78579003,0,0.106044539,0.106044539,43.95546129,0,0,4.347826087,5.355249205,27.09437964
5.752808989,1.078651685,0.404494382,0.179775281,0,8.449438202,0,0.719101124,0,2.382022472,27.1011236,38.83146067,0.898876404,0.449438202,1.560700085
5.279503106,4.392191659,0.354924579,0,0,0.842945874,0,0.044365572,0.044365572,0.842945874,61.49068323,9.849157054,0.133096717,0.044365572,4.680552305
12.38390093,21.87822497,9.59752322,0.412796698,0.206398349,0.103199174,0,0,0,0.103199174,37.04850361,0,0,0,3.045815203
3.543307087,1.102362205,0.157480315,0,0,13.85826772,0,1.25984252,0.157480315,25.59055118,28.11023622,15.59055118,0,0.078740157,1.833976834
3.202846975,0.071174377,0,0,0,51.95729537,0,0,2.989323843,14.59074733,17.72241993,0,0.711743772,0.213523132,1.039351549
2.099737533,0.065616798,0,0,0,0,0,0,0,47.24409449,0,47.63779528,0,0,2.952755906
1.230228471,0.843585237,1.195079086,0.562390158,13.07557118,2.530755712,0,0.246045694,0,2.460456942,38.94551845,4.920913884,0.949033392,0.386643234,32.65377856
4.5,1.13,0.29,0.05,0.03,0.01,0,0,0.06,42.08,0.04,27.81,5.41,1.03,0.42
4.471544715,0.243902439,0,0,0,5.447154472,0,0,0,45.93495935,26.50406504,0,0.243902439,0.162601626,1.986697007
4.572545188,4.650708354,1.104054714,0.019540791,0,9.956033219,0,0.293111871,0.009770396,60.32242306,0.06839277,13.05324866,1.406936981,0.146555936,0.877470798
4.265402844,8.293838863,1.658767773,0.236966825,0.473933649,0.947867299,0,0.473933649,0,0,6.398104265,33.41232227,0,0.236966825,8.18932306
2.115537767,1.725511017,0.55338874,0.087807069,0.351228278,0.581977088,0,0.008168099,0.049008597,27.78787446,3.195768924,14.19003083,0.31447183,3.222315248,0.637275301
16.03351955,28.04469274,4.720670391,0.61452514,0,28.57541899,0,0.083798883,0,0,3.854748603,0,0.502793296,0.027932961,6.16117385
0.728862974,1.020408163,0,0,0,1.020408163,0,0,0,78.71720117,0,0.145772595,0,0.145772595,1.794960304
0.414078675,0.310559006,0,0,0,4.140786749,0,0,0,79.08902692,1.759834369,0,0.207039337,0.724637681,1.032305978
17.28479075,31.88159238,4.899625723,0.170125893,0,0.340251786,0,0.442327322,0,0.170125893,8.574345015,0,0.170125893,0,6.770500663
4.853033146,0.52532833,0.200125078,0,0,1.525953721,0,0.062539087,0.075046904,71.20700438,0,0,2.501563477,1.563477173,0.357880472
0,0,0,0,0,50,0,1.239669421,2.066115702,8.67768595,17.3553719,9.504132231,0,0,2.245862884
3.577692038,2.63065591,0.105226236,0,0,1.96422308,0,0,0,50.47351806,12.06594177,23.9915819,0,0,2.48792624
1.317189069,1.142226596,0.309166642,0.090463551,0.017893889,1.041821996,0,0.004970525,0.012923364,13.92343404,0.428459237,20.7738113,0.1202867,0.064616822,0.911288551
2.961672474,0,0,0,0,3.948896632,0,0,0,79.09407666,0,0.058072009,0.116144019,0.290360046,1.473995563
12.36730361,6.303078556,1.035031847,0.185774947,0.199044586,49.16401274,0,0.358280255,0.345010616,0.822717622,8.757961783,0,0,0.013269639,6.966998428
2.044293015,0.170357751,0,0,0,0,0,0,0,0,87.39352641,4.770017036,0,0.340715503,5.28109029
0.285714286,0.571428571,0,0,0,0,0,0,0,0.285714286,31.71428571,41.14285714,0,0.285714286,5.562855891
5.294117647,10.39215686,13.7254902,2.745098039,0,0.392156863,0,0.392156863,0,30.78431373,0,1.568627451,0,0,34.70588235
5.729166667,35.41666667,27.86458333,8.072916667,0,0,0,0,0,2.34375,0,0,0,0,22.3316913
0,24.18,9.89,1.1,0,0,0,0,0,5.49,0,0,0,0,59.34
7.119536598,4.265402844,0.442338073,0.105318589,0.063191153,1.442864666,0.09478673,0.021063718,0,0.084254871,57.54607688,16.98788836,8.962611901,0.157977883,2.70668773
6.4,0.39,0.19,0,0,0.19,0,0,0,43.02,0,43.8,0,0,6.01
3.26,1.3,0,0,0,14.13,0,0,0,63.48,11.09,2.83,0,0,3.91
25.73529412,19.49197861,5.534759358,1.109625668,0.307486631,3.877005348,0,1.029411765,0,0.173796791,19.23796791,0.454545455,0,0.06684492,7.028181368
2.69,0.19,0,0,0,0,0,0,0,92.5,0,1.35,0,0,3.27
8.237502934,10.23233983,4.951889228,1.03262145,0.305092701,39.00492842,0,1.126496128,0,0.797934757,21.26261441,0,0.023468669,0.117343347,6.664252083
2.1794222,0.532184491,0.152052712,0,0.025342119,72.83324886,0.456158135,3.953370502,0,0.506842372,0.481500253,0,0,0,4.805550251
7.016658253,1.665825341,0.050479556,0,0,71.5800101,1.463907118,6.966178698,0,1.009591116,0.050479556,0,0.201918223,0.35335689,2.008834666
6.528093537,0.097434232,0,0,0,58.75284183,0,1.883728483,0,0.714517701,2.858070802,16.75868789,0,0.129912309,12.27671322
8.164056443,3.202046829,0.969142503,0.705535742,0,33.41603349,0.186075361,5.690804776,1.007908203,0.814079702,40.71949139,0.449682121,0,0.04651884,2.78950346
3.263769026,0.863015848,0.894398243,0,0.219676761,43.46461635,0.768868665,6.150949317,0.376588734,1.412207751,17.35446415,16.71112506,0.062764789,0,2.583629228
0.550458716,0,0,0,0.471821756,79.52817824,1.363040629,5.425950197,0,0.602883355,1.23197903,8.178243775,0,0.157273919,0.365850046
5.839160839,1.398601399,0.27972028,0.104895105,0,45.52447552,0.804195804,3.426573427,0.314685315,0.594405594,4.93006993,13.11188811,0.34965035,1.048951049,7.587041519
8.797296029,1.079710825,0.272274904,0.01877758,0.00938879,23.86630363,19.60379307,21.86649141,0.43188433,0.732325603,16.41160454,0,0,0.159609426,0.838377046
14.59963376,4.245047445,2.646911936,0.482770102,0.516064591,23.02313967,0.03329449,0.432828367,0.516064591,0.516064591,44.24837689,0,0.183119694,0.166472449,4.695827973
0.06,0.04,0.05,0.05,0.18,0.91,0.06,0.08,0.06,0.87,0.18,0.11,3.83,0.98,2.6
0,0,0,0,0,0,0,0,0,0,0,6.624605678,77.28706625,6.309148265,9.779179811
8.588441187,1.208657488,0.178427378,0.020508894,0.072464759,46.04383434,3.917198759,9.960486198,0.187998195,0.913329414,10.22915271,0.726014848,0.018458005,0.017090745,1.670421002
6.645735217,3.610675039,1.814058957,1.779173208,0.122100122,25.3270539,0.331414617,9.628466771,1.029129601,1.883830455,18.9429618,0,0.139542997,0.593057736,10.79752251
4.23572744,0.552486188,0.184162063,0,0,7.73480663,1.473296501,8.47145488,0,0.184162063,69.61325967,0,0,0,7.550644567
3.879849812,0,0,0,0,56.07008761,0,5.506883605,0,0.125156446,9.261576971,0,4.630788486,0.625782228,1.471260166
4.26181568,2.120156539,0.279533824,0.043005204,0.008601041,16.28607061,0.017202081,1.427772761,0.924611878,0.434352557,49.94194298,18.70726358,0,0.111813529,1.678099401
2.880658436,0.12345679,0,0,0.205761317,79.38271605,0,7.942386831,0.12345679,0.329218107,3.78600823,0,0,0,5.226337449
3.13,0,0.21,0,0,45.3,2.09,19,0,1.04,26.93,0.84,0,0,1.46
13.80345086,1.650412603,0.375093773,0,0,46.21155289,0.300075019,20.78019505,2.100525131,5.401350338,0.900225056,0,0,0.150037509,6.235955056
11.88228762,4.802887285,2.165463631,0.888395336,0.083287063,39.92226541,0.72182121,6.635202665,1.943364797,1.332593004,20.48861743,0,0,0,9.133814547
4.852761805,2.578846489,0.766684091,0.095835511,0.095835511,0.21780798,0,0.757971772,0,0.008712319,0.33978045,31.05941802,18.17389789,0.627286984,18.2885906
7.65,10.1,5.2,1.36,0.09,2.63,14.95,7,2.15,1.77,4.12,0,14.93,0.68,4.8
4.11174204,3.011559521,0.202798621,0.015209897,0.04562969,0.182518759,24.48286352,2.793551004,6.803893734,1.277631312,11.88399919,0,13.09065098,0.441087001,1.266002352
3.461289021,1.735751163,0.330400413,0.174136848,0.243076656,2.561496862,24.21727785,4.738973461,9.188910394,6.306205093,3.107398007,0,11.43226281,0.914601451,2.104241465
0.258231117,0.516462234,0,0,0,0.903808909,68.43124597,1.355713363,19.43189154,0.064557779,0.129115558,0,7.295029051,0.258231117,1.355713363
2.95,1.75,0.45,0.08,0.05,3.43,24.46,9.15,4.84,5.26,5.41,0.01,26.5,2.71,3.32
3.071505429,1.555316443,0.361928984,0.239655678,1.286315172,0.454856696,39.2644038,3.218233395,2.010173139,5.062114839,1.501516189,0.053800254,5.986501027,1.545534579,11.7064169
11.97104677,2.338530067,0.278396437,0,0.055679287,0.111358575,0,0.222717149,0,0,0,36.52561247,16.20267261,0.222717149,32.07126949
3.98,2.85,1.37,0.2,0,0.03,0.06,0.23,0,0,0.07,62.21,9.28,0.51,19.22
5.552682308,3.03728431,0.258592317,0.028210071,0.145752033,2.233297287,34.99929475,3.526258874,5.566787343,4.993182566,0.869810522,0,3.855376369,0.145752033,6.477878533
0.089766607,0.26929982,0.089766607,0,0,0,8.617594255,2.064631957,0.089766607,0.538599641,0.26929982,39.94614004,12.83662478,0.359066427,34.82944345
4.29200354,4.36180562,0.962938942,0.261070775,0.169833409,1.920381658,29.62686116,4.466783553,3.327965352,4.260675047,1.233353303,0.095634347,13.94502674,0.517194946,2.118619142
2.635370848,4.372061277,2.11967238,2.036250569,0.614287881,0.731836797,23.82830275,1.429546489,1.311997573,3.393750948,0.815258608,0,5.828151069,0.98210223,12.89073171
1.554065107,2.797317193,0.196302961,0.04907574,0.01635858,1.881236709,0.376247342,0.03271716,0.474398822,0.556191723,68.03533453,0.179944381,16.68575168,4.36774088,2.688284958
0,0,0,0,2.797202797,0,0,0.317863954,0.635727908,0,0,58.9955499,12.07883026,1.335028608,23.83979657
0.025201065,4.35E-04,0,0,0,0,0,0.020856054,0,0.049098627,0,0.024332063,0.387140505,15.20145645,6.818313975
0,0,0,0,0,0,0,0,0,7.942238267,0,0,51.44404332,10.46931408,17.3902133
1.142882956,0.564665492,0.049690563,0,0.054207887,0.673081267,56.66531147,1.757239012,5.913177034,2.89108732,1.477164927,0,19.95753715,2.254144645,6.599810272
7.386990077,9.757442117,1.598676957,0,0,11.74200662,7.331863286,9.8676957,3.969128997,2.37045204,27.67364939,0,15.54575524,1.212789416,1.543550165
1.136363636,24.14772727,19.88636364,5.397727273,0.568181818,4.261363636,9.943181818,2.840909091,0.568181818,5.113636364,9.659090909,0,0,0,16.47727273
0.794000882,0.17644464,0,0,0.13233348,0.529333921,0.08822232,0.264666961,2.823114248,0.970445523,22.54080282,22.71724746,19.18835465,13.58623732,16.18879577
32.6446281,29.38475666,25.29843893,4.407713499,0,0,0.091827365,0,0,0,0.183654729,0,0,0,7.501053519
11.11111111,13.88888889,3.472222222,0,0,0,10.41666667,0,2.083333333,3.472222222,7.638888889,0,4.166666667,0,43.75
0,0,0,0,20.89552239,0,13.43283582,0,0,0,17.91044776,0,17.91044776,4.47761194,25.37313433
20.16483516,5.384615385,0.274725275,0,0.054945055,6.098901099,17.36263736,12.30769231,0.494505495,0,16.81318681,3.626373626,14.3956044,0,3.021978022
9.01,0.29,0,0,0,0,11.92,35.17,7.85,3.78,24.42,0,0,0,7.56
11.22994652,7.486631016,2.005347594,0.13368984,0,0.13368984,1.604278075,0,1.737967914,0,0,11.4973262,11.76470588,0.668449198,51.73796791
4.42804428,7.287822878,2.767527675,0,0,14.94464945,11.43911439,0.276752768,0.092250923,0.830258303,23.61623616,0,8.025830258,1.660516605,18.85682264
1.886290394,1.540371936,0.405049818,0.017739408,0.316352778,0.130088993,18.0528043,10.50172959,0.43165893,0.869230997,0.227655737,14.76510067,35.16837655,5.014339355,9.28283062
4.107205012,8.806126001,7.309432649,2.158022973,0.034806822,0.870170553,17.43821789,18.65645667,0,3.933170901,0,6.300034807,2.506091194,0.034806822,25.3524521
6.084867894,0.400320256,0,0,0,20.73658927,9.6877502,39.71176942,0,0.480384307,0,0,2.722177742,0,20.17614091
2.799552072,0.287953927,0.01599744,0,0,41.24140138,0.959846425,31.59494481,0,3.50343945,0,0,7.742761158,0.223964166,11.63013918
5.34591195,8.123689727,8.141160028,3.284416492,0.104821803,6.219426974,6.708595388,11.54786862,0,0.681341719,0.174703005,0,9.713487072,0.593990217,4.778930228
11.08356941,9.560906516,1.805949008,0,0,27.69121813,5.878186969,25.28328612,0,1.097733711,0.283286119,0,14.69546742,1.062322946,2.191780822
2.39390642,1.19695321,0.380848749,0,0.054406964,14.52665941,0.707290533,57.1273123,0,0.380848749,0,0,7.943416757,0.108813928,15.17954298
0.712758375,5.630791162,13.97006415,2.494654312,0.071275837,0,38.56022808,2.2808268,0.071275837,3.920171062,0.5702067,13.75623664,2.993585175,0.926585887,11.49235221
4.27,2.35,1.32,0.22,0,54.58,0.38,7.38,0.57,0.22,0.2,0,4.71,0.03,23.77
3.868887695,1.934443847,0.913487372,0.053734551,0,9.242342826,9.887157442,50.51047824,1.934443847,0.322407308,2.579258463,0,8.275120903,0.483610962,3.085250338
7.90513834,3.557312253,0.395256917,0,0,20.55335968,10.27667984,17.39130435,1.185770751,4.347826087,1.581027668,0,17.39130435,1.185770751,5.234697709
15.64102564,29.1025641,17.82051282,2.435897436,0,0,3.076923077,0.128205128,0,0.769230769,0,0,0.256410256,0,21.29808488
10.69757983,17.10392516,17.59202766,0.52877771,0.081350417,25.4830181,1.4439699,8.745169819,0,0.793166565,0.427089689,0,1.403294692,0.020337604,15.68029286
3.176055418,1.725264671,0.37903542,0.039210561,0.130701869,4.783688407,34.2308195,24.54581101,0.196052804,4.326231865,3.581231212,0,8.534832048,0.418245981,1.975465192
0.78125,0.086805556,0,0,0,27.08333333,4.166666667,38.10763889,0,0.260416667,0.260416667,0,1.388888889,0.260416667,27.60416667
1.195219124,1.992031873,0,0,0,1.992031873,15.53784861,27.09163347,0,0.398406375,0,11.15537849,13.94422311,3.984063745,13.29243354
8.92641737,22.43667069,30.03618818,3.860072376,0.120627262,9.770808203,3.015681544,0.965018094,0,0.361881785,0.241254524,0,1.326899879,0.120627262,26.38230648
3.909205549,0,0,0,0,0.882723834,51.45018916,21.31147541,0,2.017654477,0,0,1.765447667,0,11.26335095
17.89473684,23.68421053,24.47368421,0.263157895,0,23.15789474,0,0,0,0,0,0,0,0,10.52631579
4.74,7.29,5.1,0,2,27.87,6.38,18.03,0,2.37,0.36,0,3.64,1.64,20.58
5.274261603,1.476793249,0.105485232,0,0,48.62869198,11.39240506,22.25738397,3.05907173,0.738396624,3.05907173,0,2.53164557,0.210970464,1.265822785
16.74241314,26.35977129,7.095733763,0.029321214,0.615745492,3.518545668,7.066412549,31.96012315,0.425157602,0.718369741,0.205248497,0.938278845,0.630406099,0.073303035,3.934380648
0,0,0,0,0,2.912621359,29.85436893,25.48543689,0,0,0,0,11.89320388,0.970873786,28.88349515
10.81710995,4.469426926,0.877433507,0.041129696,0,29.09240472,1.658897724,6.471072114,0.164518783,0.520976145,23.5398958,3.989580477,0.671785029,0.068549493,4.293094428
15.9803319,25.8143823,16.16472034,10.01843884,0.030731407,1.659496005,3.44191764,6.545789797,1.567301782,0.49170252,0,0,4.363859865,0.36877689,0.645288852
10.67809821,20.49883087,23.6944661,26.03273578,0.077942323,5.611847233,0,0.389711613,0,0.233826968,0.233826968,0,3.897116134,0,0.552549059
6.758104738,6.882793017,5.486284289,0.349127182,2.269326683,51.97007481,3.092269327,5.486284289,0.149625935,0.124688279,11.37157107,2.294264339,0.024937656,0,3.740648379
21.21212121,10.79213184,6.53907496,1.382243488,0.053163211,0.584795322,5.847953216,18.18181818,0.372142477,0.850611377,0.159489633,16.85273791,6.060606061,0.744284955,0.588551396
27.01781565,7.467079783,2.509682417,0.464756003,0.030983734,31.06119287,0.139426801,3.02091402,1.223857475,0.092951201,18.51278079,0,3.098373354,0,0.969340522
35.67961165,10.19417476,0.72815534,0,0,0,33.49514563,15.04854369,0,1.213592233,0.485436893,0,1.213592233,0.242718447,1.699029126
3.738317757,1.323987539,0.41536864,0.31152648,0,5.944963655,0,1.453790239,0.10384216,0.05192108,0,77.2066459,4.257528557,0,0.395291949
3.274559194,0.251889169,0.125944584,0,0,13.47607053,0,9.697732997,0.881612091,0.251889169,0,57.17884131,1.637279597,0.251889169,12.97229219
42.74881517,25.97156398,11.94312796,0.758293839,0,4.739336493,0,3.412322275,0,0.09478673,0,0,0,0,1.263112824
67.34,2.38,0,0,0,0.95,0.36,2.73,1.31,0,2.26,7.84,6.06,1.31,7.48
3.770261374,2.832589008,1.544401544,0.325605395,0.871839582,9.019091508,6.204295144,22.29418358,0.35585289,1.040869704,5.45522481,1.839759443,7.734462573,1.697418287,5.790883426
1.50445082,2.062336006,0.958826847,0.145908433,0.392358812,13.21881361,4.764707325,13.18080385,1.207729469,0.45734324,8.814585939,9.423968219,4.768385689,0.888937934,12.52361186
1.979398101,0.181781458,0,0.02019794,0,0.262573218,40.27469198,41.16340133,0,0.343364977,0,0,4.685922036,0.02019794,11.06847102
0.876904527,0.010961307,0.010961307,0.010961307,0,10.20497643,17.38463225,45.82922284,0.142496986,0.076729146,0,0,10.89553875,3.606269867,3.616822217
2.67807841,0.027609056,0,0,0,29.23799006,14.38431806,23.4676974,2.512424075,0.358917725,0.165654335,0,0,0.027609056,27.13970182
5.16735767,2.007280817,0.313479624,0.020224492,0.030336738,7.488118111,10.89594499,31.12549297,1.628071595,1.658408332,3.235918698,0,4.949944383,0.95560724,24.17651805
0.031099362,0,0,0,0,14.67889908,16.24941689,30.39962681,15.22313793,0.139947131,0,0,5.597885243,1.197325455,12.23760452
0.289855072,0,0,0,0,0,10.72463768,35.07246377,0,0.289855072,0,0,41.44927536,0,12.17391304
0,0,0,0,0,31.2267658,10.22304833,49.34944238,0,0.092936803,0,0,5.576208178,0.464684015,3.066914498
1.72,0.8,0.2,0,0,30.36,11.8,18.8,1.24,0,8.24,0,11.08,1.2,14.56
0,0,0,0,0,3.398328691,19.44289694,27.74373259,1.448467967,24.17827298,0.334261838,0,9.025069638,0,4.068604971
4.844006568,0.65681445,0.082101806,0,0,21.26436782,10.09852217,40.88669951,0.082101806,0.246305419,0.821018062,0,2.463054187,0,3.530377668
2.568569864,0.716810195,0.353427249,0.029867091,0.134401911,6.42142466,22.94290408,37.40853203,2.195231221,2.314699587,0.184180397,0.009955697,13.49494748,3.17586739,8.566698009
0,0,0,0,0,9.927007299,39.7080292,31.67883212,0,0.583941606,0,0,0.583941606,0,17.51824818
3.963963964,0.288288288,0.144144144,0.072072072,0,0.576576577,36.46846847,35.45945946,0.18018018,0.216216216,0,0,16.54054054,0.072072072,6.018018018
10.86956522,2.795031056,0,0,0,31.67701863,0.621118012,14.28571429,2.48447205,0,31.67701863,0,0,0.310559006,5.279503106
1.939120631,0.067643743,0.022547914,0,0,22.00676437,8.139797069,19.59413754,0,0.067643743,1.465614431,0,4.96054115,0.450958286,7.816992638
3.055434308,0.174596246,0,0,0.523788739,7.442164993,22.34831951,47.25010912,0.261894369,1.7023134,0.720209515,0,10.75949367,0.021824531,5.739851593
12.12121212,2.651515152,0.378787879,0,0,17.04545455,0,21.59090909,0,0,6.818181818,0,16.66666667,3.787878788,18.93939394
0,0,0,0,0,2.682926829,22.92682927,51.2195122,0,0.243902439,0,0,13.65853659,0,9.268292683
1.58870256,0.176522507,0.044130627,0,0,37.29037952,1.897616946,18.18181818,0,0.26478376,1.765225066,8.428949691,12.66548985,0.573698147,8.86047555
3.091397849,0.168010753,0.067204301,0.033602151,0.100806452,1.545698925,15.5577957,45.83333333,0.537634409,0.436827957,0,0,27.68817204,0.168010753,4.771505376
3.354978355,0,0,0,0,17.31601732,3.138528139,27.38095238,17.64069264,0.324675325,0,0,11.7965368,0,19.04761905
0.757954356,0,0,0,0,30.52640346,13.1934033,16.19190405,20.31484258,5.547226387,0,0,5.897051474,0.499750125,4.84597628
1.540114613,0.895415473,0.608882521,0.071633238,0,9.992836676,9.419770774,28.18767908,0.286532951,0.286532951,8.56017192,0,30.1217765,2.328080229,1.528129258
0,0,0,0,0,25.1396648,11.73184358,24.58100559,0,0,8.379888268,0,6.145251397,1.675977654,22.34636872
24.54686691,20.66286898,6.939409632,0.880372864,0,17.14137752,0,2.071465562,0,0.155359917,0.776799586,0,8.70015536,0.103573278,18.02175039
8.362863218,1.88518781,0.226789511,0.014174344,0,57.59036145,2.352941176,1.389085755,1.204819277,6.80368533,0.2551382,3.330970943,6.265060241,0.170092133,10.14883062
14.50719823,5.334071613,0.701365818,0.018456995,0.166112957,45.79180509,1.015134736,1.956441491,0.166112957,0.332225914,1.513473606,22.16685124,1.882613511,0.092284976,4.355850867
3.162927547,0,0,0,0,63.58955498,0,7.098197867,0,0.220669364,0,0,3.898492093,0.220669364,21.80948878
8.755914278,8.900640134,7.163929864,2.811021431,0.11689396,0.41747843,14.87336488,4.73142221,0.283885333,2.343445589,0.445310326,1.358196493,40.55663791,1.013080991,3.344677128
11.65950129,11.21238177,2.063628547,0.455717971,0.249355116,3.181427343,0.068787618,0.533104041,0,0.068787618,0.971625107,32.47635426,6.010318143,0.610490112,3.672518093
4.556074766,0.46728972,0,0,0.817757009,55.95794393,0,1.285046729,0,1.051401869,0,0,21.61214953,1.401869159,4.402121686
4.086400705,2.437734186,0.304165748,0.013224598,0.004408199,33.00859599,7.322018955,10.75159797,0.833149658,9.358607009,2.160017633,7.092792594,12.99096319,0.912497245,8.278370708
0,0,0,0,0.036509675,19.14932457,15.89996349,28.62358525,0,0.401606426,0,0,5.658999635,0.657174151,30.78971628
10.6530112,15.44117647,15.0297619,10.72303922,0.175070028,5.768557423,0.140056022,0.393907563,0,0.385154062,2.267156863,5.225840336,3.466386555,1.172969188,4.764214401
14.68298109,24.91657397,5.895439377,0,0,0.556173526,0,0.556173526,0,0.111234705,5.339265851,0.111234705,7.675194661,0.667408231,24.78056746
4.763697198,5.491426182,1.882057716,0.761187788,0.066917608,8.812212463,0.907570054,2.919280636,0.142199916,0.075282309,6.963613551,60.30531159,1.576746131,0.317858637,3.238024112
0,0,0,0,0,16.98717949,5.288461538,24.03846154,23.15705128,0.080128205,0,0,11.37820513,0,19.07051282
4.566050889,0.336935053,0.01161845,0,0.069710701,16.49819914,0.360171953,27.98884629,0,0.232369002,0.05809225,0,38.38735913,3.125363077,2.460685787
6.8,7.92,0.53,0,0,5.75,1.35,3.58,0.35,2.23,0.12,41.29,14.02,1,1.5
3.96884273,2.707715134,0.259643917,0.037091988,0,13.57566766,1.075667656,2.002967359,0,0.111275964,10.97922849,5.600890208,39.6884273,0.445103858,19.54747774
8.984229123,16.03659763,15.58989974,8.168395048,4.01740829,9.910660423,0.310246761,3.422768665,0.094797621,0.81296142,0.058889432,0.002872655,1.495217029,1.161989026,4.150253845
1.887840089,0,0,0,0,25.81898945,0.138811771,21.48806219,0,0.111049417,0,0,20.68295391,0.19433648,18.55944615
10.23765996,8.638025594,4.15904936,0.594149909,0.091407678,16.86471664,0,0.411334552,0,0.822669104,0.457038391,3.564899452,8.820840951,0.457038391,23.88475836
10.92436975,15.03180712,10.53954292,3.887536323,0.054975261,12.9506008,0.039268044,0.596874264,0.023560826,0.267022697,3.911097149,9.102332522,20.97698893,0.36911961,11.32490379
13.45454545,13.45454545,5.818181818,0,0.363636364,0,0,2.181818182,0,1.454545455,0,0,16.72727273,0,10.72781132
6.618441839,3.974390954,1.097530556,0,0.033258502,23.95443585,0.166292509,1.554834955,0.041573127,0.116404756,7.815747901,15.5649788,21.41016047,0.67348466,1.335793858
6.759972008,3.3310007,0.083974808,0,0,18.9363191,0.895731281,8.285514346,0.181945416,1.833449965,0.895731281,5.052484255,35.25542337,0.419874038,7.308058464
9.013580063,8.77480973,2.536934786,0.194000895,0,16.95269363,0.194000895,2.611550515,0,0.029846292,8.043575586,7.252648858,4.178480824,0.522310103,39.69556783
7.436918991,0.332005312,0,0,0.26560425,4.581673307,11.4873838,29.81407703,0,0.066401062,0.066401062,0,37.05179283,0.929614874,7.96812749
4.843110505,3.819918145,0.272851296,0,5.798090041,3.956343793,0.34106412,0.272851296,0,0,0.68212824,54.22919509,5.729877217,0.886766712,13.00925926
4.796168387,3.599898001,1.077641163,0.209541337,0.793817976,24.60059647,2.083217845,7.258556271,1.227313547,9.597880196,6.04565562,0.950142466,18.83876404,1.19737907,5.304720422
3.14,0.85,0.16,0.01,0.02,32.9,0.73,10.41,0.16,0.13,0.27,0.04,15.24,0.34,12.97
2.843601896,5.331753555,0.118483412,0,0,7.819905213,0,0,0,0.118483412,0.710900474,44.54976303,15.28436019,1.658767773,2.360326428
16.08531437,25.68318152,10.33103755,1.732948234,0.022217285,2.532770495,0,0.288824706,0,0.04443457,0.08886914,0.022217285,7.976005332,0.510997556,34.68118196
2.858971624,0,0,0,0,29.86985278,0.362705355,40.81502027,0,0.277362919,0,0,18.30595263,0.042671218,7.467463196
14.37949854,4.184133513,0.529937515,0.031638061,0.087004667,37.35664004,0.490389939,1.716364787,0.300561576,8.09934351,3.282448786,2.855334968,8.747923752,0.569485091,11.90953956
6.794084821,4.547991071,1.311383929,0.362723214,0,36.57924107,7.798549107,1.674107143,2.022879464,15.72265625,0.655691964,5.594308036,1.353236607,0.697544643,6.442265203
12.85795367,21.25277333,25.02966823,5.747897425,0.072235695,4.628244157,0.025798462,0.237345854,0.025798462,0.278623394,0.64496156,1.238326196,1.269284351,0.897786492,4.662843406
8.438818565,2.373417722,0.052742616,0.052742616,0,38.29113924,2.162447257,10.70675105,0,6.38185654,0,0,9.70464135,0.210970464,7.097109226
8.279893309,17.09324102,26.11656546,17.42806878,2.207593213,4.165484365,0.493729073,1.237160207,0.045400375,1.135009364,0.056750468,2.258668634,0.890982351,3.569604449,1.354605632
5.203355633,0.955718382,0.138048211,0.010619093,0.010619093,46.53286609,0.913242009,1.136242965,0.074333652,0.010619093,8.474036317,32.08028034,1.741531273,0.148667304,2.569820537
7.201458523,0.774840474,0.136736554,0,0,45.25979945,5.788514129,17.86690975,0,0.31905196,2.825888788,0.546946217,1.321786691,0.045578851,4.087026308
9.32509016,6.432619416,2.826230956,0.43423861,1.383675572,13.0639582,0,0.647677927,0,0.117759623,6.682858615,19.7173769,23.36792522,2.119673217,11.12931539
5.863666446,7.293183322,3.110522833,0.145598941,0.516214428,14.42753144,10.09927201,2.078093977,5.506287227,35.30112508,0.145598941,2.501654533,10.73461284,0.436796823,1.839841165
2.415458937,5.314009662,0,0,0,0,0,0,0,9.661835749,0,26.08695652,29.46859903,2.415458937,24.63768116
5.462124479,6.640793445,1.983613627,0.316228259,0.071870059,14.92022423,0.503090413,0.919936754,0,0.028748024,0.64683053,46.06870778,5.347132385,0.40247233,6.607277764
5.566600398,2.418820411,0.828363154,0.033134526,3.445990722,0.994035785,20.70907886,13.48575215,3.445990722,7.322730285,1.259111995,0,27.3359841,2.617627568,8.387263785
9.516298633,2.996845426,0.11829653,0,0.013144059,36.0278654,0.906940063,1.853312303,0.381177708,0.959516299,0.105152471,6.861198738,21.55625657,1.288117771,17.41587802
17.30879816,27.51581369,21.24784359,3.651523864,0,1.495112133,2.587694077,0.891316849,0,0.115008626,0,0,2.558941921,0.40253019,6.63714157
26.61090458,8.008054523,1.936183395,0.573110285,0,14.93184634,0.851920694,2.679677819,0,0.232342007,0.712515489,0,8.178438662,0.278810409,5.461353788
0.017482517,0,0,0,0.944055944,40.47202797,1.206293706,6.101398601,6.520979021,4.965034965,0.297202797,0,34.51048951,4.475524476,0.48951049
1.969750264,0,0,0,0,27.15441435,0.527611678,17.97397116,0,0.316567007,0,0,29.26486106,0.211044671,22.58177981
0.893276916,0,0,0,0,43.7235543,0.799247767,6.582040433,0.047014575,1.222378937,0,0,23.13117066,0.282087447,14.16370107
6.358381503,4.046242775,0.867052023,0,0,17.34104046,0,0,0,0,0,36.41618497,19.65317919,2.89017341,1.927386822
7.464528069,4.071560765,0.904791281,0.020563438,0.041126876,27.78120502,13.98313798,24.3265474,3.619165124,2.138597574,1.02817191,0,0.555212832,0.020563438,13.22065728
0.804289544,5.361930295,1.340482574,0,0,2.144772118,0,0.268096515,0,0,0.804289544,0,34.04825737,2.949061662,3.348353299
3.382949932,7.848443843,0.811907984,0,0,19.62110961,5.818673884,15.42625169,4.871447903,0.676589986,1.894451962,0,4.194857916,0.135317997,35.31799729
5.578917858,0.308382394,0.028034763,0,0.084104289,40.53826745,4.205214466,28.25904121,0,0.532660499,0.056069526,0,14.26969442,0.981216709,5.158396412
5.197198673,0.810910431,0.07371913,0,0,40.02948765,17.76631036,19.9410247,0.22115739,1.695539993,0.810910431,0,4.607445632,0.22115739,2.597257831
17.41219963,12.24584104,3.98336414,0.3974122,0.129390018,27.24584104,1.497227357,2.634011091,0,0.73012939,1.118299445,19.33456562,3.14232902,1.561922366,9.229833498
15.8677686,13.55371901,2.644628099,0,0,11.40495868,4.462809917,6.115702479,0.330578512,2.479338843,8.595041322,0,0.826446281,0,13.38582677
6.574111882,4.369130257,2.817476521,0.612494896,2.164148632,38.87300939,1.959983667,1.919150674,0.449162924,12.65822785,3.919967334,3.715802368,12.24989792,1.184156799,2.050123088
4.441624365,1.269035533,0,0,0,21.1928934,0.888324873,0.507614213,0.126903553,2.284263959,12.18274112,14.34010152,24.11167513,0.634517766,18.02030457
3.209310527,0.158702169,0.052900723,0.017633574,0.176335743,48.15729148,26.22112502,8.587550697,4.179157115,0.722976547,0.088167872,0,4.955034385,0.846411568,2.627402575
3.963577933,1.392608463,0.107123728,0,0.214247456,26.75415104,20.16604178,10.79271559,0.214247456,0.13390466,0.669523299,2.463845742,17.78253883,3.802892341,4.710560038
7.530279094,5.371248025,0.631911532,0.052659294,0,2.474986835,0,0,0,0,0,53.97577672,18.00947867,0.526592944,21.43281807
4.013377926,0,0,0,0,66.55518395,0,6.35451505,6.02006689,0,0,0,11.0367893,0,6.02006689
0.21,0,0,0,0,0.1,10.51,1.04,0,0.52,0,0,19.72,0.21,67.7
0.564971751,0,0,0,0.564971751,19.20903955,0,1.129943503,0.564971751,2.259887006,0,55.93220339,8.474576271,2.824858757,8.474576271
0.955794504,0,0,0,0,37.27598566,0,22.58064516,0,0.955794504,0,0,12.66427718,0.119474313,28.67587327
3.225806452,1.46627566,0,0,0,0.73313783,0,1.173020528,0,0,0,46.92082111,40.76246334,0.586510264,5.131964809
2.362204724,1.968503937,0,0,0,32.28346457,1.968503937,11.02362205,0,0,0,36.61417323,2.362204724,0.787401575,11.74824488
6.378217083,2.573666542,0.14919806,0.037299515,0,20.10443864,1.417381574,0.223797091,0.410294666,0.07459903,1.156284968,30.32450578,21.85751585,0.820589332,14.47221186
1.680672269,0,0,0,0,31.22171946,0.258564964,5.365223012,0,0.064641241,0.129282482,0,45.57207498,2.973497091,4.961883108
6.478873239,16.61971831,23.66197183,2.816901408,0.845070423,2.253521127,0,0,0,0,0.845070423,0,5.633802817,0.845070423,40
3.777073428,2.746962493,0.264131009,0,3.53935552,26.94136292,0,0.422609614,0.158478605,0.422609614,15.87427364,22.90015848,19.30797676,0.554675119,3.090332805
2.41171404,3.273040482,0.430663221,0.172265289,0,3.703703704,0,0,0,0.258397933,4.392764858,62.10163652,12.48923342,1.033591731,9.732988803
4.080100125,2.743012098,0.702962036,0.08239466,0.016687526,24.73717146,11.81268252,5.077179808,2.731539424,5.850020859,0.350438048,1.911764706,25.49228202,1.255736337,8.517505323
2.359550562,0,0,0,0.037453184,55.65543071,0.63670412,6.816479401,0.037453184,0.411985019,0,0,9.25093633,0.037453184,17.97317437
7.293286219,0.212014134,0,0,0.254416961,20.97526502,4.918727915,11.30742049,11.27915194,39.26501767,0,0,3.462897527,0.014134276,1.017667845
7.250755287,0.302114804,0,0,0,26.28398792,8.459214502,18.73111782,0,0.302114804,0,0,1.812688822,0,36.85800604
0.641025641,2.564102564,0,0,0,21.36752137,11.53846154,21.15384615,0,0.854700855,1.495726496,6.196581197,12.82051282,1.709401709,7.558139535
3.830938996,1.748906933,0.749531543,0.530918176,0.093691443,4.195294608,0,0.062460962,0.062460962,0.01041016,0.104101603,75.49448262,7.422444306,0.749531543,1.93035361
3.489640131,0.109051254,0,0,0,28.24427481,12.75899673,20.39258451,0,0,0,0,29.88004362,0.981461287,4.143947655
5.200239091,0.806933652,0,0,0,55.08069337,0.448296473,10.81888822,0,0.089659295,10.63956964,9.294680215,1.285116557,0.059772863,6.276150628
2.638986629,1.695348986,0.358262427,0.01919263,6.605463502,49.43381741,1.545006717,4.436696309,0.591772759,8.092892329,0.15354104,0,3.48346235,0.294286994,19.80525446
5.40433925,1.538461538,0.078895464,0,0,9.743589744,29.90138067,14.00394477,8.481262327,10.69033531,0,0,14.59566075,0.710059172,5.315249267
6.21761658,0,0,0,0,62.1761658,6.21761658,0,0,2.07253886,0.518134715,0,4.663212435,6.735751295,11.39896373
7.64,52.87,33.12,6.37,0,0,0,0,0,0,0,0,0,0,0
0.189873418,0,0.063291139,0,0,38.86075949,13.86075949,14.11392405,4.620253165,15.06329114,2.721518987,0,8.481012658,0.886075949,0.554601875
11.53846154,0,0,0,0,45.67307692,3.605769231,17.30769231,0,0.240384615,0,0,12.25961538,0.240384615,11.21872478
0.328947368,0,0,0,0,26.64473684,0,1.644736842,0,0,11.51315789,23.02631579,10.52631579,6.578947368,19.73684211
6.606217617,1.360103627,0.064766839,0.064766839,0,36.98186528,10.94559585,11.65803109,0.259067358,0.518134715,6.735751295,0,9.909326425,0.518134715,14.37823834
0,0,0,0,0,2.150537634,54.30107527,1.075268817,0,0,0,0,30.10752688,9.139784946,2.143172779
0,0,0,0,0,46.12546125,2.95202952,5.904059041,0,0,0,0,28.41328413,0,16.60516605
0,0,0,0,0,37.29,1.65,18.81,2.31,0.66,0,0,31.02,5.28,2.97
4.942339374,0.205930807,0,0,0,53.99505766,3.830313015,1.400329489,0.494233937,15.23887974,0,0.988467875,13.26194399,2.224052718,2.098526566
4.19325433,1.362003325,0.241299802,0.032173307,0.005362218,39.26215883,21.10568931,10.97645986,12.18832109,7.45348276,1.630114215,0.959836989,0.209126495,0.069708832,0.315482932
0,0,0,0,0,48.75621891,13.93034826,5.970149254,0,0,0,0,3.482587065,0.497512438,27.36318408
8.90052356,5.759162304,1.047120419,0,0,3.664921466,0,4.712041885,0,0,6.282722513,0,6.806282723,1.570680628,61.2565445
6.978119456,0.916617386,0.975753992,0.029568303,0,12.8030751,54.55351863,6.06150207,5.085748078,5.410999409,0.354819633,0,4.730928445,0.502661147,1.679586563
6.300900129,0.300042863,0,0,0.300042863,41.14873553,2.271753108,15.60222889,2.657522503,2.143163309,15.55936562,3.043291899,8.486926704,0.514359194,1.671667381
0.890868597,2.561247216,2.004454343,0.556792873,9.465478842,0.445434298,0.111358575,0.111358575,0,9.465478842,0,0,61.24721604,5.233853007,0.465983225
0,0,0,0,0,47.36842105,0,5.263157895,0,0,0,0,0,34.21052632,13.15789474
0,0,0,0,8.664259928,19.13357401,0,0,0,0,0,34.65703971,22.02166065,1.805054152,13.71841155
0,0,0,0,0,6.874059207,4.816859007,33.2162569,0.602107376,0.351229303,0,0,48.31911691,0.501756147,5.318615153
9.530791789,6.011730205,1.319648094,0,0,32.84457478,10.26392962,1.759530792,0.293255132,27.12609971,1.612903226,0,5.718475073,0,3.519061584
0,5.357142857,1.785714286,0,0,0,0,0,0,0,0,8.928571429,67.85714286,0,16.07142857
0.42462845,0,0,0,0,62.42038217,7.430997877,13.80042463,0,2.547770701,0.42462845,0,4.246284501,0.212314225,8.492569002
0,0,0,0,1.102941176,0,38.23529412,29.04411765,0,0,0,0,15.80882353,0.367647059,15.44117647
3.492333901,4.429301533,1.618398637,0,0,40.71550256,0.681431005,0.425894378,0.425894378,0.340715503,2.044293015,12.26575809,27.51277683,1.107325383,4.940374787
1.609010459,0.56315366,0,0,0,46.90265487,2.011263073,37.40949316,0,0.160901046,0,0,6.03378922,0.080450523,12.11993243
0,0,2.13,0,0,14.89,0,0,0,0,0,67.02,0,0,15.96
48.47352025,22.36760125,9.781931464,0.62305296,1.246105919,0.249221184,0,0.373831776,0,0,0,4.049844237,2.429906542,0.249221184,10.15576324
3.15,1.48,0,0,0,30.43,0.19,3.34,0,0.37,16.88,19.85,16.14,0.74,7.42
1.343784994,0,0,0,0.223964166,46.02463606,1.343784994,20.71668533,0,0,0,0,27.54759239,0.111982083,2.687569989
1.515151515,2.02020202,0.378787879,0,0.126262626,9.217171717,0,0,0,0.757575758,2.777777778,50.25252525,25.75757576,0,7.196969697
1.172400538,0.115318086,0.019219681,0,0,22.69844321,1.018643091,31.98154911,1.306938305,0.672688833,0,0,31.34729963,0.576590429,9.090909091
6.023949169,0.549853372,0.061094819,0.012218964,0.366568915,52.17497556,0.244379277,1.392961877,0.073313783,1.063049853,4.227761486,7.820136852,2.346041056,4.215542522,12.71089356
2.991291178,3.597122302,0.378644453,0,0,2.082544491,0,0,0,0,0.984475577,51.34418781,0.833017796,5.149564559,32.63915184
8.783120707,1.815505397,0.932286555,0.294406281,0.098135427,11.72718351,0.441609421,0.834151129,0.637880275,2.453385672,24.38665358,5.103042198,0.637880275,1.619234544,40.23552502
0,0,0,0,0,44.6685879,0,22.76657061,0,0,0,0,9.221902017,0,23.34293948
2.146485335,0.311322301,0.016385384,0,0.098312305,21.05521874,0,0.245780764,0,0.147468458,2.932983778,46.09208586,0.950352286,10.5030313,8.422133151
3.504693394,5.189051671,1.789630669,0.201772085,1.250109659,4.294236337,0.81586104,3.710851829,0.675497851,1.250109659,19.38766558,16.4224932,1.995789104,14.05386437,6.682298105
7.842414272,2.315852171,0.867912755,0.144652126,0.180106078,12.45142809,0.38006637,2.330033752,0.075162379,0.35028505,0.689224835,0.140397652,12.23870437,2.035056868,52.75992131
1.746967842,1.691331924,0.30043396,0.022254367,0,2.837431846,0,0.033381551,0.044508735,0.289306776,2.381217314,46.86769779,1.068209636,18.31534439,16.94055444
3.155716503,0.672529747,0.672529747,0.155199172,5.431971029,14.12312468,3.905845835,29.07397827,6.647697879,3.181583032,0.232798758,0,21.00362131,1.189860321,17.40771812
4.697781178,0.97551645,0.221882173,0.026778883,0.160673298,35.20657995,16.88599847,9.399387911,2.092578424,1.469013007,11.44223412,8.12165264,0.799540933,0.478194338,2.642698976
2.78,0.86,0.57,0.13,0.05,14.22,6.82,9.28,0.25,0.74,0.56,0.03,10.63,4.22,10.84
2.253930408,0.864317115,0.413531033,0.081961106,0.003725505,41.81506594,1.870203413,8.080619924,0.719022428,1.221965576,2.458833172,0,5.334922882,4.727665599,10.49281444
0,0,0,0,0,0.531561462,40,22.02657807,0.033222591,4.38538206,0,0,22.3255814,1.428571429,9.26910299
1.461818566,2.686157581,0.622724154,0.005277323,0.005277323,5.097894348,0,0.147765054,0.11082379,0.1583197,9.525568632,65.21188453,0.506623041,1.066019315,5.016821465
1.743264659,4.912836767,1.743264659,0,0,40.25356577,0.475435816,0.475435816,0,8.399366086,9.667194929,1.109350238,0.633914422,6.497622821,16.18435155
11.87660041,8.876966224,4.438483112,0.195098159,0,10.63284965,0.134129984,0.938909889,0,2.109498842,14.90062188,22.02170467,0.426777222,1.219363492,6.845312981
10.06397815,36.12249299,27.17992955,10.90503918,0.797929696,0.301919344,0.150959672,0.050319891,0,0.201279563,0.517576019,0,1.006397815,4.996046294,7.706131838
3.540361336,2.792140641,2.487985887,0.638724983,0.091246426,4.258166555,0.097329521,0.042581666,0.01216619,0.535312367,11.34497232,65.50276781,0.35890261,7.232800049,4.410866911
3.09976247,2.779097387,1.342042755,1.318289786,0.035629454,10.76009501,0.368171021,0.712589074,0.154394299,1.306413302,13.15914489,42.9216152,3.25415677,12.14964371,13.5173417
2.51,1.13,0.28,0.06,0,0.05,0,0.13,0.01,1.04,0.97,65.99,1.04,2.17,3.97
1.973143327,0.822143053,0.191833379,0,0,28.994245,0.027404768,1.123595506,0.493285832,0.246642916,7.070430255,1.315428885,12.52397917,17.29240888,16.88299648
0,0,0,0,0,0.423280423,47.1957672,18.51851852,0.105820106,22.64550265,0,0,3.174603175,0,7.936507937
3.101069896,0.187367621,0.062455874,0.008146418,0,1.15950687,0,0,0,0.464345843,1.420192255,74.33878238,0.005430946,9.463422582,8.207746245
5.152721455,1.491870977,0.695710406,0.115331672,0.018601883,13.07340303,0.431563674,0.401800662,0.465047063,1.726254697,12.37769262,35.04222627,0.777558689,7.399828863,10.73228046
1.410520129,1.116661769,0.14692918,0.117543344,0,0.764031737,22.09814869,31.29591537,5.759623861,0.088157508,0,0,17.74904496,1.381134293,13.80181251
2.354874042,0.21905805,0.027382256,0,0,9.556407448,0,0.164293538,0,0,0,69.93428258,2.081051479,13.82803943,1.834611172
5.256241787,5.420499343,0.985545335,0.032851511,0,7.982917214,0,2.266754271,0.065703022,0.065703022,30.02628121,18.46254928,0.131406045,3.975032852,25.32851511
5.97872952,0.689853406,0.086231676,0.028743892,0,26.61684392,8.22075309,15.23426272,0.086231676,0.661109514,5.030181087,0,1.63840184,0.459902271,9.858786611
3.046197297,1.34153722,0.312689126,0,0.141214444,17.40972362,6.858987291,25.02521687,4.256606819,2.491426266,0.242081904,0,22.51361711,0.242081904,11.05263158
5.301744096,1.744096311,0.409013737,0.046303442,0.00771724,29.17116839,0.100324124,0.864330915,0.115758605,2.816792715,13.52832227,10.61120543,13.6672326,8.09538509,3.222837665
2.069917203,0.04599816,0.04599816,0.04599816,0,8.877644894,12.46550138,33.30266789,3.449862006,0.2299908,0,0,17.61729531,0.18399264,21.66513339
2.356286817,0.101564087,0,0,0,0,22.38472476,35.05992281,0,0.223440991,0,0,20.25187894,1.117204956,10.66825121
0,0,0,0,0,3.549060543,6.889352818,60.54279749,0,0,0,0,2.087682672,0,26.93110647
3.685956506,1.326944342,0.258016955,0.07371913,0,1.769259123,0,0.29487652,0,22.0420199,22.70549208,23.03722816,0,5.344636933,10.26078064
0.256696891,0.1200679,0.041402724,0,0.372624519,41.23297313,0.823914214,1.639547882,0.318800977,0.451289695,2.020452946,0,8.14391587,11.7583737,32.61616492
0,0,0,0,0.045620438,19.61678832,0.22810219,44.84489051,0.136861314,0.319343066,0,0,10.85766423,2.782846715,21.16788321
1.966843241,2.472042378,0.750441436,0.014714538,0,4.483029233,0,0.210908377,0.068667844,0.250147145,5.449283892,54.04649794,1.329213263,5.159897979,18.01542992
4.631441618,0.456621005,0.065231572,0,0,18.4605349,0.130463144,0,0,1.630789302,3.261578604,44.1617743,0,2.022178735,14.63815789
2.690763052,2.851405622,0.602409639,0.040160643,0.040160643,11.76706827,0.281124498,12.65060241,1.285140562,1.204819277,15.58232932,13.25301205,1.164658635,5.702811245,30.88353414
11.0468231,5.925211615,3.921568627,1.403621558,0,23.51333976,2.41615772,7.934211936,0.648237437,0.653594771,11.79149255,1.928640309,13.83799421,1.885781635,2.989217995
2.398190045,0.045248869,0,0,0,3.257918552,17.28506787,44.43438914,1.764705882,0.407239819,0,0,3.800904977,0.226244344,26.3800905
5.125535115,1.839639014,0.798333912,0.347101701,0.057850283,19.59967604,0.474372324,0.890894365,0.127270624,0.485942381,36.75807011,18.29225963,3.586717575,10.37834085,1.334088478
4.034606457,2.692551171,1.008651614,0.24055708,0.008440599,16.09200253,0.021101498,0.392487867,0.282760076,0.426250264,15.22684111,31.23443765,0.806077231,3.224308926,9.011532887
4.843953186,0.942782835,0.097529259,0.065019506,0.22756827,23.60208062,3.99869961,0.715214564,0.617685306,1.430429129,6.176853056,33.45253576,0.162548765,2.210663199,21.45643693
1.546906188,0.299401198,0.066533599,0,0,6.28742515,22.50499002,32.90086494,1.979374584,4.208250166,0,0,17.74783766,0.715236194,12.59259259
2.713178295,0.387596899,0.096899225,0,0,11.77325581,13.08139535,36.3372093,0.145348837,0.096899225,0,0,14.24418605,0.048449612,9.580926995
1.986941493,1.77698118,0.504416848,0.020483933,0.020483933,7.947765971,0.115222123,8.728715913,0.642683395,1.013954679,12.89719626,20.83215977,1.349379081,7.20010242,14.27047023
13.34558029,5.72725308,2.398962611,0.367408688,0.15128593,6.969958937,0.064836827,0.324184137,0,1.188675167,3.479576399,4.084720121,1.32915496,3.771342122,21.43776358
23.58024691,32.5308642,17.03703704,3.868312757,0.061728395,1.316872428,0,0.226337449,0,0.49382716,1.58436214,0,0.061728395,6.21399177,13.02469136
2.377717391,0.772758152,0.288722826,0,0,4.424252717,0.084918478,0.382133152,0.059442935,0.747282609,3.872282609,48.87907609,0.212296196,3.057065217,23.23393398
3.744310255,1.821423035,0.405152126,0.101464185,0.073984301,3.921167966,7.05E-04,1.132312115,0.116965657,2.013782218,14.20357661,26.74920026,0.500979411,5.92790406,5.04232446
4.093567251,1.169590643,0,0,0,5.847953216,0,0,0,7.602339181,28.07017544,38.01169591,0,4.678362573,1.359832636
6.387665198,0.176211454,0.044052863,0,0,73.03964758,3.348017621,7.04845815,1.101321586,0.220264317,0,0,6.519823789,0.440528634,5.012890289
2.166666667,0.166666667,0,0,0,0.833333333,0,0,0,0,3.5,41,2.666666667,28.33333333,21.33333333
0,0,0,0,0,6.25,14.6484375,45.078125,0,1.6796875,0,0,6.5625,10.4296875,8.405977584
6.990881459,0.455927052,0,0,0,0.911854103,0,1.063829787,0,0,0.303951368,40.5775076,4.407294833,32.67477204,12.61398176
2.162271395,1.364049712,0.434475093,0.010104072,0,24.29018895,0.212185511,0.404162878,0,0.474891381,6.608063049,41.49742346,7.173891078,9.518035768,12.13144272
1.448400724,1.870850935,0.724200362,0,1.870850935,2.232951116,0,0.543150272,0,0.181050091,7.664453832,56.72902836,1.569100785,8.207604104,13.46309813
0,0,0,0,0,6.349206349,0,0,0,0,7.936507937,66.13756614,0,4.761904762,14.81481481
2.898550725,5.253623188,1.268115942,0.362318841,0,0,0,0,0,0,0,53.07971014,0,5.072463768,28.19188192
0.091743119,0.183486239,0,0,0,2.752293578,3.76146789,9.082568807,0.642201835,45.59633028,0,0,17.79816514,11.9266055,4.983388704
6.51465798,0,0,0,0,2.605863192,0,0,0,0,15.63517915,31.9218241,8.469055375,28.01302932,16.90725529
0.490196078,0,0,0,0,29.41176471,0,0.490196078,0,0,31.8627451,0,6.37254902,8.823529412,22.54901961
20.63037249,7.163323782,0.286532951,0,0,0,0,0,0,0,20.91690544,0,38.68194842,1.719197708,10.6017192
2.427745665,0.554913295,0.138728324,0,0,51.46820809,0.578034682,3.23699422,0.161849711,1.664739884,22.24277457,1.341040462,2.566473988,4.069364162,11.04915794
1.33744856,0.720164609,0.102880658,0,0,23.7654321,0,1.646090535,0,0.720164609,18.82716049,19.13580247,6.893004115,7.716049383,19.13580247
0,0,0,0,0,0,22.08737864,22.33009709,0,3.155339806,0,0,34.95145631,1.82038835,5.715551617
1.629132726,1.389554384,0.143747005,0,0.023957834,0.335409679,0.023957834,0.886439866,0,0.407283182,42.16578821,43.29180642,0.239578342,4.288452324,8.082991139
0,0,0,0,0,50.54432348,0,0,0,0.622083981,0.311041991,0,9.33125972,18.97356143,17.00088731
2.708803612,0.39503386,0,0,0,26.91873589,0.112866817,0.225733634,0,0.225733634,2.652370203,30.36117381,0.112866817,3.611738149,32.67494357
0.918635171,1.732283465,0.157480315,0.026246719,0,3.175853018,0,0,0,3.254593176,0.209973753,68.8976378,0.052493438,15.11811024,7.90792649
0,0,0,0,0,75.55555556,0,0,0,0,0,0,0,0,24.44444444
2.283105023,1.217656012,0.304414003,0,1.826484018,12.63318113,0.304414003,21.30898021,29.8325723,1.97869102,2.587519026,0,12.48097412,0.304414003,12.93759513
5.931890375,3.095220507,0.73132895,0.059097289,0.059097289,22.42003398,2.533796262,1.078525523,0.036935806,1.78769299,12.91275763,21.77735096,1.632562606,12.3291719,9.770351228
2.371998843,1.388487128,0.274804744,0,1.214926237,2.80590107,0.014463408,1.619901649,0.043390223,0.578536303,17.60196702,51.17153601,3.124096037,7.593288979,11.34280781
0.436009233,0.333418825,0,0.051295204,0,0.153885612,48.16619646,21.80046166,0.153885612,0,0,0,4.590920749,0,24.31392665
2.545655783,0.276701716,0,0,0.055340343,0,0,0,0,0,61.64914222,20.9186497,0,8.522412839,8.376963351
0.921187308,1.53531218,0,0,0,12.1801433,0,0.614124872,0,0.204708291,8.700102354,62.02661208,0.818833163,7.983623337,6.266318538
4.344473008,0.899742931,0.334190231,0.051413882,0,17.19794344,0.257069409,0.925449871,0,4.395886889,9.151670951,39.28020566,2.005141388,7.814910026,19.65639994
0.088105727,0,0,0,0,36.03524229,3.480176211,14.71365639,3.876651982,9.647577093,2.378854626,0,5.022026432,4.801762115,19.95594714
7.928388747,2.557544757,0.383631714,0,0,14.06649616,2.685421995,15.47314578,0,0.383631714,0.767263427,0,26.98209719,0.127877238,28.64450128
3.118503119,1.559251559,0.103950104,0,0,10.4989605,0.103950104,0.311850312,0,0,5.821205821,49.27234927,0.207900208,0.103950104,28.8981289
2.055369128,0.838926174,0.041946309,0.008389262,0.125838926,27.69295302,6.048657718,10.26006711,0.243288591,0.704697987,2.525167785,0,26.24161074,7.734899329,15.47818792
2.78931215,2.960823253,0.749232713,0.090269002,0.0090269,4.802310886,0.388156707,0.640909912,0.785340314,0.776313414,3.962809171,58.09712945,0.297887705,5.605705001,15.34140017
4.143267191,0.886060152,0.124797205,0,0.01247972,46.02520904,0,0.923499314,0.024959441,2.183951079,12.09284912,2.221390241,9.010358168,10.33320854,12.0179708
0,0,0,0,0,0,31.06060606,35.41666667,0,0,0,0,4.924242424,0,28.59848485
3.372868792,2.038547072,0.444773907,0,0.148257969,1.704966642,0,0.630096368,0,0.33358043,2.891030393,63.63973314,0,2.075611564,22.72053373
6.341463415,1.951219512,0.243902439,0,0,20.24390244,3.170731707,10.97560976,0.487804878,4.87804878,10.24390244,18.29268293,8.780487805,7.073170732,7.317073171
0,0,0,0,0,63.98176292,0,1.823708207,13.98176292,0,0,0,7.902735562,1.823708207,9.228971963
1.214574899,0.4048583,1.619433198,0,0.809716599,20.44534413,0,1.417004049,0,11.94331984,12.34817814,21.05263158,0.4048583,0.607287449,27.73279352
3.412462908,7.678041543,1.224035608,0.037091988,0,2.37388724,0,0.074183976,0,1.112759644,17.09940653,47.1810089,0,2.37388724,21.55688623
0.652528548,1.957585644,0.081566069,0,0,9.624796085,2.365415987,3.262642741,0.081566069,0,0,0,53.83360522,6.60685155,15.63774024
8.22,1.37,0,0,0,39.27,0,0,0,4.11,3.65,5.02,0.91,9.13,28.31
0,0,0,0,0,0.382653061,2.806122449,53.82653061,0,0.382653061,0,0,16.32653061,3.18877551,18.10888252
3.441236512,0.291630213,0,0,0,59.40507437,0.174978128,1.458151064,0,0.583260426,0,0,9.332166812,11.89851269,12.5724669
3.567101898,3.230582851,0.874949522,0.053843048,0.013460762,10.45901198,1.171086283,20.50074034,1.238390093,0.821106475,7.5918697,1.184547045,0.390362094,2.369094091,17.00331779
0,0,0,0,0,79.06626506,0,2.560240964,0,0.301204819,0.451807229,1.355421687,0,0,16.26506024
2.597402597,0.831168831,0.363636364,0,0,33.81818182,0.623376623,12.57142857,5.922077922,1.090909091,0,0,24,0.467532468,17.71428571
2.660332542,0.570071259,0.047505938,0,6.793349169,30.40380048,0,0,0,1.045130641,6.365795724,11.68646081,5.225653207,29.97624703,11.0100091
0,0,0,0,0.074294205,17.90490342,0.29717682,1.708766716,0,0,0,24.36849926,3.268945022,35.66121842,12.37113402
3.776567715,0.966098718,0.263481468,0.017565431,0.122958019,7.834182329,0.035130862,0.035130862,0,2.511856666,10.36360443,47.83066924,1.106622168,17.31951519,12.72524803
3.225806452,0.496277916,0.082712986,0,0,0,0,0,0,0,0,65.34325889,0,2.398676592,28.45326716
0,0,0,0,0,7.726075505,19.13959614,7.638279192,0,2.458296752,0,0,14.74978051,5.092186128,8.093875215
6.414300736,12.61829653,13.14405889,3.785488959,0,1.787592008,0.105152471,2.313354364,0,0,4.311251314,24.50052576,0.420609884,11.56677182,19.03259727
3.232998885,0.334448161,0,0,0,49.1638796,0.22296544,7.915273133,1.895206243,2.341137124,0.22296544,0,6.46599777,1.560758082,10.97228514
0,0,0,0,0,40.05602241,0.504201681,5.490196078,0,0.224089636,0,0,6.218487395,11.03641457,36.47058824
0.062227754,0.062227754,0.062227754,0.124455507,0.186683261,1.804604854,0,0.373366521,0,0.062227754,0,46.17299315,1.182327318,8.960796515,27.93369864
0,0.396825397,0,0,0,9.325396825,0,0,0,0,26.78571429,6.349206349,3.373015873,44.64285714,9.126984127
0,0,0,0,0,41.48606811,0.309597523,11.76470588,0.619195046,0.92879257,0,0,5.572755418,0,39.31888545
4.416884247,1.588337685,0.261096606,0.152306353,0.609225413,75.2175805,0,1.610095735,0.02175805,0.195822454,6.418624891,0.761531767,0.130548303,0.02175805,8.594429939
8.741258741,0.699300699,0.34965035,0,0,0,0,0,0,0,0,26.22377622,24.47552448,6.293706294,33.21678322
4.104264064,2.941067168,0.650349702,0.10702898,0.083244762,18.99764388,0.00222977,0.168719294,0.584199847,0.295072951,38.71401708,9.138342389,1.129007083,0.328519507,5.978596743
8.335200538,6.497871387,3.181716334,1.120322653,1.680483979,48.71162895,0.156845171,0,0.201658078,0.694600045,13.84718799,0,0.313690343,0,11.74849268
18.37,2.23,0.29,0,0,62.84,2.87,3.19,2.1,0.38,3.59,0,0.18,0.04,3.92
0.99378882,0.279503106,0,0,0,0.714285714,0,0,0,0.031055901,0.217391304,13.94409938,71.89440994,1.552795031,10.37267081
1.080108011,0,0,0,0,8.820882088,0,0,1.530153015,1.170117012,27.18271827,50.76507651,0.270027003,0,9.180918092
4.449007529,1.300479124,0.205338809,0,0,7.871321013,0,2.943189596,0,0.342231348,76.79671458,0,0,0,1.156530409
18.29114809,8.87987694,1.076772479,0.083904349,0,44.69304992,0.013984058,1.789959446,0.279681163,1.370437701,5.719479793,0,0.097888407,0.223744931,3.404653712
4.18407647,0.59241028,0.326254937,0.085856562,0.446454124,66.37570832,0.24326026,1.628412798,0.460763551,1.08465457,1.058897602,0.520863145,0.183160666,0.575238967,0.596326867
0.16,0,0,0,0,13.84,0,1.87,0,0.16,60.03,6.53,0,0,17.42
26.61996497,1.284296556,0.525394046,0,0.350262697,57.20957385,0,0,0,1.109165207,0.408639813,0,0,0,8.550434202
3.866976025,0.966744006,0.348027842,0.01933488,0.05800464,68.1941222,1.334106729,4.118329466,0,0.212683681,3.19025522,0,0.154679041,0.212683681,1.322823942
2.636560768,0.597184456,0.200495646,0.043024817,0.166936289,58.94055691,0.039582831,0.394107321,0.337314563,0.342477541,0.804564073,0.360547964,3.791346849,1.710666713,1.388580634
1.036612263,1.047640053,0.281208646,0.038597265,0.545875607,11.7280547,0.08822232,1.70379356,0.12130569,0.468681076,23.94684605,5.795103661,12.7260697,1.819585355,2.364221465
0.27,0.63,0.9,0.96,0.22,1.88,0,0.08,0.01,0.23,0.06,0,0.3,0.09,2.33
2.985074627,1.054051775,0.075891728,0.008432414,0.008432414,16.72990977,0,0,0.573404166,0.10118897,63.32743064,9.01425078,0.236107598,0.016864828,5.868960283
1.803174603,2.793650794,0.431746032,0.076190476,0,15.93650794,0,0.533333333,0.13968254,0.152380952,35.47936508,25.62539683,0.342857143,0.546031746,5.699566604
9.583229349,24.33241827,20.95707512,8.092088845,0.018717245,5.228350387,0,3.612428251,0.074868979,0.5428001,8.285500374,6.145495383,0.124781632,0,2.190847426
4.09263122,4.700523605,1.073602656,0.085990379,1.36222383,41.35030437,4.388063514,1.833042442,0.297986463,0.704099442,8.91830914,0.034055596,1.358818271,0.142182112,2.072627603
9.328968903,3.109656301,0.327332242,0,0,25.69558101,0,0.327332242,1.47299509,8.510638298,12.60229133,0,0,0,5.18363064
5.987261146,7.813163482,2.929936306,2.590233546,0,4.925690021,0,9.639065817,0,0.33970276,36.73036093,10.57324841,0.67940552,0.08492569,2.295382294
9.001139385,11.88758071,0.683630839,0,0,6.950246867,0,2.772502848,0,0.189897455,39.80250665,16.44511964,0.835548804,0,11.43182681
35.03649635,7.299270073,0.729927007,0,0,51.09489051,0,0,0,0,0,0,0,0,5.839416058
0,0.352112676,0,0,0,1.584507042,0,0.176056338,0,0.176056338,10.56338028,0,66.72535211,0.528169014,19.8943662
0,0,0,0,0,14.0625,0,2.34375,0,0,0,61.71875,0,0,21.875
3.277439024,5.945121951,2.820121951,0.533536585,0,5.945121951,0.381097561,1.219512195,0,0.381097561,55.6402439,20.04573171,0,0.076219512,3.734756098
0.200803213,0.401606426,0.401606426,0,0,5.62248996,0,1.204819277,0,0.401606426,83.93574297,0,0,0,7.831325301
6.392694064,14.15525114,4.566210046,1.369863014,0,0,0,0,0,0,42.46575342,3.424657534,3.881278539,12.55707763,11.18721461
0.168918919,0,0,0,0,77.7027027,3.209459459,9.628378378,0,0,4.72972973,0,0,0,4.560810811
5.17,2.77,0.27,0,0,59.59,0,1.34,0.27,2.32,27.56,0,0,0,0.71
6.439393939,1.893939394,0,0,0,2.272727273,0,0,0,0,42.42424242,0,38.63636364,0,9.773887673
0,0,0,0,0,0.487804878,0,2.195121951,0,0.243902439,5.12195122,81.46341463,0.731707317,0,3.726027397
0,0,0,0,0,9.722222222,0,0,0,0,85.87962963,3.240740741,0,0,1.157407407
4.371584699,1.967213115,0,0,0,22.62295082,0,1.092896175,0.546448087,0.218579235,49.3989071,1.967213115,2.732240437,0,1.506688226
7.648953301,46.1352657,19.88727858,0.644122383,0,0.322061192,0,0.080515298,0,0.161030596,0.080515298,0,0.080515298,0.080515298,10.67493113
6.79,1.25,0.36,0,0,56.07,0,0,0,0,30.36,1.43,0,0,3.75
1.125275977,0.50922299,0.220781996,0,3.617975928,19.54632861,0.042731999,8.407520832,0.128195997,0.010683,0.096146998,37.11630226,24.41065451,0.911615982,3.856562923
1.200747343,0.321309993,0.108293368,0.071402221,0.082112554,9.660720448,1.150765789,17.42809201,0.948459497,0.259428068,2.096845212,2.42410539,4.64114434,1.104354345,2.92727735
19.21824104,8.794788274,0,0,0,15.63517915,12.37785016,7.491856678,1.954397394,0.977198697,14.65798046,0,1.628664495,0,11.75088132
0.233190828,0.038865138,0,0,0,28.41041586,18.88845705,21.88107268,0.155460552,15.00194326,2.331908278,0,1.088223863,0.155460552,8.181330472
0.219538968,0.54884742,0.036589828,0,0.18294914,0,0,0.036589828,0,0,0,26.05195756,38.19978046,0.512257592,31.82437032
20.03200854,8.322219258,6.881835156,2.747399306,0,0.346759136,23.39290477,4.587890104,1.520405441,1.60042678,3.334222459,0,1.387036543,0.453454254,13.13052319
0,0,0,0,0,0,0,0,0,0,0,0,70.52529183,6.225680934,23.24902724
5.715826368,1.725532489,0.134807226,0.080884335,0,0.620113238,41.54758695,13.26503101,7.063898625,4.772175789,12.64491777,0,2.561337288,0.269614451,5.910050333
1.604831824,0.501694858,0.103551171,0.062553361,0.754866905,19.94480089,3.716007743,3.958613344,0.758670826,0.396030398,2.644570115,0.956052038,5.148395168,5.536395067,3.896179889
3.319502075,9.128630705,0,0,0,7.468879668,11.2033195,48.13278008,0,1.659751037,3.319502075,0,5.394190871,2.489626556,7.883817427
9.148264984,1.640378549,0.063091483,0,0,47.94952681,10.57833859,11.18822292,2.418506835,0.294426919,1.093585699,0,0.967402734,0.063091483,14.59516299
3.909952607,0.710900474,0.236966825,0,0,35.30805687,7.227488152,6.398104265,0.236966825,0.947867299,19.43127962,0,0,0,21.68209877
0.397614314,0,0,0,0.198807157,0.994035785,0,12.32604374,2.982107356,2.385685885,68.58846918,0,0,0,12.12723658
10.09174312,8.256880734,2.752293578,0,0,0,0,6.422018349,0,0,4.587155963,0,46.78899083,16.51376147,4.587155963
3.116147309,0.566572238,0,0,9.065155807,0,1.983002833,0,0,0,10.4815864,0,66.00566572,1.699716714,1.200784186
26.13636364,2.5,0,0,0,17.5,10.22727273,6.818181818,6.590909091,1.136363636,6.136363636,0,0,0.227272727,22.72727273
3.02,2.62,0,0,0,39.44,6.04,4.02,0.6,0,40.85,0,0.6,0.2,2.62
0.729927007,0,0,0,0,0,0.729927007,17.51824818,0,0,64.96350365,0,0,0,16.05839416
3.256985332,2.035190416,0.592179151,0.057856584,0.010209985,0.010209985,0.023823299,0.003403328,0,0.023823299,0.013613314,36.00381173,10.96892761,0.408399415,13.19954457
0,0,0,0,0,0,0,0,4.590818363,14.42115768,0,68.21357285,0,0,2.088872009
3.4643944,1.273280584,0.116859404,0.002434571,0,0.204503956,22.01095557,0,67.67620207,0.732805843,0.014607425,0,0.004869142,0,2.45546078
0,0,0,0,0,0,0,0,3.761533002,68.13342796,0,18.66572037,0.354861604,0.993612491,0.632538084
0,0,0,0,0.092190175,0,0,0,57.75055973,13.03832477,0,0,0.013170025,3.160806006,20.92478783
0.560153229,0.283088191,0.010841675,0.001204631,0,0,0.013250937,0,12.55104622,59.24614217,0.003613892,4.042740294,0.028911134,0.616770867,18.38302864
0.97657281,0.658262862,0.459781037,0.008973912,0.092378509,0.154140141,47.67734034,0.004750895,12.46370844,1.282213706,0.003167263,0.06967979,0.006862404,0.005278772,3.747650049
0.014150276,0,0,0,0.443375312,0,0,0,37.86613839,31.96547333,0.014150276,0,0,0.929201453,2.975009788
2.545155993,0.65681445,0.246305419,0.246305419,0,14.77832512,0.410509031,0.574712644,28.48932677,24.22003284,0,0,0,0.246305419,1.34595415
0,0,0,0,0,0,0.403551251,0,7.748184019,80.3874092,0,0,0,0.726392252,2.679802956
0.650329877,0.037700283,0.037700283,0,0.14137606,0,0.367577757,0,32.42224317,34.7596607,0.508953817,0.329877474,1.187558907,1.536286522,0.536379869
0.043327556,0,0,0,0.187752744,0,0,0,1.487579434,63.08492201,0,22.86250722,0.043327556,1.834199884,2.20680569
0,0,0,0,0,0,0,0,0,5.633802817,0,55.28169014,0.704225352,4.929577465,1.236198924
0.063131313,0.015782828,0,0,1.073232323,0,0,0,3.235479798,60.22727273,0.631313131,4.387626263,0.031565657,9.438131313,20.89646465
0,0,0,0,3.793681187,0,0,0,43.11871709,33.32934418,0,1.436093825,0.035902346,13.1163236,0.446497958
0,0,0,0,0,0,0,0,0.684931507,58.56164384,0,0,0.342465753,1.712328767,38.69863014
0,0,0,0,0,0,0,0,26.34238787,65.12950095,0,0,0,0.789639924,1.066461214
2.690326274,0.801373784,0,0,0,0,0,0,2.175157413,67.31539782,17.45850029,5.724098454,0.114481969,0.515168861,0.545713382
0,0,0,0,0,0,0,0,25.17680339,70.72135785,0,0,0,0.848656294,0.768757688
0,0,0,0,0,0,0,0,35.51654288,40.37812289,0,3.308575287,0.337609723,0.135043889,20.32410533
0.088836245,0,0,0,0,0,0,0,6.159313,57.65472313,0,11.3414273,0.029612082,0.562629553,2.023214698
0.709579321,0.91231627,0.253421186,0,0.608210846,0,0,0,8.362899138,33.19817537,0,0,0,0.253421186,2.003808343
2.036682795,0.247552605,0,0,0,0,0.168785867,0,83.86407112,5.086080792,0.371328907,0,0.10127152,1.046472375,7.077754023
1.458779443,0.160599572,0.160599572,0,0,0,2.181477516,0,22.84528908,41.51498929,0,21.18576017,0.669164882,0.267665953,6.630166255
1.555909645,0.524885181,0.060924173,0.018745899,0,0,0,0,0.71703065,26.63792295,23.18867748,43.41550286,0.168713094,2.460399288,1.251288781
0.006642753,0,0.006642753,0.006642753,0.352065896,0,0.019928258,0,7.028032417,48.30609805,0,0,0.830344095,0.710774545,41.02940239
0.019011407,0.001520913,0,0,0.004562738,0,0.014448669,0,17.31178707,65.41444867,0.308745247,13.34828897,0.036501901,1.468441065,1.937924753
0.584469802,0,0,0,0,0,0,0,13.35930977,73.08655719,0,3.785137768,0.389646535,1.642081826,0.22900213
2.028762198,0.404468413,0.019260401,0,0,0,0,0,0.83461736,28.77503852,1.553672316,61.33795583,0.012840267,1.328967643,3.751310452
0.227272727,0,0,0,0,0,0,0,40.68181818,47.5,0,0,0.681818182,0,2.297460701
0.67491054,0.244598451,0.022648005,0,0.009059202,0,0,0,0.104180822,57.24509671,1.802781175,24.29224985,0.036236808,11.69995923,1.283629655
0,0,0,0,0,0,0,0,2.710151585,80.33991732,0,0,0,3.904455673,13.04547542
0,0,0,0,0,0,0,0,7.047134935,52.95748614,0,0,0.600739372,3.188539741,5.323000914
3.504672897,0.23364486,0.700934579,0,2.570093458,0,0,0,0,29.20560748,0.934579439,53.27102804,1.635514019,4.439252336,0.032611486
3.360786397,3.294367694,1.195536663,0.252391073,0.292242295,0,0,0,1.288522848,67.94633369,1.354941552,7.186503719,0,0.265674814,13.45683777
0.163158753,1.533692283,0.179474629,0,0.016315875,0,9.251101322,0,45.22760646,19.28536466,0.163158753,0,0.081579377,0.358949258,0.700981856
1.545988258,0.254403131,0.019569472,0,0,0,0.097847358,0,68.72798434,6.418786693,0.450097847,0,0.11741683,3.228962818,1.132701675
0,0,0,0,0,0,0,0,55.63096501,41.14528102,0,0,0,0.042417815,0.733064751
0,0,0,0,0,0,0,0,53.57142857,41.96428571,0,0,0,1.785714286,0.085445742
0,0,0,0,0,0,2.813299233,0,2.301790281,88.61892583,0,0,2.301790281,2.685421995,1.448808757
0.76095513,0,0,0,0,0,0,0,0.813434794,95.93282603,0,0.026239832,0,0.839674626,1.626869588
0,0,0,0,0,37.93103448,9.195402299,2.298850575,0,37.93103448,0,0,2.298850575,0,10.34482759
4.761904762,0.099206349,0,0,0,0,0,0,2.380952381,33.33333333,0.099206349,0,0,29.16666667,6.719726398
0,0,0,0,0,0,0,0,7.457627119,62.54237288,0,0,0,3.559322034,0.847494271
0,0,0,0,0,0,0,0,16.37,72.57,0,0,0.88,0.88,9.29
0.231910946,0.371057514,0.046382189,0,0.788497217,0.278293135,1.576994434,0.046382189,76.06679035,6.910946197,0,0,0.695732839,3.988868275,2.927619916
0,0,0,0,0,0,0,0,53.48101266,5.696202532,0,0,0.316455696,34.81012658,0.166327851
0.649350649,0,0,0,0,0,24.67532468,0,25.64935065,0,0,0,0,0,49.02597403
10.89,1.98,0,0,0,0,65.35,0,0,0,0,0,21.78,0,0
0,0,0,0,0,0,0,0,7.76,66.38,0.86,8.62,0,0,16.38
7.219662058,1.689708141,0,0,0,27.34254992,11.98156682,20.73732719,0,0,11.52073733,0,0.307219662,0,2.687392965
14.89361702,7.345491388,2.33029382,0.582573455,0,21.16261398,16.66666667,14.22239108,1.000506586,0.721884498,12.01874367,2.950861196,0,0,1.017628097
5.357917162,2.829779613,0.691891484,0.20172313,0.005655789,13.73791075,35.69368248,16.10014517,1.883377637,0.961484079,4.600041476,0.145165243,0.699432536,0.005655789,1.333285753
10.03554826,0.574241181,0.027344818,0,0.027344818,34.59119497,1.968826907,5.19551545,0.027344818,1.695378726,25.64943943,3.992343451,0,0.027344818,3.87670919
11.87,11.12,3.67,0.89,0.03,31.27,9.06,7.27,0.7,2.54,6.1,0,0.73,0,2.02
16.8502652,22.76621787,10.44471644,1.876784986,0.305997552,9.710322317,8.221134231,6.56874745,4.834761322,7.731538148,0.326397389,0.713994288,6.833945328,0.101999184,2.355236885
15.42,8.74,3.73,1.37,0.07,15.76,10.16,16.42,0.6,2.84,9.61,0.02,0.37,0.02,3.08
6.45,3.1,0.67,0.21,0.02,28.18,13.23,7.58,1.99,3.17,7.69,1.96,1.01,0.13,1.01
10.35812113,3.347874607,0.273917013,0,3.489905651,0.162321193,62.76757634,0.131885969,4.20006087,4.017449528,0.030435224,0,4.646444151,0.050725373,1.835238772
14.88095238,3.64481409,1.178245271,0.118232224,0.065231572,31.58431181,5.369373777,7.049086758,0.309849967,2.96803653,9.425962166,0.399543379,0.260926288,0.044846706,4.467563651
6.49,2.72,0.55,0.14,0.15,13.72,24.68,19.77,0.77,1.85,4.62,0.6,5.8,1.42,3.04
17.91623344,15.26829709,2.602730437,0.89281678,0.027123548,9.693277881,5.330907283,14.67835993,1.141449302,1.127887528,12.36268704,0.563943764,0.064418426,0.021472809,1.576159994
14.50980392,11.11111111,8.62745098,1.786492375,0,0.348583878,38.25708061,0.043572985,4.662309368,3.355119826,0.871459695,2.047930283,4.618736383,0.087145969,0.600795371
5.806451613,1.146953405,0.143369176,0,0,16.4874552,22.86738351,19.78494624,0,2.795698925,8.100358423,6.594982079,1.362007168,0.071684588,2.184443409
7.49,3.46,0.84,0.11,0.04,37.14,3.46,8.32,1.55,2.96,23.48,2.46,0.64,0.06,2.63
1.11824887,0.150686018,0,0,0,0,0.023792529,0,0,0.023792529,0,0,64.06535015,0.087239274,34.53089063
10.93212002,6.074766355,1.352680767,0.147565175,0.012297098,31.05017216,9.776192818,6.3944909,0.049188392,0.504181013,5.017215937,0.012297098,0,0,2.857711047
18.42105263,11.40350877,0,0,0,0,13.15789474,0,0,0,12.28070175,14.03508772,6.140350877,6.140350877,18.42105263
43.48374882,3.029346797,0.441779741,0.031555696,0.031555696,20.41653518,0.410224045,20.85831493,0.157778479,0.126222783,0.631113916,0,0,0,10.38182392
34.59657702,16.38141809,4.156479218,0.855745721,0.122249389,3.422982885,17.3594132,2.93398533,0,0.611246944,1.344743276,0.122249389,0.488997555,0,1.470829236
11.64510166,5.637707948,0.277264325,0,0.092421442,0.554528651,27.17190388,4.251386322,9.334565619,7.3012939,7.578558226,10.99815157,9.796672828,1.386321627,3.963083605
40.64039409,12.06896552,5.665024631,0.738916256,0,34.72906404,0.246305419,0.246305419,0,1.724137931,0,0,0,0,1.992252352
7.996982271,1.546586194,0.264051301,0,0.037721614,25.04715202,9.619011694,15.16408902,2.565069785,4.262542437,21.57676349,8.638249717,0,0,3.28178046
23.17969272,11.45624582,6.412825651,1.169004676,0,0,42.21776887,1.67000668,0.901803607,0.901803607,0.801603206,0,2.772211089,0.033400134,5.079928952
2.82023406,1.784229712,0.26859372,0.031975443,0.095926329,9.144976658,9.669373921,11.00594743,0.243013366,1.304598069,4.905032935,13.28899405,4.156807572,0.025580354,3.096197241
0,0.481927711,0,0,0,0,0,0,0,0,0,89.39759036,0.240963855,0,9.879518072
6.98,3.13,0,0,0,48.57,10.29,8.41,0.45,3.13,15.03,2.42,0,0,1.61
1.404494382,1.404494382,0,0,0,1.404494382,0,0,0,0.280898876,57.30337079,32.58426966,0.561797753,0,5.056179775
4.156479218,0.855745721,0.162999185,0,0.081499593,26.89486553,32.19233904,18.01140994,3.219233904,2.28198859,1.996740016,0,0,0,3.368522846
10.92436975,14.70588235,9.663865546,5.462184874,0,5.462184874,22.68907563,9.243697479,0,1.260504202,10.92436975,0,0,0,0.864336716
3.18057153,0.371582766,0.035388835,0,0,0.022118022,0,0,0,1.035123419,3.591966734,83.57073343,0.561797753,6.967176856,27.26423903
1.556122449,0.12755102,0.012755102,0,0.06377551,0.242346939,0,0,1.951530612,71.2755102,0.68877551,4.553571429,0.012755102,1.211734694,13.30264187
2.109561075,0.113417262,0.022683452,0,0.011341726,0.113417262,0,0,0.045366905,33.36735851,2.313712147,37.77929001,0.068050357,3.005557446,20.52227019
0,0.357142857,0,0,0,0,0,0,0,5.714285714,2.5,0,0,25.35714286,66.07142857
2.773333333,0.373333333,0.16,0,0,0,0,0,0,53.01333333,1.066666667,2.933333333,0,1.333333333,37.05017739
1.996927803,0.230414747,0.076804916,0,0,0.537634409,0,0,0,0.460829493,0,80.64516129,0,0.768049155,15.28417819
0,3.937007874,6.692913386,0,0,0,0,0,0,32.28346457,0,16.53543307,0,1.968503937,11.74055829
4.18204182,1.72201722,0.61500615,0,0.24600246,0,0,0,0,25.58425584,0,27.55227552,0,3.19803198,4.532750488
2.227789284,1.395210398,0.660812984,0.12711917,0.026043927,2.980996201,0.038652495,0.004133957,0.172592694,1.030595414,15.78944105,33.00881773,3.51427662,4.439042741,10.63289505
2.999951378,0.655175767,0.249185589,0.06685467,0.020664171,0.249185589,0.006077697,0,0.945689697,11.0383138,0.171391063,59.43258618,0.065639131,3.467934069,18.12571295
2.85458613,0.841163311,0.653243848,0.098434004,0.004474273,0.089485459,0,0,0.228187919,32.08053691,3.109619687,37.95973154,0,1.154362416,14.03172277
2.251283833,0.575494991,0.06196194,0.003755269,0,1.985598543,0.016898711,9.39E-04,0.018776346,63.7851235,11.1822526,5.97369434,0.186824638,5.230151056,3.240950834
2.663098879,0.165647299,0.0254842,0.0254842,0,0.0254842,0,0,0.165647299,22.27319062,17.71151886,12.3853211,0.0382263,1.108562691,20.86856666
2.835160202,0.600758853,0.168634064,0.031618887,0.010539629,0.10539629,0,0,0.769392917,57.91526138,0,30.1960371,0.221332209,2.814080944,9.273325581
0.137504297,0.103128223,0,0,0,0,0,0,0,22.65383293,0,64.97078034,0.034376074,3.23135098,9.784735812
2.899758353,0.583284726,0.066661112,0.008332639,0.066661112,0.524956254,0.033330556,0,0.024997917,0.599950004,2.024831264,64.10299142,0.291642363,5.849512541,23.18722503
1.542983101,0,0,0,0,50.40411462,0,0,0,0.293901543,0.293901543,11.24173402,0.146950771,1.102130786,30.00918515
4.17710944,0.30075188,0,0,0,0,0,0,0.618212197,16.35756057,3.926482874,72.81537176,0.066833751,1.503759398,19.08012352
2.910958904,0.684931507,0,0,0,0,0,0,0,16.78082192,0,61.81506849,0,0.684931507,17.12328767
2.207792208,0.233766234,0.103896104,0.025974026,0,0,0,0,0,24.49350649,17.55844156,18.38961039,0,1.532467532,7.507774323
2.770780856,0.755667506,0,0,0,3.778337531,0,0,0.503778338,1.889168766,0,84.13098237,3.022670025,3.14861461,16.17100372
1.217656012,0.121765601,0,0,0,0.487062405,0,0,0,6.666666667,11.71993912,56.98630137,0.182648402,8.736681887,5.43488518
2.441833679,0.092144667,0,0,0,0,0,0,0,55.12554711,4.284727021,16.47085925,0.115180834,4.883667358,14.59301331
0.606848721,0.216731686,0,0,0,0,0,0,19.59254443,40.52882531,1.343736454,0.866926745,0,3.641092328,33.20329432
2.942363306,0.413612213,0.030264308,0,0.026901607,0.067254018,0,0,0.010088103,27.34212119,7.687134306,47.35355437,0.104243729,7.754388325,6.532342711
4.066130474,0.784430543,0.034753252,0.00496475,0,1.27594082,0.094330255,0,0.153907258,3.112898421,12.57074769,58.47482872,0.158872009,2.7355774,12.52784078
2.373898807,0.491151477,0.046776331,0.007796055,0.007796055,0.019490138,0,0,0,47.28307476,2.748109457,31.25048725,0.035082248,4.564590317,13.76324647
2.761889838,0.086186633,0.019587871,0.003917574,0,0.02742302,0,0,0,45.27932304,4.563973987,26.58857635,0,2.781477709,10.52473806
0,0,0.125470514,0,0,1.505646173,0,0,0,15.55834379,1.254705144,53.32496863,0,1.882057716,22.90809328
0,0,0,0,0,24.71910112,0,3.370786517,0,0,0,0,3.370786517,3.370786517,65.16853933
2.894566006,1.367090541,0.22912132,0.022912132,0.05728033,0.385687555,0,0.019093443,0.007637377,1.191430863,6.262649406,68.2705159,0.026730821,5.273609043,13.92956959
0.921942225,0,0,0,0,0.348289285,0,0,0.020487605,59.35259168,0.020487605,2.4585126,0,2.66338865,16.76545455
3.597472047,0.03889159,0.019445795,0,0,0,0,0,0,33.98638794,11.28828391,45.55177443,0,4.739912494,13.84617878
0,0,0,0,0,0,0,0,0,32.61538462,0,0,0,0,54.44444444
2.748570374,0.571850212,0.009223391,0.018446781,0,0.249031544,0,0,0.009223391,9.094263051,1.309721454,69.57203468,0.101457296,6.290352334,9.067895625
2.814070352,0.140703518,0.020100503,0.020100503,0,0,0,0,0,57.10552764,9.587939698,2.351758794,0.281407035,25.06532663,9.972595914
1.96178068,0.770273122,0.380138394,0.086079549,0.01305077,3.82248731,0.044150478,0,0.129674675,1.0882121,13.42757656,23.4947186,2.198082925,1.962891384,11.91364587
8.837209302,0.930232558,0.465116279,0,0,1.395348837,0,0,0,28.8372093,0,10.69767442,0,0,1.362257455
3.505990134,0.352360817,0.105708245,0,0.017618041,0,0,0,0.246652572,16.38477801,0.40521494,56.64200141,0,2.290345314,10.52079477
4.670677644,0.14249525,0.015832806,0,0,0.031665611,0,0,0,0,27.81823939,55.38315389,0.079164028,11.43128562,30.17555482
2.376910017,1.782682513,0.084889643,0,0.084889643,0,0,0,0,3.310696095,0.084889643,80.05093379,0,0.848896435,11.37521222
1.622573016,0.137506188,0.041251856,0.001375062,0.055002475,0.009625433,0,0,0.002750124,49.19696386,1.699576481,11.22187998,0.017875804,2.531488917,10.01269965
2.87322063,0.391044136,0.054841556,0,0.133527266,0.581797372,0,0.030997401,0.059610387,47.43317676,2.393953122,8.650659291,2.186508977,0.617563604,0.531228957
2.039579968,0.38368336,0.060581583,0,0,0,0,0,0.444264943,45.19386107,0.403877221,21.14297254,0,0.444264943,14.48964547
0,0,0,0,0,0,0,0,0,0,0,0,71.99408065,28.00591935,21.71887134
1.744186047,0.19379845,0,0,0,0,0,0,0,59.10852713,13.95348837,0,0,1.744186047,23.25581395
1.075268817,0,0,0,0,28.85304659,0,0,0.537634409,15.41218638,3.405017921,20.43010753,0,3.76344086,16.72710789
4.248366013,0.762527233,0.108932462,0,0,0,0,0,0,64.48801743,0,2.178649237,0,1.74291939,20.28818444
2.305676856,0.279475983,0.209606987,0.043668122,0,0,0,0,0,19.87772926,2.80349345,44.41921397,0,5.694323144,29.9046888
0,0,0,0,0,0,0,0,0,80.40201005,0,19.59798995,0,0,12.10549933
0.822561692,0,0,0,0,0,0,0,0,21.85663925,0,15.51116334,0,5.170387779,56.63924794
3.962195565,0,0,0,0,0.218102508,0,0,0,46.23773173,10.43256997,19.70192657,0,2.03562341,17.41185024
4.862579281,0.070472163,0,0,0.070472163,0,0,0,0,19.59126145,1.691331924,18.81606765,0,18.25229035,16.49016641
0.778642937,0,0,0,0,0.111234705,0.611790879,0,82.70300334,12.34705228,0,0,0,0.556173526,1.281735272
0.111234705,0,0,0,0,0,0,0,0.166852058,28.53170189,20.24471635,16.79644049,0,2.836484983,26.41136992
1.854140915,0,0,0,0,0.824062629,0,0,0,8.982282653,0,87.72146683,0.57684384,0,8.683193818
0,0,0,0,0,0.802752294,0,0,0,51.14678899,1.777522936,6.708715596,0,0.458715596,44.88825487
0,0,0,0,0,0,0,0,0,81.25,0,0,0,18.75,12.06651307
2.601626016,0.975609756,0.325203252,0,0,45.36585366,0,3.902439024,0,0.162601626,0.325203252,0,1.951219512,2.032520325,30.03584229
0.269801503,0.231258431,0,0,0,0,0,0,1.175563692,66.52534207,0.019271536,0.346887647,0.173443823,12.95047215,3.886206146
2.795005878,1.025578661,0.121610118,0,0,0.081073412,0,0,0,6.814220276,0,87.13770319,0,1.554582675,16.37705849
2.021109364,0.269481249,0.044913541,0.044913541,0,0,0,0,0,64.98989445,5.659106221,7.590388502,0,11.74489108,9.668362871
3.176049068,0.255055566,0.054654764,0,0,0.042509261,0,0,0.006072752,0.072873019,19.66964231,74.83451752,0.042509261,1.469605878,15.21924388
3.473913537,0.485616753,0.104731182,0.003458105,0.00592818,0.877370655,0,0,0.002470075,25.85328742,0.751890842,56.8300045,0.011362345,1.48747919,4.287187741
2.814070352,0.140703518,0.020100503,0.020100503,0,0,0,0,0,57.10552764,9.587939698,2.351758794,0.281407035,25.06532663,19.8231914
5.529953917,4.147465438,0,0,0,63.13364055,0,0,0,7.373271889,0,0,0,7.373271889,12.44239631
3.293650794,0.03968254,0,0,0.03968254,0,0,0,0,6.507936508,3.571428571,72.22222222,0.555555556,4.563492063,10.59259259
2.952182952,1.995841996,0.207900208,0,0,0,0,0,0,8.648648649,5.155925156,71.47609148,0,1.122661123,8.440748441
3.627760252,0.23659306,0.157728707,0.078864353,0,0,0,0,0,51.34069401,3.982649842,20.14984227,0,2.957413249,19.46872898
1.461245235,0,0,0,0,2.92249047,0,0,0,54.3202033,3.494282084,13.27827192,0,6.67090216,11.16528926
2.702702703,2.187902188,0.128700129,0,0,0,0,0,0,17.76061776,0,21.49292149,0,2.702702703,53.02445302
3.145235893,2.867715079,0,0,0,0.555041628,0,0,0,10.08325624,0,69.47271045,0,3.422756707,12.15351812
5.436668595,0,0,0,0,0,0,0,6.362058994,32.44650087,14.11220359,13.93869289,0,3.123192597,12.8508357
0,0,0,0,0,0,0,0,0,89.47,0,0,0,1.05,9.47
3.512014787,0.184842884,0,0,0,16.8207024,0,0.739371534,0,0,8.502772643,52.68022181,1.478743068,3.881700555,12.19963031
