precio,tcons,recamaras,tterreno,numban,condicion
489500,637.032,3,19982.078400000002,1.75,3
247000,460.24800000000005,3,3314.7000000000003,2.5,3
320000,521.208,4,3194.304,1.75,4
175000,381,3,2979.42,1,3
399500,780.288,4,2283.5616,2.5,3
1650000,847.344,4,3628.3392000000003,2.5,5
468000,655.32,4,2488.692,2.5,3
355000,502.92,3,3070.86,1,3
147500,466.34400000000005,3,2590.1904,1,3
770000,1301.496,4,1945.8432,3.25,3
325000,478.536,3,957.9864,2.5,3
529941,505.968,3,3048,2,4
180000,332.232,3,2063.8008,1,3
675000,777.24,4,1097.28,3.5,3
295000,426.72,4,3637.4832,1.75,3
365000,697.9920000000001,3,2240.28,2.25,3
175000,213.36,2,2491.4352000000003,1,3
441000,576.072,3,3363.7728,2.5,3
580000,481.584,3,2592.6288,2.25,3
685000,627.888,3,883.9200000000001,2,5
818000,749.808,4,2438.7048,2.25,4
468000,417.576,3,2346.0456,1.5,3
1550000,993.648,4,1524,3.5,5
353500,990.6,4,1417.3200000000002,2.5,3
460000,329.184,2,1524,2,5
433000,658.368,3,2610.612,1.75,3
1017000,794.004,3,675.4368000000001,2.5,4
815000,736.092,3,666.2928,2.5,3
366350,512.0640000000001,4,1537.1064000000001,1,4
442500,758.952,4,2651.76,2.25,3
1052000,566.928,3,13542.568800000001,1,4
655000,707.1360000000001,3,1438.9608,2.5,3
639900,710.1840000000001,3,1267.968,2.5,4
450000,323.088,3,1417.3200000000002,1,3
1445000,1057.656,4,2615.184,3.5,3
676000,527.304,3,2067.7632000000003,2,4
190000,481.584,4,1905,2,3
785000,487.68,3,2937.6624,2,5
499000,685.8000000000001,4,4312.6152,2.75,3
370000,704.0880000000001,4,4494.276,2.75,3
649950,1008.888,3,118166.08320000001,2.5,3
525000,649.224,3,426.72,2.75,3
277284,313.944,3,1463.04,1.75,3
740000,1114.044,5,15799.6128,3,5
875909,1100.328,4,4051.4016,2.5,3
375000,396.24,3,415.1376,2.5,3
595000,719.3280000000001,4,13111.581600000001,2.5,3
925000,1252.728,3,6370.320000000001,3.25,3
718000,990.6,5,2468.88,2.75,3
438000,554.736,3,2788.92,2.25,3
439000,451.10400000000004,3,2305.812,2.25,3
550500,774.192,3,2523.744,1.75,3
980000,688.8480000000001,4,5398.312800000001,1.75,4
325000,252.984,2,1554.48,1,3
745000,697.9920000000001,3,1524.3048000000001,2,4
325000,472.44,2,696.4680000000001,2.25,3
365000,332.232,3,1961.3880000000001,1,4
785000,1115.568,5,3656.076,3.25,3
657100,423.672,4,1292.352,1,3
1200690,1109.472,5,8696.248800000001,3,3
191000,243.84,3,2697.48,1.5,4
561000,609.6,3,2133.6,2,3
390000,932.6880000000001,4,2414.016,2.25,3
675000,1121.664,4,5731.4592,4,3
550000,829.056,3,18992.088,2.5,3
610000,643.128,4,1524,3,4
530000,591.312,4,2520.696,2.25,5
475000,524.256,3,1165.8600000000001,1.75,3
819900,960.12,5,2169.8712,2.75,3
368000,505.968,2,1426.4640000000002,1.5,5
485000,384.048,2,377.952,2.25,3
619500,518.1600000000001,3,1251.204,2.5,3
700000,847.344,4,2400.3,3.25,3
515000,975.36,4,1972.9704000000002,2.5,3
725000,835.152,4,3931.6152,2.5,4
540000,792.48,3,1549.9080000000001,1.5,4
559900,893.0640000000001,3,1697.4312,2.75,3
472500,533.4,3,4724.400000000001,2,3
550000,560.832,3,925.0680000000001,2.5,3
210000,338.32800000000003,3,2426.8176000000003,1,3
150000,402.336,3,2505.456,1,3
161700,524.256,4,2194.56,1.75,3
257000,710.1840000000001,4,2329.2816000000003,2.75,3
365000,548.64,3,822.96,2.5,3
502000,396.24,3,2682.2400000000002,1.75,4
229950,396.24,4,6400.8,1.75,4
920000,737.616,4,1219.2,3.25,5
430000,576.072,4,1828.8000000000002,1.75,4
465000,455.37120000000004,2,5873.8008,2,3
1200000,1271.016,4,2971.1904,3.5,3
507000,1173.48,5,4952.6952,3.25,3
711000,603.504,4,3291.84,1.75,5
790000,624.84,4,3328.416,1.75,3
275000,359.66400000000004,2,1997.0496,1,4
649950,457.20000000000005,3,419.1,2.5,3
430000,396.24,3,3880.4088,1.75,3
364000,548.64,3,850.392,2.5,3
150000,271.272,2,2468.88,1,3
234000,316.992,3,2477.4144,1,3
263400,414.528,4,18455.0304,2,3
739900,1002.792,5,1532.8392000000001,2.5,3
1135250,2231.136,5,66385.44,4,3
249000,332.232,2,818.6928,1.5,3
525000,475.488,3,2849.88,1.5,4
300000,569.976,3,1048.2072,2.5,3
1750000,1417.3200000000002,4,2334.768,4.5,3
540000,445.00800000000004,2,1463.04,1.75,5
1520000,1807.4640000000002,5,4050.1824,3.5,3
520000,377.952,4,1381.3536000000001,1.75,4
699000,509.016,3,1638.3000000000002,1.75,3
100000,234.696,2,5283.403200000001,1,3
990000,658.368,3,1828.8000000000002,2.5,4
427000,609.6,3,2167.4328,1.75,4
780000,649.224,3,3591.1536,2.25,4
277000,563.88,4,1792.2240000000002,2.5,3
268500,554.736,4,4145.280000000001,1.75,3
875000,1438.6560000000002,5,5712.2568,4.25,3
390000,563.88,3,4623.816,1.75,3
255000,521.208,3,3657.6000000000004,1,4
480000,487.68,3,2560.32,1.75,5
630000,490.728,3,388.62,3.25,3
475200,509.016,3,1213.104,2.5,3
527000,682.7520000000001,3,1965.96,2.25,3
475000,646.176,4,17388.84,2.5,3
305000,501.7008,3,2901.3912,2.25,3
330000,268.224,2,1219.2,1,3
1525000,1825.7520000000002,4,33856.574400000005,3.5,3
265000,499.872,3,2337.2064,2.5,3
436000,487.68,4,4585.4112000000005,2,3
585000,509.016,3,1524,1.5,4
465000,667.5120000000001,4,995.7816,2.75,3
489000,551.688,2,1286.256,1.75,3
438000,365.76,3,1219.2,1,4
415000,566.928,3,2744.1144,1.5,3
898000,786.384,3,3371.088,2.25,3
318000,429.76800000000003,3,2715.4632,2.25,3
527000,710.1840000000001,4,5924.0928,2.25,3
300000,624.84,4,2667,2,3
379500,646.176,4,16330.574400000001,2.25,4
303000,335.28000000000003,2,8231.7336,1,4
660000,807.72,3,3429,2.5,3
347000,286.512,3,2803.5504,1,3
520000,408.432,2,416.9664,1.75,3
550388,524.256,3,21508.8216,3,5
260000,685.8000000000001,4,2238.7560000000003,2.75,4
335000,518.1600000000001,3,2041.5504,2.5,3
242500,472.44,3,580.644,1.75,3
440000,688.8480000000001,3,1615.44,1.5,3
330000,463.29600000000005,3,915.3144000000001,2.5,3
720000,771.144,4,1584.96,2.25,4
251000,502.92,4,1820.8752000000002,2,5
420000,533.4,4,2926.08,1,4
1225000,871.7280000000001,3,1371.6000000000001,2.5,3
775000,307.848,2,1097.28,1,3
760369,874.7760000000001,5,1436.2176000000002,2.5,3
443950,609.6,3,10972.800000000001,1.75,3
1200000,969.264,4,3998.3664000000003,2.5,4
825000,621.792,4,2103.12,1.5,3
294950,353.56800000000004,3,2727.96,1,3
445000,384.048,3,335.88960000000003,2.5,3
935000,1289.304,5,2956.8648000000003,4.5,3
595000,390.144,2,2590.8,1.75,3
270000,463.29600000000005,3,2417.0640000000003,2.25,3
410000,694.9440000000001,3,61207.192800000004,2.25,3
502000,569.976,3,2784.348,2.5,3
684000,926.5920000000001,4,2564.5872,3.5,3
350000,763.8288,4,2196.3888,2.5,3
732500,752.856,3,3145.8408,2.5,3
260000,298.704,2,395.0208,1.5,3
295000,551.688,4,1484.6808,2.5,3
517500,362.71200000000005,3,2133.6,1,3
595000,640.08,4,952.5,2.5,3
775000,932.6880000000001,4,2080.5648,2.5,3
505500,396.24,3,361.79760000000005,2.5,3
521900,640.08,3,3760.6224,2.5,3
659000,716.2800000000001,4,2843.4792,2,3
398500,859.5360000000001,4,2031.7968,2.5,3
192500,335.28000000000003,3,2971.8,1,4
730000,618.744,4,1243.584,2.5,4
325000,710.1840000000001,3,1508.76,2,3
420000,548.64,3,2987.04,2.25,4
435000,896.1120000000001,4,2313.4320000000002,2.5,3
370000,286.512,3,2410.9680000000003,1,4
263500,405.384,3,3022.7016000000003,1.75,3
537000,472.44,3,3063.2400000000002,1.75,5
710000,874.7760000000001,4,3445.4592000000002,2.5,3
509000,542.544,3,2839.212,2.25,3
299000,612.648,3,2458.212,1.75,4
120000,350.52000000000004,3,2720.0352000000003,1,3
800000,435.86400000000003,6,6284.976000000001,1,3
262000,475.488,4,2377.44,2.5,3
1075000,1225.296,3,132770.88,3,3
435000,768.096,4,2194.56,1.75,5
749700,694.9440000000001,3,23765.8656,1.75,3
550000,374.904,3,266.7,2.25,3
415000,414.528,3,22438.1568,1,3
1313000,908.3040000000001,6,2194.56,3,3
257500,627.888,4,1950.72,2,3
285000,240.792,2,1997.9640000000002,1,2
545000,509.016,3,1901.952,2.25,4
772500,524.256,4,1344.1680000000001,1,3
629950,512.0640000000001,3,512.9784000000001,2.5,3
335000,432.81600000000003,2,379.7808,2.25,3
850000,914.4000000000001,3,5623.56,2.25,3
556000,682.7520000000001,4,1646.5296,2.5,3
589000,728.472,4,17556.1752,2.25,3
430000,441.96000000000004,3,2229.9168,1.5,3
403000,426.72,3,2096.7192,1,3
750000,658.368,4,2903.2200000000003,2.25,3
410000,707.1360000000001,4,2286,1.75,3
1425000,1411.2240000000002,4,7331.6592,5,3
367000,688.8480000000001,3,28412.846400000002,2.5,4
300000,393.192,3,3784.092,1,3
204000,298.704,3,2438.4,1,4
500000,496.824,2,3675.5832,1,3
718000,1237.488,3,41541.192,1.75,3
330000,585.216,4,3669.7920000000004,3,3
376000,408.432,2,498.348,2,3
935000,524.256,3,609.6,2,3
453000,512.0640000000001,2,5303.52,1.5,3
622950,923.5440000000001,4,2329.8912,3.25,3
377000,569.976,3,1625.4984000000002,2.5,3
885000,731.52,4,1072.896,3.75,3
245000,609.6,5,2468.88,1.5,3
348000,316.992,3,555.9552,1.5,3
878000,1161.288,4,2355.4944,2.5,3
231500,304.8,2,2321.052,1,4
815000,850.392,3,16197.986400000002,2.5,4
230000,390.144,2,1412.748,1,3
426000,673.6080000000001,3,1752.6000000000001,2.5,3
630000,774.192,4,2653.5888,2.5,3
240000,384.048,3,2414.016,1,3
305000,618.744,4,2621.28,2.75,4
830000,877.8240000000001,5,1143,3.5,3
760000,429.76800000000003,3,4608.576,1.75,4
575000,606.552,3,2926.08,2.75,3
795000,783.336,4,4099.56,2.5,3
214946,393.192,3,2648.1024,1.75,4
1325000,1094.232,3,2560.32,2.5,3
654000,987.552,3,18544.032,2.5,3
2850000,1536.192,4,5244.9984,4,5
619000,899.1600000000001,5,893.6736000000001,3.5,3
405000,429.76800000000003,2,377.952,3,3
439950,661.416,3,4572,2.25,4
737000,701.0400000000001,3,2377.44,2.5,3
388598,722.3760000000001,3,1280.16,2.5,3
488000,615.696,5,1524,2,4
210000,490.728,3,2051.9136000000003,2.5,3
255000,627.888,5,2631.0336,2.25,3
246000,426.72,3,2258.568,1,3
985000,1289.304,4,11511.9912,2.25,3
575000,615.696,4,1889.76,1.75,4
947500,1002.792,4,3757.8792000000003,2.25,4
675000,914.4000000000001,4,1691.0304,2.5,3
749950,801.624,4,1145.1336000000001,3.5,3
1000000,1194.816,5,4955.4384,4.25,3
2100000,1082.04,4,6054.852,1.75,3
180000,304.8,3,5642.7624000000005,1,3
945000,865.6320000000001,4,4074.2616000000003,2,3
1610000,1338.0720000000001,4,3535.6800000000003,3.5,3
1050000,890.0160000000001,4,2194.56,2.5,3
399000,874.7760000000001,4,2832.2016000000003,2.5,3
685000,591.312,3,2229.0024000000003,1.75,4
300000,249.936,2,1171.6512,1,4
685000,704.0880000000001,4,1554.48,2.5,3
789000,1139.952,3,12082.272,3,3
802000,673.6080000000001,2,1928.4696000000001,2.5,3
710000,652.272,3,1500.5304,2,4
725000,737.616,4,3341.2176,2.75,3
809950,679.7040000000001,4,3017.52,2,5
341000,585.216,4,2336.292,1.75,4
428000,399.288,3,777.24,2,3
417500,423.672,4,3291.84,1,4
813000,1027.1760000000002,4,2034.5400000000002,2.75,4
527000,499.872,2,1243.584,1.75,3
342500,633.984,3,3467.1000000000004,2,3
370000,274.32,2,1402.0800000000002,1,3
357186,368.808,2,316.992,1.75,3
315000,527.304,3,1940.9664,2.5,3
458500,576.072,3,487.3752,2,3
650000,731.52,4,2240.5848,2.5,3
324950,445.00800000000004,3,2654.808,1.5,3
225500,484.632,2,3436.9248000000002,1.75,4
900000,1027.1760000000002,4,1524,3.5,3
288790,411.48,4,287.1216,2,3
329950,646.176,4,1389.2784000000001,2.5,3
230000,347.47200000000004,3,366.0648,1.75,3
613000,356.61600000000004,2,576.072,2,4
150000,149.352,3,11734.800000000001,0.75,4
840000,1170.432,4,26129.8944,3.5,3
637000,749.808,5,2206.752,3,3
968000,883.9200000000001,5,2986.7352,2.5,3
218450,256.03200000000004,2,2263.1400000000003,1,4
1095000,1344.1680000000001,5,17392.8024,3.5,4
597750,704.0880000000001,4,2933.3952,2.5,3
442500,853.44,6,3197.3520000000003,2.5,3
250000,445.00800000000004,3,3326.5872000000004,1,4
452000,810.768,6,4138.8792,2.25,3
1320000,1057.656,4,3609.7464,3.25,3
272500,469.392,3,1905,2,3
535000,481.584,4,1524,1.5,3
326989,627.888,3,1280.16,2.5,3
2546000,1277.112,4,2683.764,3,5
805000,920.4960000000001,4,1097.28,2.5,3
169000,478.536,3,1965.96,1.5,4
515000,795.528,3,1781.556,2.5,3
390000,283.464,2,944.88,1,3
446450,451.10400000000004,3,2361.8952,1.5,5
900000,1203.96,4,3113.2272000000003,2.75,3
360500,1005.84,3,3512.82,2.5,5
833000,1085.088,4,2187.8544,3.5,3
327000,454.15200000000004,2,495.9096,2,3
505000,457.20000000000005,3,762,2,3
993500,1240.536,4,7108.2408000000005,2.25,4
264000,554.736,3,3233.3184,1.5,4
290000,399.288,3,2468.88,1.5,3
550000,655.32,5,79928.00880000001,1,3
1250000,1167.384,4,12576.9624,3.75,4
710000,573.024,3,914.4000000000001,2,4
420000,283.464,2,1636.1664,1,4
585000,947.928,4,1974.7992000000002,2.5,3
275000,594.36,3,2322.576,1.5,4
1029000,1152.144,4,3413.76,3.25,3
583500,524.256,3,2377.44,1.75,4
425000,496.824,3,3200.4,2.25,3
285000,576.072,3,1106.1192,2.5,3
536500,524.256,4,1071.372,2.5,3
830000,1164.336,3,44212.459200000005,3.5,3
289000,600.456,3,6853.732800000001,1.5,4
535000,670.5600000000001,4,33723.6816,2.5,5
510000,490.728,3,3642.36,1.75,3
498000,719.3280000000001,3,838.2,3,3
306000,603.504,3,2987.04,1.75,3
367899,737.616,3,1440.18,2.5,3
230000,496.824,3,2019.3000000000002,1.5,5
297000,679.7040000000001,4,1509.3696,2.5,3
507000,509.016,2,1969.008,1.75,3
381000,822.96,3,5561.3808,1.75,4
246000,426.72,4,2326.2336,2,5
1495000,935.7360000000001,4,3162.3,3.25,3
310000,954.024,3,2835.2496,3.25,3
289950,630.936,3,1872.996,2.5,3
538000,563.88,2,932.6880000000001,1.75,3
289000,353.56800000000004,2,657.7584,1.5,3
940000,853.44,4,5691.530400000001,2.25,5
349170,509.016,4,2699.3088000000002,1.75,3
308625,457.20000000000005,2,429.15840000000003,2,3
185000,307.848,3,2363.724,1.5,3
425000,664.464,5,2400.3,2.5,4
663000,582.168,3,1562.1000000000001,2.5,3
465000,841.248,3,2784.9576,1.75,3
431650,521.208,5,2346.96,2.5,3
229950,353.56800000000004,2,563.2704,1.5,3
400950,785.7744,4,1388.0592000000001,2.5,3
342000,365.76,3,867.1560000000001,2.25,3
360000,585.216,4,2378.3544,2,3
275000,384.048,3,453.54240000000004,2.25,3
891500,941.832,3,6335.268,2.5,4
249000,332.232,3,3138.2208,1,4
740000,701.0400000000001,4,3017.52,2.5,3
1900000,1548.384,4,8459.724,3.25,3
560000,545.592,4,2983.0776,2.5,4
229000,554.736,4,6953.707200000001,1.5,3
238000,414.528,3,2282.3424,1.5,4
375000,640.08,5,4528.718400000001,2.5,5
780000,1005.84,6,1743.4560000000001,4,3
725000,304.8,3,6086.5512,1,3
235000,332.232,3,2560.32,2,4
275000,758.952,4,2204.6184000000003,2.25,3
450000,316.992,2,419.7096,2.25,3
400000,320.04,2,357.53040000000004,2,3
480000,896.1120000000001,6,1540.4592,3.75,3
225900,460.24800000000005,3,2682.2400000000002,1,4
360500,295.656,3,1883.664,1,3
270000,527.304,4,2592.324,1.5,4
439950,524.256,3,68085.30960000001,1.75,3
285000,649.224,4,2484.4248000000002,1.75,4
267000,609.6,4,2240.28,1.75,3
394950,396.24,2,641.2992,2.25,3
430000,475.488,4,1991.5632,1.5,4
395000,496.824,3,4632.96,2.5,3
472500,545.592,3,2072.6400000000003,2,4
361550,353.56800000000004,3,78600.3,1.75,2
285000,569.976,4,6727.5456,1.75,3
260000,445.00800000000004,3,3048,1.75,4
315000,661.416,3,2584.704,2.25,3
287000,521.208,3,3151.9368,2.5,3
1400000,1261.872,5,9966.960000000001,3.25,3
390500,466.34400000000005,3,389.8392,2.25,3
280000,484.632,3,2218.944,1.75,3
721500,905.2560000000001,3,71563.3824,3.25,3
450000,579.12,4,2816.3520000000003,2.5,3
800000,993.648,4,1524,2.75,3
288349,381,3,5674.156800000001,1,4
805000,576.072,4,1371.6000000000001,2,3
515000,563.88,4,2818.7904000000003,2.5,3
517100,481.584,3,2962.3512,1.75,5
426000,420.624,3,2194.56,1.5,3
420250,460.24800000000005,3,1114.6536,2,3
544800,972.312,5,1785.2136,2.75,3
333760,396.24,3,1792.2240000000002,1,3
754000,716.2800000000001,5,2377.44,1.75,4
510000,557.784,3,2478.9384,2.5,3
550000,298.704,3,3340.608,1,4
362000,499.872,3,4381.1952,2.25,4
234000,454.15200000000004,3,2549.9568,1.75,4
209950,420.624,3,3392.424,1.5,3
230000,289.56,3,1828.8000000000002,1.75,3
660000,777.24,4,3048,2.5,3
255000,630.936,4,2377.44,2.5,3
344500,548.64,4,1662.0744000000002,2.75,3
300000,621.792,6,3295.4976,2,4
499950,463.29600000000005,3,672.9984000000001,2.5,3
739000,829.056,4,1158.24,3,5
555000,664.464,3,1516.6848,2,4
680000,783.336,3,1097.28,2.5,3
500000,469.392,3,3291.84,1.75,5
535000,795.528,4,1400.556,2.5,3
359950,591.312,3,3539.3376000000003,2.25,4
397000,707.1360000000001,4,3571.3416,2.5,3
320000,576.072,4,13277.088000000002,1.5,4
346000,387.096,3,2468.88,1.75,3
239950,374.904,3,2926.08,1.75,4
385000,822.96,4,11280.952800000001,2.75,3
460000,527.304,3,2587.752,2.5,3
370000,478.536,3,5125.8216,1.75,3
650000,582.168,3,1329.8424,2.5,3
445000,740.664,4,4026.7128000000002,1.75,4
519000,499.872,4,1921.7640000000001,1,5
299000,527.304,3,4349.496,1.75,3
1160000,725.4240000000001,3,1698.3456,2.75,3
410000,310.896,3,2104.0344,1,3
790000,780.288,2,299398.3344,3,3
424000,435.86400000000003,3,2078.1264,1.75,5
550000,496.824,3,1831.5432,1,4
855000,856.488,4,15868.4976,2.5,4
304999,691.8960000000001,4,2926.08,2.25,3
1400000,1152.144,4,1572.768,2.25,4
285167,670.5600000000001,3,2552.7000000000003,2.25,3
657000,771.144,5,3105.9120000000003,2.5,4
545000,728.472,4,12347.448,2.25,4
650000,883.9200000000001,4,4735.068,3,4
235000,490.728,4,7315.200000000001,1,3
375000,496.824,3,4928.616,1.5,3
299950,542.544,3,1417.3200000000002,2.5,3
340000,533.4,5,2505.456,2,3
365000,438.91200000000003,2,4572,2,3
425000,755.904,4,1372.8192000000001,2.5,3
625000,505.968,3,1463.04,1.75,3
270000,579.12,4,2524.3536,2.5,3
815000,926.5920000000001,4,1221.0288,3.5,3
272000,548.64,4,1693.164,2.25,3
286900,524.256,3,5253.228,2.25,4
299950,429.76800000000003,3,24695.200800000002,1,3
265000,441.96000000000004,3,4096.2072,2.25,4
632000,1072.896,5,11142.878400000001,3,4
1160000,1307.592,5,2139.3912,3.25,4
530000,917.4480000000001,4,2743.2000000000003,2.5,3
284000,262.128,2,2195.7792,1,3
611900,371.856,1,640.08,2.25,4
355000,377.952,3,4836.2616,1.5,3
357000,484.632,3,2057.4,1.5,3
835000,1228.344,4,3121.152,2.75,3
780000,672.3888000000001,3,25003.0488,2.25,3
541338,627.888,3,2475.8904,2.5,3
650000,591.312,3,3122.676,1.75,3
395000,365.76,2,1833.0672000000002,1,4
202500,469.392,3,2534.7168,2,5
600000,701.0400000000001,3,3865.4736000000003,1.75,3
530000,280.416,3,6221.5776000000005,0.75,5
332000,752.856,4,2371.344,2.5,3
560000,594.36,4,1887.3216,2.75,3
272000,204.216,2,1920.24,1,4
303500,1033.2720000000002,6,2194.56,4.5,3
500000,591.312,4,2318.6136,2.5,3
473975,710.1840000000001,3,1100.328,2.5,3
805000,1011.936,5,2214.6768,2.5,3
253000,438.91200000000003,3,2988.8688,2.25,3
359950,545.592,3,2198.2176,2,4
321027,859.5360000000001,4,5111.496,2.25,4
275000,826.008,3,1747.4184,2.5,3
641000,451.10400000000004,3,2926.9944,1.75,3
446500,932.6880000000001,4,2414.016,2.5,3
522500,670.5600000000001,4,37308.4344,2.75,3
205500,405.384,3,2666.3904,2,3
404000,432.81600000000003,3,2487.168,1,3
512000,490.728,3,3826.764,1.75,3
605000,509.016,4,1828.8000000000002,2.75,5
375000,539.496,3,1568.5008,2.5,3
525000,512.0640000000001,4,3200.4,1.5,3
1700000,1240.536,4,102499.05840000001,3.5,3
435010,387.096,3,1219.2,1,3
220000,237.744,2,1828.8000000000002,1,5
835000,1085.088,6,1560.576,2,3
280000,487.68,4,2091.2328,2,3
554500,573.024,3,2001.0120000000002,2.25,4
223990,323.3928,2,879.0432000000001,2.25,3
245000,466.34400000000005,3,2590.8,2.5,5
565500,542.544,3,1783.0800000000002,1.75,5
560000,417.576,3,363.62640000000005,2.75,3
545000,512.0640000000001,5,2215.2864,4,3
485000,502.92,3,1047.2928,2.5,3
475000,563.88,3,8060.436000000001,1.75,4
785000,1048.512,4,17127.3216,2.5,3
419000,972.312,4,1517.904,2.5,3
470500,762,5,2818.7904000000003,2.5,3
222000,472.44,2,11719.255200000001,1,3
635000,798.576,5,1676.4,2.75,3
240000,313.944,3,4652.4672,1,4
515000,582.168,4,2727.0456,2.5,4
465000,283.464,3,1020.4704,1,4
454450,856.488,4,1828.8000000000002,3,3
370000,455.98080000000004,3,433.73040000000003,1.75,3
792000,1011.936,3,3913.632,2.5,3
285000,670.5600000000001,4,2864.2056000000002,2.5,3
378000,320.04,3,17525.695200000002,1.5,3
519000,475.488,2,1470.0504,2,3
325000,412.0896,3,516.3312000000001,2.25,3
950000,1011.936,4,2329.8912,2.5,3
507500,615.696,3,2474.3664000000003,2,3
1600000,1155.192,3,5791.200000000001,3.25,3
355000,551.688,4,1514.856,2.25,3
3100000,2127.504,6,4779.8736,4.25,4
602500,841.248,4,2087.88,2.5,3
1280000,917.4480000000001,4,1097.28,3.5,3
835000,694.9440000000001,2,2077.212,2,3
445434,448.05600000000004,2,2175.3576000000003,1,3
329950,748.5888,3,2306.1168000000002,2.5,3
524000,341.37600000000003,2,609.6,1,3
343566,335.28000000000003,2,1280.16,1,3
519000,615.696,3,3274.7712,2.75,5
664950,972.312,5,2158.2888000000003,3,3
275000,301.752,3,2986.4304,1,3
300000,542.544,3,3168.396,2.25,3
1620000,1188.72,4,2971.8,3,5
202000,179.83200000000002,1,253.8984,1,4
1465000,1289.304,6,1956.816,4.5,4
725000,594.36,2,828.7512,1.75,5
545000,627.888,3,2189.6832,2.5,3
370000,649.224,4,1447.8000000000002,2.5,3
360000,652.272,4,15135.7584,1.75,5
865000,972.312,5,2487.168,2.5,3
215000,490.728,4,2941.9296,1.75,5
1480000,1194.816,4,2194.56,2.25,3
339000,350.52000000000004,3,4047.1344000000004,1.75,5
450000,606.552,3,3921.5568000000003,2.5,4
299000,484.632,3,951.2808,2.5,3
670000,920.4960000000001,4,4123.944,2.75,4
420000,822.96,3,14340.84,3,4
450000,746.76,3,6017.9712,2.5,3
550000,627.888,4,2962.3512,2.5,4
295450,618.744,3,5218.176,2,4
269000,402.336,3,800.1,1.5,3
598600,1057.656,4,64812.3672,2.75,3
475000,515.1120000000001,3,880.8720000000001,2.5,3
286000,554.736,4,2417.0640000000003,2.5,5
875000,868.6800000000001,4,1345.9968000000001,3.5,3
412000,316.992,2,1560.576,1,3
705000,862.5840000000001,6,3224.4792,2.75,4
185000,356.61600000000004,3,2769.108,1.75,3
857500,621.792,3,1207.008,1.5,5
550000,329.184,2,1042.416,1,4
250000,271.272,2,1944.624,1,3
850000,798.576,3,3397.9104,3.5,4
352500,304.8,3,1271.3208,1,3
225000,417.576,3,3311.9568000000004,1.75,4
247200,582.168,3,3225.6984,1.5,4
490000,301.752,2,1524,1,3
840000,926.5920000000001,4,4132.7832,2.75,3
538000,539.496,3,2453.6400000000003,1.75,4
325000,353.56800000000004,3,2903.2200000000003,1,4
378500,518.1600000000001,4,2633.472,1.75,3
315000,633.984,2,4468.0632000000005,1,3
549950,725.4240000000001,3,762,2.5,3
640000,688.8480000000001,4,1576.4256,2.5,3
435000,606.552,4,2605.4304,2.25,3
753000,932.6880000000001,4,2489.3016000000002,2.5,3
275000,493.776,3,1955.2920000000001,2.25,4
625000,810.768,4,6764.7312,2.25,4
465000,777.24,5,1952.2440000000001,2.5,3
480000,347.47200000000004,2,3657.6000000000004,2,3
329000,341.37600000000003,4,1171.6512,1,3
240000,484.632,3,2417.3688,1.75,3
146000,274.32,3,1453.8960000000002,1,3
500000,679.7040000000001,4,8226.2472,2.5,4
200000,374.904,3,1335.0240000000001,1,3
769000,1011.936,5,4004.4624000000003,2.25,4
719000,548.64,3,1772.7168000000001,1.75,5
140000,332.232,3,3236.976,1,3
429950,518.1600000000001,4,3118.1040000000003,1.75,3
225000,201.168,3,2011.68,1,4
370000,393.192,3,3083.6616000000004,1.75,3
343000,753.7704,5,2829.1536,3.5,5
420000,697.9920000000001,6,1933.6512,3,3
410000,573.024,3,2567.6352,1.75,4
435000,542.544,4,818.0832,2.25,3
183750,539.496,3,1051.8648,2.5,3
247500,597.408,3,4779.5688,1.75,3
669000,475.488,3,1371.6000000000001,1,5
242000,457.20000000000005,3,2304.288,1.75,3
292000,487.68,3,1091.184,2.5,3
298000,597.408,4,3596.0304,2.5,3
638500,603.504,4,2001.9264,2.5,3
245000,615.696,5,2408.5296000000003,1.75,3
289000,332.232,3,2229.612,1,5
495000,533.4,3,471.8304,2.5,3
280000,566.928,3,2013.8136000000002,2.5,3
542525,807.72,4,1706.88,2.5,3
921000,676.6560000000001,4,2894.3808000000004,1.5,4
1325000,1347.2160000000001,4,5037.1248000000005,4,3
554000,341.37600000000003,4,2165.2992,1,3
545000,618.744,4,3531.108,2.25,4
405000,262.128,2,792.1752,1,4
538250,789.432,3,4641.7992,2.25,3
170000,585.216,4,2286,1.75,4
183000,265.176,3,1584.96,1,5
305000,685.8000000000001,4,2770.9368,2.5,3
375950,451.10400000000004,3,2304.288,1.75,3
385000,502.92,3,2377.44,2.25,3
395825,484.632,2,511.7592,2.5,3
330000,530.352,3,562.0512,2.5,3
257000,234.696,2,2894.6856000000002,1,3
425000,295.656,2,905.2560000000001,1,3
525000,576.072,4,2605.7352,2.25,3
444000,445.00800000000004,3,795.528,2,3
283000,649.224,4,2609.088,2.75,3
215000,393.192,3,2838.2976000000003,2,3
650000,804.672,4,2503.9320000000002,1.75,4
565000,694.9440000000001,4,2964.1800000000003,2.5,3
271115,252.984,2,403.86,1.5,3
1040000,1316.736,4,2587.752,3.5,3
500000,466.34400000000005,3,2691.0792,1.75,5
410000,676.6560000000001,4,2575.56,2.75,4
321500,798.576,4,1663.2936000000002,2.5,3
695000,728.472,4,1792.2240000000002,1.75,3
274900,560.832,4,3208.9344,1.75,3
229000,307.848,3,3872.4840000000004,1,4
455000,725.4240000000001,4,1371.6000000000001,2,3
621500,783.336,3,12080.4432,1.75,3
825000,624.84,2,1219.2,1.75,3
395000,838.2,4,2427.732,3,3
419625,816.864,4,3532.632,2.5,4
363000,835.152,3,3618.5856000000003,2.5,3
458500,381,3,2927.6040000000003,1.75,3
430000,1048.512,3,3178.4544,1.75,5
200000,307.848,3,2406.7008,2,3
390000,685.8000000000001,5,2734.056,1.75,4
515000,579.12,3,1524,1.75,4
475000,512.0640000000001,3,1042.416,1.75,3
525000,670.5600000000001,3,2267.712,3.25,4
350000,704.0880000000001,4,2743.8096,1.75,3
295000,618.744,4,1753.8192000000001,2.5,3
209950,262.128,2,1548.384,1,3
325000,670.5600000000001,4,2352.7512,2.5,3
499000,807.72,3,3588.7152,1.75,3
494000,478.536,3,452.93280000000004,3.5,3
431000,396.24,2,1219.2,1.5,4
880000,716.2800000000001,4,1424.94,2.5,3
396000,512.0640000000001,3,2976.6768,2.25,3
367000,213.36,2,711.4032000000001,1,3
400000,316.992,3,1905,1,3
390000,377.952,3,3385.7184,1,4
371000,432.81600000000003,3,1371.6000000000001,1.5,3
465000,637.032,4,2957.1696,2.5,5
588000,512.0640000000001,4,1524,2,3
310000,573.024,5,1524,3,3
765000,917.4480000000001,4,2200.9608000000003,4,3
1975000,1463.04,6,2772.7656,4.5,3
238000,426.72,4,2207.3616,1,3
1262000,673.6080000000001,2,1193.9016000000001,3,3
435000,560.832,3,1731.2640000000001,2.5,3
313500,438.91200000000003,3,1063.1424,2.25,4
340000,524.256,3,3264.4080000000004,1.75,3
365000,429.76800000000003,3,2788.92,1.75,5
643002,539.496,3,1141.1712,2.5,3
709000,512.0640000000001,4,1245.7176000000002,1,3
520000,667.5120000000001,4,1549.9080000000001,3,4
1600000,1088.136,5,3086.1000000000004,3.75,3
365000,542.544,3,534.6192,2.5,3
167000,463.29600000000005,3,2272.5888,2,3
1822500,1944.624,4,27040.0272,4.5,3
565000,344.42400000000004,2,84176.61600000001,1.75,3
160000,252.984,2,1371.6000000000001,1,3
440000,502.92,3,1502.3592,2.5,3
510000,774.192,3,12224.3088,2.5,3
275000,417.576,3,5443.4232,1,4
500000,548.64,3,2194.2552,1.75,3
585000,929.6400000000001,3,3870.96,3.25,3
465000,874.7760000000001,3,7822.0824,2.5,3
651500,457.20000000000005,4,937.26,1.5,5
500000,673.6080000000001,3,2412.7968,2.25,3
550000,289.56,2,1243.584,1,4
305000,548.64,4,4130.3448,2,4
1598890,1152.144,4,1828.8000000000002,4.5,4
480000,908.3040000000001,4,1241.7552,2.5,3
1600000,1185.672,4,1097.28,3.5,3
310000,332.232,2,281.3304,2.5,3
482000,682.7520000000001,4,2536.5456,2.25,3
970000,1069.848,4,3782.568,3,4
380000,950.976,4,1524.3048000000001,2.5,3
349990,411.48,3,50320.041600000004,1,5
257000,435.86400000000003,3,2197.608,1.75,3
839900,1161.288,4,4142.841600000001,3.5,3
206000,518.1600000000001,4,1836.42,2,3
310000,411.48,3,3398.52,2,3
852600,1011.936,4,3627.4248000000002,2.5,5
250000,582.168,4,2346.96,2.75,4
249900,371.856,3,1951.9392,2,3
253000,582.168,4,2385.3648000000003,2,4
258750,701.0400000000001,4,2560.32,2,4
1061600,911.3520000000001,4,2040.6360000000002,3,3
400000,423.672,1,18587.9232,1,3
710000,877.8240000000001,4,3763.9752000000003,2.5,3
926500,883.9200000000001,4,5426.0496,2.75,3
1240000,810.768,3,601.3704,2.5,3
493000,646.176,6,1158.5448000000001,1.75,4
570000,880.8720000000001,4,1768.1448,2.5,3
435500,441.96000000000004,3,1459.6872,2.25,3
159100,240.792,2,2162.556,1,3
1250000,1231.392,4,3459.48,2.5,4
285000,454.15200000000004,3,3159.8616,1.5,3
420000,459.94320000000005,3,339.54720000000003,2.5,3
389950,695.8584000000001,3,1217.9808,2.5,3
455000,347.47200000000004,2,3499.1040000000003,1,3
613000,472.44,4,1467.612,2,3
356700,332.232,2,1524,1,4
440000,356.61600000000004,3,2663.952,1.75,4
2075000,1289.304,4,6210.9096,3.5,3
304900,792.48,4,3451.86,1.75,4
500000,518.1600000000001,4,2633.472,2,3
550000,487.68,3,1524,1,3
549950,1190.5488,4,2948.6352,3.5,3
1145000,1331.976,4,5596.4328000000005,3.5,3
364988,868.6800000000001,3,3838.3464000000004,2.5,3
3418800,1661.16,5,6221.5776000000005,5,3
565000,1316.736,5,32661.4536,2.5,4
330000,762,3,3260.4456,2,3
650000,868.6800000000001,4,1370.6856,2,3
392500,469.392,3,2720.34,1.75,4
700000,923.5440000000001,3,3520.44,3.5,3
739000,838.2,3,4876.8,2.5,4
275000,408.432,2,1827.276,2.5,3
334000,204.216,1,1752.6000000000001,1,3
340000,812.292,4,1788.5664000000002,2.5,3
350000,542.544,4,1288.6944,3,3
234000,316.992,3,2475.5856000000003,1,5
937750,786.384,4,1085.088,2.75,5
405000,573.024,5,3048,1.75,3
392500,655.32,4,2225.9544,2.5,3
355000,405.384,2,3303.4224000000004,2.25,3
210000,310.896,3,1828.8000000000002,1,3
895000,518.1600000000001,2,1102.7664,1.75,3
152500,332.232,3,1073.8104,1,4
290000,432.81600000000003,3,1079.6016,2.5,3
349900,472.44,2,2813.304,1.75,3
435500,310.896,1,1375.2576000000001,1.75,3
269950,774.192,4,2560.32,2.5,5
660000,673.6080000000001,3,1219.2,2.75,3
310000,451.10400000000004,4,3413.76,1.75,4
200000,539.496,5,4732.02,1.75,4
865000,545.592,3,2293.9248000000002,1.5,3
585000,658.368,3,381,2.5,3
650000,438.91200000000003,2,41689.934400000006,1.5,4
278000,646.176,3,2988.2592,2.25,3
472000,566.928,3,126530.4048,2.5,3
640000,728.472,3,2534.4120000000003,2.5,4
806000,1027.1760000000002,4,2934.9192000000003,2.5,3
395000,441.96000000000004,3,384.9624,3.5,3
375000,481.584,3,1744.98,2.5,3
741000,630.936,4,3086.1000000000004,2.75,3
568500,917.4480000000001,4,1883.9688,2.5,3
898000,454.15200000000004,2,3009.5952,1.75,4
290000,682.7520000000001,4,2487.7776000000003,2.75,5
186000,445.00800000000004,3,2428.3416,1.75,3
160000,326.136,2,1280.16,1,4
439000,320.04,2,1728.5208,1,3
590000,1225.296,5,12295.936800000001,3.25,5
509250,640.08,3,2316.48,2.5,4
540000,509.016,3,955.548,2.25,3
920000,832.104,5,1828.8000000000002,2.25,3
250000,612.648,4,2228.6976,2,4
334000,274.32,2,554.1264,1,4
700000,445.00800000000004,3,23898.758400000002,1.5,4
435000,292.608,2,1905,1,4
250000,728.472,3,7169.5056,1.5,2
740000,853.44,4,2602.992,2,4
275000,688.8480000000001,5,3648.456,2,4
400000,923.5440000000001,4,54944.1624,2.5,3
78000,237.744,2,4981.6512,1,1
910000,920.4960000000001,3,1244.1936,3.5,3
515000,914.4000000000001,3,2514.6,2.5,4
490000,615.696,3,65721.5856,1.75,4
225000,301.752,3,2442.0576,1,4
330000,381,3,2781.6048,1,3
560000,630.936,3,3873.3984,2.5,3
270000,633.984,3,1296.0096,2.25,3
309000,454.15200000000004,3,394.4112,2.25,3
477000,542.544,3,2464.308,1.75,3
300000,560.832,4,1691.64,2.5,3
260000,341.37600000000003,2,1722.1200000000001,1,3
589500,704.0880000000001,3,937.26,3.25,3
645000,691.8960000000001,3,3496.6656000000003,1.75,4
509000,588.264,2,1073.2008,1.5,3
385000,566.928,3,2255.52,2,3
850000,676.6560000000001,3,1129.8936,2.25,4
488000,963.168,3,4146.1944,2.5,3
293000,432.81600000000003,3,4019.3976000000002,1.75,4
350000,262.128,3,2142.744,1,3
405000,457.20000000000005,3,705.3072000000001,2.5,3
300000,615.696,3,2020.2144,2.5,4
219950,307.848,2,1255.776,1,3
1415000,947.928,4,1343.5584000000001,3,4
439950,847.344,4,4594.860000000001,2.25,3
625000,667.5120000000001,4,3909.0600000000004,3,3
905000,908.3040000000001,4,914.4000000000001,3.5,3
1200000,658.368,2,5444.0328,2.25,4
287653,320.04,3,4892.04,1,4
419000,917.4480000000001,4,2790.444,2.5,3
600000,719.3280000000001,4,4114.8,2.5,4
198400,316.992,3,2634.996,1,4
400000,292.608,2,1889.76,1.75,4
459000,527.304,3,2379.5736,1.75,3
337000,975.36,4,1759.3056000000001,2.5,3
580000,664.464,3,12276.734400000001,2.5,3
235000,417.576,3,4276.344,1.75,4
937500,1690.116,4,265541.76,4,3
470000,822.96,4,2063.1912,2.5,3
439000,548.64,4,1665.732,2,3
485000,384.048,3,984.504,1,3
1360000,798.576,2,4309.2624000000005,1.75,3
435000,301.752,2,1719.9864,1,3
230000,341.37600000000003,3,9829.800000000001,1,4
1208000,484.632,3,2596.896,2.25,4
599950,512.0640000000001,3,2410.9680000000003,1,3
299000,460.24800000000005,3,1889.76,1,3
429950,627.888,3,3096.768,2.25,4
576000,457.20000000000005,3,4233.9768,1.75,4
585000,685.8000000000001,4,1255.4712,2.5,3
288250,643.128,3,4693.92,1.75,3
735000,685.8000000000001,3,3511.2960000000003,1.75,3
453250,688.8480000000001,4,1920.24,2.5,3
232000,365.76,2,2457.6024,1,4
582000,646.176,4,1417.3200000000002,1.75,3
695000,960.12,4,2782.824,3,3
1800000,1359.4080000000001,4,5167.2744,3.5,3
306000,512.0640000000001,3,3411.6264,2.5,3
328500,594.36,3,2478.0240000000003,2.5,4
309000,756.2088,5,1232.9160000000002,2.75,3
646000,874.7760000000001,5,1359.7128,2.75,3
725000,1091.184,3,16596.36,2.5,3
1300000,795.528,4,6583.68,1.75,4
782000,1606.296,4,16284.8544,3.5,3
471835,1000.0488,4,1631.8992,2.5,3
480000,481.584,3,2255.52,2,3
409950,301.752,2,914.4000000000001,1,4
260000,356.61600000000004,3,1661.16,2,5
184900,316.992,3,3072.384,1,3
330000,313.944,3,2322.576,1,3
280000,566.928,3,2807.208,2.25,3
436472,820.5216,4,2557.8816,2.5,3
300000,399.288,3,2975.1528000000003,1.75,3
733000,588.264,4,1181.4048,1.75,5
872500,621.792,3,1828.8000000000002,2.5,3
632000,688.8480000000001,5,3074.5176,2.5,3
657500,582.168,4,1524,1.5,3
280000,589.4832,4,1730.3496,2.5,3
130000,365.76,3,2133.6,1,1
239900,277.368,2,2743.2000000000003,1,4
222000,377.952,3,2304.288,1.75,3
239000,405.384,3,1993.392,1.5,3
349000,548.64,4,2322.576,2.5,3
599000,789.432,5,1883.664,3.25,3
707500,472.44,4,2010.4608,4,5
240000,328.5744,2,384.9624,1.5,3
961000,789.432,5,1865.3760000000002,2.75,3
400000,630.936,4,3291.84,2,3
550000,344.42400000000004,3,2286,1,3
340000,664.464,4,2438.4,2.25,4
524000,603.504,4,2138.172,1,3
608000,423.672,2,1097.28,1,4
1150000,1277.112,4,3126.9432,3.25,3
625000,710.1840000000001,3,957.3768,2.5,3
840000,640.08,4,1118.9208,2.25,3
219000,530.352,3,1584.96,1.5,4
352000,402.336,2,596.4936,2.5,3
2200000,1780.0320000000002,5,5232.8064,4.5,3
665000,1091.184,3,29209.5936,3.5,3
495000,591.312,4,2787.0912000000003,2.25,4
1100000,1545.336,4,18325.490400000002,3.75,3
515000,469.392,3,1859.2800000000002,2.5,3
682000,841.248,5,1524,2.75,3
640000,786.384,3,2286,2.5,3
264950,606.552,4,2943.1488,2.5,3
260000,826.008,3,1524,2,3
469500,637.032,4,2207.0568000000003,2.5,4
1260000,947.928,3,3026.664,2.5,3
606000,600.456,3,2602.992,1.75,4
128000,277.368,3,3388.4616,1,3
1300000,649.224,5,5846.064,1.75,3
670000,548.64,3,1451.7624,2.5,3
225000,252.984,2,1743.4560000000001,1,4
803000,438.91200000000003,2,10286.0856,1,3
1339000,908.3040000000001,4,1935.1752000000001,3.5,3
690000,826.008,4,654.4056,3.5,3
465000,435.86400000000003,3,2171.7000000000003,2,4
185000,365.76,3,563.2704,1.5,3
610000,899.1600000000001,4,2746.248,2.5,3
450000,548.64,3,1328.0136,2.5,3
314000,713.2320000000001,4,2740.152,2.5,3
439000,612.648,3,76608.7368,2,3
366000,460.24800000000005,3,2530.1448,1.75,3
440150,338.32800000000003,2,2072.6400000000003,1,5
495000,652.272,4,2208.2760000000003,2.5,3
640000,1124.712,5,3635.6544000000004,3.5,3
1950000,1414.2720000000002,7,4643.628000000001,3.5,3
1350000,728.472,3,1676.4,2.5,3
261500,530.352,3,2131.1616,2.5,3
522000,496.824,3,4754.88,1.75,3
665000,905.2560000000001,4,16022.421600000001,2,3
625000,487.68,3,2784.348,1.75,5
635000,679.7040000000001,3,428.85360000000003,3,3
549000,460.24800000000005,2,3403.092,1,4
550000,408.432,3,1828.8000000000002,1.5,4
431000,505.968,3,3921.2520000000004,1.75,5
600000,768.096,4,3307.0800000000004,2.5,4
325000,688.8480000000001,4,1737.9696000000001,2.5,3
510000,603.504,4,3044.3424,3.25,3
400000,594.36,3,1363.3704,1.5,4
658000,505.968,3,972.312,1.5,3
245000,414.528,3,2715.768,1.5,5
255000,505.968,4,2049.4752000000003,2.5,3
315500,396.24,3,3840.48,1,4
600000,1027.1760000000002,5,5134.660800000001,3.5,3
293000,615.3912,4,1351.788,2.5,3
760000,929.6400000000001,5,911.9616000000001,1.5,4
868700,1170.432,3,1877.8728,4.25,3
267500,566.928,3,3657.6000000000004,2.25,4
550700,307.848,2,1524,1,4
85000,277.368,2,2972.7144000000003,1,3
539000,420.624,3,982.98,1.75,4
589500,1072.896,4,1503.5784,1.5,4
590000,530.352,3,335.28000000000003,3,3
410000,432.81600000000003,3,386.7912,2.5,3
330000,704.0880000000001,4,1926.336,2.5,3
489000,350.52000000000004,4,1590.1416000000002,1,3
443000,371.856,2,3099.8160000000003,1,3
1450000,1133.856,4,2530.1448,3.5,3
508800,524.256,3,3077.8704000000002,2,4
225000,292.608,3,1680.0576,1,4
510000,493.776,4,2476.5,2.5,4
285000,608.3808,4,1385.9256,2.5,3
550000,441.96000000000004,3,332.5368,3.5,3
319000,332.232,2,258.16560000000004,1.5,3
525000,414.528,2,1865.3760000000002,1,3
340000,856.488,4,1975.4088000000002,2.5,3
575000,512.0640000000001,2,1887.9312,2,3
800000,478.536,2,1524,1,4
302000,356.61600000000004,2,2499.36,1.75,4
350000,460.24800000000005,4,2194.56,1,4
365000,557.784,3,5287.9752,1.75,3
560000,579.12,3,2665.1712,2.5,3
500000,539.496,4,2485.6440000000002,2.5,4
530000,408.432,3,1305.7632,1,3
495000,758.952,4,5499.2016,3.5,3
450000,746.76,3,12856.464,2.25,4
300000,384.048,3,2523.744,1,3
197500,298.704,3,941.832,1,3
749950,1045.464,4,19641.6168,2.5,3
530000,707.1360000000001,3,967.4352,3.5,3
600000,679.7040000000001,3,2759.3544,2.25,4
492000,499.872,4,1524,2,3
455500,445.00800000000004,3,3142.7928,2,4
527500,704.0880000000001,3,24031.6512,1.75,3
435000,432.81600000000003,3,786.6888,2.5,3
239950,347.47200000000004,3,2549.9568,1,5
543000,377.952,3,289.2552,2.25,3
489000,1127.76,3,3162.3,3,3
356000,484.632,3,1039.6728,2.5,3
670000,432.81600000000003,3,438.30240000000003,2.5,3
375000,405.384,3,248.7168,2.5,3
249000,566.928,4,2918.7648,2.25,3
1350000,630.936,3,2926.08,2,3
570000,765.048,5,2971.8,1.75,3
435000,490.728,3,2106.4728,2,3
485500,408.432,2,391.9728,1.5,3
533000,472.44,4,1447.8000000000002,1,3
625000,630.936,4,2194.56,2.25,5
1295000,886.9680000000001,2,5928.055200000001,2.5,5
388500,411.48,3,287.7312,2.25,3
285000,310.896,3,1524,1.75,5
452000,371.856,2,1828.8000000000002,1,3
385000,496.824,3,487.0704,2.25,3
1225000,1137.5136,5,1349.0448000000001,4.5,3
569995,807.72,4,2095.5,2.5,3
470000,664.464,5,1300.8864,1.5,4
299000,938.784,3,5984.7480000000005,2.75,4
535000,280.416,1,1524,1,4
449500,384.048,3,779.0688,2.25,3
780000,493.776,3,2286,1.5,4
303100,499.872,3,1722.1200000000001,1.5,3
206000,320.04,3,1595.0184000000002,1,5
704000,758.952,4,2125.3704000000002,2.25,4
685000,673.6080000000001,3,1524,2,3
238950,246.888,2,1474.6224,1,3
82000,262.128,3,3177.8448000000003,1,3
240000,420.624,3,2286,1.75,3
338000,637.032,4,2286,3,3
315000,563.88,4,2615.184,1.75,3
400000,786.384,3,65323.21200000001,2.5,3
500000,207.264,2,1600.2,1,4
529000,853.44,4,27483.5112,1.75,3
208000,292.608,2,4095.9024000000004,1,3
299950,603.504,3,3436.3152,1.75,4
1500000,893.0640000000001,4,7832.4456,2.75,4
327000,551.688,3,2240.28,2.5,3
1775000,1136.904,4,2155.2408,3.25,3
338500,728.472,4,1862.6328,2.5,3
1600000,868.6800000000001,3,5971.946400000001,2.5,3
465000,533.4,5,3807.2568,1.5,3
655000,783.336,4,2445.1056000000003,3,4
710000,710.1840000000001,3,2791.9680000000003,2.5,3
305000,435.86400000000003,3,3788.664,2,4
675000,743.712,4,2278.38,1.75,4
220000,582.168,4,2490.5208000000002,1.75,3
444950,536.448,3,2111.3496,1,3
475000,280.416,2,1571.8536000000001,1,3
583500,1075.944,3,3962.4,2.25,4
290000,615.696,3,1481.6328,2.5,3
256000,387.096,4,2080.26,1.75,3
580000,667.5120000000001,3,2495.7024,2.25,3
320000,454.15200000000004,3,3088.2336,1.5,4
518000,850.392,4,3020.568,2.5,3
963990,1193.2920000000001,4,1939.7472,3.5,3
367500,426.72,3,409.3464,3.25,3
535000,393.192,3,2090.6232,1,4
655000,880.8720000000001,4,14206.423200000001,2.75,4
378510,234.696,2,1580.3880000000001,1,3
375000,493.776,4,1402.0800000000002,2,3
329500,646.176,3,6852.5136,2.5,5
499950,871.7280000000001,4,1019.556,2.5,3
450000,411.48,3,28261.360800000002,1,2
225000,326.136,2,1828.8000000000002,1,4
353000,511.4544,3,4225.1376,2,3
440000,457.20000000000005,3,1883.664,1.75,4
409316,548.64,3,965.6064,2.5,3
792000,478.536,3,320.04,1.5,3
420850,292.608,1,12480.3408,1,5
684680,722.3760000000001,4,2852.9280000000003,2.25,4
328000,438.91200000000003,3,13808.0496,1.75,3
347000,377.952,3,2453.6400000000003,1.75,4
505000,713.2320000000001,3,1815.6936,2.5,3
915000,893.0640000000001,6,4565.904,3.75,3
464000,664.464,4,2195.4744,2.5,4
235000,579.12,3,2602.992,1.75,3
340000,755.904,3,1862.9376000000002,2.5,3
425000,774.192,3,1710.5376,2.5,3
845000,774.192,3,1447.8000000000002,2,5
762000,1219.2,4,4649.1144,3.5,3
195000,310.896,2,2468.88,1,3
478000,499.872,3,1187.5008,2.25,3
390000,579.12,4,23432.1096,2,3
560000,597.408,3,1846.4784000000002,2.5,3
740000,1024.1280000000002,4,4599.736800000001,2.5,3
279000,204.216,2,1920.24,1,5
354000,557.784,5,2434.1328000000003,1.75,4
800000,893.0640000000001,4,1524,2.5,3
569500,713.2320000000001,4,2513.9904,2.5,3
752500,694.9440000000001,2,1898.904,2.5,3
749000,1030.2240000000002,3,2172.0048,2.5,3
1517000,795.528,3,2867.8632000000002,2.25,4
435000,420.624,3,762,2,3
446000,694.9440000000001,4,13317.321600000001,2,3
280000,577.2912,2,16083.9912,1.75,4
328000,271.272,3,1818.132,1,3
516000,673.6080000000001,4,3291.84,2.75,4
707000,649.224,2,1524.3048000000001,2.5,5
249900,335.28000000000003,3,1524,1,3
550000,813.816,4,1524,3,3
643500,502.92,3,2165.2992,2,3
569950,1030.2240000000002,5,2378.964,4.25,3
472000,664.464,3,2194.56,1.75,4
499950,408.432,3,1905,1.75,4
560000,847.344,3,10021.824,2.5,3
334950,573.024,3,4956.6576000000005,1.75,5
490000,1060.704,4,3869.7408,2.5,4
350000,487.68,3,395.6304,3.25,3
257000,551.688,3,3657.6000000000004,2.25,3
649990,649.224,4,3627.1200000000003,2.25,3
480680,527.304,3,1500.8352,2.5,3
445000,362.71200000000005,3,4154.424,2.25,3
685000,505.968,4,1569.72,2.75,5
2150000,1322.832,8,2869.692,6,3
525000,600.456,3,2438.4,1.75,4
620000,908.3040000000001,4,64128.396,2.5,3
780000,1133.856,4,64944.650400000006,3.5,3
195500,374.904,4,2632.2528,1,4
456700,859.5360000000001,3,2706.3192,1.75,5
270000,539.496,3,2236.0128,2.5,3
538000,609.6,3,2195.7792,2.75,5
370000,670.5600000000001,4,1587.0936000000002,2.75,5
539500,826.008,4,1744.0656000000001,3.5,4
235000,448.05600000000004,0,1463.04,0,3
309000,441.96000000000004,3,3499.1040000000003,2.5,3
163000,381,2,2299.1064,2,3
1164000,1103.376,3,2460.3456,3.5,3
950000,1149.096,4,10692.6888,2.5,3
253000,426.72,3,2971.8,1,3
550000,890.0160000000001,3,51647.750400000004,2.5,3
634000,758.952,3,1494.7392,2.5,3
800000,460.24800000000005,3,1097.28,1.75,5
377000,661.416,4,3508.5528000000004,2.5,3
341500,950.976,5,3169.92,2.25,3
563500,853.44,4,3910.8888,2.5,3
480000,381,3,336.19440000000003,2.5,3
561000,783.336,4,1600.2,2.5,3
1862000,1597.152,4,97815.5016,5.25,3
575000,844.296,2,6004.56,1.75,3
623000,701.0400000000001,4,3850.5384000000004,2.75,3
3120000,1368.5520000000001,3,17254.4232,3.5,3
730000,999.744,6,5013.6552,2.75,4
485000,713.2320000000001,4,2148.2304,3,4
600000,597.408,4,4340.9616000000005,2.5,4
600000,579.12,3,14206.423200000001,2.25,4
737000,697.9920000000001,2,2978.5056,2.25,3
491500,679.7040000000001,3,3992.88,2.25,4
222500,441.96000000000004,3,2756.6112000000003,2,3
782000,725.4240000000001,4,2930.3472,2.5,4
366000,368.808,2,941.832,1,3
539000,521.208,3,701.0400000000001,2.5,3
468500,411.48,3,361.49280000000005,2.5,3
105000,256.03200000000004,3,2560.32,1,3
350000,219.45600000000002,2,1773.9360000000001,1,5
314950,536.448,3,2966.3136,2,3
690000,490.728,3,1554.48,2,5
526500,566.928,3,13158.216,2.5,3
580000,554.736,3,114182.9568,2.5,3
484950,484.632,3,282.2448,2.25,3
757500,963.168,5,2458.212,2.25,3
195000,359.66400000000004,2,778.1544,2,3
225000,432.81600000000003,4,3139.44,1.75,3
1440000,1179.576,3,1164.0312000000001,3.5,3
395000,487.68,3,590.0928,2.5,3
280927,630.936,4,2240.28,2.25,4
491500,448.05600000000004,3,1317.3456,2.25,3
640000,475.488,3,446.83680000000004,3,3
760000,844.296,4,2597.2008,1.75,4
1350000,839.1144,3,19813.524,2.5,5
490000,487.68,3,1944.624,1,3
490000,975.36,4,1956.816,3.5,3
670000,563.88,3,2487.168,1.75,3
270000,435.86400000000003,3,2581.656,2.5,3
520000,1002.792,4,3488.7408,2.5,3
440000,713.2320000000001,4,3363.1632,2.75,3
200000,332.232,3,2926.08,1.5,4
350000,853.44,4,2907.1824,2.5,3
335000,557.784,4,1371.6000000000001,2.5,3
295000,557.784,4,1743.4560000000001,2.25,3
500000,381,2,1024.1280000000002,2,3
469950,493.776,3,2652.0648,2.25,3
290000,134.112,2,2533.8024,0.75,4
565000,569.976,3,322.4784,2.5,3
831000,682.7520000000001,3,2682.2400000000002,2.25,5
460000,871.7280000000001,4,4588.4592,2.25,3
377500,429.76800000000003,3,419.7096,2.25,3
325000,320.04,2,490.4232,2.5,3
695000,1008.888,4,6416.04,3.5,5
408000,499.872,3,1048.512,2,3
905000,1072.896,4,3716.4264000000003,2.5,4
475000,432.81600000000003,4,1828.8000000000002,1,3
310000,722.3760000000001,4,2231.136,2.75,3
193500,289.56,2,4875.580800000001,1,4
511718,518.1600000000001,2,1524,1.75,3
316000,341.37600000000003,3,30006.036,1.75,4
467500,518.1600000000001,3,1269.492,1,3
570500,420.624,2,548.64,1,3
322500,362.71200000000005,3,1964.4360000000001,2,3
393000,252.984,2,1524,1,4
662700,743.712,2,2103.12,1.5,3
287000,408.432,4,2496.3120000000004,2,4
820875,1176.528,5,2861.1576,3.25,3
345950,643.128,3,1255.1664,2.5,3
455000,569.976,3,2238.4512,2.5,3
332000,304.8,2,1455.7248000000002,1,4
460000,271.272,2,640.08,1,4
410000,381,3,2346.96,1.5,5
805000,792.48,3,1790.7,2.75,5
265000,432.81600000000003,3,2514.6,1.75,3
356000,694.9440000000001,3,2671.572,2.25,3
474000,347.47200000000004,3,1389.8880000000001,1,4
345000,554.736,2,2563.0632,1.75,4
257000,234.696,2,2194.56,1,3
340000,573.024,2,2196.9984,1.75,3
335000,310.896,3,3108.96,1,4
777000,1100.328,3,18189.549600000002,3.25,3
772000,643.128,4,1143,2.5,3
711000,777.24,3,1638.6048,2.5,3
470000,1072.896,3,10824.0576,3.5,3
990000,762,3,1935.48,2.75,5
305000,583.3872,4,960.12,2.5,3
449000,679.7040000000001,4,2572.512,2.25,4
489000,637.032,3,2336.9016,1.75,3
460000,259.08000000000004,2,1417.3200000000002,1,3
251000,411.48,3,3086.1000000000004,1.75,3
320000,399.288,4,41822.8272,1.5,4
1220000,987.552,4,1097.28,2.5,3
427000,280.416,2,1152.144,1,3
200500,384.048,3,2848.6608,1.75,4
330000,792.48,5,1170.1272000000001,2.5,3
252500,234.696,2,667.8168000000001,1,3
409000,957.072,4,3277.2096,3.25,3
260000,728.472,3,2741.0664,3,3
287000,527.304,5,2813.304,1.5,3
423000,600.456,4,1975.104,2,5
425000,930.2496000000001,4,3701.7960000000003,2.5,3
265000,774.192,3,2199.4368,2.25,3
218000,588.264,5,2450.592,1.75,4
2532000,1536.192,4,4891.4304,4.25,3
1160000,1085.088,4,4254.7032,3.75,4
750000,722.3760000000001,2,47283.624,2,3
275000,423.672,3,14708.733600000001,1.5,3
269500,283.464,2,1219.2,1,3
342400,359.66400000000004,3,2935.224,2.25,3
1690000,1036.3200000000002,3,2732.532,1.75,5
329995,701.9544000000001,4,1121.664,2.5,3
1142000,762,4,1768.1448,3.25,3
305000,658.368,2,3950.208,1,3
458000,301.752,2,1783.0800000000002,1.75,4
425000,295.656,3,2450.592,1,3
675000,972.312,4,2095.5,3.5,3
530000,762,5,2176.272,2.75,4
1785000,1673.352,4,4358.64,3.5,3
780000,1042.416,4,2068.6776,2.75,3
621000,594.36,4,2112.264,2.75,4
339000,716.2800000000001,3,2578.3032000000003,2,3
675000,466.34400000000005,4,1101.852,1.75,4
701000,560.832,4,3072.384,1.5,3
563750,819.912,4,7620,2.75,3
295000,374.904,3,1037.844,2,3
410000,432.81600000000003,3,1143,2.25,3
445000,262.128,3,975.36,1.5,3
560000,588.264,3,1828.8000000000002,1.75,3
524000,740.664,3,22296.4248,2.25,3
465000,429.76800000000003,3,2098.8528,1.75,3
460000,1033.2720000000002,5,2974.848,2.5,5
505000,323.088,2,368.5032,2.25,3
767500,734.568,6,1828.8000000000002,3.5,3
299000,316.992,2,1402.0800000000002,1,4
249000,326.136,3,1569.72,1.5,4
285000,320.04,2,941.2224,1,3
179900,207.264,2,1950.72,1,3
577000,591.312,5,1524,2.75,5
378000,304.8,3,2107.3872,1.5,3
254950,213.36,2,2468.88,1,3
590000,560.832,5,2045.208,1,3
965000,963.168,4,10533.888,2.25,4
386000,856.488,4,3626.2056000000002,2.5,3
350000,390.144,2,1600.2,1,4
659950,917.4480000000001,5,2242.4136000000003,3,3
215000,368.808,3,2186.94,1,3
162500,423.672,3,2260.7016000000003,1.5,3
424305,487.68,3,1816.6080000000002,2.5,5
425000,332.232,2,1828.8000000000002,1,3
510000,402.336,3,308.4576,3,3
287000,603.504,4,2158.2888000000003,2.25,3
315000,429.76800000000003,3,4612.8432,1.75,3
306500,335.28000000000003,3,2481.072,1.5,4
268000,472.44,3,2479.2432000000003,2.5,3
450000,353.56800000000004,3,11226.088800000001,1,3
235000,585.216,4,2849.88,1.75,4
265000,453.84720000000004,3,853.44,2.25,3
1780000,1203.96,4,3325.9776,3.25,3
270000,423.672,3,3323.844,1.75,3
890900,1042.416,4,1899.8184,2.5,3
383000,350.52000000000004,3,3107.7408,1,4
437850,813.816,4,4344.924,2.25,4
553000,426.72,2,460.85760000000005,2,3
537250,789.432,4,2904.744,2.5,4
280000,268.224,2,1752.6000000000001,1,3
255000,188.976,2,1450.8480000000002,1,3
249900,420.624,3,4267.2,1.75,4
2200000,1155.192,4,2194.56,3.75,3
394000,777.24,3,1630.3752000000002,2.5,3
296500,661.416,3,2407.92,2.75,4
430000,365.76,3,1371.6000000000001,1.75,5
290900,490.728,2,5364.4800000000005,2,3
431500,417.576,2,1483.1568,2,3
107000,204.216,2,1438.6560000000002,1,4
588000,947.928,5,1360.6272000000001,3,3
500000,353.56800000000004,4,6126.4800000000005,1,4
430000,615.696,4,1475.232,2.25,5
249000,438.91200000000003,3,2338.7304,2.25,3
210000,438.91200000000003,2,1731.2640000000001,1.75,4
530000,652.272,5,2410.9680000000003,2.25,3
515000,612.648,3,2194.56,2.5,3
474905,408.432,4,1889.76,1.5,5
314950,576.072,4,2933.0904,1.75,4
739000,676.6560000000001,3,3209.5440000000003,2.25,4
300000,518.1600000000001,3,2585.0088,1.75,3
650000,505.968,3,3297.6312000000003,1.75,4
313200,594.36,3,1279.2456,2.5,3
515000,694.9440000000001,4,4514.088000000001,2.5,5
820000,908.3040000000001,3,5771.388,2.5,3
725000,734.568,2,1807.4640000000002,1,3
748000,844.296,4,1014.984,3.5,3
350000,243.84,2,1569.72,1,4
423000,670.5600000000001,4,2850.1848,2.25,5
482500,515.1120000000001,3,935.1264000000001,2.5,3
405000,381,3,2218.944,1,3
354000,408.432,3,1920.24,1.75,3
185000,307.848,3,1950.72,1,3
331500,518.1600000000001,4,4497.6288,1.75,3
185000,426.72,4,2646.8832,1,3
319000,615.696,4,1554.48,2.5,3
270000,557.784,4,1591.056,2,3
264950,234.696,2,2265.8832,1,3
440000,877.8240000000001,4,2456.9928,2.5,3
1475000,1453.8960000000002,5,9622.536,4,3
435000,475.488,3,1215.2376000000002,2.5,3
203000,490.728,3,2743.2000000000003,1.75,4
233000,445.00800000000004,3,2377.44,1.75,2
275000,560.832,3,4268.724,1.75,3
657000,478.536,2,390.4488,3,3
445000,685.8000000000001,3,2928.5184,2.5,3
524225,931.4688000000001,4,3470.148,2.5,3
535000,877.8240000000001,4,7313.3712000000005,2.5,3
560000,777.24,4,2377.44,2.25,3
372000,700.4304000000001,3,3090.672,1,3
225000,490.728,3,2560.32,2,3
781000,630.936,3,1360.3224,2.5,5
418500,240.792,2,1767.8400000000001,1,3
550000,652.272,3,3089.4528,2.5,3
650000,755.904,4,1945.5384000000001,1.5,3
857500,902.2080000000001,4,1536.192,2.75,3
994900,1126.236,4,1998.2688,3.5,3
276900,493.776,3,2231.136,2.5,3
175000,429.76800000000003,2,2133.6,1,3
350000,256.03200000000004,2,1691.9448,1,3
245000,216.40800000000002,2,1926.9456,1,3
375000,637.032,4,2537.46,2.5,4
467000,661.416,4,1531.3152,2.75,3
395000,390.144,3,4580.5344000000005,1.5,3
582500,347.47200000000004,2,7247.8392,1,3
800000,990.6,4,1676.4,2.75,3
750000,341.37600000000003,3,2605.7352,1,3
360000,594.36,3,2212.848,1.75,3
259000,387.096,3,1467.612,1.75,3
565000,661.416,4,3688.0800000000004,1,5
208000,396.24,3,2261.616,1,4
835000,829.056,3,4000.1952,2.5,3
215000,490.728,3,2176.272,1,3
631000,801.624,4,18161.8128,4,3
425000,341.37600000000003,3,335.28000000000003,2.5,3
614905,734.568,3,2202.1800000000003,2.5,3
265000,566.928,4,2777.3376000000003,1.75,4
607500,643.128,4,4248.6072,2.5,3
334950,679.7040000000001,5,2634.0816,3,3
240000,371.856,4,2461.26,1,2
199900,545.592,4,3657.6000000000004,1.75,5
529888,957.072,4,2577.0840000000003,2.5,3
245000,310.896,2,4572,1,3
700000,874.7760000000001,4,2628.9,2.75,4
550000,338.32800000000003,3,1828.8000000000002,1,3
212000,573.024,4,2286,2,5
765000,996.696,3,11609.2224,3,3
399000,755.904,4,1321.0032,2.5,3
417500,627.888,5,3325.6728000000003,1.75,4
396000,457.20000000000005,3,3845.3568,1,3
850000,548.64,2,1263.0912,1.5,4
450000,292.608,2,304.8,1.5,3
671300,999.744,4,1594.7136,2.5,3
2350000,1691.64,6,3519.5256000000004,4.25,3
370000,707.1360000000001,4,2823.6672000000003,2.5,3
275000,554.736,5,3200.4,2.25,4
595000,685.8000000000001,3,2529.84,2.5,3
460000,944.88,5,2212.848,4.5,3
635000,633.984,4,3406.4448,2.5,5
153000,365.76,3,3200.4,1,3
550000,588.264,3,2012.8992,2.5,3
997000,1045.464,4,4148.0232000000005,3.5,3
505400,499.872,3,1036.3200000000002,1.75,4
365000,249.936,2,387.096,1.5,3
200000,356.61600000000004,3,3063.5448,2,4
585000,338.32800000000003,2,1828.8000000000002,1,3
385000,588.264,3,4385.7672,1.75,3
550500,283.464,2,2255.52,1.5,4
1030000,798.576,4,3413.76,2.5,4
235000,469.392,4,2828.2392,2,3
655000,737.616,4,2354.58,2.25,4
850000,713.2320000000001,3,584.9112,2.5,4
635000,682.7520000000001,5,1447.8000000000002,1.75,4
307000,234.696,3,1997.0496,1,3
470000,755.904,3,1548.9936,2.5,3
479950,460.24800000000005,2,1986.0768,2,3
384000,469.392,3,476.7072,2.5,3
352000,908.3040000000001,5,2998.6224,2.75,3
730000,667.5120000000001,4,2745.9432,2.25,4
1099880,1072.896,5,1936.3944000000001,2.75,4
302860,295.656,2,999.4392,1,3
259950,426.72,4,2414.016,1.75,3
530000,512.0640000000001,3,2213.4576,2.25,5
406000,423.672,3,2409.1392,1.75,3
249000,426.72,3,1721.5104000000001,1.75,5
297975,859.5360000000001,3,2468.88,2.25,4
320000,502.92,3,2147.9256,2.25,3
436000,457.20000000000005,3,3108.96,1.5,3
332900,362.71200000000005,3,3656.3808000000004,1.5,4
1085000,1106.424,3,3358.5912000000003,2.5,4
310000,649.224,4,2747.1624,2.5,3
265000,286.512,2,2882.7984,1,3
627800,612.648,4,3671.0112000000004,1.75,3
305000,521.208,3,5826.252,1,3
620000,963.168,5,3226.9176,3.25,5
220000,390.144,3,2359.7616000000003,1.5,4
280500,509.016,3,2129.9424,1.5,3
452000,1544.4216000000001,5,4058.4120000000003,2.5,3
414500,411.48,3,2880.36,1,3
250000,685.8000000000001,4,2402.4336000000003,3,3
193000,390.144,2,2064.7152,1.75,3
650000,664.464,3,11290.401600000001,2.5,3
707500,457.20000000000005,3,778.764,1,3
564500,594.36,4,1828.8000000000002,2.25,3
875000,984.504,4,78069.03360000001,2.5,3
1298890,819.912,5,3291.84,2.25,4
160000,347.47200000000004,3,987.552,1,4
230005,313.944,2,1828.8000000000002,1,2
153000,347.47200000000004,2,3094.3296,1,3
722500,749.808,4,2833.4208000000003,2.5,3
540000,676.6560000000001,3,1609.0392000000002,2.5,3
432000,533.4,4,3818.5344,1,4
494000,545.592,4,12801.6,2.25,3
259500,454.15200000000004,3,2313.1272,2.25,3
299950,423.672,2,535.2288,1.5,3
1839900,1261.872,4,3354.9336000000003,3.25,3
586000,588.264,4,2541.4224,2.25,3
455000,384.048,2,1554.48,1.5,3
720000,877.8240000000001,3,3086.4048000000003,2.5,4
168000,350.52000000000004,3,2438.4,1,4
515000,771.144,5,1556.0040000000001,3,3
160000,292.608,3,1980.2856000000002,1.5,4
349500,344.42400000000004,3,5143.5,2,4
314950,504.1392,3,2584.3992000000003,2.25,3
1388000,807.72,5,3456.4320000000002,1.75,3
539950,405.384,3,664.464,2.5,3
272167,493.776,2,1156.7160000000001,2.5,3
343000,335.28000000000003,2,374.2944,1.5,3
380000,466.34400000000005,3,397.764,2.25,3
875000,743.712,3,1752.6000000000001,1.5,3
235000,435.86400000000003,3,2316.1752,1,4
294000,466.34400000000005,3,2853.5376,1.75,3
436800,633.984,3,3875.2272000000003,1.75,4
273000,624.84,3,2756.916,1.75,4
450600,256.03200000000004,2,2139.696,1,4
387000,493.776,3,6683.9592,1.5,3
499950,627.888,3,1066.8,1.75,5
220000,234.696,2,2483.8152,1,3
590000,697.9920000000001,3,1281.0744,2.5,3
387500,417.576,4,2176.272,1,3
650500,530.352,3,1341.1200000000001,1.75,3
286500,560.832,3,2481.072,2,4
1000000,795.528,3,1938.528,1.75,3
3000000,1551.432,4,4518.0504,3.75,3
900000,585.216,3,2194.56,2.5,3
180000,490.728,3,2590.8,1,3
480000,841.248,5,2194.56,2.75,3
698000,371.856,3,2269.8456,1.75,4
625000,694.9440000000001,3,1449.9336,2.5,3
324500,484.632,3,1252.1184,2.5,3
558000,512.0640000000001,3,284.6832,2.5,3
1210000,579.12,3,4145.280000000001,1.75,4
330000,627.888,3,7634.0208,2.5,4
650000,667.5120000000001,3,1097.28,2.5,3
265000,330.4032,2,1044.5496,1.5,3
405000,411.48,2,808.6344,1.75,3
449950,630.936,3,29475.0744,1.75,4
350000,438.91200000000003,3,1666.9512,2,3
220000,271.272,2,1464.2592,1,4
420000,618.744,4,3657.6000000000004,2.25,3
949000,1301.496,4,26103.9864,3,3
1700000,972.312,4,5238.2928,3.75,3
165000,320.04,3,1571.5488,1,3
265000,405.384,3,3845.9664000000002,1.75,3
515000,609.6,3,1169.5176000000001,2.5,3
1220000,923.5440000000001,3,1706.88,3.25,3
420000,755.904,4,18455.0304,1.75,4
699000,722.3760000000001,3,3343.0464,2.5,4
278500,478.536,3,1600.2,2,3
550000,576.072,3,30669.8904,1.75,3
450000,621.792,4,2915.4120000000003,2.25,3
480000,896.1120000000001,4,2795.6256000000003,2.5,3
695000,963.168,5,1216.152,2,3
550000,524.256,4,1219.2,2,3
458000,448.05600000000004,3,2916.936,1.5,3
1000000,969.264,3,3197.9616,2.5,3
352000,286.512,2,1524,1,4
398096,722.3760000000001,3,1621.8408000000002,2.5,3
460000,816.864,4,3656.9904,2.5,3
788500,765.048,4,40760.599200000004,2.25,4
230000,381,3,2979.1152,1,4
543000,521.208,3,2549.3472,1.5,3
400000,277.368,2,1219.2,1,3
135000,228.60000000000002,2,1590.1416000000002,1,4
210000,637.032,4,1976.6280000000002,1.75,3
600000,475.488,2,975.36,1.75,5
213800,225.55200000000002,2,1584.96,1,4
818000,670.5600000000001,3,1463.04,3.25,3
387500,731.52,6,2342.0832,2,3
250000,512.0640000000001,3,2407.92,2,4
835000,932.6880000000001,3,9194.596800000001,1,5
499950,411.48,3,2839.212,1.5,3
457500,368.808,3,2327.4528,1,4
547000,478.536,3,442.56960000000004,2.5,3
805000,1051.56,4,10198.608,2.5,3
286651,557.784,3,1523.0856,2.5,3
167000,237.744,1,3119.628,1,3
540000,600.456,3,4534.2048,2.5,3
430000,585.216,4,3048,1.5,4
440000,658.368,4,2474.6712,2.25,3
1000000,612.648,5,1588.008,1,3
195000,249.936,2,1554.48,1,3
449950,548.64,4,3093.7200000000003,1.5,4
430000,368.808,3,1584.96,1,3
510000,673.6080000000001,4,1698.3456,2,3
345000,737.616,4,3499.4088,2.5,3
700000,1633.728,4,7863.84,3.5,3
730000,762,5,3590.2392,3,4
310000,310.896,2,2469.4896000000003,1,3
329000,274.32,3,2926.08,1,4
525000,798.576,3,11689.08,1.75,4
309950,573.024,3,2389.0224000000003,2.5,3
497300,975.36,6,2804.1600000000003,2.75,4
499000,886.9680000000001,4,1974.7992000000002,2.5,3
555000,591.312,3,978.7128,2.5,3
219900,341.37600000000003,4,1654.1496000000002,1.5,3
715000,826.008,5,718.1088000000001,3.25,3
831000,661.416,4,1219.2,3,4
518000,435.86400000000003,3,2438.4,1.5,4
158000,332.232,3,1856.2320000000002,2,3
601002,624.84,4,2467.0512000000003,2.5,3
345000,710.4888000000001,4,1166.1648,2.5,3
500000,307.848,2,1184.1480000000001,1,4
1075000,472.44,2,538.5816,3.25,3
365000,871.7280000000001,3,2577.9984,2.25,3
285000,487.68,3,2286,1.75,3
310000,630.936,3,11553.139200000001,1.75,4
868500,890.0160000000001,3,1201.5216,2.5,3
500000,429.76800000000003,3,364.8456,1.75,3
512500,493.776,4,1292.352,1.75,5
295000,585.216,3,2203.3992000000003,2.5,3
1702500,1581.912,5,7228.6368,4.5,3
320000,649.224,3,2124.1512000000002,2.5,3
368000,417.576,3,411.48,2.5,3
245000,118.872,1,609.6,1,4
276500,725.4240000000001,4,39299.9976,2.25,4
615000,621.792,2,8715.1464,1.75,4
876650,661.416,3,3812.4384,3.25,5
385000,246.888,3,1402.0800000000002,1,3
341000,524.256,3,2169.8712,1.5,4
775000,1136.904,5,5083.7592,3.5,3
1550000,1027.1760000000002,5,5321.1984,3.25,5
267000,765.048,3,3017.52,2.25,3
707000,975.36,4,2158.2888000000003,3.25,3
325000,676.6560000000001,3,1843.7352,2.5,4
511000,554.736,3,1488.3384,2.5,3
305495,643.128,3,3108.96,1.75,4
266000,542.544,3,2198.8272,2.5,4
803100,1008.888,4,1647.1392,2.5,3
720000,615.696,2,2194.56,1,4
620000,524.256,3,1219.2,2.25,4
408200,548.64,3,1755.9528,2.5,4
2000000,1978.152,5,3310.7376000000004,4.25,4
239900,566.928,4,2133.6,2.25,3
488000,414.528,2,1428.9024000000002,2,3
869000,1274.064,5,15002.865600000001,3.25,4
390000,758.952,4,2526.792,2.5,3
307000,417.576,3,2286,1,3
415000,320.04,2,18322.4424,1,4
350000,676.6560000000001,4,2119.2744000000002,2.25,4
300000,646.176,3,2357.628,1,4
551000,862.5840000000001,3,1768.4496000000001,2.5,3
384000,518.1600000000001,3,1219.2,2.5,3
1506000,1115.568,4,1767.8400000000001,3.25,3
619420,746.76,4,4511.9544000000005,2.75,4
668750,713.2320000000001,4,1956.816,2.5,3
744000,862.5840000000001,4,3980.3832,2.75,3
307000,707.1360000000001,3,2286,1.5,3
549900,862.5840000000001,4,65190.319200000005,3,4
662990,377.952,3,1097.28,1.75,5
820000,1118.616,4,2133.6,2.5,3
360000,320.04,3,2805.9888,1,3
780000,768.096,3,655.9296,3,3
898000,816.864,5,8538.6672,1.5,4
365000,396.24,3,3730.7520000000004,1.5,3
299000,423.672,3,2933.3952,1,4
250000,338.32800000000003,2,7940.344800000001,1,3
695000,728.472,3,1388.364,2.5,3
680000,710.1840000000001,3,1219.2,2.25,5
600000,893.0640000000001,3,6058.2048,1.75,3
1256500,960.12,4,4175.76,2.5,4
1595000,1109.472,5,2511.2472000000002,3,3
315000,292.608,3,2022.0432,1,3
985000,509.016,3,1645.92,1.75,5
174500,377.952,2,819.6072,2.5,3
223000,313.944,3,2779.7760000000003,1,3
586500,542.544,3,453.23760000000004,2.5,3
765000,1344.1680000000001,4,1555.6992,3,3
875000,890.0160000000001,5,1697.1264,2.5,3
525000,752.856,3,11108.436,3,4
290000,728.472,4,1371.6000000000001,3,3
285000,512.0640000000001,3,10706.7096,2.25,3
745000,1063.752,4,2140.9152,3.25,3
306888,307.848,2,2352.7512,1.5,3
435000,600.456,5,4647.2856,2.25,3
1025000,1146.048,5,8546.592,4,3
285000,503.2248,2,5547.360000000001,2,3
269000,475.488,3,1280.16,2.5,3
375500,466.34400000000005,3,2194.56,1.5,3
333000,219.45600000000002,2,2037.8928,1,3
600000,886.9680000000001,5,16428.1104,2.75,5
735000,749.808,4,1554.48,1.75,5
214950,478.536,3,1485.9,1.75,4
306000,758.952,4,2476.1952,2.5,3
299995,600.456,3,2286,2.5,3
589000,743.712,4,2926.08,3,5
665000,850.392,4,13134.1368,2.5,4
585000,569.976,3,855.5736,1,4
759950,944.88,3,7251.192,2.5,3
230000,426.72,3,2120.1888,1.75,4
530000,624.84,4,1938.528,2.5,3
269500,451.10400000000004,2,2217.7248,1.5,4
345000,685.8000000000001,4,2259.1776,2.75,4
440000,441.96000000000004,4,2560.32,2,4
242000,390.144,3,2293.3152,1.75,4
568450,993.648,5,17924.0688,3.5,4
220000,344.42400000000004,3,3815.7912,1,3
580000,990.6,4,1524,2.5,3
661000,760.7808,4,2456.0784000000003,2.5,3
319950,280.416,2,2542.3368,1,3
725000,725.4240000000001,6,1243.584,1.75,3
455000,448.05600000000004,3,1418.2344,2.25,4
850000,874.7760000000001,3,2490.2160000000003,2.25,3
203000,350.52000000000004,3,2181.1488,1,4
330000,566.928,3,3421.9896000000003,2.25,3
329950,554.736,3,2464.308,2.5,3
362300,740.664,3,4652.4672,2.5,3
261350,423.672,3,5547.360000000001,1.75,4
329950,274.32,2,1591.056,1,4
790000,972.312,4,9585.960000000001,3.5,3
349950,637.032,4,1612.0872000000002,2.5,3
258000,454.15200000000004,3,2266.188,1,3
600000,1429.5120000000002,4,4550.664000000001,3.25,3
1065000,1027.1760000000002,5,2422.2456,3.25,3
505000,566.928,3,2456.688,2.5,4
233000,381,3,1883.664,1,3
409900,484.632,2,562.356,2.5,3
402000,609.6,4,1119.2256,2.25,5
299950,545.592,3,2331.7200000000003,1.75,3
330675,588.264,4,923.8488000000001,3,3
414000,758.952,3,1383.7920000000001,2.5,3
826000,932.6880000000001,4,2176.272,2.5,3
220000,505.968,3,4754.88,1.5,3
440000,685.8000000000001,4,2293.9248000000002,2.5,3
310000,740.664,4,1676.0952,2.5,3
464900,615.696,4,2567.6352,2.25,4
415000,792.48,3,19698.004800000002,2.75,3
665000,795.528,3,10668,2.5,3
1820000,2023.872,4,16254.984,4.5,3
738000,801.624,3,1492.3008,3,3
327500,704.0880000000001,3,2194.56,2.25,3
300000,292.608,2,2485.0344,1,3
245000,396.24,3,4327.2456,2.75,3
260000,585.216,3,2950.464,2.25,4
1140000,847.344,3,10211.7144,2.5,4
609000,496.824,3,465.12480000000005,1.75,3
490600,1010.7168,3,3489.0456000000004,2.5,3
605000,795.528,3,1952.2440000000001,2.5,3
1738000,890.0160000000001,4,1985.1624000000002,2.25,4
536000,344.42400000000004,2,227.38080000000002,1.5,3
374000,384.048,2,480.06,1.5,3
295000,591.312,3,2286,1.75,4
645000,819.912,4,5685.4344,2.5,3
410000,780.288,4,1225.296,2.5,3
1570000,880.8720000000001,4,5555.2848,2.25,3
375000,505.968,3,2948.3304000000003,1.75,3
235500,713.2320000000001,5,4179.722400000001,2.5,2
1050000,685.8000000000001,4,1046.3784,2.75,3
989000,1228.344,5,4106.8752,4.5,3
679000,640.08,4,1365.5040000000001,2.75,4
550000,600.456,3,1269.7968,2,5
680000,542.544,3,1743.4560000000001,2,5
900000,679.7040000000001,4,1332.5856,2.5,5
114975,225.55200000000002,2,1905,1,3
195000,262.128,2,3169.92,1,4
379000,390.144,4,1664.208,1.5,5
290256,524.256,3,2403.348,2.25,3
165000,195.072,2,2367.6864,1,3
665000,1011.936,5,18587.9232,2.25,3
464950,679.7040000000001,4,19640.702400000002,2.5,4
980000,667.5120000000001,4,1389.8880000000001,2,5
599000,899.1600000000001,5,22039.7832,2.5,3
559950,646.176,3,1313.688,2.5,3
399950,484.632,3,26554.176000000003,2,3
275000,323.088,3,2119.5792,1.5,4
711000,844.296,4,2905.3536000000004,2.5,4
740000,929.6400000000001,4,2438.4,2.5,3
316750,382.8288,3,351.73920000000004,2.5,3
245000,448.05600000000004,3,2438.4,2,4
350000,600.456,3,3291.84,1.75,4
1165000,813.816,3,1524,2.5,5
630000,758.952,5,7610.551200000001,1.75,4
572000,713.2320000000001,5,2811.78,2.25,3
540000,697.9920000000001,4,1356.3600000000001,2.5,3
199950,691.8960000000001,3,4142.232,2.75,4
346100,426.72,3,620.5728,2.5,3
199900,548.0304,5,3423.5136,1.75,3
257500,368.808,3,3810,1.5,3
639000,762,4,2602.992,2.5,3
760000,911.3520000000001,4,3897.7824,2.5,3
625000,719.3280000000001,3,3707.5872000000004,2.5,3
347500,576.072,3,2149.7544000000003,2.5,4
560000,694.9440000000001,4,3009.5952,2.5,3
625000,527.304,3,3724.3512,2,4
289000,515.1120000000001,3,1051.2552,1.75,3
610000,893.0640000000001,5,9574.0728,2.75,4
625000,987.552,5,1622.7552,1,3
365000,298.704,2,1557.528,1,4
639000,673.6080000000001,4,3009.9,2.5,3
188500,377.952,2,759.8664,1.75,4
557000,496.824,3,483.7176,2.5,3
889950,938.784,4,2207.3616,2.75,3
1715000,1368.5520000000001,4,2323.4904,3.75,4
485000,850.392,4,2378.3544,2.75,3
347000,844.296,4,2972.1048,2.5,3
700000,478.536,3,1219.2,1,5
810000,957.072,3,3347.6184000000003,2.5,3
115000,286.512,2,1828.8000000000002,1,3
210000,304.8,2,1083.2592,1.75,4
407450,551.688,3,3310.128,2,3
298500,737.616,3,2682.2400000000002,2,4
590000,606.552,3,2537.46,2.5,4
269800,557.784,4,1042.416,2.75,3
305240,396.24,3,2743.2000000000003,1,3
660000,774.192,5,1143,2.25,4
559950,807.72,4,2194.56,2.5,3
595000,475.488,3,1207.008,1,4
410000,533.4,3,9906,1.5,4
345000,633.984,5,1874.52,3,3
975000,987.552,4,10693.2984,2.5,4
265000,420.624,3,2601.7728,2,4
390000,755.904,3,4310.1768,3,3
316000,222.50400000000002,2,1536.192,1,3
453000,460.24800000000005,3,493.1664,2.5,3
429000,640.08,4,2414.016,2.5,4
469995,716.2800000000001,4,1158.24,2.5,3
525000,704.0880000000001,4,1698.6504,2.5,4
719000,646.176,3,2836.7736,2.5,4
294000,893.0640000000001,4,3913.632,2,4
525000,356.61600000000004,4,1901.952,1.5,4
528000,624.84,4,2185.7208,2.75,3
182500,316.992,2,4242.816,1,3
533050,277.368,2,90151.3056,1,3
260000,707.1360000000001,4,5120.64,2.25,4
314000,569.976,4,2575.2552,2.5,3
600000,551.688,4,2346.96,1.75,5
735000,716.2800000000001,3,1828.8000000000002,2.25,5
620000,466.34400000000005,4,2391.156,2.25,4
350000,402.336,3,1341.1200000000001,1.5,3
327500,252.984,2,2494.1784000000002,1,5
1648000,1405.1280000000002,4,3810,3.5,3
325000,597.408,4,1079.9064,2.5,3
290000,713.2320000000001,4,2194.56,1.75,3
265000,563.88,3,5039.868,2,3
220000,448.05600000000004,3,2291.4864000000002,2.25,3
478000,850.392,3,11151.108,1.75,4
322000,536.448,3,13281.66,2,3
790500,1021.08,4,1650.7968,2.75,3
367950,697.9920000000001,3,2509.7232,1.75,4
727160,704.0880000000001,7,1524,3.75,3
819000,563.88,3,1828.8000000000002,1.75,3
530000,960.12,3,6672.986400000001,2.5,3
130000,268.224,2,2743.2000000000003,1,3
514000,280.416,2,1219.2,1,4
390000,615.696,4,2971.8,1.75,3
468000,451.10400000000004,2,660.5016,2.5,3
860000,935.7360000000001,4,2110.1304,2.5,3
533000,627.888,3,1466.6976,2.5,3
399000,640.08,3,9616.44,2,3
415000,597.408,5,1142.3904,1.75,3
249000,481.584,3,2194.56,1.5,4
355000,728.472,4,2065.02,2.5,3
267000,481.584,3,3733.8,2.5,3
510000,713.2320000000001,3,1884.5784,2.25,3
615000,579.12,3,1524,1.75,5
640000,597.408,3,1243.584,1.5,3
520000,914.4000000000001,11,1511.808,3,3
715000,847.344,4,4121.2008000000005,2.5,3
310000,630.936,3,2802.636,2,3
380000,420.624,3,1645.92,1,4
1488000,2097.024,5,85334.2464,6,3
812000,621.792,3,1389.5832,2.5,3
430000,521.208,4,2354.2752,1.75,3
254950,664.464,4,2682.2400000000002,2,5
637000,938.784,4,36246.2064,3.5,3
294010,472.44,3,1236.5736000000002,1.75,3
740000,957.072,6,3124.2000000000003,2.25,4
399000,682.7520000000001,3,3193.9992,3,4
268000,518.1600000000001,3,685.8000000000001,2.5,3
275000,396.24,3,6309.360000000001,1.75,3
1072000,1188.72,2,4530.5472,2.25,3
533380,850.392,4,2037.5880000000002,2.75,3
405000,618.744,4,2772.156,2.5,4
539000,862.5840000000001,3,3039.4656,2.5,3
750000,484.632,3,2525.268,1.75,4
270000,490.728,3,2552.7000000000003,1.5,3
269950,451.10400000000004,3,2969.6664,2.5,4
772500,1185.672,5,2782.824,2.75,3
435000,460.24800000000005,4,1969.008,1.5,3
285000,438.91200000000003,3,1300.8864,1,3
540000,1069.848,4,1830.324,3.5,3
375000,405.384,3,2870.3016000000002,1.75,5
375000,512.0640000000001,4,2083.0032,1.75,3
419700,441.96000000000004,3,452.93280000000004,2.25,3
852500,1060.704,4,1924.8120000000001,2.5,3
1003000,679.7040000000001,4,1097.28,2.5,5
575000,576.072,3,3395.7768,1.75,4
267000,313.944,3,2506.3704000000002,1.5,4
265000,429.76800000000003,3,762,2.5,3
420000,347.47200000000004,3,2608.4784,1.75,4
229950,280.416,2,2351.8368,1,3
209977,356.61600000000004,3,1869.6432000000002,1,4
485000,774.192,3,15799.6128,2.5,4
353000,262.128,2,2594.1528000000003,1,3
1385000,758.952,3,1097.28,3,4
305000,649.224,4,2926.08,2.25,4
199000,353.56800000000004,4,1950.72,1.5,4
490000,496.824,3,2308.2504,2.25,3
799000,652.272,3,3016.6056000000003,2.5,4
280000,490.728,3,3186.3792000000003,2.25,3
970000,1152.144,4,6103.0104,3.5,3
535000,804.672,3,1822.0944000000002,3,3
1875000,999.744,3,8873.0328,2.5,3
338995,402.336,3,2880.36,1.75,5
1595000,908.3040000000001,4,4066.3368,2.5,5
635000,929.6400000000001,4,2206.1424,2.5,3
340000,387.096,3,2567.0256,1.75,3
273000,502.92,3,1826.9712000000002,2.5,4
734000,1063.752,4,5645.2008000000005,2.5,4
525000,502.92,4,2609.088,1.75,3
250000,484.632,3,2468.88,2,3
910000,609.6,2,1569.72,2.5,3
625000,445.00800000000004,2,457.20000000000005,1.75,3
469950,982.3704,5,1941.8808000000001,3,3
795000,1072.896,4,1600.2,3.25,3
575000,841.248,5,1219.2,2.5,3
780000,914.4000000000001,2,7316.4192,3.25,3
727500,810.768,3,1524,2,3
713000,786.384,5,2816.9616,2.75,4
570000,957.072,4,3327.8064000000004,2.75,3
525000,481.584,4,1938.528,1.5,3
350000,560.832,3,3026.3592000000003,2.25,3
995000,749.808,3,3139.44,2.5,3
480000,554.736,3,4072.7376000000004,2.25,3
1186040,777.24,3,1864.4616,1.75,3
335000,545.592,3,1560.576,1.75,4
735000,490.728,3,1097.28,2,5
835000,749.808,5,2386.5840000000003,2.75,5
525000,478.536,4,1219.2,1,3
689000,615.696,4,2926.08,2.5,4
589410,865.6320000000001,3,2194.8648000000003,3,3
401000,341.37600000000003,3,2536.2408,1,4
626000,411.48,4,2832.5064,1.75,4
745000,841.248,4,3990.7464,2.5,4
550000,658.368,3,11277.6,2.25,4
397000,615.696,4,1828.8000000000002,1.75,3
265000,566.928,4,2592.324,1,4
173000,530.352,2,2468.88,1,3
247500,466.34400000000005,3,2666.6952,2,3
228000,118.872,0,1798.3200000000002,1,2
429950,557.784,3,2974.2384,1.75,3
332000,408.432,3,3997.452,1.75,3
718000,893.0640000000001,5,2335.6824,2.75,3
210000,304.8,3,1662.3792,1,3
882990,1085.088,4,2000.0976,3.5,3
245000,579.12,3,2209.8,2.25,3
467500,621.792,3,83379.86880000001,1.75,3
258000,637.032,3,2274.1128000000003,1.75,3
878000,1060.704,4,4090.7208,2.5,3
250000,283.464,3,1847.0880000000002,1,4
385000,234.696,2,2302.4592000000002,1,3
1000000,701.0400000000001,3,4862.1696,2.25,4
378000,502.92,3,634.5936,2.5,3
182700,530.352,3,2026.92,2.25,3
890000,789.432,5,1417.9296000000002,1,4
320000,801.624,5,2628.9,2.25,3
311000,399.288,3,2551.176,1,3
860000,792.48,3,4591.5072,1.75,4
255000,381,3,3076.6512000000002,1,4
785500,999.744,4,2574.9504,4,3
526000,402.336,3,1600.2,1,5
635250,673.6080000000001,3,6717.792,2.25,5
725000,472.44,3,3737.4576,2,4
389000,259.08000000000004,2,998.5248,1,3
680000,768.096,4,1524,2.5,3
460000,545.592,2,1146.048,1.5,4
335000,579.12,4,1006.1448,2.5,3
779000,835.152,4,1497.1776,1.5,4
1008000,682.7520000000001,3,12600.1272,2.5,4
574500,435.86400000000003,4,1944.624,1.5,4
955990,1167.384,5,1983.3336000000002,3.25,3
449500,786.384,4,2224.7352,3,3
675000,707.1360000000001,3,30006.036,2.5,4
442000,262.128,2,1687.068,1.75,3
539000,530.352,3,3657.6000000000004,1.5,3
502000,652.272,4,3335.4264000000003,2.25,3
387000,408.432,3,1981.2,1.5,3
390000,710.1840000000001,4,2549.3472,1.75,4
489950,774.192,3,1596.2376000000002,2.5,3
460000,505.968,3,3017.52,1.75,3
2196000,1295.4,4,5486.400000000001,3.25,5
485000,368.808,4,1944.624,1,3
331000,393.192,3,351.43440000000004,3.25,3
620000,579.12,4,2979.42,2.5,5
361500,256.03200000000004,2,1176.528,1,4
322000,426.72,3,5487.0096,1.75,3
274900,590.0928,3,2015.3376,2,3
445000,283.464,2,960.12,1,5
1225000,950.976,4,15074.1888,2.5,4
483000,426.72,2,1438.6560000000002,1.75,4
659950,490.728,3,379.7808,2.5,3
221000,469.392,4,2194.56,1.75,3
1430000,1021.08,5,1097.28,4.25,3
245000,310.896,3,2628.9,1,3
564000,356.61600000000004,4,1399.0320000000002,1,4
415900,509.016,3,6919.874400000001,2.5,3
565000,798.576,4,3052.8768,2.5,3
447500,594.36,3,1982.4192,1.75,3
257700,487.68,4,1890.3696,2.25,4
290000,475.488,2,2308.86,1.75,3
456500,731.52,4,2075.9928,2.5,3
952000,746.76,3,1341.1200000000001,2.5,4
799000,728.472,4,2078.7360000000003,2.75,4
200000,381,2,2596.896,1,3
282500,502.92,4,2971.8,1,4
285000,353.56800000000004,3,2400.3,1,3
605125,353.56800000000004,2,1532.8392000000001,1,3
320000,655.32,4,2792.8824,2.75,3
599950,829.056,4,2380.4880000000003,1.75,3
799950,883.9200000000001,3,3587.1912,3,3
240000,539.496,3,2612.4408000000003,1.75,3
1610000,1075.944,5,4041.648,3.75,3
468000,381,2,2142.4392000000003,1.75,4
507000,414.528,4,836.9808,2,3
350000,286.512,3,2380.7928,1,3
1250000,1118.616,3,5640.3240000000005,2.5,3
467000,515.1120000000001,3,2024.4816,2.5,3
1570000,1850.1360000000002,5,4490.0088000000005,4.5,3
252000,512.0640000000001,3,2524.9632,2.5,3
220000,393.192,3,2514.6,1.75,3
525000,743.712,4,1548.384,2.75,3
476800,579.12,3,13319.76,1.75,4
450000,707.1360000000001,3,5391.3024000000005,2,3
572000,566.928,3,1219.2,2.25,5
400000,707.1360000000001,6,64260.984000000004,2,4
310000,707.1360000000001,4,2194.56,3,3
496500,685.8000000000001,4,4401.312,2.5,3
390000,289.56,3,1103.6808,1,4
247000,140.208,1,1255.776,1,3
295700,524.256,4,1769.364,2.5,3
260000,463.29600000000005,3,1919.6304,2.5,3
805000,819.912,3,5322.1128,2.5,3
473000,1045.464,5,2094.5856,3.5,3
1575000,795.528,3,6910.4256000000005,3,4
299950,478.536,3,785.4696,2.5,3
339000,865.6320000000001,4,2665.7808,2.5,3
475000,600.456,4,2295.7536,2.25,3
814950,911.3520000000001,4,2019.6048,2.75,3
690000,539.496,3,548.64,2,3
528000,384.048,2,1554.48,1,4
350000,472.44,3,12421.2096,1.5,5
880000,1402.0800000000002,5,2671.2672000000002,3.5,3
650000,1207.008,5,7694.676,3.5,3
579000,548.64,3,1349.9592,1.75,4
740500,1335.0240000000001,3,1935.48,3.5,3
340000,387.096,2,583.9968,1.75,3
2140000,1569.72,4,138347.196,3.75,3
664000,972.312,6,3717.3408000000004,2.5,4
360000,679.7040000000001,6,3072.384,1.75,3
207000,344.42400000000004,2,2487.168,1,4
250000,582.168,3,3118.1040000000003,1.75,4
827235,530.352,3,2609.088,1.75,3
420000,377.952,3,2225.04,1,3
375000,469.392,3,475.7928,2.25,3
340000,579.12,3,2476.5,2.25,3
465000,441.96000000000004,3,1577.3400000000001,2.5,3
420000,579.12,3,650.1384,3.5,3
545000,762,4,15421.356000000002,2.5,3
315000,579.12,3,2156.7648,1.75,3
921500,1118.616,4,96125.9952,2.5,4
359000,664.464,4,3236.0616,1,3
560000,734.568,5,2731.0080000000003,2.5,5
261000,621.792,4,3196.7424,1.5,3
285000,606.552,3,1981.2,1.75,3
294500,536.448,3,819.3024,2.5,3
350000,240.792,1,1399.0320000000002,1,3
372000,542.544,4,2412.1872000000003,1.5,4
360000,533.4,4,5733.2880000000005,1.75,3
600000,646.176,2,2102.2056000000002,1,4
475000,816.864,3,26553.2616,2.5,3
617000,920.4960000000001,3,109801.4568,1.75,3
400000,268.224,2,1557.8328000000001,1,3
795000,862.5840000000001,2,2630.424,2.5,3
381000,539.496,3,4389.12,2,4
775000,1164.336,3,10672.8768,2.5,4
172000,408.432,3,3127.248,1,3
357000,408.432,3,3579.5712000000003,1.5,2
700000,594.36,4,2175.9672,1.75,3
645000,713.2320000000001,4,2729.484,2.5,3
499000,441.96000000000004,2,941.832,1,3
310000,280.416,1,2524.3536,1,3
525000,640.08,3,12347.448,2.25,3
635000,585.216,4,2715.768,2.25,4
430000,402.336,2,363.93120000000005,1.5,3
435000,658.368,4,2483.5104,2.75,3
685000,765.048,4,1060.3992,2.5,3
269950,426.72,3,2357.628,1.75,4
329000,560.832,3,2058.924,2,3
517000,347.47200000000004,2,1143,1,4
400000,396.24,3,4309.2624000000005,1,4
462370,566.928,2,813.816,2.25,4
239000,457.20000000000005,4,3828.288,1.75,4
599000,560.832,3,627.888,2.75,3
363000,533.4,3,2133.6,2,3
874000,871.7280000000001,4,2093.0616,2.75,5
376000,469.392,3,556.8696,2,3
714000,984.504,4,2367.0768000000003,2.5,3
424950,637.032,3,2287.5240000000003,1.75,3
795000,688.8480000000001,3,1135.9896,3.25,3
675000,783.336,5,3933.7488000000003,2.75,3
1100000,880.8720000000001,4,1269.1872,3.75,3
241000,505.968,3,2438.4,1.5,4
342500,551.688,3,1582.5216,2.5,3
285000,426.72,3,2310.9936000000002,1.5,3
540000,624.84,4,1153.3632,2.5,3
350000,908.3040000000001,5,4109.3136,2.75,4
768500,1103.376,4,3169.92,1.75,4
300000,792.48,4,2612.7456,2.5,3
322968,576.072,5,2926.08,1.75,4
984000,728.472,4,3746.6016,2.25,5
347500,657.1488,4,1085.6976,2.5,3
500000,438.91200000000003,3,4773.4728000000005,2.25,3
190000,353.56800000000004,3,1783.0800000000002,1.75,4
207500,499.872,3,2971.8,1,3
635000,731.52,4,3063.2400000000002,1.75,5
2050000,1091.184,4,6092.6472,3.25,4
291970,207.264,1,6622.3896,1,3
278000,490.728,2,599.8464,2.25,4
650000,853.44,3,5908.852800000001,1.75,3
220000,524.256,3,2312.5176,1.75,4
455000,932.6880000000001,4,28678.3272,1.75,3
615000,643.128,3,17127.3216,1.75,3
225000,341.37600000000003,3,2562.4536000000003,1,5
415000,835.152,4,2514.6,4,4
625000,338.32800000000003,2,35980.725600000005,1.5,3
296500,539.496,3,1838.8584,2.5,4
914600,969.264,4,24639.1176,3,3
550000,274.32,2,1752.6000000000001,1.5,3
336800,557.784,5,5074.92,1.75,3
318000,478.536,3,3811.8288000000002,1.75,4
665000,755.904,6,2962.656,3,3
690000,789.432,3,1512.1128,2.5,3
519000,609.6,3,1731.2640000000001,1.75,4
490000,655.32,5,1371.6000000000001,2,3
205000,365.76,3,2630.7288000000003,1.75,3
535000,856.488,4,3842.6136,2.25,3
260000,707.1360000000001,5,1943.1000000000001,2.25,4
550000,387.096,2,13277.088000000002,1,4
241000,268.224,3,1844.0400000000002,1,3
557510,481.584,4,1463.04,2,3
750000,774.192,4,1978.4568000000002,2.5,3
475000,707.1360000000001,4,3062.0208000000002,2.5,3
555000,890.0160000000001,4,7337.7552000000005,2.5,3
270000,551.688,3,2518.2576,2.25,4
280000,509.016,3,3538.728,1.5,4
909500,1347.2160000000001,4,1810.5120000000002,4,3
225000,316.992,2,3505.2000000000003,1,5
420000,515.1120000000001,4,2862.3768,1.5,3
557000,694.9440000000001,3,5559.8568000000005,2.5,3
570000,426.72,3,505.0536,2,3
678700,600.456,3,3215.0304,1.75,4
219000,417.576,4,1627.3272000000002,1,4
464500,896.1120000000001,5,4091.94,1.5,3
279950,505.968,3,2530.7544000000003,1.75,3
403000,560.832,3,3968.496,2.25,3
396480,304.8,3,3291.84,1,3
435000,597.408,4,15274.1376,2,4
554000,536.448,3,1233.2208,2,3
204000,316.992,3,2257.0440000000003,1,4
437500,545.592,3,2346.96,2.25,4
604000,438.91200000000003,3,4213.5552,1,4
935000,371.856,4,2282.6472000000003,2,3
450000,667.5120000000001,4,2972.4096,1.75,3
625250,839.724,4,1472.4888,2.5,3
331000,377.952,2,219.45600000000002,2.25,3
335000,667.5120000000001,4,2806.9032,2.75,4
710000,1194.816,5,2612.7456,3.25,3
850000,935.7360000000001,3,2148.84,3.5,3
230000,371.856,4,2773.6800000000003,2,4
484950,509.016,3,1525.2192,2.25,3
780000,515.1120000000001,3,4114.8,1.75,4
580000,643.128,4,3560.0640000000003,2.5,4
539000,789.432,5,2208.2760000000003,2.25,3
250000,451.40880000000004,3,859.5360000000001,2.25,3
215000,448.05600000000004,3,625.4496,2,3
429800,600.456,3,2133.6,2,3
170000,262.128,2,1604.7720000000002,1,3
403000,457.80960000000005,3,426.72,2.5,3
490000,359.66400000000004,3,685.8000000000001,1,3
455000,762,5,2395.728,2,3
734000,664.464,4,2195.7792,2.5,3
3395000,1441.7040000000002,4,14590.776,3.5,3
259500,405.384,3,10686.288,2,3
607000,454.15200000000004,4,1235.6592,2,5
496000,768.096,3,11465.356800000001,1.5,3
242000,396.24,3,3004.1088,1.75,4
446500,807.72,3,2220.7728,2.5,3
625000,716.2800000000001,4,1715.1096,3,5
675000,539.496,4,3004.7184,2.5,3
250000,475.488,3,9795.357600000001,2,5
264950,448.05600000000004,3,3535.3752000000004,1.5,3
595000,710.1840000000001,4,2153.1072,2.5,4
649000,390.144,2,1475.232,1,3
347500,493.776,3,2286,1.75,3
418200,682.7520000000001,3,2908.4016,2.25,3
998160,917.4480000000001,2,4892.04,2.5,4
610000,908.3040000000001,4,1797.1008000000002,2.5,3
685000,762,3,2052.2184,2,3
419950,950.976,3,1828.8000000000002,2.5,3
552500,1130.808,4,3169.92,3.5,3
317500,774.192,6,2560.32,1.75,3
280000,310.896,3,270.9672,2,3
425000,1100.328,3,32731.252800000002,2.75,3
663500,399.288,2,1584.96,1,3
940000,1149.096,4,7588.605600000001,2.75,4
280000,670.5600000000001,4,1796.1864,2.5,3
1600000,1234.44,5,6377.9400000000005,3.5,3
770000,451.10400000000004,4,1143,1,4
278000,554.736,5,2655.4176,1.5,5
420000,469.392,3,2287.8288000000002,1.5,5
1675000,1389.8880000000001,5,5815.584000000001,3.25,5
566000,637.032,3,1918.4112,2.5,3
399000,640.08,4,2241.804,2.5,5
740000,929.6400000000001,5,2292.096,2.75,3
329000,563.88,4,2781.6048,2,5
431000,515.1120000000001,3,838.8096,2.5,3
685000,673.6080000000001,3,2729.484,1.75,3
1225000,893.0640000000001,6,1316.736,2.25,3
372500,512.0640000000001,3,2635.9104,1.75,4
791000,714.4512000000001,5,1463.04,1.75,4
480000,396.24,3,914.4000000000001,2,3
2225000,1432.5600000000002,4,3291.84,4.25,3
393000,554.736,5,1540.4592,2,4
505000,640.08,3,5450.4336,2.5,4
580000,371.856,2,1524,1.5,4
350000,411.48,2,1182.624,1,3
675500,627.888,4,6505.6512,2.75,2
830000,917.4480000000001,4,3719.1696,2.25,4
800000,746.76,4,1341.1200000000001,2,3
435000,820.5216,3,1888.8456,2.75,3
350000,780.288,4,1654.4544,2.5,3
820000,923.5440000000001,3,14184.7824,2.5,3
775000,609.6,4,1616.6592,3,4
342000,603.504,3,1965.96,1,4
305000,515.1120000000001,3,1577.3400000000001,2.5,3
278100,646.176,4,2596.896,1.75,3
425000,381,2,1792.2240000000002,1,3
2537000,1130.808,4,6096,3,5
950000,518.1600000000001,4,1346.6064000000001,2.5,3
600000,713.2320000000001,3,17525.695200000002,1.75,3
137900,353.56800000000004,3,1548.9936,1.75,3
400000,381,3,2181.4536000000003,1,3
1378000,1121.664,5,2645.664,3.5,3
545000,490.728,3,2459.4312,2,5
628000,524.256,3,2597.2008,2.25,4
260000,612.648,4,3296.7168,1.75,3
345000,420.624,3,3209.2392,1.75,3
599832,984.504,3,1584.96,2.75,3
305000,579.12,4,2133.6,2.5,2
438800,844.296,4,1350.8736000000001,2.5,3
420000,326.136,1,205.74,2,3
705000,542.544,4,950.976,1.5,3
585000,1039.3680000000002,4,10649.4072,3.25,4
249500,274.32,2,1371.6000000000001,1,3
503000,630.936,3,2995.2696,1.75,4
475000,548.64,3,1005.84,2.5,3
198000,262.128,3,1580.3880000000001,1,4
417000,621.792,3,3417.1128000000003,2.5,3
370000,758.952,4,1739.1888000000001,3,3
585000,573.024,5,5064.8616,1.75,3
365000,688.8480000000001,5,2145.792,2.5,3
395000,445.00800000000004,3,1524,1,4
410000,630.936,4,1883.664,2.5,3
450000,630.936,4,1213.7136,2.5,3
975000,771.144,3,2133.6,2.5,3
340000,524.256,3,1255.776,2.5,3
760000,1161.288,6,1874.52,3.75,4
499990,496.824,3,2560.32,1.75,4
397500,566.928,3,13439.546400000001,2.5,3
308000,707.1360000000001,3,2176.272,2.5,3
280000,496.824,5,6324.6,2.5,4
341000,316.992,2,1219.2,1,3
575000,374.904,2,1651.4064,1.75,3
340000,746.76,4,2115.6168000000002,2.5,3
396000,289.56,2,263.652,1.5,3
338000,210.312,2,1950.72,1,3
600000,725.4240000000001,5,2500.5792,2.5,3
300000,420.624,3,3657.6000000000004,1,3
275000,481.584,3,2674.6200000000003,1.75,3
412000,402.336,3,2438.4,1.5,3
527700,405.384,2,245.6688,2.25,3
470500,630.936,4,4267.2,2.25,3
325000,731.52,5,2409.1392,2.75,3
1940000,1289.304,5,5037.1248000000005,3.5,3
920000,563.88,4,1097.28,1.5,3
575000,762,3,9161.068800000001,2,5
940000,545.592,3,1463.04,1.5,3
649950,737.616,3,2086.9656,2.5,3
515000,362.71200000000005,3,1371.6000000000001,1.75,3
603000,643.128,4,3400.0440000000003,2.25,3
694000,707.1360000000001,2,2837.9928,2.5,3
410500,603.504,4,1524,2.5,3
122000,222.50400000000002,2,2050.6944000000003,1,3
525000,448.05600000000004,3,1996.44,1.75,3
330000,728.472,5,1914.7536,2.75,4
375000,691.8960000000001,4,5623.56,2,3
948000,1069.848,3,2994.3552,2.5,3
775000,786.384,4,1763.8776,2.5,3
550000,481.584,3,397.1544,3.75,3
925000,1021.08,4,1371.9048,2.5,3
563000,420.624,3,1524,2,4
295000,323.088,3,2468.88,1.75,4
894000,1158.24,4,6714.439200000001,2.5,3
1135000,1258.824,4,3488.1312000000003,3.25,3
200000,673.6080000000001,4,4034.0280000000002,2.75,3
354000,713.2320000000001,4,1652.016,2.5,3
213000,225.55200000000002,2,2249.424,1,4
264950,304.8,2,1828.8000000000002,1,3
539000,390.144,3,361.79760000000005,2.25,3
327000,347.47200000000004,2,2266.188,1,3
303000,563.88,3,1510.8936,2.5,3
967000,944.88,4,2209.8,2.5,3
210000,435.86400000000003,3,2788.92,2.25,3
289000,216.40800000000002,2,1920.24,1,3
500000,451.10400000000004,3,1865.3760000000002,1.75,3
425000,234.696,2,1536.192,1,3
819000,396.24,3,1097.28,1,3
450000,597.408,3,3255.8736000000004,2.25,3
750000,911.3520000000001,5,64659.3576,3.5,3
437000,445.00800000000004,3,359.66400000000004,3,3
700000,554.736,3,4745.736,1.75,3
350000,332.232,3,1524.9144000000001,1.5,3
426500,902.2080000000001,4,1414.2720000000002,2.5,3
525000,1051.56,5,5815.584000000001,3.5,3
201000,274.32,3,2309.1648,1,4
1058800,908.3040000000001,6,6096,2.75,3
400000,1106.424,4,13071.0432,2.5,3
422000,975.36,4,2039.4168000000002,2.5,3
1200000,886.9680000000001,5,2889.5040000000004,2.75,3
295000,228.60000000000002,2,1371.6000000000001,1,3
712000,518.1600000000001,3,1554.48,2,4
460000,442.87440000000004,3,678.1800000000001,2.25,4
534950,981.456,5,3222.3456,2.5,3
346100,350.52000000000004,2,212.7504,1.75,3
126500,344.42400000000004,3,3722.2176000000004,1,3
615000,701.0400000000001,4,3566.1600000000003,1.75,4
585000,539.496,2,2633.472,1,3
429000,771.144,3,2688.3360000000002,2.5,3
405100,481.584,4,2225.04,2,4
405000,728.472,3,1828.8000000000002,1.75,3
329350,219.45600000000002,2,2038.1976000000002,1,3
298000,259.08000000000004,2,1524,1,3
225000,545.592,5,3552.7488000000003,1.5,3
385000,679.7040000000001,3,2528.6208,2.5,3
307450,819.912,4,2704.7952,2.75,3
503000,469.392,3,2060.4480000000003,2.75,5
665000,813.816,5,1219.2,2.75,4
670000,621.792,4,2143.0488,2.25,3
647500,627.888,4,7935.772800000001,1.75,4
262000,615.696,4,1900.7328,2.5,3
437000,399.288,3,2829.1536,1.75,4
324500,396.24,2,2016.8616000000002,1,3
538000,560.832,4,2926.08,1.75,3
443000,390.144,3,1664.208,1,4
285000,560.832,5,2453.6400000000003,1.5,4
260000,649.224,4,2682.2400000000002,1.5,3
494000,704.0880000000001,3,1441.3992,2.5,3
270000,515.1120000000001,3,2920.8984,2,4
583000,810.768,4,1219.2,2.5,3
536500,609.6,4,1219.2,1.75,5
371000,600.456,3,2899.2576000000004,1.75,3
734200,841.248,4,1524,2.5,5
840000,792.48,4,838.2,2.75,3
1225000,935.7360000000001,4,4885.334400000001,2.25,3
255000,371.856,2,762,1,3
1050000,1341.1200000000001,4,5067.3,3.25,3
635000,594.36,4,4059.936,1.75,4
375000,362.71200000000005,3,2891.3328,1,4
1680000,1481.328,5,7230.7704,3.25,4
350000,612.648,3,4358.030400000001,2.5,3
305000,484.632,4,40096.7448,1.5,4
510000,661.416,3,8065.008000000001,1.75,3
790000,545.592,3,1864.4616,1.75,3
375000,576.072,4,2438.4,1.75,4
300000,371.856,3,3962.4,1,4
445000,600.456,3,7412.1264,3,3
485000,457.20000000000005,3,1249.68,1,3
390000,539.496,4,10098.633600000001,2.25,4
749950,844.296,3,3283.6104,2.5,3
675000,819.912,4,8625.84,3,3
490000,1359.4080000000001,5,906.7800000000001,3.5,3
360000,466.34400000000005,3,344.72880000000004,2.5,3
700000,917.4480000000001,4,14073.530400000001,2.5,3
368250,655.32,3,2281.1232,2.5,3
442000,633.984,4,3659.7336,2.25,4
589000,886.9680000000001,4,1760.5248000000001,2.5,3
910000,1018.032,4,3319.2720000000004,3.25,3
320000,304.1904,3,257.25120000000004,2.25,3
527550,249.936,1,18189.549600000002,0.75,3
735000,728.472,3,2791.0536,2.5,3
902000,771.144,4,2804.1600000000003,2.25,5
440500,749.808,3,1340.8152,2.5,3
295000,475.488,3,1280.16,2.5,3
276000,347.47200000000004,3,1524,1,3
346000,640.08,4,1193.5968,2.5,3
329000,487.68,3,1814.1696000000002,1,4
263900,505.3584,3,822.96,2.5,3
215000,402.336,2,2702.052,1,4
345000,329.184,2,1219.2,1,3
432500,603.504,3,1554.48,1.75,3
220000,359.66400000000004,3,1524.6096,1,3
565000,1261.872,7,2763.3168,4.5,3
621138,664.464,3,2359.4568,2.25,3
236000,557.784,4,2891.0280000000002,2.25,4
550000,505.968,4,10621.6704,1,1
1285000,987.552,4,3291.84,2.5,3
790000,883.9200000000001,5,3706.3680000000004,3.25,4
210000,484.632,3,2321.6616,1.75,3
449950,707.1360000000001,4,1324.0512,2.75,3
325000,664.464,3,3118.1040000000003,1.75,4
659000,972.312,4,3467.1000000000004,2.5,5
860000,932.6880000000001,3,3686.556,2.25,3
349900,670.5600000000001,3,2218.3344,2.5,3
455000,356.61600000000004,2,1828.8000000000002,1,4
405000,521.208,2,1290.5232,1.75,3
500000,524.256,3,1684.02,2,5
540000,524.256,4,1292.352,1.75,4
410000,545.592,4,3619.5,1.75,4
425000,569.976,3,2743.2000000000003,2.25,3
785200,560.832,3,1066.8,2.25,5
583000,801.624,6,5002.0728,2.75,4
455000,432.81600000000003,3,362.40720000000005,1.75,3
529999,521.208,3,507.1872,2.5,5
540000,405.384,4,2560.32,2.25,3
359800,728.472,4,1958.6448,2.5,3
605004,417.576,4,1219.2,2,3
214100,350.52000000000004,2,629.1072,2.5,3
495000,743.712,5,1447.8000000000002,3,3
539000,688.8480000000001,3,2916.3264,2,3
1150000,661.416,3,5059.68,1.5,3
260000,551.9928,4,1335.3288,2.5,3
490000,676.6560000000001,3,3131.82,2,3
695000,777.24,3,13793.4192,2.5,3
599000,850.392,4,70368.56640000001,2.5,3
762400,740.664,3,4452.2136,1.75,3
399950,216.40800000000002,2,344.72880000000004,1,4
560200,606.552,3,1214.3232,2.5,3
381000,548.64,3,1828.8000000000002,1.75,5
1240000,1344.1680000000001,5,4383.024,4,3
883000,1118.616,4,16596.36,2.5,3
397500,460.24800000000005,3,2045.208,2,3
735000,746.76,4,1276.1976,2.75,3
852880,1051.56,4,1884.8832,3.25,3
460000,472.44,3,1434.9984000000002,1.75,4
320000,365.76,3,426.72,2.25,3
385000,902.2080000000001,4,1540.4592,2.5,3
220000,682.7520000000001,4,2994.9648,2.5,4
519000,990.6,4,1371.6000000000001,2.5,3
465000,435.86400000000003,2,434.34000000000003,2.75,3
1160000,1426.4640000000002,4,2956.56,3.5,3
650000,890.0160000000001,3,2855.976,1.75,4
1600000,1844.0400000000002,6,70302.7296,5,3
239950,509.016,3,2103.12,1.75,3
380000,655.32,4,6151.1688,2.25,3
2200000,1825.7520000000002,5,3185.1600000000003,4.75,3
590300,448.05600000000004,3,2194.56,1.5,4
436000,240.792,2,2011.68,1,3
380000,463.29600000000005,3,1306.9824,1.5,3
725000,1124.712,3,2693.5176,3.5,3
443500,621.792,4,6638.848800000001,2.5,3
355000,377.952,2,8242.401600000001,1,3
802000,874.7760000000001,3,1524,1.75,4
215000,408.432,3,2592.324,2,3
905000,1048.512,4,2335.0728,3.25,3
442500,487.68,3,3133.344,1.75,3
494000,557.784,4,2238.7560000000003,2.5,4
685000,396.24,2,510.8448,1.5,3
366000,560.832,3,3486.9120000000003,1.75,4
343500,536.448,4,1890.9792,1.75,4
400000,374.904,3,3478.6824,2,3
485000,457.20000000000005,3,1649.5776,2.5,5
295000,198.12,2,1645.92,1,3
276900,387.096,3,2306.1168000000002,1,4
725000,795.528,3,2289.0480000000002,2.5,3
320000,472.44,3,10416.54,2,3
359000,591.312,5,2028.1392,1.75,4
451000,862.5840000000001,5,2720.34,2.75,3
415000,356.61600000000004,3,2042.16,1,3
772650,810.768,4,3291.84,2.5,3
357250,426.72,3,2694.4320000000002,1.5,4
235867,405.384,4,1806.2448000000002,2,4
209950,295.656,3,2920.8984,1,4
710000,499.872,2,1243.584,1.5,5
460000,643.128,4,10695.7368,2.5,4
449000,902.2080000000001,4,1838.2488,2.5,3
243000,325.5264,2,535.8384,1.5,3
321000,557.784,4,2926.3848000000003,2.5,3
406000,481.584,4,2583.1800000000003,1,4
920000,1243.584,4,3250.9968000000003,3.5,3
349500,387.096,3,1097.28,2,3
820000,877.8240000000001,3,2971.8,2.25,3
123000,320.04,2,2011.68,1,3
610000,701.0400000000001,3,4089.8064000000004,2,3
280500,576.072,4,2122.0176,2.5,3
1625000,908.3040000000001,4,1097.28,3.25,3
459500,448.05600000000004,3,1508.76,1.75,3
437500,454.15200000000004,3,1463.04,2,5
245000,457.20000000000005,2,2037.5880000000002,1,3
1275000,1179.576,3,14206.423200000001,2.5,3
480000,323.088,2,926.5920000000001,1,3
1675000,1063.752,3,2542.9464000000003,2.5,4
362000,551.688,5,914.4000000000001,3,3
300000,350.52000000000004,3,2229.3072,1,3
812000,1027.1760000000002,4,1107.6432,3.5,3
215000,539.496,3,8840.4192,1.75,3
1681000,1472.184,5,5701.8936,5.25,5
290000,594.36,3,4862.7792,1.5,4
295000,243.84,2,1981.2,1,4
847700,1289.304,5,3127.248,3.25,3
416100,707.1360000000001,4,1673.352,1.75,3
850000,704.0880000000001,5,4093.4640000000004,2,4
360000,725.4240000000001,4,1524,2.5,3
534950,682.7520000000001,5,1931.5176000000001,1.5,3
780000,972.312,3,2065.3248000000003,3.5,3
630000,765.048,4,10674.096000000001,2.5,4
810000,536.448,4,1243.584,1.75,4
629000,810.768,4,6720.84,2.5,3
1202500,1045.464,3,8753.2464,2.5,3
199000,460.24800000000005,3,2773.6800000000003,1,3
575000,630.936,4,374.904,2.25,3
202000,179.83200000000002,1,1722.1200000000001,0.75,3
615000,594.36,3,2584.704,1.75,4
490000,597.408,4,3131.82,2.25,3
921000,725.4240000000001,3,3413.76,2.25,4
600000,286.512,3,5791.200000000001,1,3
390000,594.36,3,3730.7520000000004,2.75,3
942500,1143,5,2929.7376,3.5,4
267300,576.072,3,28412.846400000002,1.75,4
286300,304.8,2,9704.2224,1,3
215000,457.20000000000005,3,4572,1.5,3
626000,316.992,3,1292.352,1,4
247200,484.632,3,3413.76,1,4
520000,563.88,3,3308.6040000000003,2.25,3
525000,762,5,2627.6808,2.25,4
685000,661.416,4,2645.664,2.5,3
1100000,972.312,4,3588.7152,3.25,3
392500,594.36,4,2450.592,2,3
535365,850.392,4,2124.1512000000002,2.75,3
497000,569.976,3,2839.212,2.25,3
334009,502.92,4,2836.164,2,4
260000,387.096,2,5974.689600000001,1,3
385000,722.3760000000001,3,1938.528,1.75,3
475000,438.91200000000003,2,1133.856,2,3
229900,438.91200000000003,3,3634.7400000000002,1,3
512000,356.61600000000004,2,400.2024,2.25,3
840000,829.056,4,2655.4176,2.25,4
215000,457.20000000000005,4,1643.7864000000002,2.25,3
187000,527.304,3,549.5544,2.5,3
730000,1082.04,4,10878.0072,2.5,4
250000,381,3,2414.016,1,4
865000,1167.384,3,66783.50880000001,3.75,3
350000,344.42400000000004,3,2499.6648,1,5
654000,682.7520000000001,4,2298.192,2.5,3
360000,472.44,5,1592.5800000000002,1.75,4
468000,685.8000000000001,4,2615.184,1.75,4
280000,559.0032,4,2273.808,2.25,3
550000,713.2320000000001,3,1280.16,2.5,3
583800,755.904,3,2011.68,2.5,3
930000,883.9200000000001,4,3169.92,3,5
315000,384.048,3,843.3816,2.5,3
168000,365.76,3,2197.608,1,4
280000,679.7040000000001,4,3096.768,2.75,3
440000,981.456,4,2516.4288,2.5,3
325000,679.7040000000001,4,2590.8,2.5,3
419000,457.20000000000005,3,2521.3056,1.5,4
715000,536.448,3,1645.92,2,5
450000,603.504,4,2240.28,1.75,3
490000,612.648,3,2964.1800000000003,2.5,4
393000,441.96000000000004,4,1662.9888,2,5
305000,557.784,3,3314.0904,2,3
375000,579.12,6,2455.7736,2,4
607500,914.4000000000001,4,2468.88,2.5,3
375000,298.704,3,2223.8208,1,3
395000,292.608,2,2042.16,1,3
550000,679.7040000000001,4,2883.4080000000004,2.75,5
430760,826.008,5,1427.988,2.75,3
370000,249.936,2,1996.44,1,3
267500,532.4856,2,3733.8,1,4
1200000,1405.1280000000002,5,3223.5648,3.25,3
725000,591.312,3,1219.2,2.5,5
405000,268.224,2,914.4000000000001,1,5
418900,448.05600000000004,3,3386.9376,1.5,3
415000,1188.72,3,33989.4672,2.75,3
840000,929.6400000000001,3,10338.816,2.5,3
229000,417.576,3,17260.2144,1,3
491000,858.0120000000001,5,1493.52,3.5,3
500000,499.872,2,4297.68,1,4
207000,249.936,2,1481.328,1,5
320000,667.5120000000001,4,2749.2960000000003,2.25,3
305000,624.84,4,3834.6888000000004,2.25,4
280000,417.576,3,6804.964800000001,2.5,3
698000,786.384,3,1413.0528000000002,2.5,3
507000,551.688,3,2486.5584000000003,2.25,3
548000,640.08,4,2706.6240000000003,2,4
640000,466.34400000000005,3,1506.9312,1,3
259950,411.48,3,2385.6696,1.5,4
733000,530.352,3,932.6880000000001,1.75,5
469000,417.576,3,363.93120000000005,3.25,3
510000,323.088,4,2194.56,1,3
705000,783.336,6,1292.352,2,4
169000,448.05600000000004,3,5626.3032,1.5,4
325000,530.352,3,1605.3816000000002,2.5,3
378500,268.224,2,1880.9208,1,4
525000,463.29600000000005,3,2692.9080000000004,1.75,4
454000,484.632,3,1247.8512,2.5,3
640000,658.368,3,1219.2,2.5,3
255000,292.608,2,6386.7792,1,3
765000,972.312,4,11618.6712,2.5,3
395000,597.408,2,1224.6864,2,5
173250,368.808,3,2772.7656,2,4
462608,612.648,3,846.7344,2.5,3
449000,551.688,3,505.3584,2.5,3
470000,789.432,4,5554.675200000001,1,4
1321620,734.568,5,5927.4456,2.75,3
440000,701.0400000000001,4,3316.224,2.5,4
229950,579.12,3,2715.768,1.75,4
3100000,1194.816,3,3988.308,3,4
524950,533.4,3,990.6,1.75,4
377000,289.56,1,3226.308,1,3
477000,640.08,3,1542.288,2.5,3
338000,743.712,3,7166.457600000001,2,3
1050000,1316.736,4,2654.5032,4,3
269500,499.872,3,2558.7960000000003,2,4
762500,960.12,4,1822.3992,2.5,3
500000,478.536,2,386.7912,2.25,3
425000,435.86400000000003,2,4053.84,1,3
425000,423.672,3,2950.464,1.5,4
492000,640.08,3,2235.708,2.25,3
250000,502.92,3,854.0496,2.5,3
255000,454.15200000000004,3,2012.8992,1.5,4
654000,902.2080000000001,5,2733.4464000000003,2.5,4
548000,417.576,2,572.4144,2,3
264950,417.576,3,3083.052,1.5,4
501000,353.56800000000004,3,1328.928,1,4
358000,429.76800000000003,3,439.52160000000003,3.25,3
310000,173.73600000000002,1,1828.8000000000002,1,2
406430,420.624,3,4701.8448,2,4
350000,752.856,3,3136.3920000000003,2.25,3
666000,914.4000000000001,3,1524,2.5,4
370000,829.056,4,2641.3968,2.5,3
345000,262.128,2,212.1408,2.25,3
695000,938.784,3,3688.0800000000004,3.25,3
456000,518.1600000000001,4,2343.6072,1,3
260000,438.91200000000003,3,762,2.5,3
389000,524.256,3,1376.172,2.5,3
615000,566.928,3,13045.44,2,4
750000,871.7280000000001,5,1828.8000000000002,2.75,4
243000,441.96000000000004,3,3695.7000000000003,1.75,4
1500000,1530.096,4,8022.0312,4.25,3
456000,649.224,3,1586.4840000000002,2.5,3
698000,804.672,3,3644.4936000000002,2.75,3
425000,600.456,3,4178.5032,1.5,4
375000,957.072,4,7559.04,2.75,4
220000,384.048,5,2554.8336,1,3
810000,1018.032,4,2555.4432,2.5,3
405000,1119.2256,5,2969.3616,3.5,3
260000,515.1120000000001,3,4018.4832,1,4
415000,374.904,1,1150.3152,1,4
462500,469.392,4,1371.6000000000001,1,2
248000,646.176,3,2084.832,2.5,3
400000,362.71200000000005,3,350.21520000000004,2.25,3
1430000,1030.2240000000002,4,8409.1272,2.5,3
250000,621.792,4,1758.6960000000001,2.5,3
324950,368.808,3,2304.288,1.5,3
675000,694.9440000000001,4,975.36,2.75,5
676500,396.24,3,745.5408,1.75,3
665000,801.624,3,3062.3256,2.5,3
615000,585.216,3,1219.2,1.75,3
459000,377.952,2,380.6952,2.5,3
675000,688.8480000000001,4,2656.3320000000003,2.25,4
749000,521.208,4,2934.3096,2.5,3
419950,694.9440000000001,3,2590.8,2.25,4
880000,853.44,4,2057.4,3.5,3
228000,362.71200000000005,3,2803.8552,1,3
1108000,1011.936,4,2859.0240000000003,2.5,3
559950,832.104,5,2901.3912,3,3
285000,643.128,5,1603.248,3,3
526000,371.856,3,390.4488,3.25,3
312200,886.9680000000001,4,2620.0608,2.5,3
625000,475.488,3,454.15200000000004,3.5,3
162000,438.91200000000003,4,2328.9768,2,4
620000,512.0640000000001,2,2495.3976000000002,1.75,4
637000,1244.4984000000002,4,20841.3096,3.5,3
591000,445.00800000000004,3,1097.28,2,3
360000,414.528,3,1828.8000000000002,1.5,3
699900,725.4240000000001,4,4948.732800000001,2.25,3
865000,688.8480000000001,4,4145.280000000001,2.5,4
615000,710.1840000000001,4,2139.696,2.25,4
1750000,1171.9560000000001,4,2560.32,3.5,3
245000,560.832,2,2203.704,1.75,3
537000,524.256,4,1954.6824000000001,2,4
280000,487.68,3,2418.8928,2.5,3
479950,554.736,3,413.9184,2,3
500000,691.8960000000001,4,2498.1408,2.25,5
305000,249.936,3,1569.72,1,5
235000,292.608,3,1533.144,1,3
425000,390.144,2,1248.1560000000002,2,4
698000,816.864,6,3429,2.5,5
2525000,2112.264,4,13746.480000000001,5.5,4
230500,515.1120000000001,3,2208.2760000000003,2.25,3
295000,371.856,3,1001.5728,1.5,3
1485000,1136.904,4,2194.56,3.25,3
287500,551.688,3,2194.56,1,4
456000,676.6560000000001,4,3774.9480000000003,1.5,3
340000,512.0640000000001,4,4597.6032000000005,1.75,4
165000,310.896,3,3094.3296,1.5,5
550000,737.616,4,2455.4688,2.5,3
475000,694.9440000000001,3,1130.808,2.5,3
295000,505.968,3,1492.9104,2.5,3
662000,762,3,11261.445600000001,1.75,3
420000,539.496,3,1217.0664000000002,2.5,3
750000,966.216,4,2326.8432000000003,2.75,3
500000,527.304,3,3974.592,2.25,4
279950,588.264,3,2214.9816,1.75,4
774888,737.616,3,7164.9336,2.25,4
359500,618.744,4,2197.608,1.75,3
280000,643.128,5,2413.7112,2,3
350000,566.928,3,5376.6720000000005,1.5,4
445000,527.304,3,1343.5584000000001,2.5,3
300000,597.408,3,450.18960000000004,2.5,3
385000,411.48,3,47266.250400000004,1.75,4
367000,716.2800000000001,4,2493.8736000000004,2.5,3
345000,728.472,4,2126.2848,2.5,3
280000,414.528,3,2926.08,2.25,3
349900,771.144,4,4106.8752,2.75,4
730000,947.928,7,1341.1200000000001,2.75,5
329950,384.048,2,314.5536,2.25,3
355000,714.4512000000001,5,2438.4,2.5,4
403250,435.86400000000003,2,2480.1576,1.5,3
450000,960.12,3,2821.8384,1.75,3
216000,384.048,3,1257.3,2,3
765000,1231.392,4,7849.2096,2.5,3
320000,505.968,4,1889.76,1.75,4
459000,542.544,3,1219.2,2.5,4
163500,286.512,3,2194.56,1,4
898000,807.72,3,3915.1560000000004,2.25,3
230000,207.264,3,731.52,1,4
385000,633.984,4,2503.9320000000002,1.75,4
715000,509.016,3,1542.288,1.5,5
447000,810.768,4,2446.6296,2.5,3
210000,652.272,3,2979.42,2.25,4
849990,1005.84,4,1520.0376,2.75,3
547500,777.24,3,3156.204,2.5,3
630000,1109.472,4,1553.2608,3,3
435000,420.624,3,918.9720000000001,2.25,3
490000,509.016,2,1280.16,1.75,3
297000,435.86400000000003,2,502.92,1.5,3
979700,1136.904,5,1676.4,3,3
795127,1328.928,4,27784.958400000003,3.25,3
342000,384.048,3,498.0432,3,3
810000,1082.04,5,2926.08,3.5,3
770000,1085.088,4,1885.7976,2.5,3
236000,496.824,4,932.6880000000001,2.5,3
280000,475.488,4,1325.88,2.5,3
999000,826.008,3,7099.4016,2.5,3
345000,338.32800000000003,2,393.192,2.25,3
435000,649.224,4,3162.3,2.5,4
825000,1027.1760000000002,4,1524,2.5,3
380000,560.832,3,2129.0280000000002,2.5,3
194000,307.848,3,1524,1.5,3
311000,542.544,4,1774.5456000000001,2.5,3
649000,908.3040000000001,4,3890.4672,2.5,3
1295000,1018.032,3,3867.9120000000003,2.75,3
345000,615.696,4,1097.28,2.5,3
735000,752.856,4,777.24,2.5,3
359950,673.6080000000001,3,1914.144,2.5,3
450000,353.56800000000004,3,1865.3760000000002,1.75,3
1385000,1002.792,5,1975.104,3.75,5
523000,438.91200000000003,3,2645.9688,1,3
521000,527.304,3,5562.6,1.75,3
545000,417.576,4,1130.1984,1.5,3
457000,515.1120000000001,3,1943.1000000000001,1.75,3
365000,353.56800000000004,2,2456.688,1.5,4
770000,1164.336,4,8016.240000000001,2.75,3
545000,606.552,3,1569.4152000000001,2.5,3
379750,728.472,4,2941.32,2.75,3
210500,560.832,3,3102.2544000000003,1,3
270000,316.992,2,1737.3600000000001,1,3
357950,246.888,2,1182.624,1,3
2250000,1450.8480000000002,4,2449.3728,2.25,5
688100,722.3760000000001,4,3204.3624,2.5,4
269000,307.848,2,1828.8000000000002,1.5,4
710000,609.6,4,1828.8000000000002,1.75,5
290000,606.552,4,5760.72,1.75,4
760000,969.264,5,4267.2,3.5,5
410500,338.32800000000003,2,1201.8264000000001,1,5
428000,603.504,2,13578.84,1.75,5
182000,353.56800000000004,3,5503.164000000001,1,2
345000,493.776,3,3233.9280000000003,1,4
500000,841.248,4,8421.9288,2,4
195000,219.45600000000002,2,2901.6960000000004,1,4
488000,487.68,3,975.36,1,3
150000,219.45600000000002,2,1255.776,1,5
711800,734.568,4,5074.92,2.25,4
364000,310.896,4,3469.5384000000004,1,5
385000,594.36,4,2240.28,2.5,3
230000,652.272,6,11127.9432,1.5,4
695000,545.592,5,2845.308,1.75,5
466000,661.416,4,2453.6400000000003,2.25,3
227000,408.432,3,3058.668,1,3
330000,533.4,4,1585.5696,2,4
115000,304.8,2,5036.5152,1,3
239999,530.352,3,2571.2928,2.75,3
458450,405.384,4,2961.132,1,4
405000,853.44,6,9139.428,2,5
324000,585.216,3,1622.1456,2.5,3
280300,280.416,2,1524,1,4
693000,963.168,4,3981.6024,2.5,3
176000,469.392,3,1660.8552000000002,2.25,2
485000,780.288,4,2729.7888000000003,2.75,4
430000,1310.64,8,3182.4168,3.25,4
180000,421.8432,3,2731.0080000000003,1,4
254000,630.936,3,2743.2000000000003,2,4
485000,859.5360000000001,4,2015.0328000000002,3.25,3
748000,981.456,4,2553.9192000000003,2.5,3
635000,893.0640000000001,4,2645.3592000000003,2.5,3
880000,1176.528,3,2743.2000000000003,1.75,3
825000,975.36,4,1364.5896,3.25,3
357500,496.824,3,2866.0344,1.75,3
175000,243.84,2,2179.32,1,3
255000,414.528,2,2855.0616,1,4
133000,435.86400000000003,5,1706.88,2,3
627000,838.2,4,3605.784,2.5,3
278000,484.632,3,2872.7400000000002,2.25,3
1715000,935.7360000000001,4,2196.6936,2.5,4
325000,438.91200000000003,3,1963.8264000000001,2.25,3
215000,323.088,3,3033.9792,1,4
345000,615.696,3,2743.2000000000003,2.25,3
255000,605.6376,4,1828.8000000000002,2.5,3
335000,432.81600000000003,2,1580.3880000000001,2,3
353500,384.048,3,296.2656,2.5,3
350000,566.928,3,6667.8048,2.5,3
340895,280.416,2,2624.9376,1,5
420000,576.072,5,3316.224,1.5,3
415000,344.42400000000004,2,667.8168000000001,2.25,3
771000,737.616,4,2194.56,2.5,3
495000,640.08,3,914.4000000000001,2.25,3
829000,905.2560000000001,4,18189.549600000002,2.75,4
463000,381,3,2346.96,1,4
553000,399.288,3,5527.548000000001,1,3
835000,1088.136,2,119626.38,3.25,3
358000,350.52000000000004,3,8326.8312,1.5,4
204250,597.408,3,2349.3984,2.25,4
367500,313.944,2,182.88,2,3
537500,1322.832,5,2776.1184000000003,2.5,5
2225000,1051.56,3,5102.352,3,4
622000,920.4960000000001,4,3265.6272000000004,1.75,5
394950,344.72880000000004,2,397.4592,1,3
700000,868.6800000000001,3,11151.108,2.5,3
690000,606.552,2,535.2288,2.5,3
818000,1225.296,4,13542.568800000001,2.5,3
577000,719.3280000000001,4,2282.952,2.25,3
599900,794.004,3,3666.744,1.5,3
648000,673.6080000000001,5,3283.3056,2.5,3
265000,505.968,3,1600.2,2.5,4
1050000,990.6,4,14641.6776,2.5,3
190000,213.36,2,2895.6000000000004,1,3
660000,612.648,4,4686.3,2.25,4
660000,752.856,3,3627.1200000000003,3,3
949990,1210.056,4,2229.3072,4,3
208000,320.04,3,1901.952,1,5
420000,893.0640000000001,4,2999.232,2.25,4
286000,307.848,2,251.46,1.5,3
439950,438.91200000000003,2,1422.1968000000002,2,3
260000,487.68,3,683.9712000000001,2.5,3
728935,908.3040000000001,4,3107.1312000000003,2.5,3
715000,801.624,4,2368.2960000000003,3.25,3
624000,460.24800000000005,3,1584.96,1.75,4
319950,518.1600000000001,3,2133.6,2.5,3
469000,682.7520000000001,4,1714.1952,2.5,3
1300000,1271.016,5,10152.888,2.5,4
350000,435.86400000000003,3,3718.2552,1.5,3
1350000,1426.4640000000002,4,3808.476,3.5,3
359000,940.308,3,2218.944,2,4
425000,353.56800000000004,2,5394.96,1,3
210000,228.60000000000002,2,10403.7384,1,3
265953,448.05600000000004,3,3983.1264,1.75,4
970000,1213.104,4,2806.9032,2.75,3
314950,515.1120000000001,3,1381.6584,2.5,3
420000,728.472,3,1402.0800000000002,1.5,3
340000,204.216,3,7169.5056,1,4
525000,417.576,3,537.6672,3.5,3
197000,545.592,4,4023.36,2.25,3
660000,835.152,3,1153.6680000000001,3.5,3
380000,1158.24,5,4724.400000000001,3.25,3
526000,542.544,3,11521.7448,1.75,3
355000,576.072,3,11064.24,1,3
363000,765.048,3,6096,0.75,4
650000,280.416,3,2057.4,1,4
380000,420.624,3,2483.2056000000002,1,4
475000,612.648,3,778.4592,3,3
555000,707.1360000000001,4,1463.04,1.75,3
515000,670.5600000000001,4,2123.5416,2.25,3
1038000,929.6400000000001,5,2713.9392000000003,2.75,4
705000,481.584,3,402.6408,2.5,3
190848,417.576,4,2409.1392,1.5,3
480000,411.48,2,1286.256,2,3
355000,615.696,4,1828.8000000000002,1.5,4
470000,630.936,3,3553.3584,3.5,4
478000,438.91200000000003,3,2166.2136,1,4
985000,1185.672,5,4041.9528,3.5,3
276000,219.45600000000002,2,1219.2,1,3
250000,582.168,4,2514.6,1.75,4
875000,1289.304,5,6539.484,3.25,3
608000,795.528,3,1524,2.75,4
461500,859.5360000000001,5,998.22,3.25,3
539950,554.736,3,3009.9,1.75,4
515000,350.52000000000004,2,1726.3872000000001,1,3
1060000,1261.872,5,2415.2352,4.5,3
312000,448.05600000000004,3,2394.8136,2.25,4
208633,621.792,3,1161.288,2.5,3
306500,399.288,2,3108.96,1.75,4
195000,402.336,4,2345.1312000000003,1.75,3
406000,387.096,3,1833.9816,1.75,4
724950,871.7280000000001,4,1108.8624,2.5,5
1398000,804.672,5,4559.5032,2.25,4
740000,716.2800000000001,3,1157.6304,2.5,3
790000,920.4960000000001,4,11244.9864,2.5,3
525000,527.304,3,327.3552,3,3
635000,905.2560000000001,4,2426.5128,2.5,3
325000,557.784,4,2365.8576000000003,2.5,3
630000,484.632,3,1243.584,1,3
500000,405.384,3,385.572,1.5,3
388500,828.4464,4,1888.8456,2.5,3
795000,420.624,2,1524,1,3
425000,749.808,4,1658.112,2.5,3
482000,396.24,2,374.5992,1.5,3
293000,719.3280000000001,4,1908.048,2.25,3
465000,624.84,3,4582.668000000001,2.5,3
825000,710.1840000000001,5,1828.8000000000002,1.75,3
460000,310.896,2,1219.8096,1,5
274000,484.632,3,2322.576,1.75,4
615000,408.432,4,611.4288,1,3
430000,630.936,4,2779.7760000000003,1.75,4
1249000,972.312,4,1828.8000000000002,3.5,4
951000,1036.3200000000002,3,3909.0600000000004,2.25,3
360000,502.92,4,2301.8496,2,4
450000,765.048,5,3121.152,2.5,4
395000,856.488,4,3337.8648000000003,2.5,3
425000,582.168,4,5116.068,1.75,4
541500,579.12,2,1124.712,2.5,3
691100,719.3280000000001,3,4912.4616000000005,2.75,4
1295000,1353.3120000000001,5,2825.496,4,5
585888,454.15200000000004,3,2264.9688,2,4
255000,432.81600000000003,3,2279.904,1.5,4
750000,719.3280000000001,3,3958.4376,2.5,3
390000,399.288,3,382.2192,2.5,3
530000,429.76800000000003,3,381,2.5,3
837000,896.1120000000001,5,1592.5800000000002,2.75,3
725000,822.96,4,7885.176,2.5,4
334900,664.464,4,1239.3168,1.75,3
965800,762,4,2659.38,1.75,4
1824100,1014.984,3,6112.1544,2.25,3
295000,478.536,3,2112.8736,2.5,3
339000,600.456,3,2197.608,2.25,4
258000,371.856,4,2590.8,1,5
580000,807.72,3,2972.4096,2.75,3
362500,591.312,3,12371.2224,2,3
585000,676.6560000000001,3,63862.610400000005,2,3
294000,518.1600000000001,3,2926.08,2.25,3
290000,490.728,3,1147.2672,2.25,3
580000,810.768,3,9984.3336,2.75,4
452100,963.168,4,1993.392,2.5,3
830000,938.784,4,1306.6776,3.25,3
227500,469.392,3,2880.36,1,4
300000,746.76,4,2722.4736000000003,2.5,3
374900,755.904,3,1508.76,2.5,3
452950,350.52000000000004,3,363.93120000000005,2.5,3
310000,792.48,5,2926.08,2.25,4
313000,408.432,3,2411.5776,1.5,3
442500,1292.352,5,68914.3656,3.25,3
298000,493.776,3,3909.0600000000004,1.75,3
502000,585.216,4,1171.6512,1.75,3
620000,451.10400000000004,3,665.988,1.75,3
865000,786.384,4,3240.3288000000002,2.5,4
736500,969.264,4,6676.3392,2.5,3
95000,231.64800000000002,1,1751.3808000000001,0.75,4
265000,326.136,3,2743.2000000000003,1,4
419950,381,3,247.1928,2.25,3
651000,987.552,3,33029.9568,2.5,4
185000,454.15200000000004,4,2011.68,1,3
420000,316.992,2,1066.8,1.5,4
349950,499.872,3,1436.8272000000002,2,3
325000,323.088,3,2282.3424,1.5,5
245000,384.048,3,387.096,1.5,3
415000,557.784,4,2910.2304000000004,3,3
352000,737.616,5,2609.088,2.5,3
705000,807.72,4,1315.5168,2.5,3
590000,1051.56,4,2094.8904,3.5,3
1307000,853.44,5,975.36,3.25,5
481450,429.76800000000003,3,1463.04,2,3
2238890,2215.896,5,39629.1816,6.5,3
604000,688.8480000000001,4,2363.1144,2.5,3
536000,396.24,3,1649.8824000000002,1.75,3
377000,499.872,4,1528.2672,2,4
870300,716.2800000000001,4,960.12,2.5,4
450000,524.256,3,2121.408,1.75,3
788000,1121.664,4,1755.3432,3.25,3
306500,627.888,3,11697.3096,2.25,4
245000,265.176,2,1874.52,1,3
215000,295.656,3,2217.42,1,4
1740000,1005.84,4,1385.316,3.75,3
288400,566.928,4,2038.1976000000002,2.5,4
490000,582.168,3,2496.3120000000004,1,4
249900,347.47200000000004,2,1676.4,1,3
90000,176.78400000000002,2,2286,1,3
445500,423.672,2,2033.016,1.75,3
245000,384.048,3,2105.5584,1.75,3
685000,856.488,3,2346.96,2.5,3
782000,1191.768,4,2467.356,3.5,3
635000,701.0400000000001,3,1676.4,2.5,4
619000,701.0400000000001,4,1036.3200000000002,2,5
529000,484.632,3,1956.816,1,3
568000,713.2320000000001,4,15311.0184,2,4
425000,554.736,3,2456.0784000000003,2.25,3
350000,816.864,3,2388.4128,2.5,3
225000,365.76,3,3028.4928,1,4
466500,435.86400000000003,3,1170.432,1,3
405000,428.244,2,327.0504,2,3
735000,859.5360000000001,4,1883.664,2.5,3
385200,472.44,4,2359.152,1,3
385000,524.256,4,2667,1.75,3
881000,765.048,5,1257.3,3,5
317000,353.56800000000004,3,2686.2024,1,3
454000,801.624,4,11887.2,2.25,3
575000,421.8432,3,392.2776,3,3
725000,978.408,5,3657.6000000000004,2.5,4
375000,377.952,4,914.4000000000001,2,3
837700,917.4480000000001,5,3843.8328,2.75,3
1008000,807.72,4,932.6880000000001,3.5,3
770000,886.9680000000001,3,3110.1792,2.25,3
221000,499.872,3,2240.28,2.25,3
280000,545.592,3,12923.2152,2,4
400000,813.816,4,57755.332800000004,1.75,3
511500,414.528,4,1828.8000000000002,1,3
660000,603.504,3,868.6800000000001,3.25,3
500000,350.52000000000004,3,1554.48,1,3
725000,1042.416,4,9268.968,2.5,3
405000,399.288,3,2225.04,2.75,3
675000,701.0400000000001,3,1710.2328,3.5,3
390000,713.2320000000001,4,2605.4304,2.5,3
515000,792.48,3,1373.4288000000001,2.5,3
383962,822.96,4,2132.9904,2.5,3
1150000,1018.032,4,3176.6256000000003,2.5,3
399895,823.2648,4,1371.6000000000001,2.5,3
1411600,969.264,2,2865.1200000000003,2.5,5
209950,359.66400000000004,3,2225.04,1.5,4
680000,710.1840000000001,4,1194.816,2.75,3
435000,679.7040000000001,4,2938.272,2.75,3
445000,256.03200000000004,2,1170.432,1,4
405000,487.68,3,2286,1.5,3
690000,883.9200000000001,4,7159.142400000001,2.5,3
516130,460.24800000000005,3,2514.6,1.75,4
330000,460.24800000000005,3,4798.7712,1.75,3
975000,929.6400000000001,3,2258.568,2.5,5
820000,862.5840000000001,5,1870.5576,2.75,3
656000,451.10400000000004,3,2278.38,1.75,3
210000,316.992,2,1399.0320000000002,1,3
346000,457.20000000000005,3,439.52160000000003,3.25,3
400000,423.672,3,1402.6896000000002,1.75,3
791500,460.24800000000005,4,1066.8,2,5
394000,353.56800000000004,3,1048.8168,2,4
305000,426.72,3,3154.6800000000003,1.75,4
215000,562.9656,4,2438.4,2.5,3
402200,545.592,3,2127.504,1.75,3
527500,356.61600000000004,2,914.4000000000001,1,3
785000,984.504,4,6638.848800000001,2.5,3
590000,643.128,3,1179.576,2.5,3
140000,332.232,3,3082.7472000000002,1,4
375000,597.408,3,2424.684,1,4
442500,548.64,3,2530.7544000000003,1.5,3
1225000,1042.416,3,24164.2392,2.5,3
400000,1021.08,4,2950.7688000000003,3.5,3
604000,786.384,6,4136.7456,3.5,3
910000,1277.112,4,11860.3776,2.75,4
606000,728.472,4,2699.9184,2.25,4
529000,466.34400000000005,3,1036.3200000000002,2,3
450000,463.29600000000005,4,1600.2,1.75,3
900000,798.576,3,2199.132,3.25,4
1010000,954.024,4,1524,3.5,3
295000,438.91200000000003,3,1219.2,1.75,4
618000,573.024,5,5576.316000000001,1.75,4
255000,381,3,2887.0656000000004,1,4
375000,640.08,4,3882.5424000000003,2.25,4
1218000,1118.616,4,4693.92,2.75,4
299000,640.08,3,4718.304,1.75,3
309900,615.696,3,8129.0160000000005,2.5,3
601000,658.368,4,1097.28,3.5,3
844000,941.832,4,20579.4864,3.25,3
482000,917.4480000000001,4,4800.6,2.75,4
1150000,1277.112,3,2933.3952,2.5,3
440000,853.44,4,14980.6152,1.75,4
710000,502.92,3,3124.2000000000003,1.75,5
650000,932.6880000000001,3,2386.8888,2.5,3
911100,1014.984,4,10310.1648,3.25,5
518500,646.176,4,1682.496,3,3
1200000,1313.688,3,3304.6416000000004,3.5,3
269000,490.728,4,2560.6248,1,3
870000,1039.3680000000002,4,7010.400000000001,2.75,4
145000,146.304,1,2971.8,0.75,2
259950,469.392,4,3112.6176,2,5
605000,902.2080000000001,3,5669.280000000001,2.5,3
756000,832.104,4,3277.5144,2.5,3
229000,313.944,3,2377.44,1,3
389100,256.03200000000004,2,1645.92,1,4
700000,960.12,4,1882.14,3.5,3
2350000,1331.976,4,6968.642400000001,2.25,4
665000,1149.096,4,14471.904,3.5,3
575000,908.3040000000001,5,16330.574400000001,1.75,4
362000,432.81600000000003,3,291.084,2.75,3
499000,490.728,3,526.6944,2.5,3
403950,646.176,4,4200.144,2.5,3
275000,420.624,3,1066.8,2,3
562000,731.52,3,29607.6624,2.5,5
210000,381,3,2890.7232000000004,1.5,4
268000,381,3,1690.4208,1.75,4
988000,1231.392,4,6004.56,3,3
485000,740.664,3,1788.2616,2.5,3
731781,801.624,3,1515.4656,3,3
1000000,911.3520000000001,4,1280.16,3.5,5
415000,277.368,2,1143,1,3
235000,310.896,3,1881.5304,1,3
570000,874.7760000000001,2,31201.1568,1.75,4
500000,737.616,3,19964.7048,1.75,3
445000,563.88,3,5139.8424,1.75,4
1153000,1152.144,3,3237.8904,3.25,3
425000,429.76800000000003,3,411.48,3.25,3
299000,472.44,3,2675.5344,1,3
706000,835.152,4,2307.6408,2.5,3
795000,926.5920000000001,5,2916.936,2.5,4
1530000,1295.4,4,5163.312,2.25,4
417000,560.832,3,3475.6344000000004,2.25,3
175000,368.808,4,1905,1,3
160000,448.05600000000004,3,2646.2736,2.25,3
335000,509.016,4,2887.0656000000004,1.75,3
608000,734.568,4,2176.272,2.5,3
244500,396.24,2,4419.6,1.75,3
444500,792.48,3,1439.8752000000002,2.5,3
460458,1000.9632,4,1986.0768,2.5,3
353500,539.496,4,2816.0472,2.5,3
322400,521.208,3,4829.251200000001,1.75,4
262500,490.728,3,3136.6968,1.5,4
1485000,1197.864,4,1865.3760000000002,3.5,3
284000,505.968,3,1244.4984000000002,2.5,3
436952,825.3984,4,1454.5056000000002,2.5,3
652000,585.216,3,2926.08,2.25,4
520000,451.10400000000004,3,355.09200000000004,2.5,3
330600,176.78400000000002,1,548.3352,1,3
190000,402.336,3,2324.1,2,3
639000,591.312,4,1524,2,4
377500,417.576,3,2194.56,2,3
295000,716.2800000000001,4,2714.5488,2.5,3
1450000,1335.0240000000001,3,1926.336,3,5
435000,341.37600000000003,3,2943.1488,1,5
337000,515.1120000000001,3,2769.7176,2,3
5110800,2441.4480000000003,5,13873.581600000001,5.25,3
539000,798.576,7,2100.072,2.25,4
265000,524.256,3,1911.4008000000001,2.5,3
335000,788.8224,3,1737.6648,2.5,3
385000,493.776,4,1609.344,2.5,4
312000,533.4,3,1242.3648,2.5,3
430000,747.3696,4,1463.04,3.75,3
415000,655.32,4,2491.1304,2.5,3
265000,117.04320000000001,0,65057.7312,0.75,3
290000,362.71200000000005,3,2491.7400000000002,2.5,3
679000,542.544,3,1316.736,2.5,4
265000,243.84,3,1755.6480000000001,1,3
280000,182.88,1,7467.9048,0,2
350000,420.624,3,1399.0320000000002,1.75,2
929000,1228.344,4,17525.695200000002,3.25,3
650000,569.976,3,1032.6624000000002,2,4
415000,725.4240000000001,3,1722.1200000000001,1.75,4
682000,746.76,4,10391.241600000001,2.25,4
635000,1298.448,4,11082.528,2.5,4
315000,213.36,1,1181.4048,1,3
338000,466.34400000000005,4,2484.7296,1.75,5
985000,829.056,2,8156.7528,2.5,3
379770,448.05600000000004,3,542.2392,2.5,3
282000,544.068,4,777.8496,2.5,3
390000,844.296,3,2688.3360000000002,2.5,3
1030000,1080.516,3,2991.9168,2.5,3
454000,518.1600000000001,3,3048,2,3
1311000,1063.752,4,1714.5,3.75,3
293000,310.896,3,2331.7200000000003,1,3
416000,548.64,3,1637.3856,2.5,3
810000,728.472,3,2446.02,2,5
601000,633.984,4,1582.2168000000001,2.5,3
294000,502.92,3,3430.8288000000002,2,4
333000,463.29600000000005,3,926.8968000000001,2.5,3
194820,335.28000000000003,3,9966.960000000001,1.5,3
1075000,984.504,5,2304.288,3.5,3
585000,755.904,5,3844.7472000000002,2.25,4
219000,246.5832,2,286.512,2.5,3
345500,588.264,3,1219.2,2.5,3
800000,765.048,4,3036.7224,2.25,4
750000,804.672,4,1143,2.75,5
324950,475.488,3,2926.08,2.5,3
355000,774.192,5,1554.48,2.5,3
355000,573.024,3,1612.392,2.5,3
1020000,777.24,6,1524,2.25,4
389900,658.368,3,18056.6568,2.5,3
496000,432.81600000000003,2,1412.748,1,4
412000,673.6080000000001,3,2133.6,2.5,4
250000,557.784,4,2024.7864000000002,2.75,3
405000,441.96000000000004,3,1853.4888,2,4
2175000,1447.8000000000002,4,6614.464800000001,3,5
355000,429.76800000000003,3,405.9936,2.25,3
345000,515.1120000000001,3,4454.652,2.25,4
245000,524.256,3,2847.4416,1.75,4
450000,493.776,3,303.8856,2.25,3
665000,502.92,3,1555.0896,1,4
405000,603.504,4,1530.096,2.5,3
625000,664.464,3,1524,2.5,4
405000,438.91200000000003,3,2263.1400000000003,2,4
317500,371.856,2,2563.0632,1.5,4
271000,216.40800000000002,2,1292.352,1,4
614000,960.12,5,1569.72,2.5,5
1151250,591.312,4,1485.9,2.5,4
538200,542.544,4,2212.848,3,4
190000,231.64800000000002,3,12203.887200000001,1.5,3
219200,512.0640000000001,3,2133.6,2,4
252000,207.264,1,499.2624,1,1
385000,417.576,2,48726.852,1.5,3
635000,679.7040000000001,3,428.85360000000003,3,3
1195000,1234.44,4,2900.7816000000003,4,3
176500,283.464,3,3017.52,1,4
250000,667.5120000000001,5,2514.6,1.75,3
545000,624.84,4,2962.656,2.25,3
538000,573.024,4,2424.0744,1.75,4
625000,542.544,3,1371.6000000000001,1.75,4
675000,652.272,4,694.3344000000001,3.5,3
315000,341.37600000000003,2,2240.28,1,3
232000,396.24,3,3422.904,1.75,5
515000,548.64,4,1322.2224,2.5,3
665000,701.0400000000001,2,2128.7232,2.5,3
252000,509.016,3,1225.296,2.5,3
250000,649.224,4,2560.32,2,3
424950,304.8,2,362.10240000000005,1.5,3
455500,697.9920000000001,3,5791.200000000001,1.75,4
317000,658.368,4,2453.3352,2.5,3
215000,323.088,3,2407.92,1,3
259000,551.688,4,2743.2000000000003,1.5,3
610000,338.32800000000003,3,3170.5296000000003,1.75,4
525000,707.1360000000001,3,2929.128,2.5,3
339000,728.472,4,2279.904,1.5,3
505000,966.216,4,1627.632,2.5,3
1315000,1347.2160000000001,5,11077.0416,4,5
425000,252.984,2,378.2568,1.5,3
358000,490.728,3,2028.4440000000002,2.25,4
425000,359.66400000000004,3,2560.32,1,3
175000,353.56800000000004,2,2106.4728,1,3
665000,786.384,3,1828.8000000000002,2.25,3
489000,938.784,3,1706.2704,2.5,3
375000,216.40800000000002,2,1407.5664000000002,1,3
760000,941.832,4,1237.488,3.5,3
324950,539.496,4,1524,2.5,3
1050000,938.784,4,3278.7336,3,5
269000,432.81600000000003,3,2224.1256000000003,2.25,3
357500,469.392,3,3614.3184,1.5,4
533000,789.432,4,1948.8912,2.5,3
325000,649.224,3,3732.2760000000003,2.5,3
360000,341.37600000000003,3,3200.4,1,4
330000,798.576,5,3890.1624,2.5,3
616000,883.9200000000001,3,1722.1200000000001,2,3
204000,445.00800000000004,3,2176.272,1.5,4
643000,691.8960000000001,4,2557.5768000000003,2.5,3
462500,728.472,6,1219.2,3,3
516500,451.10400000000004,3,1441.3992,2.5,3
413252,338.32800000000003,3,1207.008,0.75,3
240000,179.83200000000002,2,2656.9416,1,3
320000,484.632,3,1060.704,2.5,3
190500,338.32800000000003,3,350.52000000000004,1.5,3
580000,542.544,4,1554.48,1.5,3
400000,646.176,3,1145.1336000000001,2.5,3
284000,475.488,3,6400.8,1.75,3
453000,533.4,3,1188.72,2.5,3
230500,225.55200000000002,2,2698.3944,1,3
427000,396.24,3,1557.8328000000001,1.75,4
178000,365.76,4,3402.4824000000003,1.5,4
491000,438.91200000000003,3,2377.44,1.75,4
265000,377.952,4,2486.5584000000003,1.5,4
340000,661.416,4,6030.468000000001,2.5,3
304500,411.48,4,287.1216,2,3
830200,816.864,3,1520.952,2.5,5
500000,594.36,2,658.9776,2.5,3
265000,463.29600000000005,3,2074.164,1.5,4
408506,755.904,3,63763.855200000005,2.75,3
315000,725.4240000000001,3,3185.1600000000003,1.75,3
525000,469.392,4,1139.952,2,4
449228,920.4960000000001,5,7543.8,2.5,3
385000,505.968,4,3278.7336,1.75,3
480000,1060.704,5,3907.8408000000004,3.5,3
650000,664.464,3,18322.137600000002,2.25,3
230000,454.15200000000004,3,2658.4656,2.25,3
1187500,871.7280000000001,3,3238.5,2.25,3
439000,920.4960000000001,3,1828.8000000000002,2.25,3
510000,429.76800000000003,3,3656.076,2,4
300000,789.432,6,3429,2.5,4
1420000,1203.96,5,3486.3024,3.25,3
432500,762,3,1828.8000000000002,3,3
350000,859.5360000000001,2,3587.496,2.75,3
735000,774.192,3,2061.0576,2.5,3
324950,374.904,2,462.07680000000005,1.5,3
610000,676.6560000000001,4,1774.2408,2,4
275000,387.096,2,9806.94,1.5,4
576250,466.34400000000005,2,1524,1.75,4
241400,432.81600000000003,3,2995.5744,2,4
395000,859.5360000000001,5,1921.7640000000001,2.5,3
368888,454.15200000000004,3,3714.2928,1.5,4
685000,768.096,3,3101.34,2.5,3
635000,664.464,5,1828.8000000000002,2.25,4
710000,518.1600000000001,2,926.5920000000001,1,3
1080000,844.296,3,1767.8400000000001,2.75,4
685000,829.056,3,1438.6560000000002,1.75,4
352000,384.048,3,2194.56,1.75,3
767500,716.2800000000001,4,1467.612,2,4
500000,283.464,2,975.36,1,3
710000,609.6,4,2459.1264,2.25,5
720000,640.08,3,670.5600000000001,2.5,4
415000,451.10400000000004,3,670.5600000000001,1.75,3
380000,475.488,3,31732.118400000003,1.75,3
390000,362.71200000000005,3,25976.8848,1,5
5300000,2252.472,6,7567.8792,6,4
655000,441.96000000000004,2,4815.2304,1.75,3
700000,569.976,4,1828.8000000000002,1.75,5
245000,301.752,3,2925.7752,1,4
399950,947.928,4,1788.5664000000002,2.5,3
325000,621.792,4,1667.8656,2.5,3
604000,475.488,3,789.1272,2,3
424000,807.72,4,2647.188,2.5,3
506000,621.792,4,3657.6000000000004,2.25,4
415000,813.816,4,2523.4392000000003,2.5,3
320000,545.592,3,20193,1.75,3
240415,341.37600000000003,3,3104.9976,1.75,3
605000,768.096,4,1213.104,2.5,3
144000,381,3,2534.1072,1,3
313100,527.304,3,3907.8408000000004,2,3
671000,576.072,4,449.58000000000004,2.75,3
463000,615.696,3,3381.7560000000003,1.75,4
995000,1075.944,4,6099.6576000000005,3.25,3
335000,640.08,4,2226.5640000000003,2.25,4
339950,527.304,3,1306.3728,2.5,3
353000,368.808,3,4419.2952000000005,2,3
306000,283.464,2,1722.1200000000001,1,3
465000,454.15200000000004,3,3278.7336,1.75,3
345000,865.6320000000001,5,3922.7760000000003,1.75,4
695000,902.2080000000001,4,3279.648,2.5,3
587450,667.5120000000001,3,2674.6200000000003,2.25,4
517000,502.92,4,2514.6,1,3
712500,737.616,4,3414.0648,2.75,3
226000,454.15200000000004,3,1910.7912000000001,1.75,4
300000,393.192,2,756.5136,1,3
309933,554.736,3,23898.758400000002,1.75,3
769000,743.712,4,2052.2184,2.5,3
528000,475.488,3,1920.24,2,3
171500,350.52000000000004,3,1975.104,1,4
581000,356.61600000000004,2,1243.584,1,4
672500,481.584,3,1752.6000000000001,1.75,4
350000,527.304,3,1245.4128,2.5,3
1900000,1572.768,5,13507.212000000001,4.5,3
771005,1219.2,5,2046.1224000000002,4.5,3
550000,326.136,3,1131.7224,1,4
1225000,1063.752,4,2104.9488,2.25,4
427000,798.576,3,33059.8272,2.5,4
275000,487.68,3,2133.6,2.5,4
390000,731.52,5,2906.8776000000003,2,5
280000,472.44,3,1367.3328000000001,2.5,3
664500,935.7360000000001,4,2807.208,2.25,3
313000,667.5120000000001,3,2438.4,1.75,4
347500,749.808,4,2240.28,2.5,3
323000,600.456,4,2198.5224000000003,2.75,3
343000,338.32800000000003,2,3023.616,1,5
382880,493.776,3,2915.7168,2,4
521000,320.04,2,2286,1,4
540000,774.192,4,69571.8192,2.25,3
1200000,475.488,3,2462.1744000000003,1.75,4
220000,313.944,2,868.6800000000001,1.5,3
225000,381,3,2286,1.5,3
1120000,1362.4560000000001,4,18401.6904,2.25,3
723000,822.96,4,1220.4192,2.5,3
349950,687.9336000000001,5,3083.6616000000004,3,3
619500,661.416,3,1524,2.5,3
755000,810.768,4,3185.7696,2.5,3
260000,606.552,4,2033.3208000000002,2.5,3
380000,853.44,4,2976.0672,3,3
387500,402.336,4,1353.3120000000001,1,3
396450,469.392,3,3793.5408,1.75,5
275000,618.744,3,1928.1648,2.5,3
482000,679.7040000000001,5,2926.08,2.25,3
604700,838.2,4,4566.5136,2.75,3
172500,347.47200000000004,3,2682.2400000000002,1,3
280000,365.76,3,1905,1,3
330000,414.528,4,4075.7856,1,3
960000,1133.856,5,4632.96,4,3
840000,710.1840000000001,4,1219.2,1.75,5
189000,518.1600000000001,2,966.5208,2,5
645000,527.304,3,374.5992,3.25,3
941500,1063.752,5,2950.464,3.5,3
320000,573.024,3,3279.0384000000004,2,5
239000,408.432,3,5023.104,1.75,4
865000,637.032,3,1440.18,1.75,3
324950,368.808,3,2267.712,1,3
795000,630.936,4,3988.0032,2.25,4
700000,624.84,3,1275.588,2.5,3
564000,603.504,3,1905,1.75,5
1035000,1051.56,4,3425.952,3.25,4
471000,618.744,3,854.964,2.5,3
445000,438.91200000000003,2,982.98,1,3
627000,618.744,4,2834.6400000000003,2,4
435000,576.072,3,2194.56,2.25,4
379000,615.696,4,2304.288,1.5,4
359950,576.072,3,2773.6800000000003,1.75,4
784000,1203.96,3,33856.574400000005,3.5,3
2250000,1481.328,5,2881.2744000000002,4.25,5
1335000,1280.16,5,1767.8400000000001,2.25,4
795000,975.36,4,990.6,3.5,3
304000,390.144,3,2494.4832,1,4
576000,743.712,4,8657.844000000001,2.5,3
340000,369.4176,3,357.83520000000004,2.5,3
300000,591.312,5,1937.0040000000001,3,3
669000,822.96,4,10778.3376,2.75,5
564000,515.1120000000001,2,1371.6000000000001,2,3
770000,807.72,3,12406.884,2.5,3
390000,487.68,3,3121.152,2.25,3
618250,768.096,4,1024.1280000000002,3.25,4
502000,880.8720000000001,6,2475.5856000000003,2.5,3
358000,551.688,3,30537.3024,1.5,5
257500,359.66400000000004,2,2823.972,2,3
350000,780.288,4,1708.7088,3,3
2700000,1167.6888000000001,5,4206.24,2.75,3
957000,963.168,5,1524,3.25,3
249000,557.784,4,1870.2528000000002,2.25,3
210000,219.45600000000002,2,2450.592,1,3
971971,1054.608,4,2053.7424,3.75,3
415000,323.088,3,468.17280000000005,2.5,3
140000,323.088,3,2277.7704000000003,1,3
246950,509.016,3,1353.3120000000001,3,3
427000,741.2736,3,2862.3768,2.5,3
896000,768.096,5,4907.280000000001,2.75,4
289950,536.448,3,2616.4032,2.5,5
550000,838.2,4,39167.4096,1.5,2
256000,624.84,4,1763.8776,2.5,3
915000,1173.48,3,19118.8848,4.5,3
480000,658.368,5,2358.2376,2.5,3
255000,280.416,2,487.0704,1.5,3
264500,627.888,4,3470.148,2.25,4
226550,301.752,3,1353.3120000000001,1,3
545000,841.248,3,5296.5096,2.5,3
275000,365.76,3,2377.44,1,4
570000,545.592,4,2377.44,2,5
716100,499.872,3,1219.2,1,5
358000,286.512,3,2040.6360000000002,1,4
575000,777.24,4,17260.2144,2.5,3
469000,512.0640000000001,3,731.52,1.75,3
300000,445.00800000000004,4,2670.0480000000002,1.5,3
370000,399.288,4,1828.8000000000002,1,3
295000,563.88,4,2498.7504,2.5,3
420000,618.744,4,2468.88,2.5,3
299000,591.312,3,2773.6800000000003,2.25,4
415000,627.888,5,2714.5488,2.75,4
759900,914.4000000000001,4,1718.7672,2.5,3
275000,329.184,4,7959.5472,1,5
583000,670.5600000000001,4,2881.2744000000002,2.75,5
455000,664.464,3,2087.88,2.25,3
300000,219.45600000000002,3,2315.8704000000002,2,5
328000,213.36,2,1325.88,1,3
540000,606.552,4,8862.974400000001,2,3
2400000,1786.1280000000002,4,2194.56,3.5,5
555000,734.568,3,3713.3784,3,3
680000,493.776,3,1676.4,1.75,3
300000,637.9464,5,3154.6800000000003,2.5,5
275000,499.872,3,1842.2112000000002,2.25,3
545000,582.168,4,2051.6088,1.75,4
295000,551.688,3,3209.5440000000003,2,3
995000,975.36,3,1158.24,2.25,5
404763,515.1120000000001,3,490.4232,2.5,3
335000,478.536,3,2286,1.75,3
363000,249.936,2,1487.424,1,4
275000,920.4960000000001,3,1788.5664000000002,2.5,3
680000,890.0160000000001,3,1920.24,2.25,3
580000,655.32,4,1524,2.5,3
450000,359.66400000000004,2,3267.456,1,4
750000,868.6800000000001,5,3614.9280000000003,1.75,3
750000,1405.1280000000002,3,24973.788,3.25,4
495000,557.784,3,63464.236800000006,2.75,3
552500,615.696,3,1255.776,1,4
272000,420.624,3,3584.4480000000003,1.5,4
1000000,542.544,4,3485.6928000000003,1.75,5
175000,320.04,2,2987.04,1.75,4
285000,591.312,3,3009.5952,2.5,3
530000,385.2672,3,468.17280000000005,2.25,3
327000,560.832,4,1554.48,1.75,4
274000,591.312,4,2286,1.75,4
349900,481.584,3,842.772,2.5,3
699950,630.936,4,2386.5840000000003,2,5
261000,505.968,3,3413.76,1,3
925000,826.008,4,3474.7200000000003,1.75,4
589000,585.216,4,1481.9376,1.75,5
522500,521.208,3,2958.6936,1.75,4
350000,402.336,3,395.6304,2,3
1500000,1331.976,5,3730.7520000000004,3.5,3
1169000,1405.1280000000002,5,4039.2096,4.25,3
425000,530.352,3,2951.0736,2.25,5
345000,726.0336000000001,4,1798.0152,2.5,3
702000,807.72,4,1901.952,2.5,3
240000,390.144,3,2743.2000000000003,1,4
652500,676.6560000000001,4,39698.3712,2.25,3
296000,417.576,4,2971.8,1.5,3
619000,606.552,3,914.4000000000001,2,5
350000,243.84,2,1536.192,1,3
475000,588.264,3,3380.8416,1.5,3
625000,972.312,4,8475.2688,2.5,3
399950,975.36,4,2299.716,2.5,3
677500,615.696,3,2962.0464,1.75,3
290000,310.896,2,388.62,1.5,3
2200000,1088.136,3,9282.988800000001,2,3
451000,493.776,4,1659.3312,1.5,3
358000,350.52000000000004,3,1426.7688,1,3
430000,472.44,3,1534.3632,1.5,4
780000,1109.472,4,70634.0472,2.75,3
211000,521.208,4,2526.1824,2,3
392000,545.592,3,2171.7000000000003,2.25,3
439000,679.7040000000001,3,1387.1448,2.25,5
1245000,1143,6,4312.92,3.25,5
447500,739.14,4,2748.3816,2.5,3
539000,661.416,3,975.36,2.5,5
975000,829.056,4,3367.7352,2.5,3
340000,743.712,5,2090.3184,2.75,3
549950,384.048,2,1219.2,1,3
440000,472.44,3,2383.536,1.75,4
390000,350.52000000000004,2,829.9704,1.75,4
440000,911.3520000000001,4,2416.4544,2.5,3
649950,655.32,3,4664.6592,2.5,4
600000,960.12,5,3213.2016000000003,3.5,5
196000,268.224,3,5974.08,1,4
340000,579.12,4,2229.0024000000003,1.75,3
299950,243.84,2,914.4000000000001,1,3
485000,691.8960000000001,3,2403.9576,2.5,3
285000,420.624,3,3717.3408000000004,1.5,4
560000,530.352,4,2682.2400000000002,1.75,4
675000,682.7520000000001,4,2723.9976,2.75,4
239800,393.192,2,455.06640000000004,1.75,3
850000,883.9200000000001,4,3039.4656,2.5,3
375000,344.42400000000004,3,3810,1,3
808000,789.432,3,9869.424,1.75,3
649000,954.024,4,2959.9128,2.75,3
257500,466.34400000000005,3,4293.7176,1.75,3
734000,1252.728,5,13031.724,4.25,3
154500,271.272,3,2884.9320000000002,1,3
400000,655.32,4,3360.7248,1.5,4
450000,859.5360000000001,3,3111.3984,2.5,4
280000,731.52,4,1400.8608000000002,2.5,3
316000,307.848,3,2389.0224000000003,1,4
820000,899.1600000000001,3,10700.9184,2.5,3
1059000,1359.4080000000001,4,4959.4008,3.5,3
520000,833.3232,4,64069.264800000004,3.5,5
350000,402.336,3,3200.4,1.75,3
332100,810.768,5,2126.8944,3.5,3
570000,984.504,4,2190.5976,2.5,3
543500,387.096,3,850.392,2.25,3
240000,219.45600000000002,2,1933.9560000000001,1,3
368500,765.048,2,5834.1768,1.75,3
640000,960.12,4,2249.1192,2.75,4
1537000,1362.4560000000001,5,2465.2224,3.75,3
500000,371.856,3,2246.376,1.75,4
680000,862.5840000000001,4,2560.0152000000003,2.5,3
275000,597.408,4,9290.304,2,4
951250,826.008,5,2507.5896000000002,3,3
810000,655.32,4,1093.6224,1,4
561750,621.792,5,2741.9808000000003,1.75,4
190000,417.576,2,1047.9024,2.5,3
467000,762,5,4114.8,2.25,3
350000,649.224,3,2286,1.75,4
405000,292.608,3,1207.008,1,3
470000,390.144,3,383.1336,3.5,3
897000,859.5360000000001,4,1865.3760000000002,2.5,3
590000,673.6080000000001,3,1750.1616000000001,2.25,3
215000,377.952,3,2866.6440000000002,1.5,4
310000,359.66400000000004,3,2582.8752,1,3
775000,847.344,3,1666.3416,2.5,3
422500,475.488,3,2208.2760000000003,1.75,3
899000,1133.856,4,9341.815200000001,2.5,3
475000,420.624,3,494.0808,2.25,3
942500,1088.136,4,4391.5584,3.25,3
825000,1146.048,3,1603.248,2.5,3
749500,743.712,4,2964.7896,2.5,3
759000,597.408,3,1947.672,2.75,5
315000,594.36,4,982.98,2.5,3
2950000,1362.4560000000001,4,1793.4432000000002,4.25,3
400000,411.48,3,2199.4368,2,3
569950,765.048,5,8590.788,2.75,4
285000,475.488,3,2899.8672,1.75,4
235000,381,3,2314.0416,1,5
375000,542.544,3,1595.9328,1,5
699950,765.048,3,1251.5088,2.5,3
637000,868.6800000000001,4,2289.0480000000002,2.75,3
245000,554.736,3,2068.068,2.5,3
216500,216.40800000000002,2,2121.408,1,4
335000,728.472,3,9268.6632,1.75,3
195000,390.144,2,2396.0328,1,4
790000,804.672,3,131684.5728,2.5,3
442500,826.008,3,14453.3112,1.5,3
362000,341.37600000000003,3,2965.704,1.75,3
510000,472.44,5,2971.8,1.5,4
575000,621.792,4,1678.8384,2.5,4
187000,310.896,2,3153.4608000000003,1.75,4
250000,438.91200000000003,4,2256.7392,1,3
205000,344.42400000000004,3,2137.8672,1,3
356000,347.47200000000004,3,2286,1.5,3
860000,664.464,3,4308.348,1.75,5
210000,457.20000000000005,4,1643.7864000000002,2.25,3
540000,1027.1760000000002,5,1478.28,2.5,3
292000,886.9680000000001,4,2350.6176,2.75,3
375000,646.176,3,5638.8,2.25,4
450000,615.696,3,2468.88,1,3
283000,554.736,3,4592.7264000000005,2,3
405000,719.3280000000001,4,2351.8368,2.75,3
700000,527.304,4,1981.2,1.75,3
800000,1670.304,6,57622.44,4.25,4
335000,298.704,3,3018.4344,1,4
230000,323.088,3,3117.4944,1,3
350000,252.984,2,328.2696,1.5,3
247000,499.872,3,2325.6240000000003,2.25,4
290000,316.992,3,3047.0856000000003,1.5,4
750000,615.696,5,2560.32,2.25,4
875000,554.736,3,2087.2704,2.5,4
438000,606.552,5,2084.832,2.5,4
1600000,1237.488,4,2891.3328,3.5,3
685000,1011.936,4,11595.5064,2.5,3
852500,1167.384,5,2478.3288000000002,3.75,3
379950,265.176,2,2286,1,3
290000,289.56,2,1722.1200000000001,1,5
290000,365.76,2,2667,1,3
380000,213.36,2,1474.0128,1,4
290000,518.1600000000001,2,5486.400000000001,1.75,3
365000,752.856,3,2346.96,2.5,4
630000,920.4960000000001,5,1463.04,1,3
1035290,862.5840000000001,4,1808.0736000000002,2.5,3
2890000,1761.7440000000001,4,2186.3304000000003,4,3
567000,630.936,3,3324.7584,2.5,3
1045000,850.392,4,1097.28,3,3
422800,554.736,3,2560.32,1.75,3
455000,603.504,3,2227.7832000000003,2.5,3
1035000,966.216,4,14478.609600000002,2.5,3
207000,325.5264,2,352.95840000000004,1.5,3
340000,478.536,3,4569.5616,2,3
579000,701.0400000000001,3,5650.992,2.5,3
515000,1161.288,5,4851.196800000001,2.5,5
625000,835.152,4,2925.7752,2.5,3
720000,975.36,4,2349.3984,4,3
345000,713.2320000000001,3,2564.5872,2.5,3
225000,310.896,3,621.792,2.5,3
805000,682.7520000000001,5,5567.1720000000005,3,4
360000,441.96000000000004,4,2724.9120000000003,2,3
209000,280.416,3,1584.96,1,4
715000,892.1496000000001,4,3709.7208,2.5,3
316000,262.128,2,914.4000000000001,2,3
1191000,826.008,5,4568.6472,2.5,3
275000,441.96000000000004,3,1231.392,2.25,3
880000,1082.04,4,2626.7664,2.5,3
425000,643.128,5,1560.576,2.75,3
411500,338.32800000000003,3,2196.9984,1,3
285000,579.12,4,2192.7312,3,4
290000,472.44,3,5778.3984,2,3
250000,259.08000000000004,2,1941.576,1,3
998000,1146.048,5,3111.0936,3.5,3
350000,329.184,3,2133.6,1,4
392000,457.20000000000005,3,3649.98,1.5,4
265000,515.1120000000001,3,2900.4768000000004,2,3
250000,451.10400000000004,3,2057.4,1,3
670000,658.368,3,1755.6480000000001,1.75,4
255000,563.88,3,2179.6248,2.25,3
260000,210.312,2,1828.8000000000002,1,3
273000,469.392,3,3214.116,1.75,4
775000,554.736,3,1310.64,3,4
1100000,768.096,5,1415.1864,2.75,4
305000,445.00800000000004,3,2396.3376000000003,1.75,3
449900,536.448,3,2519.4768,1.75,5
550000,438.91200000000003,3,2730.0936,1.75,4
595500,758.952,4,1992.4776000000002,2.5,3
175000,451.10400000000004,3,2564.8920000000003,1,3
355000,649.224,4,2824.8864000000003,2.5,4
299950,271.272,2,1584.96,1,4
352000,883.9200000000001,5,2026.92,2.5,3
395900,573.024,3,2653.5888,1.75,3
608000,505.968,3,700.4304000000001,3.5,3
404500,402.336,2,932.6880000000001,2,4
325000,323.088,2,1844.0400000000002,1,3
200000,579.12,4,2487.168,2,3
716500,713.2320000000001,3,656.844,2.5,3
406000,332.232,3,3441.8016000000002,1,4
640000,512.0640000000001,3,2468.88,1.75,3
336750,524.256,4,2378.3544,2.25,3
560000,713.2320000000001,3,3792.6264,1.75,4
229000,402.336,4,1524,1,3
800000,1039.3680000000002,5,1440.4848000000002,2.5,3
287000,591.312,3,2743.2000000000003,1.75,3
925000,886.9680000000001,4,14737.384800000002,2.5,4
340000,530.352,3,14197.584,1.75,4
450000,490.728,2,1877.568,2,4
925000,789.432,4,4234.8912,2.25,4
375000,435.86400000000003,4,2256.4344,2.75,3
395000,368.808,2,353.87280000000004,1.75,3
529100,393.192,2,1989.7344,1,4
325000,890.0160000000001,3,3222.6504,1.75,4
305000,271.272,2,2194.56,1,3
220000,323.088,2,3176.9304,1,3
600000,1075.944,3,2543.556,3,3
420000,691.8960000000001,4,2773.6800000000003,2.25,3
482500,405.384,3,1978.152,2,4
229000,286.512,3,2560.32,1,3
456200,368.808,2,2357.0184,1.75,3
220650,445.00800000000004,2,3200.4,1.75,3
573300,393.192,2,2011.68,1.75,3
824500,795.528,4,1066.8,2.5,5
696000,509.016,3,2445.4104,2.5,5
310000,649.224,3,2176.272,1.75,3
258000,228.60000000000002,2,2133.6,1,3
1130000,1313.688,5,8536.8384,2.5,3
422000,353.56800000000004,3,2393.8992000000003,1,3
295000,658.368,4,2354.58,2.5,4
475000,707.1360000000001,4,1686.7632,1.5,4
190000,289.56,3,2319.5280000000002,1,3
535000,682.7520000000001,4,2109.216,2.5,5
270950,237.744,2,1905,1,3
1237500,1578.864,4,15220.4928,3.25,4
490000,606.552,3,9509.76,2.75,3
572000,569.976,2,1567.5864000000001,2,3
605000,795.528,6,2783.4336000000003,2,4
1039000,835.152,4,3457.3464000000004,2.25,5
463000,521.208,3,2231.136,1.75,3
1000000,640.08,4,1389.8880000000001,1.5,4
625000,646.176,4,1524,1.5,4
1090000,1322.832,4,43150.536,2.5,3
282000,350.52000000000004,2,1858.6704000000002,1,3
340000,341.37600000000003,5,2749.9056,1,4
370000,987.552,6,1752.6000000000001,2.75,4
931088,1069.848,4,5303.52,2.5,4
295000,603.504,3,2438.4,2.25,4
345000,338.32800000000003,3,1905,1,3
175000,307.848,3,2143.9632,1,3
865000,838.2,4,1684.6296,2,3
207000,454.15200000000004,3,2741.676,1,4
385000,576.072,3,3023.616,1.75,3
330000,438.91200000000003,3,2400.3,1.5,4
500000,393.192,2,406.6032,2.25,3
335000,429.76800000000003,3,13675.1568,2,4
565000,682.7520000000001,4,4470.5016000000005,2.5,4
317000,536.448,3,3477.768,2,5
442500,548.64,3,3108.96,1.75,3
772000,499.872,3,366.9792,2.25,3
625000,801.624,4,14845.588800000001,2.5,3
355000,390.144,3,292.3032,2.25,3
660000,746.76,3,1320.3936,2.5,3
550000,765.048,3,1645.92,2.5,3
556000,1170.432,5,5152.644,2.5,3
760000,1014.984,4,2255.2152,2.5,3
949880,697.9920000000001,4,3257.3976000000002,2.25,3
282000,512.0640000000001,3,4788.7128,2.5,3
355000,731.52,3,2956.8648000000003,2.5,3
950000,762,4,28147.3656,1.75,4
587000,777.24,4,1906.8288,2.5,3
253000,371.856,2,1524,1.75,5
289950,509.016,3,2364.3336,2,3
550000,822.96,4,1554.48,2.5,4
183000,405.384,3,2804.1600000000003,1.75,4
700000,944.88,5,2994.6600000000003,2.75,4
510000,487.68,3,5852.16,1.75,4
718500,886.9680000000001,3,2011.68,2,4
506000,740.664,5,2438.4,3,4
343000,387.096,3,764.7432,2.5,3
330000,487.68,3,8222.589600000001,2.5,3
465000,460.24800000000005,3,1463.04,1.75,3
450000,490.728,3,3413.76,1.75,3
590000,981.456,4,2400.3,2.5,4
530000,481.584,2,1121.664,1.5,3
1140000,1008.888,4,38901.9288,2.25,5
354000,786.384,4,1669.0848,2.5,3
315000,591.312,4,3108.96,2.5,4
325000,649.224,5,1896.4656,2.75,3
382500,316.992,3,2743.2000000000003,1.75,4
640000,469.392,2,294.132,2.25,3
1060000,1392.9360000000001,4,4881.372,2.5,3
309780,683.3616000000001,3,1371.6000000000001,2.5,3
530000,402.336,3,762,1.75,3
1205000,960.12,4,1676.4,3.5,3
205000,359.66400000000004,3,2511.552,1,4
711600,1091.184,4,2839.5168000000003,3,3
550000,438.91200000000003,4,1097.28,1,4
507000,652.272,3,12221.8704,1.75,5
440000,387.096,3,430.68240000000003,1.5,3
469000,819.912,5,3579.876,2.5,3
592000,1018.032,5,1524,3.5,3
565000,652.272,4,2164.6896,1.75,4
580000,975.36,3,5715,2.5,2
445000,640.08,3,2499.6648,2.25,3
675000,524.256,3,405.384,3.25,3
487000,539.496,3,3086.1000000000004,1.75,3
451000,688.8480000000001,5,1983.6384,3,3
280000,694.9440000000001,2,11430,1,3
548000,448.05600000000004,2,1177.7472,1,4
451300,432.81600000000003,3,248.1072,2.5,3
219000,332.232,3,2240.28,2,4
476000,835.152,4,10106.5584,2.5,3
194000,326.136,3,1962.912,1,4
375000,640.08,3,2763.3168,1.75,3
359000,402.336,3,326.4408,3,3
335500,682.7520000000001,5,5818.6320000000005,3,4
375000,362.71200000000005,3,6300.8256,1.5,3
245000,563.88,3,2501.7984,2,4
245500,240.792,2,2286,1,3
700000,944.88,4,11144.097600000001,2.5,3
272000,603.504,3,2014.1184,2.5,3
235000,457.20000000000005,4,1938.528,1,3
640000,749.808,4,3039.7704000000003,2.5,4
595000,609.6,4,1554.48,1.75,4
1200000,826.008,5,853.44,4,3
649000,682.7520000000001,4,3364.992,2,5
716125,643.128,3,2218.6392,2.25,4
756000,658.368,3,2293.62,2.5,3
324950,804.9768,4,2625.8520000000003,2.5,3
250000,597.408,3,2259.7872,2.25,3
350000,627.888,4,4084.32,2,4
370000,649.224,4,1474.6224,3,4
530000,755.904,3,2279.904,2.5,3
414900,384.048,3,2916.936,1.5,3
210000,527.304,3,2197.608,1,3
622500,688.8480000000001,3,1386.8400000000001,2.5,4
257000,527.304,3,2900.4768000000004,2.25,3
199000,371.856,4,3575.304,1,4
883000,734.568,4,1219.2,2.25,5
405000,219.45600000000002,2,1317.6504,1,3
613200,624.84,3,1011.936,2.75,4
324000,326.136,2,1828.8000000000002,1,3
950000,944.88,4,6493.1544,1.75,4
570000,387.096,3,941.832,2,5
585000,518.1600000000001,3,669.6456000000001,3.5,3
816000,359.66400000000004,3,2604.516,1.5,3
579000,981.456,4,2994.6600000000003,2.75,3
475000,649.224,3,2445.1056000000003,2.5,3
1765000,1213.104,4,3123.8952,3.25,3
389950,518.1600000000001,3,1949.5008,2.5,3
360000,420.9288,3,359.66400000000004,2.25,3
532500,493.776,3,1024.1280000000002,1.75,5
417000,362.71200000000005,2,1554.48,1,2
1245000,1405.1280000000002,3,2560.32,3,3
245990,316.992,3,2563.368,1,3
350000,396.24,3,3119.9328,1,4
342000,384.048,3,381.3048,3,3
770000,579.12,3,1930.6032,1.75,3
242000,713.2320000000001,5,2284.1712,2.25,3
432500,591.312,3,3291.84,2.5,3
518000,862.5840000000001,4,4194.048,2.5,3
205000,563.88,4,19915.632,1.75,4
610000,502.92,3,67580.25600000001,1.75,3
218500,426.72,4,7772.400000000001,1.75,4
815000,847.344,3,1524.6096,3.75,3
154000,466.34400000000005,3,3047.0856000000003,3,3
315000,539.496,3,2951.9880000000003,2,3
442500,515.1120000000001,3,953.7192,2.5,3
334950,518.1600000000001,4,12488.5704,1.75,3
825000,935.7360000000001,5,2582.8752,3,3
410000,670.5600000000001,4,2527.4016,2.25,3
680000,1008.888,4,15529.864800000001,2.75,3
219950,286.512,2,2742.2856,1,5
289000,307.848,2,2359.152,1,3
194250,667.5120000000001,3,2692.6032,2.25,3
549900,390.144,3,292.608,2,3
340000,307.848,2,445.31280000000004,1.75,3
280000,606.552,4,2240.28,2.25,4
1197000,1200.912,4,1343.2536,2.5,4
250000,545.592,3,1887.0168,2.5,3
524950,557.784,2,870.5088000000001,2.5,3
600000,301.752,2,1650.7968,2,3
358000,670.5600000000001,4,932.6880000000001,2,3
435000,661.416,5,19915.632,1,4
249950,332.232,3,2346.3504000000003,1.5,5
210000,426.72,3,2926.08,1.5,4
598850,716.2800000000001,4,2208.2760000000003,2.5,3
375000,487.68,3,622.4016,2.5,3
249000,365.76,4,2301.8496,1,3
300000,536.448,3,1652.3208000000002,2.25,3
805000,1021.08,4,7248.4488,3,4
452000,515.1120000000001,3,1219.2,2.5,3
475000,658.368,4,5877.4584,1.75,3
562000,627.888,4,1243.584,1.75,3
430000,557.784,3,6085.332,2.25,3
1705000,1307.592,5,5212.08,3,3
260000,530.352,4,2468.88,1,4
450000,545.592,2,520.9032,3,3
422000,402.336,2,795.2232,1.75,4
915000,786.384,5,2325.6240000000003,2.75,4
265800,445.00800000000004,3,2243.6328000000003,1.75,3
395000,265.176,2,951.2808,1,4
339888,316.992,3,2282.952,1,3
638700,633.984,3,2792.5776,1.75,3
730000,1048.512,4,2484.1200000000003,2.75,3
386100,387.096,3,2060.4480000000003,2,5
268500,393.192,2,533.0952,1.5,3
570000,417.576,3,1005.84,1.75,5
432000,734.568,3,15777.3624,1.75,4
415000,231.64800000000002,2,1219.2,1,3
450000,859.5360000000001,4,4643.0184,2.5,4
189000,445.00800000000004,3,3499.4088,2,2
605000,783.336,3,2891.6376,2.5,3
665000,765.048,4,1809.2928000000002,2.5,3
272000,551.688,4,2240.28,2.75,4
440000,737.616,4,3108.96,2.75,3
313000,749.808,4,3145.536,2.5,3
665000,530.352,3,12580.62,2,3
349000,350.52000000000004,2,2301.8496,1,3
625000,911.3520000000001,5,4597.908,2.5,3
899000,697.9920000000001,4,12480.3408,2.25,4
700000,996.696,4,2941.32,2.5,4
618000,576.072,2,1432.5600000000002,1,4
545000,722.3760000000001,3,2743.2000000000003,2.5,4
250000,865.6320000000001,3,3103.4736000000003,1.5,3
379000,783.336,4,3095.244,2.5,3
800000,627.888,3,975.36,3,3
1400000,920.4960000000001,3,1851.0504,3.25,4
2415000,2401.824,5,7391.400000000001,4.75,3
455000,420.624,3,2029.0536000000002,1.5,3
431000,557.784,3,2691.6888000000004,2.25,3
467000,466.34400000000005,3,1214.3232,2.5,3
390000,582.168,3,1449.324,2.5,3
287450,438.91200000000003,3,762,2.5,3
325000,341.37600000000003,2,1900.7328,1,4
375900,555.9552,3,2170.176,2,3
550000,307.848,3,1865.3760000000002,1,3
1450000,1252.728,3,4791.456,3.5,3
735000,1024.1280000000002,6,25757.4288,2.75,5
1025000,624.84,3,1463.04,1,3
525000,545.592,3,3483.864,2,3
365000,554.736,3,1693.164,1.75,4
1135000,902.2080000000001,4,1309.4208,3.25,3
293000,490.728,2,599.8464,2.25,4
326000,313.944,2,243.2304,1.5,3
747000,521.208,3,1560.576,1.5,4
1065000,697.9920000000001,3,1524.6096,2.75,4
594000,652.272,4,2438.4,1.75,4
290000,399.288,3,1909.5720000000001,2,3
400000,557.784,3,2932.176,1.75,4
450000,545.592,3,392.5824,3.5,3
750000,850.392,3,6413.906400000001,2.5,3
500007,554.736,2,1844.0400000000002,1.75,3
1360000,1255.776,4,3848.4048000000003,3.5,3
585000,560.832,3,2240.28,1.75,3
945800,1024.1280000000002,4,2773.6800000000003,2.75,4
995000,713.2320000000001,4,4086.1488000000004,2.25,4
196000,304.8,3,2581.656,1,4
210000,524.256,3,2875.788,2.25,4
334950,377.952,2,228.60000000000002,2.25,3
133000,298.704,3,2778.252,1,3
545000,435.86400000000003,2,1182.624,2,4
605000,262.128,2,1984.248,1,3
299000,493.776,3,24381.866400000003,2.5,4
540000,643.128,3,2172.9192000000003,1.75,3
905000,1051.56,3,14870.277600000001,2.5,3
910000,844.296,4,2986.4304,2.5,4
340500,551.688,3,3189.1224,1.75,4
620000,743.712,3,3158.6424,2.5,3
1600000,896.1120000000001,4,1748.028,2.25,3
304000,509.016,3,1614.8304,2.5,3
350000,481.584,3,6095.3904,1.75,4
216500,356.61600000000004,3,2743.2000000000003,1,4
219950,326.136,3,2011.9848000000002,1.5,3
160000,310.896,2,4159.6056,1,5
785000,743.712,4,21157.692000000003,2.75,4
349000,557.784,4,1430.7312000000002,2.5,3
750000,658.368,5,708.0504000000001,3.5,3
466000,682.7520000000001,4,1374.0384000000001,2,4
436000,316.992,2,2297.5824000000002,1,4
518000,347.47200000000004,2,350.21520000000004,1.5,3
495000,301.752,3,1828.8000000000002,1,3
405000,505.968,3,2531.9736000000003,2.25,4
500000,609.6,3,6638.544000000001,1,3
753888,810.768,4,1676.4,2.5,3
260000,432.81600000000003,3,4526.280000000001,2.5,4
252500,313.944,3,1867.5096,1,3
875000,768.096,4,1828.8000000000002,2,3
809000,1411.2240000000002,5,1927.5552,4.5,3
369000,298.704,2,272.796,2.5,3
955000,765.048,5,3013.5576,2.25,3
217450,316.992,3,1524,1,3
370000,417.576,4,3034.8936000000003,1.5,3
762000,1027.1760000000002,5,1524,2,4
615000,859.5360000000001,4,4021.2264,2.75,3
620000,755.904,3,2755.6968,2.5,3
345600,853.44,5,1560.576,3.5,3
895000,876.6048000000001,5,4244.9496,3,4
388000,743.712,4,2180.844,2.5,3
410000,502.92,3,2938.5768000000003,2,3
474800,426.72,2,378.8664,3.25,3
580000,591.312,5,1828.8000000000002,2,5
436500,384.048,2,1524,1,3
650880,893.0640000000001,3,1844.0400000000002,2.5,3
465000,554.736,4,6202.3752,2.25,5
375900,777.24,6,10283.952000000001,1.5,4
660000,697.9920000000001,3,852.8304,2.5,4
312000,469.392,3,1627.0224,2.25,5
411715,560.832,3,1554.7848000000001,1.75,5
427500,749.808,4,1551.7368000000001,2.5,3
955000,1725.1680000000001,4,59007.146400000005,4.25,3
435000,996.696,4,15542.9712,2.75,4
599950,1136.904,4,4580.8392,3.5,3
315000,530.352,2,1103.9856,1,4
665000,1295.4,6,1341.1200000000001,3,4
514000,524.256,3,1798.0152,1.75,3
1095000,933.9072000000001,0,1452.0672000000002,0,3
1538000,877.8240000000001,3,2316.1752,2.25,3
198000,435.86400000000003,3,2239.3656,1.5,3
325000,795.528,4,2161.3368,2.5,3
403500,1097.28,5,5273.04,2.5,4
756000,658.368,4,1706.88,2.25,5
280000,448.05600000000004,3,2465.5272,2,3
750000,795.528,3,1689.8112,1.75,3
400000,518.1600000000001,4,6182.258400000001,1.75,3
550000,560.832,3,2464.6128000000003,1.75,4
1215000,1164.336,4,16329.3552,3.75,3
360000,457.20000000000005,3,2194.56,1.75,3
418800,640.08,4,3043.1232,2.25,4
1229000,1149.096,4,11287.9632,3.5,3
608000,819.912,4,1443.5328000000002,2.5,3
710000,1139.952,3,41731.692,3.25,3
435000,771.144,3,4098.3408,2.5,3
625000,606.552,2,1219.2,1.75,5
310000,445.00800000000004,3,3019.9584,1.5,3
741500,655.32,2,1755.6480000000001,2.5,3
500000,402.336,3,2468.88,1.5,4
578000,545.592,3,2919.984,2.25,3
839950,917.4480000000001,4,2194.56,2.75,3
190000,560.832,4,4112.6664,2.5,3
825000,880.8720000000001,5,1557.528,2.5,3
306000,332.232,2,360.57840000000004,1.5,3
271900,576.072,3,3619.5,1.75,3
645000,713.2320000000001,3,2057.4,1.75,5
350000,381,3,4198.62,1.75,3
625504,387.096,3,477.3168,2.25,3
156000,234.696,3,2971.8,1,3
1250000,1377.6960000000001,4,2816.3520000000003,3.75,3
425000,420.624,3,2493.8736000000004,1.75,5
549000,603.504,2,1828.8000000000002,2,5
549995,341.37600000000003,3,2011.68,1,3
340000,332.232,2,2063.8008,1,3
687500,1011.936,5,3200.4,2.75,4
275000,381,3,2332.9392000000003,1,3
330000,445.00800000000004,3,2822.7528,1.75,3
288000,435.86400000000003,0,502.92,1.5,3
452000,792.48,3,4514.088000000001,2.25,4
660000,816.864,3,8608.466400000001,2.5,3
310000,347.47200000000004,3,946.0992,1.5,3
272000,365.76,3,1737.3600000000001,2,5
570000,960.12,3,6153.6072,2.5,3
772000,762,4,2645.664,2.5,4
446000,466.34400000000005,4,2552.7000000000003,2.5,3
400000,359.66400000000004,2,3291.84,1,3
374000,563.88,3,5427.8784000000005,2.5,4
289950,630.936,3,1527.9624000000001,2.5,3
805000,871.7280000000001,3,3429,2.25,5
443600,435.86400000000003,3,321.8688,2.5,3
349950,609.6,4,1525.8288,2.5,3
861000,768.096,3,1206.7032000000002,2,5
769000,1106.424,4,4695.444,2.75,4
738000,850.392,5,5166.9696,3.5,3
565000,822.96,5,3558.54,3.5,4
251700,551.688,3,3596.6400000000003,2.25,3
350000,307.848,3,2606.3448000000003,1,5
559900,670.5600000000001,5,1944.624,3,3
720000,1039.3680000000002,3,7845.8568000000005,3.25,4
199000,320.04,3,3008.6808,1.75,5
549995,810.768,4,1734.3120000000001,3.5,3
423000,810.768,4,1688.2872,2.5,3
396000,713.2320000000001,3,1727.6064000000001,1.75,4
868500,758.952,5,2937.9672,2.5,4
169900,277.368,3,1767.8400000000001,1,4
674000,856.488,4,3523.4880000000003,2.5,5
291000,566.928,3,4248.6072,2.25,4
580000,621.792,3,24695.200800000002,1.75,3
770000,1008.888,3,1524,3.25,3
329780,527.304,3,1097.28,2.5,3
167500,231.64800000000002,3,941.832,1,2
531155,856.488,4,1538.0208,2.75,3
315000,621.792,4,1920.24,2.5,3
754842,893.0640000000001,3,1719.3768,2.5,3
705000,502.92,2,2084.832,2,5
1750000,1764.7920000000001,5,3882.8472,3.25,3
655000,947.928,4,7457.236800000001,2.5,3
222500,301.752,3,3086.1000000000004,1,3
300000,582.168,4,2456.0784000000003,2.5,3
530000,573.024,3,30669.8904,2.25,3
260000,228.60000000000002,2,2048.2560000000003,1,3
200000,237.744,2,16996.8672,0.75,4
788000,886.9680000000001,5,2881.5792,2.25,3
250000,499.872,3,1347.2160000000001,2.25,4
680000,652.272,5,1524,2,4
219900,262.128,3,2031.1872,1,3
495000,749.808,4,1481.9376,2.5,3
398500,542.544,2,399.5928,2.5,3
299500,573.024,3,3566.1600000000003,1.75,4
1275000,1075.944,4,2476.8048000000003,3.5,3
355000,783.336,4,1970.8368,2.5,3
437500,646.176,3,1371.6000000000001,2.5,3
982000,850.392,4,3136.0872,2.5,3
554950,530.352,4,1467.9168,1.75,5
460000,633.984,4,5343.7536,2.5,3
320000,377.952,3,372.1608,1.5,3
320000,408.432,3,1577.3400000000001,1,3
515000,880.8720000000001,4,2226.8688,2.5,3
465000,701.0400000000001,4,2229.3072,2.5,4
255000,374.904,3,3099.8160000000003,1,3
442500,560.832,4,2308.86,2.25,4
395000,685.8000000000001,4,2084.832,2.5,3
1610000,1301.496,4,7865.9736,2.75,3
495000,563.88,2,771.144,1.75,4
268000,417.576,3,3063.2400000000002,1.75,4
535000,417.576,2,1166.4696000000001,2,3
527500,691.8960000000001,4,2584.704,2.25,5
430000,658.368,3,1989.4296000000002,2.25,4
508500,768.096,4,3810,2.75,3
363000,341.37600000000003,2,1463.04,1,3
399990,515.1120000000001,5,1219.2,2.75,5
438900,835.152,4,1737.3600000000001,2.5,3
733500,646.176,3,1331.976,1.5,3
215000,402.9456,3,1830.6288000000002,2.5,3
1393000,1292.352,3,6576.9744,3.5,3
625000,917.4480000000001,4,2089.0992,2.75,3
475000,542.544,3,2448.4584,1.75,2
1600000,926.5920000000001,3,6416.649600000001,2.75,4
560000,420.624,4,1233.8304,2,4
234950,441.96000000000004,4,2304.288,2,3
390000,795.528,4,2202.7896,2.5,3
685000,688.8480000000001,4,3291.84,2,3
685530,954.024,4,18430.3416,2.5,3
344000,350.52000000000004,3,3780.1296,1,4
300000,551.688,3,2509.1136,1.5,3
255000,594.36,2,2499.36,1.75,3
355000,569.976,4,1065.8856,2,3
329950,414.528,3,4059.936,1.75,4
850000,896.1120000000001,3,3294.5832,2.5,3
602000,609.6,4,2248.2048,2.5,3
240000,402.336,2,7412.4312,1,3
588000,932.6880000000001,4,2350.0080000000003,2.5,3
361500,603.504,4,2235.4032,2.5,3
362500,521.208,3,674.2176000000001,3.5,3
715000,566.928,4,1170.432,2.5,3
620000,606.552,3,1906.8288,2.25,3
530000,697.9920000000001,4,1556.0040000000001,3,3
575000,527.304,3,2752.344,2,4
316475,530.352,4,1414.8816000000002,2.5,3
245000,585.216,3,2836.4688,1.75,3
535000,694.9440000000001,3,697.6872000000001,2.5,3
359000,414.528,3,269.748,1.5,3
295000,697.9920000000001,4,1383.4872,2.5,3
752000,896.1120000000001,4,3164.4336000000003,2.5,4
830000,847.344,5,3106.5216,2.25,4
732600,649.224,4,2225.04,2.5,4
700000,844.296,4,1733.0928000000001,2.5,3
267000,332.232,3,2487.168,1.5,3
397000,356.61600000000004,5,2059.5336,1,4
375000,771.144,3,10713.720000000001,1.75,4
1695000,1149.096,4,3322.32,2.75,5
599950,762,4,938.784,3.5,3
718500,865.6320000000001,4,2682.2400000000002,2.75,3
310000,475.488,2,1499.616,1,4
250000,618.744,3,4389.12,1.5,4
497000,234.696,2,1013.46,1,3
440000,573.024,3,2435.0472,2.25,3
595000,886.9680000000001,4,2221.0776,2.5,3
749950,548.64,3,1737.3600000000001,1.75,4
382000,771.144,4,914.4000000000001,3.5,3
951000,990.6,5,4371.4416,3.25,4
382000,441.96000000000004,3,1422.5016,2.25,3
625000,682.7520000000001,3,1097.28,2.75,3
255000,286.512,2,2843.784,1,3
720000,621.792,3,1219.2,1.75,5
330000,545.592,4,3023.616,2.25,4
3200000,2164.08,6,5547.360000000001,5,3
302000,469.392,5,2934.9192000000003,2,4
275000,374.904,3,52178.712,1,3
255000,280.416,2,13277.088000000002,1,4
230000,429.76800000000003,3,3238.5,2,3
340000,652.272,3,4041.648,1.75,3
436000,377.952,2,2468.88,1,3
290000,484.632,3,4114.8,1.75,4
292500,228.60000000000002,2,1531.9248,1,4
569900,719.3280000000001,5,1180.4904000000001,3.25,3
475000,737.616,3,11235.5376,2.5,4
640000,981.456,5,1450.5432,2.5,3
700000,786.384,4,4581.4488,2.5,3
707000,890.0160000000001,4,5188.6104000000005,2.25,4
283450,844.296,5,1864.1568000000002,2.75,3
229000,246.888,2,1554.48,1,3
590000,1024.1280000000002,3,66518.028,2.5,3
685000,844.296,6,1784.2992000000002,2.25,3
179950,365.76,2,2743.2000000000003,1,3
465000,859.5360000000001,4,12013.082400000001,2.5,4
271000,521.208,4,2194.56,1.75,5
312500,356.61600000000004,3,2240.28,1,4
1950000,2261.616,4,51166.4712,3.25,3
780000,795.528,3,2306.4216,2.5,3
279900,414.528,2,3048,1.75,3
535000,478.536,4,990.6,1.75,5
489950,484.632,3,282.2448,2.25,3
1325000,969.264,3,840.6384,3,3
1110000,941.832,4,2011.68,2.75,3
249000,463.29600000000005,3,2286,1.75,3
750000,338.32800000000003,2,1097.28,1.5,5
275000,280.416,2,2343.3024,1,3
450000,670.5600000000001,4,1361.2368000000001,3,3
664000,765.048,4,3621.0240000000003,2.75,5
406000,338.32800000000003,2,333.75600000000003,2,3
206000,295.656,3,2852.9280000000003,1,4
550000,414.528,3,1783.0800000000002,1.75,4
207000,301.752,3,3291.84,1,4
245000,310.896,2,2340.5592,1,5
705000,438.91200000000003,3,797.9664,1,4
1052000,877.8240000000001,3,1856.8416000000002,2.25,4
990000,749.808,3,1274.6736,3.25,5
280000,487.68,4,2412.7968,2.25,3
725126,975.36,4,3770.0712000000003,2.5,3
1482500,1002.792,3,1524,2.25,3
640000,780.288,4,2376.8304000000003,2,4
430000,777.24,3,3401.568,2.75,3
433000,557.784,4,2926.08,1.75,4
253400,426.72,3,2633.472,2,5
249950,393.192,4,1524,1,3
1225000,835.152,4,4878.9336,2.5,3
350000,445.00800000000004,3,485.2416,3.25,3
230000,582.168,5,2194.56,2,4
597326,1088.136,4,2514.6,4,3
415000,463.29600000000005,3,2752.344,1,3
749000,859.5360000000001,3,1630.0704,2.75,3
455000,755.904,4,2815.7424,3,5
2230000,1103.376,3,8553.9072,3,5
699950,1027.1760000000002,3,11039.2464,2.5,4
524000,441.96000000000004,2,692.5056000000001,2,4
435000,541.9344,3,45056.4504,2.5,3
325000,335.28000000000003,2,5430.6216,1,3
258000,527.304,3,2112.264,2.5,3
375000,243.84,1,162644.328,1,5
264250,432.81600000000003,3,2261.616,1,3
650000,819.912,3,3528.0600000000004,2.5,3
465000,475.488,3,2593.5432,2,3
195000,460.24800000000005,3,1325.88,1,5
655000,670.5600000000001,4,2792.8824,2.25,4
1680000,1575.816,5,2193.6456000000003,3.5,3
470000,530.352,4,11350.1424,1,4
242050,661.416,3,3017.52,2.5,3
315000,573.024,4,2792.8824,2.25,3
307000,545.592,3,2212.5432,2,3
560000,740.664,3,1563.0144,2.5,3
480000,353.56800000000004,3,2682.2400000000002,1,4
2630000,1688.592,6,2194.56,4.75,4
765000,886.9680000000001,4,4576.8768,2.5,3
420000,829.056,3,2627.9856,2.5,3
887500,1289.304,3,16756.9896,3,3
500000,463.29600000000005,3,457.20000000000005,3.25,3
325000,396.24,3,2706.3192,1,3
412950,740.664,4,2071.4208000000003,2.5,3
246000,423.672,3,2255.2152,1.75,4
1695000,1011.936,5,1631.8992,3,3
885000,832.104,4,1085.088,2.75,3
445000,496.824,3,2652.3696,2,3
526000,512.0640000000001,3,1042.416,1.75,3
499950,554.736,3,457.50480000000005,3.5,3
435000,457.20000000000005,3,2491.1304,1.75,3
440000,734.568,4,1456.944,2.5,3
435000,655.32,4,957.9864,2.5,3
504600,719.3280000000001,5,1524,3,3
498000,493.776,3,804.672,2.5,4
254000,353.56800000000004,3,2304.288,1,4
769995,917.4480000000001,5,1645.3104,2.75,3
799000,1036.3200000000002,4,2054.9616,2.5,3
1017000,792.48,4,12509.2968,1.75,4
395000,576.072,3,4279.392,2,3
400000,527.304,3,2807.5128,1.75,3
550000,646.176,4,2792.8824,2.5,4
539000,545.592,3,3005.328,1.75,4
350000,307.848,4,1828.8000000000002,1,3
482975,649.224,3,2682.5448,2.25,3
206600,423.672,3,4103.827200000001,2,4
340000,432.81600000000003,3,1847.0880000000002,2,5
690000,719.3280000000001,3,1874.2152,2,3
405000,463.29600000000005,3,2210.4096,1.75,3
1315000,871.7280000000001,4,3137.0016,3,4
179500,359.66400000000004,3,9818.8272,1,3
206000,280.416,3,2560.32,1,3
760000,740.664,4,1858.9752,2.5,5
349950,573.024,5,1273.7592,2,3
800500,542.544,4,3392.424,2.5,5
551870,764.1336,3,5608.320000000001,2.5,3
730000,749.808,4,2417.0640000000003,2.5,3
334950,493.776,3,893.0640000000001,2.5,3
805000,329.184,3,975.36,1.75,4
446250,725.4240000000001,3,65323.21200000001,2.5,3
254000,387.096,3,5120.64,1,4
267800,213.36,2,1828.8000000000002,1,4
456500,786.384,4,3590.5440000000003,2.5,3
1355000,1816.6080000000002,5,4176.6744,3.5,3
539500,938.784,3,3802.6848,2.5,3
739000,853.44,4,75015.5472,2.5,3
402000,377.952,3,507.7968,3.5,3
92000,231.64800000000002,2,1676.4,1,3
332000,466.34400000000005,3,2866.9488,2.5,3
355000,576.072,4,2397.8616,2.5,3
695000,633.984,3,1733.3976,1.75,4
199000,423.672,3,3701.7960000000003,1,4
172000,295.656,3,1432.5600000000002,1,4
925000,1005.84,4,31068.264000000003,2.5,4
397000,545.592,4,2008.632,2.5,3
481000,393.192,2,346.55760000000004,2.25,3
630000,707.1360000000001,3,9988.9056,2.5,3
639000,606.552,4,2448.7632000000003,2.5,4
594866,847.344,3,1828.8000000000002,3,3
896000,810.768,4,1072.896,1.75,4
279000,390.144,3,5101.7424,1.5,4
299500,637.032,3,2183.2824,2.5,3
552000,390.144,3,585.216,2.5,3
239950,475.488,3,2523.744,2.25,4
1078500,1139.952,4,12636.3984,3.5,3
785000,996.696,4,2919.3744,2.5,3
526000,466.34400000000005,3,1866.9,1.75,3
179950,335.28000000000003,2,2232.0504,1,3
258000,826.008,4,2194.2552,3,4
265000,621.792,4,1354.2264,2.5,3
368000,829.056,4,2240.28,2.5,3
355950,597.408,4,2602.992,2.5,3
642860,768.096,4,1950.1104,2.75,3
390000,307.848,3,4322.9784,2,3
1955000,1014.984,3,3830.1168000000002,1.75,4
415000,597.408,4,3218.3832,2,4
323800,627.888,3,2334.1584000000003,2.5,3
465000,600.456,3,3379.6224,2.25,4
413000,429.76800000000003,4,1828.8000000000002,1,3
855000,667.5120000000001,4,1243.584,2.25,3
282000,612.648,3,1645.6152000000002,2.5,3
272000,644.652,4,1900.1232,2.25,3
200000,393.192,3,1754.7336,2,3
745000,1036.3200000000002,4,1475.232,2.5,3
435000,771.144,3,4907.8896,2.5,3
192000,408.432,2,2249.424,1.75,3
178500,274.32,3,3203.7528,1,4
655000,1066.8,4,3446.0688,2.5,3
295000,301.1424,2,329.184,1.5,3
283200,557.784,4,3822.192,1.75,4
165000,420.624,3,2235.4032,1,3
301350,566.928,3,2267.712,3,5
510000,682.7520000000001,3,1158.24,1.5,3
295000,356.61600000000004,2,3237.2808,1,3
1300000,1189.3296,6,1182.624,4.5,4
476000,880.8720000000001,4,2098.5480000000002,3,3
1038000,438.91200000000003,4,4052.6208,1.75,4
485000,548.64,3,3363.1632,2.5,4
411000,454.15200000000004,3,3000.4512,1.75,4
672600,463.29600000000005,3,1752.6000000000001,2.25,3
640000,905.2560000000001,4,10662.2088,2.5,3
400000,630.936,5,3196.7424,2.25,4
188000,167.64000000000001,1,4981.956,1,3
550000,755.904,4,4505.5536,1.75,3
330000,493.776,3,2179.32,2.25,4
613000,743.712,3,857.0976,3.25,3
339950,697.9920000000001,0,2535.6312000000003,2.5,3
344500,576.072,3,2906.268,1.75,3
265000,609.6,6,2331.7200000000003,2.5,4
320000,381,3,2632.2528,2,5
370000,326.136,3,371.5512,2.5,3
375000,569.976,4,3810,1.75,5
374500,292.608,3,2905.0488,1,5
895000,838.2,3,3048,2.5,3
160000,283.464,2,2359.7616000000003,1,3
240000,445.00800000000004,3,2293.9248000000002,2,3
717500,771.144,3,3027.2736,2.5,3
340000,408.432,3,59746.896,1.75,4
262000,518.1600000000001,3,2919.6792,1.5,4
265000,249.936,2,2567.3304000000003,1,3
1280000,1036.3200000000002,5,2895.6000000000004,2.5,4
545000,518.1600000000001,4,716.2800000000001,2,3
447000,371.856,3,2194.56,1,4
205000,441.96000000000004,4,2491.7400000000002,2,4
156000,143.256,1,4572,0.75,3
245000,405.384,3,2171.7000000000003,1.5,3
650000,579.12,4,3186.3792000000003,1.75,4
718000,893.0640000000001,4,1343.5584000000001,2.75,5
470000,758.952,6,2661.5136,1.75,4
735000,573.024,3,33192.72,1.75,3
445000,1182.624,5,2188.464,3,3
910000,618.744,3,353.56800000000004,2.5,3
670000,643.128,4,2222.2968,2.5,4
525000,646.176,4,2354.58,1.75,3
674000,643.128,5,1524,1.75,4
535000,865.6320000000001,4,1219.2,3.25,3
492000,289.56,2,1828.8000000000002,1,3
230000,381,3,2682.2400000000002,1,3
386900,405.384,3,3200.4,1,3
204900,423.672,3,2513.076,2,2
560000,646.176,4,1905,1.75,5
784500,1773.9360000000001,4,4238.5488000000005,5,3
940000,996.696,4,2813.6088,2.75,3
858450,1170.432,3,2972.1048,4.25,3
559000,505.968,2,1371.6000000000001,2,3
232000,256.03200000000004,3,1993.392,1,3
170000,240.792,3,2057.4,1,2
578888,323.088,2,1219.2,2,2
415000,448.05600000000004,2,1828.8000000000002,1,3
365000,808.6344,3,1374.6480000000001,2.5,3
645000,758.952,3,1822.0944000000002,2.5,3
333000,819.912,4,1677.924,2.5,3
210000,353.56800000000004,3,3086.1000000000004,1.5,4
937500,402.336,3,2590.8,1,4
810000,899.1600000000001,5,20566.38,3.25,3
150000,381,2,1587.3984,1,3
660000,509.016,2,2497.8360000000002,1,3
355000,445.00800000000004,3,2195.4744,1.75,3
256500,597.408,5,2240.28,2.5,4
2600000,1039.3680000000002,3,4881.372,3,4
244000,414.528,3,2933.7000000000003,1.5,3
546500,429.76800000000003,3,815.34,2.5,3
410000,612.648,4,2887.6752,2,3
970000,393.192,2,1638.6048,1,3
845000,728.472,4,1545.6408000000001,2.5,3
965000,1042.416,4,2918.46,2.5,3
332000,603.504,4,2001.3168,2.5,3
603000,722.3760000000001,4,3447.288,2.25,3
425000,731.52,4,1844.9544,2.5,3
715000,920.4960000000001,4,2144.268,2.5,3
553000,405.384,3,1554.48,1,3
730000,502.92,3,1524,1.75,4
550000,512.0640000000001,3,3186.684,2.5,3
840000,719.3280000000001,4,2926.08,2.5,3
2450000,1295.4,4,1997.0496,4.25,4
905000,682.7520000000001,4,1524,2.25,3
402000,402.336,3,958.596,1.5,3
560000,423.672,3,430.07280000000003,2.5,3
333500,679.7040000000001,3,2779.7760000000003,1.5,3
440000,429.76800000000003,3,2720.34,1,3
705000,688.8480000000001,3,1219.2,2.75,4
490000,710.1840000000001,3,1097.28,2.25,3
595000,396.24,3,3511.2960000000003,1,3
853800,902.2080000000001,7,812.292,4,3
535000,728.472,3,1908.9624000000001,2.5,3
432000,426.72,3,1944.624,2,4
398750,679.7040000000001,3,1219.2,2.5,3
379500,499.872,2,5283.7080000000005,1,3
568000,536.448,3,71696.2752,1.75,3
599999,1167.384,9,2129.9424,4.5,3
910000,822.96,3,1865.3760000000002,2,4
620000,521.208,3,1234.44,1,3
470000,704.0880000000001,4,4274.2104,2.5,3
765000,1091.184,5,4351.02,3.75,3
425000,813.816,3,4028.8464000000004,2.5,4
404000,1237.488,4,10857.2808,3,3
312000,382.524,3,418.7952,1.5,3
1000000,832.104,3,1777.5936000000002,2.5,3
430000,301.752,2,1463.6496,1,3
847000,777.24,5,1409.0904,1,4
532000,554.736,3,1496.568,2.5,3
453500,701.0400000000001,5,7115.5560000000005,2.5,5
685000,960.12,3,67049.2944,2.75,4
330000,926.5920000000001,3,2204.3136,2.5,3
640000,420.624,3,1463.04,2,3
810000,813.816,3,3194.6088,2.5,3
375000,286.512,2,2998.9272,1,3
475000,518.1600000000001,3,2570.0736,1.75,3
805000,1191.768,3,5798.2104,3,3
799000,789.432,4,2410.9680000000003,2.5,3
291000,566.928,3,18580.608,1.5,4
441000,582.168,3,2218.944,2.75,3
2110000,984.504,3,5435.4984,2.25,4
1700000,856.488,3,5709.2088,2.75,4
199950,530.352,5,2667,2.5,4
235000,441.96000000000004,4,2709.9768,1.75,3
420000,652.272,3,1164.6408000000001,2.5,3
200000,350.52000000000004,3,1463.04,1,4
435000,323.088,2,925.3728000000001,1,4
349000,307.848,3,2494.4832,1,4
620000,749.808,3,12601.3464,2,4
253500,499.872,3,3774.6432,1,4
725000,947.928,6,1524,3,5
575000,816.864,3,2628.9,1.75,5
625000,554.736,3,500.1768,3,3
1250000,890.0160000000001,4,1676.4,2.5,3
290000,256.03200000000004,2,1171.6512,1,4
429950,536.448,4,2199.4368,1,3
194900,246.888,2,2041.2456000000002,1,4
1727000,1057.656,4,2438.4,2.25,3
650000,771.144,4,1981.2,2.5,3
355000,487.68,3,1524.3048000000001,1,5
850000,1499.616,6,6275.832,3.25,4
856500,1002.792,4,2483.2056000000002,2.5,3
515000,640.08,3,734.2632,3,3
590000,697.9920000000001,4,3374.7456,2.5,3
226000,365.76,4,3319.2720000000004,1.5,5
1800000,1011.936,4,2537.46,2.5,5
750000,679.7040000000001,5,2609.088,3,3
1015000,890.0160000000001,3,1715.7192,2.5,5
419900,838.2,4,1757.7816,2.5,3
286000,539.496,3,2743.2000000000003,1.75,3
325000,329.184,2,1524,1,3
520000,429.76800000000003,3,822.96,2,4
348000,627.888,3,2273.1984,2.5,3
350000,417.576,3,2487.7776000000003,1,3
410000,438.91200000000003,3,2167.7376,1.75,3
1035000,886.9680000000001,4,2783.1288,2.5,3
459900,713.2320000000001,3,15799.6128,1.75,3
366000,411.48,3,3108.96,2,3
515000,1045.464,3,14933.066400000002,2.5,3
778983,758.952,4,1721.2056,2.5,3
420000,627.888,3,2139.696,2.5,4
225000,505.968,3,2200.9608000000003,1.5,3
539950,475.488,3,975.36,2,3
445000,472.44,3,283.464,2.5,3
980000,1152.144,4,3341.2176,2.5,3
625000,454.15200000000004,2,1752.6000000000001,1.5,4
237000,609.6,3,3720.9984000000004,1.75,3
450000,381,2,880.8720000000001,1.75,4
425000,478.536,3,2278.38,2.25,4
370000,646.176,3,2331.7200000000003,2.75,4
535000,420.624,3,1085.3928,1.75,4
1000000,1011.936,4,2617.3176000000003,3.25,3
222000,414.528,2,1005.84,2,3
998000,1149.096,4,299617.7904,3.25,3
489950,731.52,3,2279.2944,2.5,3
315000,423.672,3,2539.8984,1,3
380000,545.592,4,3104.6928000000003,1.75,4
485000,460.24800000000005,2,1207.3128000000002,2,3
408000,420.624,3,2138.172,1,4
109500,243.84,2,3238.5,1,3
595000,585.216,4,982.98,2.25,5
650000,804.672,4,1901.952,2.75,3
556000,548.64,3,1220.7240000000002,1,4
340000,725.4240000000001,4,6180.4296,3,3
387990,804.672,4,1705.356,2.5,3
282900,521.208,4,1066.8,2.5,3
320600,371.856,3,2322.576,2,3
626500,490.728,3,978.408,1.75,5
240000,551.688,0,1727.9112,2.5,3
505000,844.296,2,3291.84,3,5
495000,633.984,3,914.4000000000001,1.75,4
750000,972.312,4,2750.2104,2.75,3
158550,521.208,5,2468.88,1.5,4
1511250,1222.248,3,3689.6040000000003,2.5,5
560000,850.392,3,2103.12,1.5,3
760250,774.192,5,2514.6,2.75,4
685000,963.168,5,1717.548,2.5,3
470000,362.71200000000005,2,1584.96,1,5
298900,564.4896,3,1219.2,2.5,3
765000,810.768,4,1371.6000000000001,2.75,5
915000,475.488,3,2509.1136,1,3
522500,640.08,4,1975.104,1.75,5
1100000,1094.232,4,1714.5,2.75,3
371000,655.32,3,2548.4328,2.5,3
398000,576.072,3,4877.1048,1.75,4
234000,521.208,4,2272.284,2,3
355000,368.808,3,2026.92,1,3
481500,560.832,3,3200.4,2.25,3
450000,694.9440000000001,3,1388.9736,2.5,3
478000,249.936,2,1828.8000000000002,1,3
450000,826.008,5,1895.856,2.75,3
420000,323.088,3,2328.0624000000003,1,5
324360,609.6,3,2947.1112000000003,2.5,4
640000,368.808,3,1133.856,1,4
490000,384.048,3,2937.6624,1,4
427800,408.432,3,4035.8568,1.75,3
545000,807.72,4,2047.3416000000002,2.75,3
299000,426.72,2,384.6576,2.5,3
570000,664.464,3,2818.1808,2.25,3
419000,219.45600000000002,2,1399.6416000000002,1,4
445500,573.024,3,2852.9280000000003,1.75,4
299900,640.08,3,2488.0824000000002,2.25,3
192000,377.952,3,3158.0328,1.75,3
209000,405.384,3,2103.12,1,3
528000,896.1120000000001,5,11585.1432,2.25,3
237000,393.192,3,2423.7696,2,3
550000,935.7360000000001,3,4389.12,2.5,5
490000,615.696,4,26155.8024,2.25,3
525000,393.192,3,360.27360000000004,2.25,3
325000,807.72,6,3922.7760000000003,3,4
257000,426.72,4,2590.8,1.5,3
425000,594.36,4,1524,2.5,3
850000,822.96,2,3003.4992,2.75,3
905000,1072.896,3,72360.1296,2.5,3
625000,585.216,3,2563.9776,2.25,3
998500,652.272,3,1463.04,1.75,3
440000,316.992,3,314.5536,2.5,3
555000,746.76,5,1538.3256000000001,2.5,3
215000,649.224,4,1370.3808000000001,2.5,3
262000,630.936,4,2647.188,2.5,3
289000,597.7128,4,977.4936,2.5,3
305000,762,5,3724.6560000000004,2.5,3
657044,1042.416,3,7249.9728000000005,3.5,3
380000,438.91200000000003,3,980.8464,2,3
340000,682.7520000000001,3,1828.8000000000002,2.5,3
325000,326.136,2,1548.384,1,5
495000,478.536,3,1679.448,1,4
265000,188.976,2,1450.8480000000002,1,3
132825,368.808,3,1584.96,1.5,5
858000,1103.376,5,3894.7344000000003,3,5
255000,408.432,3,2197.608,1.75,4
615000,341.37600000000003,3,3810,1,4
1680000,1246.632,3,5173.0656,2.5,3
1563100,1106.424,5,2468.88,3.5,3
177000,265.176,3,1584.96,1,5
280000,390.144,3,2326.5384,2,3
695000,1069.848,4,2768.8032000000003,3.5,3
557000,521.208,3,638.8608,3.5,3
565000,344.42400000000004,3,1557.8328000000001,1.75,4
400000,356.61600000000004,2,551.9928,2.5,3
1195000,935.7360000000001,3,2939.7960000000003,2.25,3
1065000,1027.1760000000002,3,2515.2096,4,3
420000,323.088,3,1828.8000000000002,1,3
240000,335.28000000000003,3,2247.2904000000003,1.75,4
597000,722.3760000000001,4,12599.822400000001,2.5,3
397900,762,3,10742.676000000001,2.75,3
269900,347.47200000000004,3,6786.9816,1.75,3
290500,512.0640000000001,4,914.4000000000001,2.5,3
495500,612.648,3,17658.2832,2.5,3
721000,819.912,4,1645.92,2.75,3
395000,240.792,1,914.4000000000001,1,3
400200,688.8480000000001,4,9220.2,3.5,3
200000,350.52000000000004,3,3088.2336,1,4
3345000,1630.68,5,4681.728,3.75,3
390000,545.592,3,2171.0904,1.75,3
564000,597.408,4,1870.8624000000002,1.75,4
400000,582.168,3,1343.5584000000001,2.5,3
797500,996.696,4,2506.3704000000002,2.5,3
2320000,1539.24,4,2901.6960000000004,3.5,3
430000,551.688,3,106482.1848,1.5,3
1050000,1618.488,6,3883.4568000000004,4,3
284900,353.56800000000004,2,299.3136,1.5,3
754000,920.4960000000001,5,4664.964,3.5,3
550000,685.8000000000001,3,2362.8096,2.5,4
754300,548.64,5,1371.6000000000001,2.75,4
421000,588.264,3,1373.124,2.5,4
350000,420.624,5,2322.576,1.75,3
721000,694.9440000000001,4,2541.7272000000003,2,4
570000,728.472,3,2743.2000000000003,1.75,3
470000,673.6080000000001,5,2942.844,2.5,3
555000,1008.888,4,1981.2,2.5,3
331950,771.144,4,3027.5784000000003,2.5,3
524000,475.488,3,1682.496,1.75,4
830000,1036.3200000000002,4,2954.1216,2.5,3
975000,920.4960000000001,5,2940.7104,2.5,4
800000,914.4000000000001,5,3218.688,2.5,3
389950,249.936,2,1290.5232,1,3
725000,716.2800000000001,4,2308.5552000000002,1.75,3
560000,1255.776,3,18407.4816,3,3
273000,588.264,3,2496.9216,2.25,3
699950,1119.8352,4,3899.3064000000004,3.25,3
280000,667.5120000000001,4,4401.0072,2,4
270000,457.20000000000005,3,1931.5176000000001,1.5,5
625000,1222.248,5,1828.8000000000002,3.5,3
751000,947.928,4,1872.0816000000002,2.5,3
449500,539.496,3,2014.728,2,4
183000,356.61600000000004,3,2231.136,1,3
417000,408.432,3,3116.2752,1.5,4
730000,984.504,4,2234.4888,2.5,3
480000,990.6,4,10452.5064,2.25,4
606000,457.20000000000005,3,1194.816,1,3
293000,990.6,4,71647.20240000001,2.5,3
1100000,804.672,3,1234.44,2.75,5
225000,618.744,3,7567.8792,2,4
452000,789.432,4,3048.6096000000002,2.25,4
642000,813.816,3,3072.9936000000002,2.5,3
645500,576.072,2,1585.5696,1,4
465500,576.072,3,2134.8192,1.75,3
870000,1371.6000000000001,4,6638.544000000001,3,3
585083,886.9680000000001,5,11049,2.75,3
449500,621.792,5,2282.3424,2.75,4
474900,548.64,3,13303.6056,2.25,4
860000,1438.6560000000002,3,9895.9416,3.25,3
289000,512.0640000000001,3,2567.6352,2,3
310000,432.81600000000003,3,2331.7200000000003,1.75,4
763101,606.552,3,1694.688,1.75,4
267000,482.8032,3,853.44,2.25,3
850000,484.632,2,1565.4528,1.75,3
456000,438.91200000000003,3,8691.676800000001,1.5,4
515000,886.9680000000001,5,1532.2296000000001,3.25,3
312891,701.0400000000001,5,2503.6272,3,3
449000,563.88,4,1536.192,2.5,3
234000,265.176,2,3383.28,1,3
535000,630.936,3,1259.4336,2.5,3
224000,457.20000000000005,3,3647.8464000000004,1.75,3
358000,746.76,3,3809.0856000000003,1.5,4
509900,923.5440000000001,3,2759.3544,2.5,3
427550,268.224,2,1219.2,1,3
557500,554.736,3,2947.416,2.25,3
749000,822.96,4,1828.8000000000002,2.75,4
797000,417.576,3,582.4728,2.5,3
749000,649.224,4,1524,1.5,4
255000,484.632,3,2642.616,2,3
879000,1094.232,4,27322.272,3,3
209950,496.824,4,2560.32,1,3
577500,609.6,3,2210.1048,2.5,3
335000,438.91200000000003,2,2695.0416,1,3
350000,795.528,4,1787.9568000000002,2.5,3
305000,679.7040000000001,4,1524,2.5,3
267500,502.92,3,2379.5736,1.75,3
750000,938.784,4,1387.7544,2.5,3
370000,487.68,3,2322.576,2.25,3
1900000,1121.664,4,4069.3848000000003,2.5,5
285000,301.752,2,745.5408,1,3
950000,798.576,4,3328.416,2.25,3
550000,557.784,3,2962.656,1.75,3
330000,633.984,4,2133.6,2.5,4
1699000,1267.968,3,10714.6344,3.25,3
324950,707.1360000000001,4,2816.3520000000003,1.75,3
683000,701.0400000000001,3,2809.6464,2.5,3
500000,371.856,3,293.2176,1.5,3
369000,396.24,3,1171.6512,1.75,3
495000,469.392,2,2167.128,2,3
185000,249.936,2,4885.944,1,4
453000,710.1840000000001,3,1305.7632,3,3
500000,292.608,2,1524,1,4
251000,396.24,3,2560.32,2,4
450000,469.392,3,18720.5112,1.75,3
1610000,1854.708,5,43502.58,4.5,3
389000,426.72,3,3053.4864000000002,1.75,4
728000,1002.792,4,1813.8648,2.5,3
317000,646.176,6,1780.0320000000002,3.5,5
615000,603.504,3,953.4144,2.5,3
423700,630.936,3,1214.9328,2.5,3
450000,960.12,7,2377.44,4,3
460000,487.68,3,2240.28,2,4
205000,429.76800000000003,3,2555.4432,2,3
614950,457.20000000000005,3,731.52,1,5
1180000,996.696,5,5045.3544,2.25,5
1000000,722.3760000000001,3,2712.7200000000003,2.75,4
550000,877.8240000000001,1,2304.288,1,3
399000,262.128,3,2866.0344,1,4
250000,707.1360000000001,5,2346.96,1.75,5
329000,783.336,5,2212.848,2.75,3
379000,420.624,3,376.1232,3.25,3
460000,874.7760000000001,4,982.98,3.5,3
275000,435.86400000000003,4,8276.234400000001,1,4
295000,249.936,2,87894.2616,1,3
518000,743.712,4,3673.1448,2.75,5
375000,737.616,4,2915.7168,3,3
502000,478.536,2,1433.7792000000002,1,3
430000,524.256,3,4640.58,1.75,4
785000,902.2080000000001,4,1447.8000000000002,2.5,3
625000,792.7848,4,10465.308,2.5,3
612000,530.352,3,1127.76,3,3
194000,359.66400000000004,3,1844.0400000000002,1,3
728000,591.312,3,1219.2,1.5,3
1000000,646.176,5,2726.1312000000003,4.5,5
1280600,1085.088,4,4709.16,2.5,5
249000,390.144,4,2304.288,2,5
119900,213.36,2,969.264,1,3
187000,390.144,3,1356.9696000000001,1.5,3
300000,548.64,3,991.5144,2.5,3
169000,524.256,3,2979.42,1.75,3
360000,618.744,3,2084.832,2.75,3
725000,643.128,3,1767.8400000000001,2,4
306500,423.672,2,6092.3424,1,4
275000,374.904,3,1371.6000000000001,1.25,4
450000,755.904,3,1721.2056,2.5,3
550000,515.1120000000001,4,1856.2320000000002,2.75,3
407000,518.1600000000001,2,2022.3480000000002,2.5,4
825000,768.096,3,2430.78,2.25,4
525000,911.3520000000001,3,2049.78,2.5,3
462000,576.072,3,796.7472,2.75,4
345000,606.552,3,6238.036800000001,2.5,4
234000,377.952,3,72891.09120000001,1,3
220000,505.968,3,6557.4672,1,4
575000,569.976,3,1062.228,2.5,3
595000,618.744,3,1554.48,2.5,3
455000,396.24,3,2926.08,1.75,4
443000,551.688,3,2423.1600000000003,1.75,4
365000,463.29600000000005,4,24429.72,1,2
478000,368.808,3,1882.14,1.75,3
1495000,1149.096,4,1219.2,3.75,5
515000,908.3040000000001,5,1372.2096000000001,2.75,3
650000,490.728,4,2735.8848000000003,2,4
525000,481.584,4,2227.1736,2.25,3
692500,859.5360000000001,4,3505.2000000000003,3,3
104950,356.61600000000004,2,2515.8192,1,2
180000,237.744,3,1078.992,1,2
370000,481.584,3,2133.6,1.75,3
864000,972.312,4,15135.7584,2.5,3
800000,728.472,4,3048,2.5,3
215000,335.28000000000003,3,10241.28,1.5,3
1275000,829.056,4,5015.1792000000005,2.5,5
305000,350.52000000000004,3,2757.8304000000003,1,2
425000,316.992,2,1231.392,1,3
434000,533.4,3,2850.7944,2.25,3
350000,451.10400000000004,3,2857.5,1.75,4
825000,664.464,4,1219.2,2.5,3
252000,624.84,3,3448.2024,1.75,3
375000,838.2,3,11306.8608,2.5,3
685000,445.00800000000004,3,2682.2400000000002,2.5,4
519990,515.1120000000001,4,402.6408,3.25,3
276500,426.72,4,2026.92,1.75,4
457000,670.5600000000001,4,3291.84,2.5,3
425000,463.29600000000005,4,2433.2184,2,5
795000,944.88,4,2286.3048000000003,2.75,3
455000,277.368,2,294.4368,1.5,3
261000,228.60000000000002,2,2476.5,1,4
560000,499.872,3,2235.0984000000003,2,4
199950,307.848,2,3065.3736000000004,1,3
460000,597.408,4,58020.8136,2,2
583000,1033.2720000000002,4,3206.1912,2.5,3
243500,274.32,2,1528.8768,1,3
235245,595.5792,4,1546.8600000000001,2.5,3
245000,716.2800000000001,3,3877.056,1.75,4
370000,323.088,3,2261.3112,1,4
359900,850.392,5,2316.48,2.75,4
360000,560.832,4,2929.4328,2.5,3
348000,783.336,3,2588.0568000000003,2.25,4
420000,350.52000000000004,3,1560.576,1,4
487500,551.688,3,605.9424,2.5,3
471000,256.03200000000004,2,1554.48,1,4
427005,445.00800000000004,3,365.76,3,3
758800,533.4,5,1524,2.25,3
1100000,783.336,4,2886.456,2.5,3
600000,841.248,4,1584.96,2.25,3
229950,356.61600000000004,3,3645.4080000000004,1.75,4
291700,600.456,3,1255.776,2.5,3
1300000,1255.776,3,4988.052000000001,2.75,3
628000,591.312,4,932.6880000000001,1.75,4
615000,838.2,4,4709.16,2.75,3
612000,664.464,3,1675.1808,2.5,3
872750,874.7760000000001,3,4174.236,2.5,3
328000,1030.2240000000002,4,2286,3.25,3
325000,481.584,3,1431.9504000000002,2.5,3
630000,826.008,4,11362.0296,2.75,3
350000,371.856,2,8748.6744,1,4
770000,1447.8000000000002,5,2509.7232,3.5,3
440000,734.568,4,2291.1816,2.5,3
412500,454.15200000000004,3,2583.1800000000003,1.5,4
677000,609.6,3,977.4936,2,4
529000,368.808,3,1014.3744,1,4
277000,441.96000000000004,4,1905,1,3
335000,356.61600000000004,3,1633.728,2,3
725000,801.624,4,2287.5240000000003,2.75,3
570000,697.9920000000001,4,2053.7424,2.5,3
175000,417.576,6,1548.384,1,3
1525000,1103.376,4,1563.9288000000001,3.25,4
440000,618.744,3,5212.08,1.75,4
827000,984.504,4,3688.0800000000004,2.5,3
137124,292.608,3,8364.321600000001,1,4
305000,313.944,3,1630.68,1,3
744000,957.072,4,2212.848,2.5,3
580000,655.32,3,1403.2992000000002,2.5,3
1220000,975.36,4,4683.8616,2.25,4
1299890,1179.576,5,1807.1592,4,3
249000,396.24,3,2590.8,1.75,4
480000,356.61600000000004,2,1412.748,1.75,4
271675,652.272,3,3983.1264,1.75,4
1060000,1182.624,4,3041.5992,3.75,3
235000,655.32,2,1371.6000000000001,1,3
456000,569.976,3,2573.1216,2,5
434900,463.29600000000005,3,3373.2216000000003,2,3
1209000,1319.784,4,7974.1776,3.25,3
257000,441.96000000000004,3,2392.6800000000003,1,5
724000,475.488,2,1524,1,4
356000,280.416,3,1177.4424000000001,1,3
315000,326.136,3,2894.6856000000002,1,3
463500,332.232,1,2667,1,4
690000,630.936,3,1828.8000000000002,1.75,3
549950,893.0640000000001,3,81255.7176,1.75,3
182200,344.42400000000004,4,4244.9496,1,3
560000,768.096,4,3425.952,2.5,3
242000,499.872,3,2719.4256,1.5,4
510000,911.3520000000001,4,31201.1568,2,4
275000,582.168,3,2453.6400000000003,2,4
405000,1027.1760000000002,5,1552.0416,2.5,3
550000,423.672,3,819.3024,2,5
415000,390.144,3,1536.192,2.5,4
667500,649.224,3,6224.9304,1.75,3
359950,819.912,4,1695.9072,3.5,3
1150000,1341.1200000000001,4,80060.5968,3.25,3
279000,499.872,3,1722.1200000000001,2,3
340000,390.144,3,4937.76,1.75,3
355000,789.432,4,2198.5224000000003,3,3
2600000,1606.296,4,3717.036,4.5,3
459500,627.888,4,2733.4464000000003,2.5,4
515000,676.6560000000001,5,1828.8000000000002,2,4
307000,768.096,4,2122.6272,2.75,4
260000,359.66400000000004,3,1630.68,1,4
330000,606.552,3,3046.476,2.5,3
166000,265.176,2,2586.8376000000003,1,4
365000,423.672,2,2540.8128,1,4
629000,624.84,5,914.4000000000001,2,3
658000,307.848,2,4341.5712,1,1
2700000,2392.6800000000003,4,27325.6248,4,3
400000,707.1360000000001,4,3983.1264,3,3
563225,749.808,3,1219.2,1,4
438000,713.2320000000001,3,4352.2392,2.25,3
315000,847.344,4,1209.7512000000002,2.5,3
149900,332.232,2,594.36,1.75,4
279950,737.616,4,2651.76,2.75,4
542000,676.6560000000001,3,3674.6688000000004,2.25,3
605000,533.4,4,1865.3760000000002,2.25,3
780000,643.128,3,2978.8104000000003,2.5,3
853000,1048.512,4,10675.62,2.25,3
146300,365.76,3,2946.8064,1,5
300000,604.7232,4,1346.9112,3,3
926250,728.472,4,5400.1416,1.75,4
430000,609.6,3,10801.502400000001,2.5,3
1170000,941.832,5,3667.0488,2.75,5
320000,496.824,3,1524,1,3
247000,484.632,5,2849.88,2,5
765000,798.576,4,5293.156800000001,2.25,3
475000,402.336,3,2389.632,1.75,3
564500,944.88,4,4440.3264,2.75,3
361000,402.336,2,14870.277600000001,2.5,3
257000,371.856,2,691.2864000000001,1.75,4
403000,597.408,3,3992.88,2,5
650000,496.824,3,2278.38,1.5,3
393000,804.9768,4,2466.1368,2.5,3
581000,765.048,4,4174.236,2,4
649500,960.12,4,2011.3752000000002,3,3
1050000,999.744,4,3352.8,3.75,3
497000,682.7520000000001,4,2194.56,2.5,3
1580000,1124.712,3,2194.56,3.25,3
535800,579.12,4,1764.7920000000001,2.5,3
353000,167.64000000000001,1,389.8392,1,3
245100,396.24,3,2425.5984000000003,1.75,3
327000,402.336,3,4023.36,1.5,3
570000,731.52,3,2125.98,2.5,3
800000,819.912,4,1219.2,3.75,4
220000,320.04,3,1920.24,1,3
381000,445.00800000000004,3,3476.8536000000004,1.5,3
324900,573.024,4,2427.732,2.5,3
284000,573.024,3,1831.2384000000002,2.5,3
450000,359.66400000000004,3,1243.584,1.75,4
500000,865.6320000000001,3,14848.6368,2.5,3
915000,810.768,3,1219.2,3.25,3
751000,941.832,4,2917.2408,3.25,3
485000,579.12,4,2194.56,2.25,3
608250,923.5440000000001,4,6638.544000000001,2.75,3
374000,676.6560000000001,4,4754.88,1.75,5
375000,417.576,3,2962.656,1.5,3
286700,371.856,3,2011.68,1,3
353000,384.048,3,3589.02,1.75,5
549800,481.584,3,3560.0640000000003,2.25,4
822500,441.96000000000004,2,2163.4704,1,3
976000,950.976,4,2340.864,1.5,3
518000,707.1360000000001,4,1219.2,2.5,5
340000,771.144,4,7528.56,2.25,3
350000,377.952,3,3291.84,1,5
270000,533.4,3,2560.32,2.25,3
225000,219.45600000000002,2,1450.2384000000002,1,3
390000,359.66400000000004,3,2346.96,1.5,4
649800,694.9440000000001,4,2995.2696,2.5,3
649950,509.016,3,411.48,2.75,3
439950,749.808,4,4450.08,2.25,4
790000,1066.8,4,2291.7912,2.5,3
280000,335.28000000000003,3,1564.2336,1,3
1950000,765.048,3,3895.0392,2.5,3
420000,722.3760000000001,3,4686.3,2.5,3
474000,335.28000000000003,2,1066.8,1,5
335000,603.504,4,1446.276,2.5,3
294000,545.592,5,1524,2.75,4
189000,240.792,2,2172.6144,1,3
405000,798.576,4,2731.0080000000003,2.5,5
440000,938.784,4,3244.9008000000003,2.5,3
239000,207.264,2,235.3056,1.5,3
280000,539.496,3,2511.552,1.75,4
625000,600.456,3,1391.1072000000001,2.25,3
380000,384.048,3,274.32,2.5,3
234000,365.76,2,1104.5952,2,3
340000,262.128,2,2164.6896,1,3
429000,658.368,4,2346.96,1.75,2
377000,512.0640000000001,3,2252.1672000000003,1.75,3
429000,411.48,4,1015.8984,1,3
405000,688.8480000000001,3,1676.4,2.5,3
830000,649.224,2,10874.959200000001,1.5,4
500000,518.1600000000001,3,1865.3760000000002,1.75,3
295000,509.016,3,3291.84,1.5,4
599500,615.696,4,3127.248,2.25,4
917500,1182.624,4,10668.9144,2.5,3
341000,286.512,3,1280.16,1,3
348000,405.384,3,2062.8864000000003,1.5,4
678500,798.576,4,65455.8,3,3
465000,445.00800000000004,3,3011.1192,1.5,3
810000,795.528,3,2585.0088,2.5,3
330000,652.272,3,1535.2776000000001,1,3
500000,515.1120000000001,3,14659.660800000001,1.75,3
369900,539.496,2,564.7944,2.5,3
587000,673.6080000000001,4,2569.464,2.75,3
495500,972.312,3,2385.9744,2.5,3
443500,286.512,2,2073.8592000000003,1,3
190000,359.66400000000004,3,2674.6200000000003,1,3
540000,594.36,3,4031.5896000000002,2.5,4
264500,496.824,3,2543.8608,2.5,3
440250,563.88,3,2476.1952,1.5,4
209900,359.66400000000004,2,915.3144000000001,2,3
579950,551.688,3,483.108,2.5,3
390000,454.15200000000004,3,1383.4872,2.25,3
385000,402.336,3,395.3256,2,3
2479000,2075.688,5,2286,3.75,3
336600,504.1392,3,2579.8272,2.25,3
725000,487.68,4,1371.6000000000001,1,4
665000,755.904,4,4697.272800000001,2.5,3
256500,402.336,3,2611.5264,2,3
433495,917.4480000000001,4,3329.94,2.25,4
172380,295.656,3,2553.6144,1,4
535000,280.416,2,2743.2000000000003,1,1
670000,588.264,4,2837.688,1.75,4
270000,457.20000000000005,3,2258.568,2.25,4
392000,649.224,4,1219.2,2.5,3
962800,1106.424,4,3589.02,2.75,3
290000,414.528,3,2037.5880000000002,2,3
833450,1359.4080000000001,5,82096.356,4,3
1400000,1072.896,4,2382.012,2.5,3
750000,804.672,4,1524,2,3
231000,417.576,3,2208.8856,2.5,3
250000,472.44,4,2223.8208,1,3
550000,298.704,2,1463.04,1,4
585000,859.5360000000001,4,1710.5376,2.5,3
338000,731.52,5,1370.3808000000001,2.5,3
255000,484.632,3,2380.4880000000003,1.75,4
573500,670.5600000000001,3,6537.96,1,4
895000,716.2800000000001,5,4327.2456,2.5,4
560000,679.7040000000001,4,2084.2224,1.75,3
430000,630.936,4,1313.688,2.5,3
415000,429.76800000000003,3,1311.5544,2,4
302500,515.1120000000001,3,1364.2848000000001,2.5,3
631000,588.264,4,987.552,2,4
557800,472.44,4,1828.8000000000002,1.75,5
451000,707.1360000000001,4,1638.3000000000002,2.5,3
981000,832.104,3,2922.4224,3.25,3
735000,713.2320000000001,4,856.488,3.5,3
432100,545.592,3,682.7520000000001,2.25,4
580000,530.352,3,390.144,2.5,3
950000,737.616,4,1463.04,3,3
343000,429.76800000000003,3,5669.280000000001,1,5
358000,786.384,4,3627.1200000000003,2.75,4
295000,298.704,4,914.4000000000001,1,4
184500,390.144,3,1109.472,1.5,3
765000,704.0880000000001,3,3655.4664000000002,2.5,3
630000,1063.752,3,3782.568,2.5,3
399950,405.384,2,870.5088000000001,0.75,4
289500,365.76,3,1684.02,1,2
800000,729.996,2,1872.3864,2.5,3
807000,591.312,3,1219.2,2.5,4
330000,399.288,2,888.4920000000001,2.5,3
890000,874.7760000000001,4,2558.1864,2.25,4
562500,356.61600000000004,2,853.44,1,4
284000,548.64,3,7041.794400000001,1.75,3
570000,612.648,3,1828.8000000000002,2.25,3
611206,591.312,1,1920.24,1,3
390000,880.8720000000001,5,1524,3.75,3
389000,1085.088,6,4270.2480000000005,4.5,3
532000,582.168,3,10672.572,2.25,4
545000,579.12,3,3040.38,2,3
513000,609.6,4,1732.4832000000001,2.5,3
380000,914.4000000000001,5,1828.8000000000002,1.75,5
361280,249.936,2,1950.72,1,4
314500,569.976,3,3773.7288000000003,1.75,4
450000,460.24800000000005,3,13277.088000000002,2,3
275000,277.368,2,1277.4168,1,3
413450,469.392,3,491.9472,2.5,3
280950,423.672,3,2651.76,1.75,4
431000,661.416,4,3200.4,2.25,4
549900,932.6880000000001,5,2138.172,2.75,5
426250,490.728,4,1828.8000000000002,1,4
210000,301.752,2,2481.072,1,1
589000,563.88,2,1422.5016,2,3
383000,658.368,4,1896.7704,2.5,3
729000,743.712,3,1293.5712,2.5,3
170000,295.656,3,2654.808,1,4
225000,316.992,3,1991.8680000000002,1,3
253000,679.7040000000001,4,1384.0968,2.5,3
828950,1197.864,4,1731.2640000000001,3.5,3
343000,697.9920000000001,4,3136.3920000000003,1.75,3
480000,1027.1760000000002,4,132770.88,3.5,3
818000,725.4240000000001,2,2857.1952,2.5,3
978000,798.576,4,4199.229600000001,2.75,4
755000,655.32,6,1373.124,2,3
431500,579.12,3,491.3376,3.5,3
337000,326.136,3,1862.0232,1,5
635700,987.552,4,4260.4944000000005,2.5,3
665000,548.64,3,2910.84,2.75,4
1381000,963.168,4,2903.2200000000003,3.75,3
313000,402.336,3,1891.284,1.75,5
900000,701.0400000000001,6,7550.8104,2.75,4
672500,798.576,4,2044.2936000000002,2.75,3
349000,518.1600000000001,4,2377.44,1.75,5
389000,277.368,2,2133.6,1,3
385000,371.856,3,1463.04,1,3
645000,740.664,4,4389.12,2.5,5
568500,664.464,3,2291.7912,2.75,4
340000,667.5120000000001,3,3848.4048000000003,1.75,4
376000,737.616,4,1759.6104,2.75,3
545000,518.1600000000001,3,15742.6152,1.75,5
395000,603.504,4,2417.3688,3,4
400000,347.47200000000004,2,1554.48,1,3
620000,789.432,3,2205.8376000000003,2.5,3
552000,420.624,2,289.8648,2.5,3
710000,743.712,3,1044.5496,3.5,3
1010000,1146.048,4,8907.4752,2.5,3
809950,999.744,4,1883.9688,2.5,3
545000,664.464,3,4783.2264000000005,2.5,4
670000,624.84,3,1956.816,2.5,3
440000,521.208,3,1998.2688,1,4
845000,1240.536,4,35184.283200000005,2.75,3
824000,1118.616,7,1219.2,4.25,3
850000,1051.56,5,8633.155200000001,3.5,5
324000,643.128,4,2196.9984,1.75,3
165000,365.76,3,3992.88,1,3
549000,619.9632,2,4081.8816,1,5
615000,387.096,2,1524,1,3
319000,765.048,4,2435.9616,2.5,3
457500,435.86400000000003,3,610.5144,2.25,3
1700000,1783.0800000000002,5,6975.348,3.5,4
482000,737.616,3,2227.1736,2.5,3
268000,502.92,3,2037.2832,2.5,3
270000,792.48,4,3017.52,2.25,3
365000,694.9440000000001,5,5791.200000000001,2,3
520000,454.15200000000004,3,315.7728,1.75,3
481015,472.44,3,1679.7528,2.25,3
940000,758.952,4,2903.2200000000003,2,5
575000,466.34400000000005,3,2055.2664,1.75,3
430000,551.688,3,1548.384,1.5,3
975000,768.096,6,16507.968,2.75,3
425000,426.72,3,311.5056,1.5,3
494815,582.168,3,637.3368,2.5,3
333490,685.8000000000001,4,1193.5968,2.5,3
455000,1048.512,4,1828.8000000000002,3.5,4
325000,246.888,2,1243.584,1,4
284000,573.024,4,2682.2400000000002,1.75,3
570000,1219.2,6,1833.372,3.75,3
342500,402.336,2,251.7648,1.5,3
800000,981.456,4,2571.2928,2.25,3
397500,448.05600000000004,3,382.8288,2.5,3
369950,499.872,3,1481.328,1.75,3
235000,716.2800000000001,3,2758.7448,2.5,4
600000,539.496,4,1833.0672000000002,1.5,4
520000,414.528,2,6860.4384,1,3
667000,539.496,3,1182.624,1.75,3
475000,521.208,2,2634.996,1.75,4
675000,688.8480000000001,3,4026.1032,2.25,3
725000,466.34400000000005,3,1219.2,1.75,3
2535000,1136.904,5,3238.8048000000003,3.25,4
327000,460.24800000000005,3,104888.9952,1.5,4
440000,630.936,3,2955.6456000000003,2.75,4
653750,749.808,4,1269.7968,2.5,3
1139990,1139.952,4,3495.1416000000004,3.25,3
820000,673.6080000000001,2,1353.3120000000001,2.5,4
282500,509.016,3,2179.32,2.25,4
390000,560.832,4,4723.1808,2.5,3
872000,1149.096,4,2971.8,4,4
491500,640.08,4,2205.5328,2.75,3
311000,499.872,3,3675.8880000000004,1,4
1749000,1191.768,4,6922.008000000001,2.5,3
319990,576.072,4,3263.4936000000002,1.5,3
575000,1197.864,4,5172.456,3.5,3
230000,347.47200000000004,3,355.09200000000004,1.75,3
1306000,844.296,5,2468.88,2.5,3
670000,783.336,4,2769.4128,2.5,3
161000,518.1600000000001,4,2451.5064,2,3
250000,301.752,3,2468.88,1,3
485000,789.432,3,2555.4432,1.75,4
775000,792.48,5,1305.7632,2.5,3
1880000,1338.0720000000001,5,1895.856,3.5,3
420000,448.05600000000004,3,478.8408,2.5,3
210000,256.03200000000004,2,15135.7584,0.75,2
390000,515.1120000000001,3,3082.4424000000004,2.5,3
799000,762,5,6029.8584,2.75,4
3000000,1344.1680000000001,3,3278.4288,3.5,3
775000,1286.256,4,7371.8928000000005,2.25,3
183000,204.216,2,1566.672,1,3
950000,822.96,3,2117.4456,2.5,3
880000,935.7360000000001,4,2514.6,2.5,5
889000,978.408,4,1524,3.5,3
750000,694.9440000000001,3,2377.44,1.75,4
207500,402.336,3,3818.5344,1.75,4
393000,402.336,3,3267.456,2,3
367500,478.536,3,3063.2400000000002,1,3
165000,381,3,2194.56,1.5,4
460000,557.784,2,2471.0136,2.5,5
824000,707.1360000000001,4,4340.352,2.5,4
373000,557.784,3,3592.9824000000003,1.75,3
500000,502.92,3,1732.1784,2.5,3
268000,451.10400000000004,3,2441.1432,1.75,3
910000,664.464,3,3006.8520000000003,2.25,4
580000,445.00800000000004,4,289.8648,3.5,3
265000,792.48,5,2461.26,2.25,4
380000,841.248,5,3456.4320000000002,2.5,4
505000,310.896,2,1524,1,4
298700,643.128,3,2240.28,2.25,3
655000,722.3760000000001,4,2900.7816000000003,2.5,3
180000,448.05600000000004,4,5663.4888,1,3
272000,777.24,5,1920.24,1.5,4
473000,460.24800000000005,2,1388.364,1.75,3
1150000,963.168,3,7448.3976,2.5,3
435000,527.304,3,1239.0120000000002,2.5,3
729000,685.8000000000001,3,18455.0304,3.25,3
695000,1002.792,5,4308.0432,3,3
360000,588.264,4,1983.6384,2.25,3
289000,237.744,2,1259.4336,1,3
720000,484.632,3,2157.984,1.5,3
561500,704.0880000000001,4,2987.04,2.25,3
248000,448.05600000000004,3,2340.864,1,3
825000,554.736,4,1219.2,1,3
855000,691.8960000000001,4,3188.208,2.75,3
254950,546.8112,3,1453.5912,2.5,3
563500,847.344,4,2389.0224000000003,2.5,3
425000,408.432,2,384.9624,2.5,3
447000,399.288,3,2133.6,1,4
169000,277.368,3,2342.6928000000003,1,3
500000,536.448,2,8330.7936,1,4
1272000,975.36,4,4184.599200000001,2.75,3
425000,402.336,2,405.0792,2.5,3
162500,231.64800000000002,2,1871.7768,1,2
759000,603.504,3,1767.8400000000001,1.5,4
412000,365.76,3,247.8024,2.5,3
315000,478.536,3,873.2520000000001,2.5,3
346500,655.32,4,1554.48,2.5,3
381000,649.224,4,1829.7144,2.5,3
510000,743.712,4,3176.9304,2.5,3
327000,417.576,3,305.1048,3,3
240000,615.696,4,3149.1936,1.75,3
601450,560.832,2,457.20000000000005,3.25,3
450000,499.872,4,451.10400000000004,1.75,4
455000,938.784,5,2364.9432,3.5,3
515100,632.1552,3,1493.52,2.5,3
1107460,1115.568,4,1450.8480000000002,3.5,3
700000,682.7520000000001,3,2202.7896,1.5,3
800000,612.648,4,2194.56,2.25,4
908800,1042.416,3,2385.3648000000003,3,4
385000,646.176,4,3962.4,3,4
567500,941.832,3,20446.5936,2.5,3
390000,460.24800000000005,3,3300.0696000000003,2,3
344000,640.08,4,2591.1048,2.5,5
515000,640.08,3,2392.9848,2.5,3
233000,521.208,3,1431.6456,2,5
295000,396.24,2,12081.967200000001,1,4
409950,809.244,3,1548.384,2.5,3
495000,576.072,3,1998.5736000000002,1.75,3
166950,362.71200000000005,3,2688.3360000000002,1,3
435000,438.91200000000003,2,356.61600000000004,2,3
331500,554.736,4,4364.4312,1.75,4
275000,207.264,2,1277.112,1,2
320000,734.568,6,3280.5624000000003,2.75,5
310000,667.5120000000001,5,8308.848,1.75,4
370000,685.8000000000001,5,3169.92,2.5,3
847093,841.248,4,1728.2160000000001,2.75,3
453000,353.56800000000004,2,386.7912,1.5,3
709950,1191.768,4,1918.1064000000001,3.25,3
445000,518.1600000000001,4,6638.544000000001,2,4
250000,435.86400000000003,3,2218.944,2,3
375000,435.86400000000003,3,3222.9552000000003,1.75,3
880000,765.048,4,1767.8400000000001,1.75,4
570000,737.616,3,3643.2744000000002,2.5,3
2544750,1648.968,5,4093.7688000000003,4.75,4
489000,259.08000000000004,2,868.6800000000001,1,4
699950,728.472,2,2282.6472000000003,2.5,3
390000,716.2800000000001,3,1554.48,2.5,3
660000,618.744,3,2752.9536000000003,1.75,4
215000,451.10400000000004,2,1623.0600000000002,1,4
495800,521.208,4,1402.0800000000002,1.5,3
173250,301.752,3,3869.7408,1,3
755000,609.6,3,594.36,2.5,3
312500,701.0400000000001,4,1697.736,0.5,3
699950,667.5120000000001,3,32794.3464,2.25,4
475000,615.696,3,2734.056,1.75,4
439000,557.784,3,4107.7896,2.25,4
322000,533.4,4,20982.736800000002,1,3
220000,438.91200000000003,4,2514.6,1,3
347000,475.488,2,519.6840000000001,2.25,3
287000,701.0400000000001,3,2194.56,2.25,4
800000,1027.1760000000002,4,2062.2768,3.75,3
405000,353.56800000000004,2,4580.8392,0.75,4
213400,512.0640000000001,4,2028.4440000000002,2.5,3
269000,594.36,3,2639.8728,2.25,4
1375000,1325.88,5,4085.844,4.5,3
480000,469.392,3,6181.6488,1.5,3
275000,408.432,3,2976.0672,2,3
415000,603.504,3,1302.7152,2.5,3
390000,697.9920000000001,4,2804.1600000000003,2,3
1150000,640.08,3,4608.576,2.5,4
728725,917.4480000000001,4,950.976,2.5,3
850000,1011.936,4,1694.3832,2.75,3
171800,478.536,4,2926.08,2,3
950000,758.952,4,1402.0800000000002,2,3
700000,926.5920000000001,4,2194.56,2.5,3
675000,460.24800000000005,3,629.1072,3.25,3
620000,673.6080000000001,4,2469.1848,2.25,3
227064,478.536,3,3299.1552,1.5,3
450000,697.9920000000001,3,4955.4384,2,5
255000,377.952,3,2639.2632000000003,1.75,5
465000,560.832,3,12325.502400000001,2,3
1150000,1222.248,5,2515.2096,4.25,3
414500,320.04,3,1829.4096000000002,1,3
448000,466.34400000000005,3,931.4688000000001,2.25,3
565000,822.96,3,1840.0776,2.5,3
660000,539.496,3,2481.3768,2,5
593700,609.6,3,6705.6,2.5,3
320000,454.15200000000004,0,2167.4328,2.5,3
529000,368.808,2,2336.9016,1,3
531800,588.264,3,1628.8512,2.5,3
270000,652.272,5,3145.536,2.5,4
635000,877.8240000000001,4,942.1368,2.5,3
535500,624.84,3,1516.6848,2.5,3
240000,533.4,4,2377.44,2,4
396000,423.672,3,1877.568,1,4
302000,807.72,6,1408.4808,2,3
320000,905.2560000000001,5,2133.6,3,3
1398000,886.9680000000001,3,3061.4112,2.5,4
908990,1075.944,4,2086.0512,2.75,3
1430000,576.072,3,3662.7816000000003,2,3
230000,524.256,3,2781.3,1.75,4
1800000,850.392,3,4052.3160000000003,3,4
369950,740.664,3,3267.456,1,3
258500,445.00800000000004,3,2417.0640000000003,2,3
1500000,947.928,3,2747.772,3,4
460000,313.944,2,1808.6832000000002,1,4
750000,999.744,3,2057.4,2.5,3
275000,432.81600000000003,3,2605.7352,2.25,4
799000,966.216,4,28911.804,2.5,4
382888,188.976,1,725.4240000000001,1,3
660000,518.1600000000001,3,3845.052,2.25,4
551000,621.792,4,1934.8704,1.75,3
860000,722.3760000000001,3,16861.8408,2.5,4
545000,512.0640000000001,3,1889.76,1.75,3
450500,429.76800000000003,3,2860.2432000000003,1,3
424000,374.904,3,2194.56,1.5,3
310000,566.928,3,3163.5192,1.5,3
807100,816.864,4,1371.2952,2.5,3
710000,673.6080000000001,3,2334.768,2.75,4
361000,725.4240000000001,5,2286,2.75,3
570000,749.808,4,3170.2248,3,5
388000,243.84,2,1463.04,1.75,4
368000,789.432,5,2863.2912,1.75,4
537000,472.44,3,8230.5144,2,3
485000,563.88,4,3020.8728,2.25,4
670000,768.096,5,3962.7048,3,3
540000,667.5120000000001,4,2560.9296,2,4
2538000,1325.88,4,1828.8000000000002,3.5,5
390000,408.432,2,427.3296,1.5,3
325000,359.66400000000004,2,254.2032,1.5,3
405000,798.576,4,2852.6232,2.5,3
372000,768.096,4,2927.2992,2.5,3
461000,493.776,3,304.1904,2.25,3
330000,344.11920000000003,2,1170.432,1,3
480000,249.936,2,1280.16,1,3
435000,387.096,3,3265.3224,2,4
643000,767.4864,4,1421.2824,2.5,3
380000,591.312,4,975.36,2.5,3
2795000,1399.0320000000002,5,3899.3064000000004,3.25,5
329950,624.84,4,2313.4320000000002,1,3
234000,365.76,3,3637.788,1.5,4
415000,204.216,2,1828.8000000000002,1,5
2300000,1328.928,4,2491.7400000000002,4,3
887000,914.4000000000001,3,6717.792,2,4
465000,637.032,4,3911.4984000000004,2.5,3
1670000,1316.736,5,12440.7168,3.5,4
2340000,1371.6000000000001,4,10728.960000000001,2.5,3
384500,344.42400000000004,2,1595.9328,1,4
280000,399.288,2,2011.68,1,3
1125000,966.216,4,1219.2,3.5,3
530000,231.64800000000002,2,914.4000000000001,1,3
613500,920.4960000000001,4,1849.5264000000002,2.5,3
852000,731.52,3,1219.2,3,3
280000,496.824,3,3048.3048000000003,1.75,4
513000,588.264,4,2450.592,2.5,3
450000,381,3,1817.5224,1.75,4
978500,627.888,3,2157.984,2.25,3
593567,539.496,3,976.884,2.5,3
964000,1106.424,3,2887.98,2.5,3
450000,530.352,4,3719.7792000000004,1.75,3
1545000,804.672,4,914.4000000000001,2.25,3
350000,381,3,2982.7728,1,4
300000,499.872,3,1739.4936,2.5,3
872500,606.552,4,1828.8000000000002,2,3
1564350,1136.904,4,5181.6,3.75,4
287200,563.88,3,6085.6368,3,4
911000,1074.7248,4,4863.9984,3.25,3
303000,310.896,2,2804.1600000000003,1,3
655100,371.856,1,1267.968,1,3
600000,573.024,3,1938.528,1.75,4
400000,256.03200000000004,2,1679.448,1,3
280000,496.824,3,3596.6400000000003,1.75,4
920000,1228.344,4,153615.84720000002,3.75,3
530000,886.9680000000001,5,2937.0528,2.5,4
487000,435.86400000000003,3,3850.2336,1.75,3
250000,320.04,3,2095.1952,1,3
1110000,704.0880000000001,4,4053.84,1.5,3
306000,573.024,4,2873.0448,2.5,4
615000,542.544,4,3127.248,2.25,3
100000,277.368,2,6705.6,1,3
510000,1241.4504000000002,4,5283.403200000001,2.5,3
245000,509.016,3,3490.5696000000003,1.75,3
1300000,710.1840000000001,4,2952.5976,3.25,3
630000,539.496,4,1828.8000000000002,2,5
580000,697.9920000000001,5,2171.7000000000003,2,3
265000,478.536,3,1739.1888000000001,2,3
350000,512.0640000000001,3,76343.25600000001,1.75,4
252350,502.92,3,2240.8896,2,3
565000,463.29600000000005,3,372.1608,2.25,3
862500,999.744,4,7449.312000000001,2.75,3
575550,627.888,4,2278.38,2.5,3
290000,518.1600000000001,4,2218.944,2.5,4
487250,515.1120000000001,4,990.6,2,3
192500,289.56,2,2344.5216,1,3
175000,374.904,3,3979.4688,1.75,4
345000,359.66400000000004,2,257.25120000000004,1.5,3
200000,524.256,4,2926.08,2.5,3
360000,478.536,3,2885.5416,1,3
389000,710.1840000000001,5,3276.6000000000004,2,4
450000,335.28000000000003,3,1402.0800000000002,1,3
1175000,600.456,3,7065.264,2.5,3
499431,798.576,4,1834.5912,2.75,3
545000,829.056,4,1444.1424000000002,2.5,3
404000,618.744,3,2706.6240000000003,1.5,3
409950,417.576,2,1562.1000000000001,1.75,5
759600,469.392,4,35184.283200000005,1,4
437000,457.20000000000005,2,2072.6400000000003,1.75,4
660000,603.504,3,1005.84,1.75,4
600000,780.288,4,1704.7464,2.5,3
398000,524.256,3,522.732,2.5,3
568000,624.84,3,1072.896,1.75,4
253000,621.792,3,2219.2488000000003,1.75,3
199500,280.416,3,2990.6976,1,4
371500,417.576,3,2540.8128,2,5
495000,1048.512,6,1371.6000000000001,5,3
465250,591.312,5,2329.2816000000003,2,3
863000,1255.776,4,6818.376,2.5,3
429000,713.2320000000001,5,1371.6000000000001,2.5,3
310000,569.976,4,1828.8000000000002,2,3
870000,917.4480000000001,4,1489.5576,4.25,4
230000,329.184,2,2875.788,1,3
274500,524.256,3,2743.2000000000003,2.25,4
186000,408.432,3,1316.736,2,3
346150,652.272,3,2194.56,2,4
200000,347.47200000000004,3,2542.032,1.5,3
565000,405.384,2,1828.8000000000002,1.75,4
649000,688.8480000000001,2,85637.2176,1.75,3
1580000,1392.9360000000001,4,22703.637600000002,2.5,5
230000,466.34400000000005,3,118605.6048,1,4
233500,502.92,3,901.5984000000001,2.25,3
379000,530.352,3,9414.052800000001,2.5,3
725000,807.72,4,5576.316000000001,2.5,3
850000,1014.984,4,1219.2,3,3
260000,617.22,5,2365.248,2.5,3
695000,789.432,3,3676.8024,2.75,3
663000,755.904,3,11534.546400000001,2.5,4
669950,813.816,4,3620.1096000000002,2.5,3
450000,466.34400000000005,3,7211.568,1.5,3
300000,484.632,3,2716.0728,1.5,3
1510000,1338.0720000000001,5,3429,3.25,3
1200000,646.176,4,1024.1280000000002,2,3
875000,1170.432,5,2523.4392000000003,3.5,3
1198000,1036.3200000000002,4,1173.48,3.5,3
417838,771.144,4,1538.6304,2.5,3
736000,457.20000000000005,2,1219.2,1,3
334500,252.984,2,566.3184,1.5,3
529950,377.952,3,1524,1,5
1127000,963.168,4,2524.0488,2.5,4
240000,478.536,3,2667,1.75,3
1200000,822.96,4,1303.02,2.5,3
558000,481.584,2,1752.6000000000001,2,5
445000,377.952,2,762,2,3
328000,685.8000000000001,3,2409.1392,2,3
890000,704.0880000000001,4,1225.296,2.75,5
293000,582.168,3,1061.0088,2.25,3
789900,1042.416,3,7665.72,2.5,4
340000,487.68,3,2232.3552,1,4
735000,859.5360000000001,3,2486.8632000000002,2.5,3
370000,356.61600000000004,3,336.80400000000003,1,3
670000,502.92,2,2286,1.75,4
473000,664.464,5,2194.56,3.25,4
310000,368.808,3,2965.704,1,4
460000,582.168,5,3738.0672000000004,2,4
357500,326.136,3,3086.1000000000004,1,3
522250,713.2320000000001,4,12679.68,2.5,3
700000,743.712,4,2283.2568,2.5,4
731688,801.624,4,1759.3056000000001,3,3
250000,362.71200000000005,3,1905,1,3
350000,368.808,3,286.8168,3.25,3
650000,472.44,3,1524,1.75,3
341950,935.7360000000001,5,1600.8096,3,3
215000,359.66400000000004,3,2337.5112,1,4
310000,612.648,3,3947.1600000000003,2,3
1278000,1338.0720000000001,4,5435.1936000000005,4,4
560000,691.8960000000001,3,1246.0224,3.5,3
912000,907.9992000000001,3,5277.0024,2.5,3
1000000,1097.28,6,2948.94,2.75,4
429300,893.0640000000001,6,4861.2552000000005,2.25,4
575000,765.048,4,14339.0112,2.5,3
210000,365.76,4,13277.088000000002,1,3
359000,784.86,4,1440.18,2.5,3
715000,490.728,3,2340.864,1,3
378000,655.32,3,3557.6256000000003,2.5,3
140000,274.32,2,1950.72,1,2
355000,484.632,3,1292.9616,2.5,3
375000,591.312,4,4849.0632000000005,1.75,3
461000,563.88,3,2414.9304,2.25,4
248500,219.45600000000002,2,1572.768,1,3
452000,408.432,2,2468.88,1,3
335000,594.36,4,4096.512000000001,1.75,4
459500,356.61600000000004,2,328.8792,1.5,3
534000,646.176,5,2628.9,1.75,3
349950,652.272,3,2351.532,2.5,3
710000,740.664,3,3489.3504000000003,1.75,5
431000,423.672,2,3819.1440000000002,2,3
225000,402.336,3,1726.692,2,3
225000,429.76800000000003,4,2133.6,1,3
509900,515.1120000000001,3,16330.574400000001,1.75,3
795000,972.312,3,3115.9704,3.5,3
605000,740.664,4,3617.976,2.5,5
785950,771.144,4,1389.8880000000001,3,3
695000,1200.912,5,2980.944,3.25,3
266750,502.92,3,3048,2.25,3
285000,353.56800000000004,3,2135.4288,1.75,4
260000,533.4,3,2133.6,1.5,3
374950,774.192,3,3524.0976,2.5,3
730000,526.6944,2,29245.56,1.75,3
280000,652.272,3,2194.56,2.25,4
506500,576.072,4,2194.56,2.5,4
445000,893.0640000000001,5,1676.4,3,3
295000,475.488,2,13334.3904,1.75,3
289000,588.264,4,2720.34,2.25,4
930000,899.1600000000001,3,1355.1408000000001,3.25,3
957000,722.3760000000001,4,1169.2128,3,3
696500,978.408,5,18720.5112,2.25,3
333000,381,3,2575.56,1,4
653000,926.5920000000001,3,1544.4216000000001,3,3
484000,210.312,1,7084.7712,0,4
575000,524.256,3,1234.44,1.75,5
914154,896.1120000000001,3,1960.1688000000001,3.5,3
2950000,1901.952,5,14471.904,4.75,3
535000,591.312,2,1737.3600000000001,1.5,3
300000,402.336,3,4588.1544,1.5,3
344950,682.7520000000001,4,2286,1.75,4
390000,521.208,3,2715.768,2,5
218000,347.47200000000004,3,2304.288,1,4
560000,1048.512,3,31599.2256,2.5,3
695000,1075.944,4,2195.1696,3.5,3
253000,478.536,3,2260.3968,1.75,4
310000,454.15200000000004,3,2779.7760000000003,1.75,5
539000,579.12,2,1577.3400000000001,1.75,3
415000,807.72,3,2286,1.75,4
597400,737.616,4,1371.6000000000001,2.5,3
320000,701.0400000000001,4,1165.8600000000001,2.5,3
799950,1011.936,4,2264.3592000000003,2.5,3
395000,640.08,5,2925.7752,1.75,3
224000,350.52000000000004,2,4572,1,3
519900,732.4344,4,1881.2256,2.5,3
399950,624.84,3,2863.9008000000003,2,5
449500,740.664,4,60941.712,2,3
245000,445.00800000000004,3,3533.5464,2.5,3
1190000,633.984,2,2472.5376,1.75,4
411000,871.7280000000001,5,3746.9064000000003,1.75,4
1775000,1316.736,3,5859.780000000001,2.25,4
313000,496.824,4,914.4000000000001,1.75,3
535000,719.3280000000001,4,4574.4384,2.5,3
473000,420.624,3,329.4888,3,3
310000,341.37600000000003,1,277.9776,1.5,3
307000,399.288,5,1463.04,1.5,3
450000,411.48,3,3048,1,4
910000,966.216,4,9884.664,2.5,3
800000,774.192,4,6297.7776,3.75,3
327000,493.776,4,1828.8000000000002,1,5
713414,862.5840000000001,3,1828.8000000000002,2.5,3
420000,335.28000000000003,2,337.41360000000003,1.5,3
193000,359.66400000000004,3,2133.6,1.5,4
334500,606.552,3,1125.9312,2.5,3
235000,265.176,2,1965.96,2,4
320000,368.808,2,2145.792,1,3
369950,624.84,4,1372.2096000000001,2.5,3
355000,411.48,2,112323.9816,1,3
880000,466.34400000000005,2,1935.48,1,4
529219,606.552,4,2319.5280000000002,2.25,4
294000,701.0400000000001,5,2316.48,2.75,4
599000,502.92,3,359.66400000000004,1.75,3
674750,789.432,4,2972.7144000000003,2.5,3
599950,816.864,5,4051.4016,2.25,3
272000,573.024,4,1877.568,2.25,3
832500,1045.464,4,10699.089600000001,4,4
302000,271.272,2,1524,1,4
330000,762,4,2879.7504000000004,1.5,4
470950,780.288,3,5004.816,2.5,4
217000,219.45600000000002,2,1450.8480000000002,1,5
264500,481.584,3,4279.392,1.5,3
593000,804.672,5,1341.1200000000001,2.5,5
497950,594.36,4,914.4000000000001,2.5,3
493000,545.592,3,3472.5864,2.25,3
129888,216.40800000000002,2,3017.52,1,3
645500,911.3520000000001,4,2627.9856,2.5,3
620000,716.2800000000001,4,5730.240000000001,1.75,3
210000,365.76,3,2286,1,3
305000,752.856,4,558.0888,2,3
765000,1024.1280000000002,4,4156.2528,2.5,3
275000,460.24800000000005,3,4937.76,1.5,3
472800,560.832,3,2560.32,2.25,3
265000,341.37600000000003,3,268.5288,2.75,3
880000,780.288,4,2426.5128,2.75,4
396000,396.24,3,2523.744,1.5,5
315000,505.968,3,3393.9480000000003,2,3
297000,545.592,4,1627.9368000000002,1.75,4
581000,588.264,2,3413.76,1.75,3
544900,606.552,3,1504.4928,2.5,3
216000,527.304,3,2423.1600000000003,1,4
790000,624.84,3,1243.584,1.75,3
90000,298.704,3,758.952,1,4
560000,615.696,3,3637.788,2.5,4
1035000,1246.632,4,15821.5584,4,3
949000,908.3040000000001,4,12878.7144,2.75,4
2725000,1953.768,4,13361.822400000001,4.25,4
187250,216.40800000000002,2,4480.56,1,5
147500,307.848,3,1997.0496,1.75,3
529000,725.4240000000001,5,27881.8848,2.5,4
675000,630.936,3,863.4984000000001,2.25,3
538000,783.336,3,2207.3616,2.25,3
430000,530.352,3,1463.04,1,3
465000,274.32,3,2648.712,1.5,5
670000,521.208,3,1888.236,1,3
225000,307.848,3,2326.5384,1,4
472000,844.296,3,27218.0304,2,3
250000,219.45600000000002,1,37706.808000000005,1,4
260000,786.384,5,3429,2.5,3
300000,454.15200000000004,3,2194.56,1,3
269950,460.24800000000005,3,1828.8000000000002,2.25,4
725000,585.216,3,1005.84,1.75,4
357000,731.52,3,4270.8576,1.75,3
385000,475.488,3,1813.5600000000002,1.75,4
562000,765.048,3,1584.96,2,5
298900,557.784,3,1878.1776,2.5,3
355000,798.576,3,24031.346400000002,2.5,4
215000,429.76800000000003,3,2564.8920000000003,1.5,4
245000,384.048,3,2427.4272,1.5,4
340000,426.72,4,2552.3952,1.75,3
500000,701.0400000000001,3,1312.7736,2.5,3
543000,637.032,3,2328.672,2.5,3
1222500,1496.568,4,2878.5312000000004,3.5,3
534640,649.224,3,1066.8,2.5,4
880000,649.224,3,10719.5112,2,4
386000,646.176,3,2304.288,2,3
530000,594.36,3,3019.3488,2.5,3
375000,249.936,2,1905,1,4
378500,222.50400000000002,2,2294.5344,1,3
515000,1027.1760000000002,3,5969.508000000001,2.5,3
535000,646.176,3,1243.584,2,3
415000,694.9440000000001,3,1838.2488,2.5,3
625000,822.96,5,6464.1984,2.5,4
315000,950.976,6,1292.352,4,4
165000,259.08000000000004,1,2453.6400000000003,1,2
406500,460.24800000000005,2,1621.2312000000002,1.75,4
731100,627.888,3,2675.5344,2.5,3
325000,853.44,4,1612.6968000000002,3.25,3
310950,618.744,4,1523.0856,2.5,3
597000,646.176,4,1219.2,2,4
284000,435.86400000000003,3,1478.28,1.75,3
270000,377.952,3,4300.728,1,4
540000,640.08,3,6101.486400000001,2.25,3
432000,505.968,3,4572,2.5,4
580000,795.528,4,2346.96,2.25,3
546800,463.29600000000005,4,1801.3680000000002,1.5,3
849000,743.712,4,2450.592,1.5,4
292000,387.096,3,391.0584,2.5,3
520000,658.368,3,1309.7256,2.5,3
239000,414.528,3,1753.8192000000001,2.5,3
218000,490.728,3,2159.2032,2.25,4
473000,493.776,3,3751.7832000000003,2.25,3
249000,534.0096,3,4458.004800000001,1,3
360000,838.2,4,1907.7432000000001,2.5,3
364000,502.92,2,2228.3928,1.5,3
520000,633.984,3,2014.4232000000002,1.75,3
605000,688.8480000000001,4,3627.1200000000003,2.25,3
500000,603.504,4,1371.6000000000001,2,4
575000,600.456,5,3771.9,2.5,3
500000,701.0400000000001,5,2407.0056,2,4
350000,350.52000000000004,3,3924.9096000000004,1,4
224975,292.608,3,3884.6760000000004,1,4
250000,579.12,3,3044.952,2.25,3
356000,286.512,3,721.1568000000001,1,3
208500,268.224,2,1467.3072,1,4
331210,682.7520000000001,4,1463.04,2.5,3
520500,573.024,6,4373.88,2.5,5
364000,368.808,4,2359.152,1,3
750000,838.2,6,2914.8024,1.75,4
420000,533.4,3,2816.0472,2,3
248500,237.744,2,3067.5072,1,4
3200000,1892.808,7,2699.3088000000002,4.5,5
453246,612.648,3,697.0776000000001,2.5,3
1000000,740.664,2,7132.320000000001,1.75,3
327500,326.136,3,2176.272,1,3
609900,972.312,4,2255.2152,2.5,3
1059500,984.504,5,1165.8600000000001,3.25,3
717000,755.904,3,1565.7576000000001,2.5,3
1289000,667.5120000000001,3,3472.8912,2.5,3
320000,289.56,2,1620.3168,1,3
527700,859.5360000000001,5,2857.5,2.5,4
279000,551.688,4,3962.4,2.5,4
199400,268.224,2,1219.2,1,4
205000,286.512,3,2432.304,1,4
550000,752.856,4,1814.7792000000002,2.5,3
699800,725.4240000000001,2,2011.68,2.5,3
657000,932.6880000000001,4,10783.824,2.75,3
495000,783.336,4,3669.4872,1.75,3
294000,402.336,3,2901.6960000000004,1,3
1100000,1389.8880000000001,4,12690.6528,3.5,3
720000,883.9200000000001,5,2903.2200000000003,2.5,3
774900,533.4,5,1176.8328000000001,1,3
490000,615.696,4,1511.808,2.25,3
256950,326.136,2,193.548,2,3
241250,411.48,3,2312.8224,1.75,3
775000,566.928,5,926.5920000000001,1,3
261500,344.42400000000004,3,1097.28,1,3
715000,502.92,3,2217.7248,1.75,4
265000,435.86400000000003,4,1673.352,1.75,5
342000,598.6272,4,1079.2968,2.25,3
390000,298.704,2,1158.24,1,3
360000,323.088,3,1899.5136,1.5,4
815000,609.6,4,1158.24,2.25,3
312500,326.136,2,365.76,1.5,3
309500,408.432,3,4133.088000000001,1.5,3
961500,1191.768,3,4267.2,2.5,3
600000,637.032,4,2221.992,2.5,5
250000,448.05600000000004,4,2259.1776,2,3
324888,658.368,4,8763,1.75,4
1205000,1347.2160000000001,5,4113.8856000000005,4.25,3
315000,579.12,3,2899.5624000000003,2,3
325000,701.0400000000001,3,1889.76,1.75,4
596500,539.496,4,2592.324,2.25,3
352900,377.952,2,576.6816,1.5,3
373000,868.6800000000001,8,3875.2272000000003,3,3
210000,274.32,2,1524,1,5
498000,1036.9296000000002,4,4375.404,2.5,3
681716,960.12,4,2218.0296000000003,2.5,3
427000,676.6560000000001,5,1219.2,2.75,3
492000,844.296,3,12169.749600000001,1.75,4
556000,499.872,3,2266.7976000000003,1.75,3
2400000,1670.304,6,3291.84,4.5,4
292600,463.29600000000005,3,2171.0904,1.5,4
570000,804.672,4,1280.16,2.5,3
367000,609.6,3,3861.5112000000004,1.75,4
610000,637.032,4,2560.32,2.75,4
260000,643.128,4,2740.152,2.5,3
296000,402.336,2,621.792,2,3
705000,554.736,4,1524.3048000000001,2,3
270000,588.264,5,2279.904,1.5,3
615000,826.008,3,1013.7648,3.5,3
432000,472.44,3,2479.2432000000003,1.75,4
317000,307.848,3,1645.92,1,3
275000,579.12,3,2967.8376000000003,1.5,4
842500,780.288,3,1217.9808,2.25,3
680000,548.64,3,1341.1200000000001,2.5,5
865000,826.008,4,1240.2312000000002,2.5,4
270000,509.016,4,2455.4688,2.5,3
115000,329.184,3,2420.7216000000003,1.75,3
294000,381,3,2873.3496,1,3
399000,457.20000000000005,4,1947.0624,1,4
260000,457.20000000000005,3,2255.8248000000003,2.5,3
516000,499.872,2,941.832,1.75,4
500000,694.9440000000001,4,2194.56,2,4
340000,530.352,3,3291.84,1.75,3
162000,445.00800000000004,4,5071.2624000000005,1,4
691000,926.5920000000001,4,3551.2248,3,3
1525000,1783.0800000000002,4,10689.336000000001,3.75,4
132500,259.08000000000004,3,2613.0504,0.75,3
499950,786.384,3,7292.34,2.5,3
392000,719.3280000000001,4,2357.0184,2.25,3
287000,554.736,3,2658.4656,2.5,3
434975,484.632,3,3035.808,2.25,3
485000,731.52,4,3158.9472,2.5,3
550000,981.456,4,2843.1744000000003,2.5,3
530000,435.86400000000003,3,3154.6800000000003,1.75,3
306888,591.312,4,2734.056,1.5,3
1370000,1133.856,4,2880.36,2.75,5
700000,603.504,4,3291.84,1.75,4
310000,451.10400000000004,3,2386.5840000000003,1,3
220000,658.368,4,2439.924,2.5,3
250000,563.88,4,2304.288,2,4
415000,582.168,3,3839.2608,1.75,3
173000,249.936,2,3185.1600000000003,1,4
656500,826.008,4,1447.8000000000002,2,4
754800,844.296,2,2371.6488,2.5,3
880000,923.5440000000001,4,1170.7368000000001,2.5,3
230000,563.88,4,1828.8000000000002,1.75,4
315000,505.968,3,11473.2816,1.75,4
580000,704.0880000000001,7,731.52,2.75,3
198000,396.24,3,1925.7264,1.75,3
506000,640.08,3,64924.8384,2.5,3
650500,713.2320000000001,4,1810.5120000000002,1.75,3
450000,655.32,3,4202.8872,1.75,4
728000,807.72,4,4170.8832,2.5,3
907000,661.416,3,3724.6560000000004,1.75,5
454000,771.144,3,13329.8184,2.5,3
550000,618.744,4,1733.7024000000001,1.75,4
625000,667.5120000000001,4,1103.9856,2,5
299000,569.976,4,2040.0264000000002,2.25,3
560000,874.7760000000001,3,29076.700800000002,2,4
464625,621.792,4,2741.9808000000003,2.75,4
375000,816.864,5,2563.368,3,3
285000,741.8832,4,1341.1200000000001,2.5,3
429000,829.056,5,2474.976,2.5,3
393000,490.728,5,4646.9808,1.75,3
575000,766.2672,3,475.1832,3.5,3
339888,438.91200000000003,4,1872.6912000000002,1.75,5
740000,640.08,3,22172.676,2,4
290000,408.432,3,19384.3656,1.75,4
135900,231.64800000000002,2,1158.24,1,3
515000,426.72,2,1524,1.5,4
385000,780.288,4,1901.3424,2.5,3
185000,390.144,3,1228.6488000000002,1.5,4
2125000,972.312,4,5947.562400000001,2.75,4
538000,685.8000000000001,3,3545.4336000000003,2.5,3
300523,722.3760000000001,3,2084.832,2.5,3
1375000,954.024,4,1371.6000000000001,3.5,3
299500,420.624,3,3314.7000000000003,1,3
710000,981.456,4,5674.7664,2.5,3
147200,432.81600000000003,3,2926.08,1,4
810000,999.744,4,7684.312800000001,2.5,3
435000,810.768,3,5083.149600000001,2,3
499950,886.9680000000001,4,6116.421600000001,2.5,3
374950,603.504,4,3676.4976,2.5,3
699950,679.7040000000001,3,1664.208,3.25,4
450000,512.0640000000001,3,1489.2528,2,3
1060000,1286.256,4,2565.5016,3.5,3
799000,551.688,4,2006.4984000000002,1.5,3
299000,603.504,1,2292.4008,2.5,4
390000,737.616,3,9600.285600000001,2.25,4
625000,646.176,3,3054.4008000000003,2.5,4
348000,722.3760000000001,3,2286,2.5,3
645000,560.832,3,1296.924,1.75,3
505000,548.64,3,2197.608,1.75,3
335000,478.536,3,2194.56,2,4
935000,512.0640000000001,2,297.7896,2.5,3
1264000,1063.752,4,2795.016,3.75,3
550000,603.504,3,12462.357600000001,2.25,4
256883,515.1120000000001,3,1531.6200000000001,2.5,3
137000,289.56,3,2322.576,1,3
653000,697.9920000000001,3,1059.18,2.5,3
559000,630.936,3,1641.6528,1.5,4
699850,819.912,4,1878.7872,3.5,3
402000,441.96000000000004,3,2247.9,1.5,3
479000,374.904,2,284.0736,2.25,3
401000,591.312,4,1753.5144,1,3
530000,710.1840000000001,3,8098.840800000001,2,3
300000,417.576,4,2590.4952000000003,1,3
300000,307.848,2,3632.9112,1,3
300000,637.032,4,1583.4360000000001,2.5,3
2680000,1307.592,5,6231.636,3,4
443000,585.216,3,2506.3704000000002,2.25,4
432000,569.976,3,2157.984,2,4
345000,604.4184,4,1829.4096000000002,2.5,3
1480000,1240.536,3,7924.8,3.5,3
455800,515.1120000000001,3,1397.2032000000002,2.5,3
795000,890.0160000000001,4,9820.351200000001,2.5,5
650000,762,3,15799.6128,2.5,3
835000,768.096,3,2039.112,2.25,5
255000,384.048,3,345.33840000000004,1.75,3
500000,621.792,4,2037.5880000000002,2.5,3
150550,448.05600000000004,4,1847.3928,1,3
393820,356.61600000000004,2,2514.9048000000003,2,3
351000,435.86400000000003,4,2560.32,1,3
597000,752.856,2,1402.0800000000002,1.75,4
215000,490.728,3,1616.6592,1.5,4
320000,643.128,4,4041.648,2.75,4
207200,384.048,4,2560.32,2,3
439000,243.84,2,1554.48,1,3
590000,1127.76,4,3810,2.5,5
206000,524.256,4,2304.288,2,3
331000,329.184,3,398.0688,1.75,3
299950,402.336,3,960.12,2.5,3
220000,502.92,3,2697.48,1.75,3
678940,795.528,5,1243.584,2.25,5
250000,518.1600000000001,3,1828.8000000000002,2.5,3
383000,524.256,3,3057.4488,2.5,3
261000,411.48,3,2342.6928000000003,1.75,3
987500,996.696,4,4803.648,2.25,4
332500,676.6560000000001,4,1438.6560000000002,2.5,3
579000,579.12,4,801.9288,3.25,3
498500,582.168,4,2186.0256,2.5,3
430000,289.56,2,1958.6448,1,3
525000,923.5440000000001,3,1371.6000000000001,2.5,3
548500,554.736,4,2194.56,2,3
360000,755.904,5,2194.56,3,3
384900,941.832,5,3886.2000000000003,2.5,3
870000,707.1360000000001,3,19915.632,2,3
560000,438.91200000000003,3,1524,1,3
300000,332.232,3,3017.52,1,4
1030000,1182.624,3,3991.356,4,3
622500,908.3040000000001,4,2471.0136,2.5,3
244000,277.368,3,1600.2,1,4
278500,591.312,4,1891.5888,2.5,3
384400,514.8072000000001,3,423.0624,3.25,3
339900,713.2320000000001,4,2971.1904,2.5,3
610000,496.824,3,457.20000000000005,1.75,3
525000,877.8240000000001,6,2304.288,3,3
745000,597.408,4,1377.6960000000001,2,3
925000,947.928,4,3481.4256,2.5,3
545000,652.272,3,12244.7304,2.5,4
310000,704.0880000000001,4,2250.6432,2.5,3
287500,685.8000000000001,4,3657.6000000000004,2.25,3
312000,445.00800000000004,2,1828.8000000000002,1,2
1047000,1066.8,4,1219.2,3.5,3
290000,847.344,5,2941.9296,2.5,4
595000,627.888,3,1097.28,1.75,3
217500,326.136,2,2560.32,2,4
521000,615.696,4,11094.720000000001,1.75,4
799000,1002.792,4,6128.613600000001,3.5,3
490000,683.3616000000001,4,11415.0648,2.5,3
475000,582.168,4,2674.6200000000003,1.75,3
735000,944.88,4,1706.88,3.5,3
770000,768.096,4,2573.1216,1.75,4
1088000,1271.016,5,2481.6816000000003,3.75,3
379000,347.47200000000004,3,3145.536,1,4
291500,384.048,3,2926.08,1.75,4
699999,445.00800000000004,2,330.708,2,3
846450,1130.808,4,2283.2568,2.5,3
400000,423.672,3,858.0120000000001,2.5,3
794154,673.6080000000001,4,2607.8688,2,4
311100,649.224,4,2462.1744000000003,2.25,4
749000,813.816,3,3151.0224000000003,2.5,3
295000,420.624,3,2646.2736,2,4
320000,783.336,4,1482.852,2.5,3
595000,1136.904,4,1389.8880000000001,3.25,3
165000,277.368,3,2651.76,1,4
400000,646.176,3,1140.5616,2.5,3
1240420,1764.7920000000001,5,4183.6848,3.25,3
817000,792.48,4,3249.168,2.25,4
207500,356.61600000000004,3,2687.1168000000002,1,4
203000,438.91200000000003,2,2026.92,1,3
590000,466.34400000000005,2,1965.96,1,4
810000,1216.152,4,2389.0224000000003,3,3
537000,679.7040000000001,4,2425.2936,1.75,4
509000,475.488,2,1424.94,2,3
125000,246.888,2,2554.8336,1,4
304000,402.336,2,315.1632,2.25,3
353950,993.648,5,2428.9512,2.25,4
153503,377.952,2,1112.2152,2.5,3
610000,743.712,4,2849.88,2.5,4
129000,231.64800000000002,2,1597.152,1,3
452000,827.8368,4,2392.6800000000003,2.5,3
1010800,1100.328,4,1219.2,3.25,3
480000,874.7760000000001,4,10898.733600000001,2.5,4
843500,1085.088,3,3489.3504000000003,2.5,3
399950,448.05600000000004,3,1367.9424000000001,2.5,5
665000,822.96,3,1536.192,1.75,3
393500,374.904,3,439.21680000000003,1.75,3
525000,701.9544000000001,4,5120.9448,2.5,3
475000,399.288,3,394.4112,2.5,3
256400,454.15200000000004,3,2377.44,1.5,3
245000,411.48,3,2065.02,2.25,3
400800,326.136,4,1752.6000000000001,1,3
355500,719.3280000000001,5,6065.215200000001,2,4
420000,691.8960000000001,4,3657.6000000000004,2.25,4
475000,362.71200000000005,3,365.76,2.25,3
222200,368.808,2,3048,1,3
600000,929.6400000000001,4,2877.3120000000004,1.75,3
441000,469.392,3,2194.56,1.5,3
437500,600.456,3,10698.480000000001,2.25,4
675000,731.52,4,1018.032,3,4
328000,683.3616000000001,3,1463.04,2.5,3
575000,920.4960000000001,4,5428.488,2.5,3
295000,259.08000000000004,3,762,1.5,3
275000,560.832,4,476.0976,2.5,3
241000,448.05600000000004,2,953.4144,2,3
760000,1027.1760000000002,4,3793.8456,2.75,3
485000,752.856,4,10690.2504,2.5,3
299950,569.976,3,2420.7216000000003,2.5,3
989000,1167.384,6,1463.04,4.5,3
275000,618.744,4,2568.2448,2,3
323000,557.784,3,3810,1.75,3
870000,886.9680000000001,5,2903.2200000000003,2.25,4
475000,472.44,3,1235.6592,1.75,4
239000,344.42400000000004,2,4629.912,1,4
787888,786.384,4,6435.852000000001,2.25,4
461100,368.808,2,386.1816,2.25,3
645000,472.44,4,2240.28,1.75,4
705000,798.576,4,3211.3728,2.25,3
189900,243.84,2,1706.88,1,5
525000,554.736,4,2011.68,1.75,5
418000,457.20000000000005,3,5825.642400000001,1.75,3
360000,505.968,3,2926.08,1,3
450000,408.432,2,2209.8,1,4
445000,643.128,3,1463.04,1.75,3
435000,801.624,4,2945.2824,2,4
248000,405.384,3,2996.4888,1.75,3
400000,460.24800000000005,3,2548.128,1.5,3
800000,1402.0800000000002,4,20534.071200000002,2.5,3
1125000,768.096,4,792.48,2.5,5
480000,908.3040000000001,3,2236.6224,2.5,3
335000,356.61600000000004,2,1599.5904,1.5,5
1312000,1228.344,3,1920.24,3.25,3
299900,475.488,3,10675.9248,2.25,3
315000,481.584,3,3491.4840000000004,1.75,4
547000,417.576,2,3059.5824000000002,1,4
590000,475.488,3,73953.3192,1.75,3
510000,387.096,2,1371.6000000000001,1,4
210000,505.968,3,2267.712,1,3
225000,484.632,3,2804.1600000000003,2.25,4
675000,722.3760000000001,4,2950.1592,2.5,3
832600,499.872,4,1280.16,1,3
390000,347.47200000000004,4,1905,1,3
2384000,1112.52,5,2758.44,2.5,5
220000,335.28000000000003,1,1051.8648,1.5,4
212000,310.896,2,464.82000000000005,1.5,3
335000,533.4,4,2583.4848,2.5,4
355000,387.096,2,975.36,1,4
280000,292.608,2,1499.616,1,3
799000,673.6080000000001,3,1920.24,1.5,5
199990,335.28000000000003,3,2609.088,1,3
383000,637.032,3,4572,2.25,3
440000,579.12,3,2202.1800000000003,2.25,3
338000,566.928,5,2743.2000000000003,2,3
1379900,1153.9728,3,11593.9824,3.25,3
915000,978.408,4,2600.5536,2.5,3
224400,326.136,3,2194.56,1.75,3
578000,457.20000000000005,3,1371.6000000000001,1,3
530000,579.12,2,909.2184000000001,2.5,3
359000,512.0640000000001,4,2817.5712000000003,1.75,3
340000,426.72,3,1463.04,2.5,3
118125,240.792,2,2180.2344000000003,1,4
849000,768.096,3,1381.9632000000001,1.75,5
1030000,929.6400000000001,5,2499.36,2.5,4
710000,530.352,4,2743.2000000000003,2,5
607000,856.488,3,3905.4024000000004,2.75,3
910000,880.8720000000001,4,2743.2000000000003,1.5,3
664000,569.976,4,4937.76,2.5,5
286000,512.0640000000001,3,1524,2.5,3
270000,460.24800000000005,3,3113.532,2,4
313000,460.24800000000005,3,3160.4712,1,4
372000,710.1840000000001,4,4320.54,2.75,3
715000,783.336,4,2432.304,2.5,3
365500,618.744,4,1371.2952,2.5,3
965000,1240.536,4,17552.5176,2.5,3
357000,822.96,4,15065.654400000001,2.75,4
275000,393.192,2,2755.6968,2,3
415000,914.4000000000001,1,62402.3136,2,3
784950,865.6320000000001,4,1288.3896,2.75,3
860000,1167.384,4,3049.5240000000003,3.25,3
305000,501.7008,3,3783.7872,2.25,3
215000,341.37600000000003,2,399.8976,1.5,3
334000,609.6,3,2202.1800000000003,2.25,4
550000,853.44,3,3231.7944,2.5,3
580000,502.92,2,2980.944,1,3
730000,713.2320000000001,4,1524,1.5,3
166000,307.848,3,3558.54,1,3
459950,938.1744,5,1941.8808000000001,2.75,3
1795000,1606.296,5,5252.3136,3.25,3
490000,853.44,4,3291.84,2.25,3
335000,527.304,3,4572.914400000001,1.75,3
768000,810.768,3,3330.8544,2.5,3
685000,807.72,4,7695.5904,2.5,3
682000,646.176,5,1219.2,2.25,4
250000,204.216,2,1414.2720000000002,1,3
300000,457.20000000000005,3,4495.8,1.5,4
427000,438.91200000000003,2,220.98000000000002,1.5,3
811000,569.976,3,3016.6056000000003,1.75,4
485000,627.888,2,822.96,1.75,3
408000,432.81600000000003,3,2438.4,1,3
512500,490.728,3,2194.56,1.75,3
473000,1331.976,4,11336.4264,3.5,3
390000,204.216,2,3506.724,1,3
685000,923.5440000000001,4,2396.9472,2.5,3
480000,1167.384,5,10668,4.75,3
391500,585.216,3,2933.7000000000003,2.5,3
190000,192.024,2,1828.8000000000002,1,3
856000,1103.376,5,1676.4,3.25,3
272000,512.0640000000001,3,2594.4576,2.5,3
397000,499.872,3,3575.304,1.75,5
196900,387.096,3,2286,1,3
311500,591.312,4,3088.5384000000004,2.5,3
965000,1002.792,4,1694.3832,3.5,3
435000,944.88,4,1432.2552,2.5,3
518000,780.288,4,4572,1.75,3
516000,777.24,4,2651.1504,3.5,3
348450,594.36,4,2629.8144,2.5,3
980000,682.7520000000001,4,3363.1632,2.25,3
610685,768.096,4,1835.8104,2.5,3
490000,475.488,3,2818.4856,1.75,3
330000,673.6080000000001,4,1807.1592,2.5,3
615000,917.4480000000001,4,2104.0344,2.5,3
205000,356.61600000000004,3,2511.2472000000002,1.75,3
588000,566.928,3,1456.0296,2,5
315500,569.976,3,2560.32,1.75,3
522000,864.1080000000001,4,2011.0704,2.5,3
390000,591.312,4,3688.0800000000004,1.5,3
1378000,1569.72,5,3727.704,3.5,3
311000,637.032,4,3549.396,2.5,3
1950000,1225.296,4,5713.476000000001,2.75,4
332000,701.0400000000001,4,1366.1136000000001,2.5,3
301500,429.76800000000003,3,2261.3112,1,3
345000,694.9440000000001,4,2496.3120000000004,2.5,3
1086000,862.5840000000001,3,1841.2968,3,3
815000,1036.3200000000002,3,3792.3216,2.5,3
365000,338.32800000000003,3,298.3992,2.25,3
406250,777.24,4,3512.5152000000003,3.25,3
700000,499.872,3,1399.0320000000002,1.75,5
302000,719.3280000000001,5,2634.0816,1.75,5
605000,536.448,2,1524,1.75,4
190000,423.672,3,2346.96,1.75,5
465000,438.91200000000003,3,1363.3704,2.5,3
425000,426.72,5,1545.6408000000001,1.75,3
630000,573.024,3,670.5600000000001,3,3
334200,429.76800000000003,3,13808.0496,1.75,3
607000,640.08,4,2505.456,2.5,4
587100,509.016,3,1954.9872,2.25,4
751000,850.392,4,1992.7824,2.5,3
291000,256.03200000000004,2,263.0424,1,3
560000,493.776,3,2286,2.75,5
487000,789.432,3,4283.0496,2,5
1247000,551.688,1,1545.336,1.25,4
660000,542.544,3,526.9992,2.5,3
623000,826.008,4,14948.611200000001,2.5,3
440000,704.0880000000001,4,1525.2192,2,3
405000,390.144,3,3543.3,1,4
375000,469.392,3,2708.148,2,5
529000,713.2320000000001,3,2354.2752,1.75,3
509900,545.592,3,822.96,2.5,3
484000,505.968,2,1828.8000000000002,1.75,3
370000,655.32,3,2584.704,1,3
1040000,1188.72,4,2557.5768000000003,3.5,3
319000,423.672,3,3908.4504,1,4
700000,618.744,3,2559.7104,2.5,4
560000,505.968,4,1429.5120000000002,1,3
260000,676.6560000000001,6,2681.3256,2,3
429000,737.616,3,15218.0544,2.5,3
460000,679.7040000000001,4,16149.218400000002,3,3
968000,1100.328,6,5358.384,2.75,5
266500,573.024,4,2326.2336,1.75,4
730000,719.3280000000001,4,1828.8000000000002,2,5
603500,1237.488,4,2966.9232,2.5,3
215000,216.40800000000002,2,2194.56,1,3
460000,332.232,2,1219.2,1.5,3
728050,707.1360000000001,3,2065.02,2.5,3
455000,746.76,4,6400.8,2.25,4
290000,350.52000000000004,3,2482.596,1,4
690000,295.656,2,1389.8880000000001,1,4
270000,469.392,3,4107.18,1.5,4
550000,725.4240000000001,3,5471.16,2,4
590000,886.9680000000001,4,3246.1200000000003,2.75,3
215000,435.86400000000003,3,4084.0152000000003,1.75,4
394950,332.232,3,2346.96,2.5,4
420000,323.088,2,1274.6736,1.75,3
230000,396.24,3,4267.2,1,4
500000,655.32,3,1219.2,1.5,3
290000,856.488,6,3418.0272,4.5,3
610000,886.9680000000001,3,3743.8584,2.5,3
575000,533.4,2,6007.3032,1.5,4
220000,505.968,4,3555.1872000000003,1.75,3
600000,472.44,2,2366.4672,1.75,4
305000,694.9440000000001,4,1158.24,2.5,3
344000,649.224,5,2563.9776,2,3
902000,987.552,3,2194.56,2.75,3
630000,774.192,4,1440.7896,2.5,3
665000,548.64,3,2438.4,1.75,3
279000,621.792,4,2461.5648,2.5,3
460000,515.1120000000001,3,1563.9288000000001,2.5,3
715000,880.8720000000001,3,2141.8296,2.5,3
319000,292.608,3,2607.8688,1,3
495000,509.016,2,4479.036,1,5
353900,475.488,3,1755.6480000000001,1.75,5
760000,1213.104,4,86964.92640000001,2.75,3
408000,813.816,3,1463.04,2.75,3
277500,554.736,3,5974.689600000001,2.25,4
370000,737.616,4,12101.7792,2.75,3
289000,481.584,3,2971.8,1.75,5
370000,786.384,4,1679.7528,3,3
250000,371.856,4,1493.52,1.5,3
560000,829.056,4,2307.3360000000002,3,3
559950,746.76,5,2497.2264,3.5,3
485000,624.84,4,2716.6824,1.75,3
1284000,1536.192,5,2885.2368,4.25,3
510000,1036.3200000000002,5,1371.2952,3.25,3
335000,301.752,3,1924.8120000000001,1,3
460500,661.416,4,2296.0584,2.5,3
575000,694.9440000000001,4,2892.8568,2.5,4
430000,560.832,2,4533.595200000001,1.75,3
490000,633.984,3,3667.3536000000004,2.5,3
565000,454.15200000000004,3,1524,1.75,3
704000,347.47200000000004,3,1865.3760000000002,1,3
530000,551.688,5,1478.28,2,3
268000,731.52,5,1391.1072000000001,2.5,3
410000,765.048,4,1602.6384,2.5,3
409000,984.504,4,3856.0248,2.75,4
665000,807.72,4,2483.8152,2.25,4
380000,347.47200000000004,2,22900.2336,1,3
645000,691.8960000000001,3,1274.6736,1,4
288000,362.71200000000005,3,2304.288,1,5
430236,1049.7312,4,1574.5968,3.25,3
812000,600.456,3,1042.416,2,5
263000,381,3,2304.288,1,3
500000,606.552,3,19915.632,2,3
493000,630.936,4,1301.496,2.5,3
340000,920.4960000000001,4,2667,2.5,3
825000,1261.872,5,2063.496,3.5,3
450000,441.96000000000004,2,777.24,1.5,3
498000,701.0400000000001,4,6841.236000000001,2.5,4
1500000,1118.616,6,1206.7032000000002,3.5,3
324950,658.368,4,1463.04,2,4
490000,268.224,2,1944.624,1,3
532500,676.6560000000001,4,7239,2,3
520000,749.808,3,16728.948,2.5,4
339000,329.184,3,2468.88,1,4
665000,591.312,3,1773.9360000000001,2,5
205000,527.304,5,1584.96,1.75,4
291000,475.488,3,2983.3824,1.75,3
372500,484.632,4,3207.4104,1.75,4
259000,402.336,3,2628.9,1,4
635000,838.2,4,1883.664,2.25,4
415000,579.12,5,3116.8848000000003,1.5,3
175000,204.216,2,724.8144000000001,1,3
285000,237.744,2,1524,1,4
483300,368.808,4,3383.28,2,4
513000,615.696,4,2154.936,2.75,5
605500,862.5840000000001,3,1992.1728,2.5,3
439500,624.84,3,12192.914400000001,2.5,4
320000,694.9440000000001,3,2260.7016000000003,2.5,3
314900,822.96,4,8251.545600000001,1.75,3
279000,496.824,3,2423.1600000000003,2.5,3
307150,451.10400000000004,3,2058.0096000000003,1.5,4
550000,512.0640000000001,3,1463.04,1.75,4
685000,813.816,5,4405.884,2.5,5
600000,856.488,4,5387.0352,2.75,4
230000,463.29600000000005,4,2682.2400000000002,1.5,4
442000,603.504,3,12171.2736,2.5,3
399000,591.312,3,4968.240000000001,2,3
869900,838.2,6,1341.1200000000001,4.5,3
925000,1234.44,5,4113.276,3.5,4
752888,737.616,3,2743.2000000000003,2.5,4
477000,420.624,4,2377.44,1.5,3
718000,630.936,3,2194.56,2.5,3
950000,908.3040000000001,4,13542.568800000001,3,2
710000,368.808,2,1828.8000000000002,1,4
585000,710.1840000000001,4,13978.128,2.5,3
250000,365.76,2,1759.6104,1.5,3
870000,896.1120000000001,4,2166.5184,3,3
870000,1100.328,4,3904.7928,4,3
340000,368.808,3,2936.748,1.75,4
575000,524.256,3,1815.3888000000002,1.75,3
489950,755.904,3,3293.0592,1.75,3
755000,947.928,4,2112.264,2.5,3
542950,630.936,3,12121.2864,2.5,3
398651,807.72,4,1255.776,2.5,3
500000,341.37600000000003,2,981.456,1,4
192500,143.256,1,19427.0376,1,5
374950,377.952,2,357.22560000000004,2.25,3
352000,231.64800000000002,2,10302.5448,0.75,4
618000,975.36,3,3865.4736000000003,2.75,3
257000,425.8056,3,5486.400000000001,1.75,3
230000,460.24800000000005,3,1040.2824,2,3
465000,780.288,3,35715.2448,2.25,4
525000,435.86400000000003,4,1944.624,1.5,4
370000,533.4,3,2793.7968,2.75,4
554000,249.936,2,1127.76,1,5
1730000,1353.3120000000001,4,6299.606400000001,3.5,5
225000,335.28000000000003,3,1584.96,2,3
385000,545.592,4,749.808,3.25,4
1250000,902.2080000000001,4,6169.152,2.5,4
236000,396.24,3,2735.8848000000003,1.75,3
260000,414.528,4,2346.96,1.75,4
738000,798.576,3,2777.3376000000003,2.5,3
790000,749.808,4,3066.5928000000004,1.75,3
365000,463.29600000000005,3,2596.5912000000003,1.5,3
547000,670.5600000000001,5,31466.637600000002,3,3
240000,457.20000000000005,3,3246.7296,2.5,4
484000,743.712,4,5099.304,1.75,3
275000,646.176,4,2058.6192,2.5,3
426500,640.08,4,26952.2448,2.75,3
565000,384.048,3,1243.584,1,4
394999,527.304,3,2377.44,1.5,3
340000,374.904,4,2534.7168,1,3
249950,493.776,4,3209.5440000000003,1.75,3
300000,432.81600000000003,3,2194.56,1.75,3
1450000,679.7040000000001,3,4123.6392000000005,1.75,3
3000000,1478.28,4,3793.2360000000003,4.25,5
445000,694.9440000000001,4,12825.0696,2.5,3
815000,417.576,3,2642.9208000000003,1.5,3
226000,387.096,4,1968.7032000000002,1,3
549000,585.216,3,3340.9128,2.25,3
199950,213.36,2,1584.96,1,5
2700000,1289.304,5,8319.516,4,3
708000,969.264,5,3291.84,2,3
777000,816.864,4,1828.8000000000002,4,3
349950,682.7520000000001,3,2305.812,2.5,3
570000,731.52,3,972.9216,3,3
639983,853.44,5,1737.3600000000001,3,3
530000,743.712,3,13940.9424,2.75,3
696500,774.192,4,1341.1200000000001,2.75,5
345000,295.656,2,3176.9304,1,3
745000,1438.6560000000002,5,150429.1632,4,5
325000,539.496,4,2377.1352,2.25,3
506950,633.984,3,1502.9688,2.5,3
702000,667.5120000000001,3,2599.3344,2.5,3
325000,405.384,3,295.3512,2.25,3
350000,213.36,1,1554.48,1,3
500000,524.256,4,1222.5528000000002,1,4
455000,624.84,4,28811.22,1.75,4
334000,350.52000000000004,4,2852.9280000000003,1.5,3
449500,542.544,3,2218.944,2.25,3
510000,533.4,3,2139.696,1.75,3
775000,524.256,5,1524,1.5,3
400000,643.128,3,5974.08,1.75,4
325000,569.976,4,2200.656,1.5,3
401500,957.072,4,28811.22,2.5,4
380600,585.216,3,3731.9712000000004,2.5,3
433500,469.392,3,2880.36,1.75,4
845950,1356.3600000000001,5,2926.08,2.75,3
440000,679.7040000000001,3,1767.8400000000001,2.5,3
399950,524.256,3,2715.768,1,4
440000,618.744,4,17127.3216,2.75,3
650000,455.37120000000004,3,384.6576,3.5,3
437500,816.864,4,2289.9624,2.5,3
275000,274.32,2,17392.8024,1,4
383000,426.72,3,4526.280000000001,1.5,4
453000,554.736,3,4968.240000000001,2.5,4
348000,630.936,4,1160.6784,2.5,3
715000,609.6,4,1463.04,1,4
535000,505.968,4,3247.9488,1,4
509990,438.91200000000003,3,1481.0232,2,2
345000,566.928,3,2191.8168,1.75,4
735000,685.8000000000001,4,2208.2760000000003,3,4
555750,323.088,3,1487.424,1,2
300000,451.10400000000004,3,2041.5504,2,4
180000,234.696,2,3048,1,3
521000,524.256,3,11388.242400000001,1.75,4
285000,646.176,4,2092.452,2,3
340000,637.032,4,1280.16,2.5,3
430000,445.00800000000004,2,2806.2936,1,3
590000,944.88,4,4828.6416,3.5,3
289950,667.5120000000001,4,2104.9488,2.25,4
595000,618.744,4,3268.0656000000004,2.5,3
374000,609.6,3,2869.9968000000003,1.75,4
379000,243.84,2,1944.624,1,3
519000,252.984,2,859.5360000000001,1,4
245000,365.76,2,1487.424,1,3
334888,539.1912,3,2232.3552,2.5,3
253000,399.288,2,2172.6144,1,4
560000,603.504,4,822.96,1.75,3
780000,691.8960000000001,4,4099.2552000000005,2.5,4
359800,661.416,5,838.8096,2.5,3
195000,481.584,3,2400.3,1.75,3
295500,484.632,3,12664.44,1.75,3
452000,701.0400000000001,3,1551.432,2.75,3
1098000,1085.088,6,32723.9376,3.25,4
320000,426.72,3,2743.2000000000003,1,5
350000,737.616,4,2560.32,1.75,5
779950,816.864,2,2324.1,2.5,3
420000,292.608,2,34254.6432,1,3
455000,402.336,4,2133.6,2.5,4
1102030,1185.672,5,8324.3928,2.5,3
135000,252.984,2,2319.2232,1,3
415000,499.872,3,1961.3880000000001,1.75,3
390000,304.8,3,4264.4568,1.5,4
450000,646.176,4,2519.7816000000003,2.25,3
578500,454.15200000000004,3,1737.3600000000001,1,3
661000,792.48,4,632.1552,3.25,3
350000,448.05600000000004,3,2634.996,1.75,3
725000,609.6,4,1143,1.75,5
800000,722.3760000000001,4,1006.4496,3.5,3
700000,947.928,3,3574.3896,2.5,3
532500,957.072,3,11314.176000000001,3.25,3
525000,670.5600000000001,3,1385.0112000000001,2.5,3
475000,938.784,5,2011.68,2.75,3
823000,780.288,3,2994.6600000000003,2.5,4
284000,466.34400000000005,3,2926.08,1.75,3
409900,515.1120000000001,3,365.76,2.5,3
1125000,1624.584,6,5521.7568,4,3
415000,460.24800000000005,3,11041.075200000001,2.25,3
335000,579.12,3,11207.191200000001,1.75,3
720000,768.096,3,3051.6576,2.5,3
465000,387.096,3,1558.1376,1.5,3
175000,252.984,2,822.6552,1,3
969990,1264.92,4,2571.2928,2.5,3
485000,481.584,3,1848.612,2.5,3
249000,320.04,3,2590.1904,1,4
735000,722.3760000000001,4,1119.2256,3,5
1230000,670.5600000000001,3,4459.224,1.75,3
307999,737.616,4,2571.9024,2.75,3
290000,259.08000000000004,2,2072.6400000000003,1,3
630000,813.816,4,987.552,2,4
333000,799.4904,4,2189.6832,2.5,3
635000,542.544,3,3352.8,2.5,4
595000,624.84,4,2551.7856,2.25,4
2195000,1588.008,5,10901.172,3.25,5
305000,304.8,4,2194.56,1.75,4
565000,582.168,5,2962.656,1.75,4
749999,932.6880000000001,5,4154.424,2.25,3
499000,621.792,2,34918.4976,1.75,4
590000,923.5440000000001,3,2857.1952,2,4
477000,533.4,3,1520.952,2,3
1325000,752.856,4,1450.8480000000002,3.25,5
346000,326.136,2,669.3408000000001,1,4
320000,536.448,4,3407.664,1.75,4
482500,356.61600000000004,2,246.5832,2.5,3
649000,524.256,3,285.2928,3.25,3
210000,518.1600000000001,3,3471.672,1,4
555000,792.48,4,5875.02,2.75,3
570000,1042.416,4,35184.283200000005,2.5,3
320000,420.624,2,1773.9360000000001,1,3
2000000,795.528,3,4994.7576,3.25,3
313500,490.728,3,2240.28,1.75,3
1555000,874.7760000000001,5,4949.3424,2.5,4
289900,578.8152,3,3451.86,1.75,3
495000,704.0880000000001,4,2302.764,2.5,3
1200000,1115.568,3,6830.568,2,4
385000,496.824,3,511.1496,3.25,3
500000,633.984,4,2438.4,2.25,3
195700,341.37600000000003,3,1584.96,1,5
473000,320.04,3,2194.56,2.75,3
503000,667.5120000000001,3,1488.0336,2.5,3
560000,893.0640000000001,4,6705.6,2.75,4
490000,460.24800000000005,3,3389.376,1.75,4
453000,368.808,3,2887.3704000000002,1,5
207000,280.416,3,1690.4208,1,2
692500,1042.416,3,3017.52,2.25,3
900000,1161.288,4,66385.44,3,3
339000,883.9200000000001,4,2108.6064,2.5,3
875000,1350.2640000000001,6,3490.8744,3.5,3
699000,984.504,4,12289.2312,2.5,4
500000,630.936,2,1655.6736,1.5,3
300000,798.576,4,1362.1512,2.5,3
350000,554.736,4,2112.264,1.75,4
255000,310.896,3,3477.768,1.5,3
299950,530.352,3,1370.6856,2.5,3
270000,451.10400000000004,3,2247.5952,1,3
150000,335.28000000000003,2,2194.56,1,4
750000,908.3040000000001,5,1770.5832,3.5,3
700000,457.20000000000005,3,1828.8000000000002,1.75,5
549000,835.152,4,26952.2448,2.25,3
743700,795.528,4,10121.1888,2.5,3
630000,855.5736,4,2874.264,2.5,3
436500,947.928,5,3788.3592000000003,3,3
316000,344.42400000000004,3,2194.56,1,4
710800,877.8240000000001,3,11222.736,2.5,3
521000,445.00800000000004,3,382.2192,3.25,3
850000,1280.16,5,1645.92,3.5,3
610000,649.224,4,798.576,2,5
425000,240.792,2,1531.3152,1,4
200000,207.264,1,2926.08,0.75,3
599000,1039.3680000000002,4,4615.5864,2,4
829900,1170.432,4,1219.2,3.5,3
750000,594.36,4,1920.24,1.5,3
314200,185.928,1,1828.8000000000002,1,4
675000,749.808,4,1752.6000000000001,1.75,5
605000,835.152,5,1711.7568,2.75,5
500000,734.568,3,10621.6704,2.5,3
615000,771.144,3,13787.3232,2.25,4
455000,408.432,4,1767.8400000000001,1,3
420000,728.472,3,1189.6344000000001,2.5,3
1335000,701.0400000000001,4,4066.6416000000004,1.75,3
156000,280.416,2,1794.9672,1,4
425000,432.81600000000003,3,374.904,2.25,3
474900,496.824,3,2532.2784,1,3
195000,362.71200000000005,3,2659.6848,1.5,3
144000,298.704,3,2072.6400000000003,1,3
706000,765.048,4,1656.8928,2.5,3
520000,286.512,3,914.4000000000001,1,3
514500,911.3520000000001,4,2930.3472,2.5,4
707000,1078.992,5,6466.9416,4.5,4
325000,557.784,3,2311.908,2.5,4
330000,411.48,2,2505.456,1,3
288000,637.032,3,2286,2.25,4
640000,414.528,2,1524,1,3
480000,922.9344000000001,6,5503.164000000001,5,3
610000,637.032,4,10680.192000000001,2.25,3
530000,1237.488,4,3291.84,4.5,3
900000,911.3520000000001,3,9408.8712,3,3
1250000,826.008,3,3998.976,2.5,3
388000,536.448,3,2827.6296,1.75,4
520000,569.976,4,2346.96,2.25,3
324950,408.432,3,2971.8,2,4
500000,466.34400000000005,4,2382.3168,2,3
850000,491.0328,2,673.6080000000001,2.5,3
530000,478.536,5,914.4000000000001,1.75,4
206000,323.088,3,3154.6800000000003,1,4
442000,429.76800000000003,2,1524,1,4
399950,585.216,4,1341.1200000000001,2.75,4
442000,362.71200000000005,3,1554.48,1,4
424950,755.904,4,2610.0024000000003,2.5,3
1940000,2200.656,4,68111.2176,5.75,3
435000,673.6080000000001,4,4289.450400000001,2.25,3
185000,341.98560000000003,2,2773.6800000000003,1,4
584999,624.84,4,5443.4232,2.75,4
625000,822.96,3,5758.5864,1.75,4
350000,320.04,3,2616.0984000000003,1,5
799990,868.6800000000001,3,6638.544000000001,2.5,3
162000,551.688,3,2057.4,2.25,3
485000,734.568,3,15439.3392,2,3
530000,658.368,3,2762.4024,2.5,3
241000,502.92,3,1828.8000000000002,2,3
417200,304.8,2,1219.2,1,3
325000,646.176,3,12595.86,1.5,4
278500,469.392,4,2560.32,1,3
205000,381,3,290.1696,2.25,3
365000,399.288,3,278.892,2.25,3
1030000,832.104,4,1709.0136,3.5,5
369300,451.10400000000004,3,6498.336,1.5,4
274000,594.36,5,2657.856,1.75,3
545000,573.024,4,408.7368,3.5,3
380000,737.616,4,1518.2088,2.5,3
310000,883.9200000000001,5,3648.456,2,4
430000,515.1120000000001,3,399.288,2.5,3
309000,347.47200000000004,3,1950.72,1,3
2000000,874.7760000000001,4,1371.6000000000001,3.75,3
720000,484.632,3,1584.96,2,3
551000,481.584,3,1828.8000000000002,1,5
425000,509.016,3,32661.4536,2.25,3
256000,262.128,2,1524,1,3
380000,655.32,3,7834.884,2.5,3
198500,320.04,2,2926.08,1,4
585000,545.592,3,26582.5224,1.75,4
619100,569.976,3,2142.744,1.75,3
367000,902.2080000000001,4,1895.5512,2.5,3
508000,548.64,3,2579.2176,1.75,3
399950,609.6,3,9328.404,2.5,4
425000,304.8,3,1554.48,1,3
485000,502.92,3,2895.6000000000004,1.75,3
320000,573.024,3,2240.28,2.25,3
725000,496.824,3,2743.2000000000003,1.75,3
280000,579.12,3,2377.44,2.25,4
906000,618.744,3,548.64,2.5,3
620000,886.9680000000001,2,1862.3280000000002,2.25,4
398500,365.76,3,4864.608,1,3
307000,310.896,3,2585.9232,1,3
645000,499.872,3,311.8104,2.25,3
845000,487.68,3,773.5824,1.75,3
344950,332.232,3,2045.8176,1,4
216000,562.9656,4,2438.4,2.5,3
685000,859.5360000000001,4,3086.1000000000004,2.5,3
380000,573.024,3,1843.1256,2.5,3
739000,624.84,3,1572.768,1.75,4
428000,792.48,3,4572,2.25,3
500000,737.616,4,11180.064,2.25,4
562200,579.12,3,1600.2,1.5,4
569950,822.96,4,135160.51200000002,3.5,3
999950,1139.952,3,6847.0272,2.25,5
650000,707.1360000000001,3,1610.5632,2.5,3
350900,774.192,4,3914.5464,2.5,3
310000,310.896,3,16994.4288,1,3
290000,490.728,3,895.1976000000001,2.5,3
593000,609.6,2,762,2.5,3
725000,996.696,4,1845.564,2.5,3
921000,704.0880000000001,4,1634.3376,2.5,4
240000,341.37600000000003,2,13808.0496,1,4
825000,926.5920000000001,4,1266.444,3.25,3
196000,332.232,3,2255.52,1,4
448000,509.016,2,2368.9056,2,4
1285000,908.3040000000001,5,1554.48,3.5,3
595000,573.024,4,1243.584,1.75,3
323000,557.784,3,2110.7400000000002,2,4
390000,329.184,2,1440.18,1,3
555000,658.368,4,3348.8376000000003,2.5,4
354000,301.752,3,2313.4320000000002,1,3
982218,713.2320000000001,3,1676.4,1.75,3
833000,688.8480000000001,4,3730.1424,1.75,3
377000,548.64,4,2555.748,1.75,5
355000,771.144,5,2857.5,2.75,5
445000,365.76,2,346.55760000000004,2.25,3
550000,844.296,4,7357.872,3.5,3
412000,597.408,4,1524,1.5,3
391500,738.8352,3,1872.3864,2.5,3
305000,277.368,2,6926.58,1,1
575000,530.352,3,2792.8824,1,3
209500,295.656,3,1672.7424,1.5,3
641000,1130.808,5,2643.8352,2.75,3
537000,1488.3384,4,7936.992,4.25,3
369950,588.264,3,2515.8192,2.5,3
142500,210.312,1,2080.26,1,4
510000,432.81600000000003,3,3451.86,2,3
575000,710.1840000000001,4,2682.2400000000002,1.75,4
624950,627.888,3,1441.7040000000002,2.5,4
416000,676.6560000000001,3,28742.640000000003,2,5
957500,719.3280000000001,4,3512.2104000000004,2.25,4
286000,289.56,3,2560.32,1,3
730000,838.2,4,3154.9848,2.5,3
894400,944.88,3,13940.9424,2.5,3
660000,347.47200000000004,3,1828.8000000000002,2,3
683000,524.256,5,1219.2,1.5,3
250000,262.128,2,1316.736,1,3
456000,554.736,3,894.5880000000001,2.5,3
272000,548.64,4,2748.6864,2.25,3
740000,374.904,3,1944.624,1,3
402000,545.592,4,2228.3928,2.25,3
562000,990.6,3,15401.2392,2,4
650000,560.832,3,937.26,2,5
569950,432.81600000000003,5,1905,1,4
639000,426.72,3,737.9208,2.25,3
267500,426.72,3,2325.3192,2.5,3
570000,323.088,2,1219.2,1,4
352500,457.20000000000005,3,3129.9912,1.75,3
577000,332.232,2,1604.7720000000002,1,4
890000,893.0640000000001,4,2791.3584,2.5,3
392400,768.096,5,8519.4648,2.5,3
435000,664.464,4,1981.2,2.5,3
479900,765.048,4,2971.8,2,3
630000,1237.488,5,2532.5832,3.5,3
475000,847.344,5,1092.0984,3.5,3
500000,655.32,3,1331.3664,3.5,3
411000,685.8000000000001,4,89089.3824,1.75,4
712500,539.496,3,853.44,1.75,3
380000,731.52,4,2864.5104,2.5,4
290000,481.584,3,2090.928,2.5,3
195000,390.144,3,2123.5416,1,3
750000,893.0640000000001,4,2633.7768,2.5,3
305000,490.728,3,1071.6768,2.5,3
645000,1179.576,3,3352.8,3.25,3
182500,557.784,3,1445.9712000000002,2.25,3
215000,292.608,3,2194.56,1,4
485000,557.784,4,2555.4432,2.75,3
398000,435.86400000000003,4,1901.952,1,5
520000,481.584,3,2694.7368,1.5,5
450000,667.5120000000001,4,3543.3,1.75,4
585000,390.144,2,2167.128,1.75,4
1049000,795.528,3,1023.2136,2.25,4
674950,1069.848,3,28147.3656,2.75,3
748000,792.48,3,3103.7784,2.5,3
308500,259.08000000000004,2,1881.8352,1,4
459990,816.864,3,1688.2872,2.5,3
540000,789.432,3,7922.3616,1.75,3
550000,603.504,3,2761.7928,2.5,4
360000,268.224,2,355.09200000000004,1,3
855000,792.48,4,1642.872,2.75,4
300000,320.04,3,3069.9456,2,3
220000,377.952,4,2926.08,1.5,3
399900,262.128,3,507.1872,1,3
625000,660.8064,3,3845.3568,2,4
890000,1347.2160000000001,4,1752.6000000000001,4.25,3
890000,1368.5520000000001,5,1828.8000000000002,3.5,3
800000,987.552,3,2394.8136,2.5,3
300000,496.824,3,25226.467200000003,1.5,4
562000,926.5920000000001,5,2472.2328,2.25,3
563000,944.88,4,4718.304,3,3
464000,374.904,2,1463.04,2,3
500000,451.10400000000004,3,356.92080000000004,2.5,3
342000,402.336,2,445.61760000000004,2,3
1540000,890.0160000000001,5,2121.408,3.25,3
515000,481.584,3,2788.0056,1.75,4
540000,1127.76,7,2330.8056,5.75,3
567500,667.5120000000001,4,1542.288,1.75,3
705000,670.5600000000001,2,57363.36,2.5,3
2400000,914.4000000000001,3,3555.492,2.25,3
812000,725.4240000000001,4,1865.9856000000002,2,4
303500,323.088,3,3189.4272,1.5,4
438600,219.45600000000002,1,762,1,3
270000,557.784,3,2502.1032,1,3
439000,435.86400000000003,3,714.1464000000001,2.25,3
210000,316.992,3,805.5864,2.5,3
319950,521.208,5,3627.1200000000003,1.75,3
180000,243.84,2,2880.36,1,3
373000,914.7048000000001,5,1740.4080000000001,2.5,3
415000,597.408,3,1524,1.75,5
651000,835.152,4,2176.272,2.5,3
581000,637.032,4,2488.3872,1.75,4
267345,765.048,4,2488.692,2.25,4
562000,557.784,3,2438.4,1.5,4
1085000,1139.952,4,3681.9840000000004,3.25,3
349950,426.72,3,2153.7168,1,3
585000,609.6,5,1143,1.75,4
725000,862.5840000000001,5,1618.488,2.75,3
551000,688.8480000000001,2,2927.2992,2,3
350000,743.712,4,1219.2,2.5,3
110700,207.264,2,2457.9072,1,3
225000,277.368,2,2929.7376,1,4
699000,807.72,4,2421.636,2.5,3
440000,387.096,3,439.82640000000004,1.5,3
599950,810.768,3,1516.38,2.5,3
1130000,1161.288,4,2596.5912000000003,3.25,3
432000,448.05600000000004,3,480.9744,2.25,3
530000,552.9072,4,1524,1.75,4
467100,493.776,3,2634.996,1.75,3
468000,353.56800000000004,2,1828.8000000000002,1,4
267000,760.476,3,1341.1200000000001,2.5,3
681000,518.1600000000001,3,1937.3088,1,3
329932,445.00800000000004,3,1536.192,1.5,3
425000,460.24800000000005,3,13411.2,1.75,3
840000,1307.592,7,11462.6136,4.5,5
750000,518.1600000000001,3,2560.32,1.75,3
190000,484.632,3,3579.876,2.25,3
544000,545.592,3,2500.2744000000002,1.5,3
661000,606.552,4,1402.0800000000002,2.25,4
665000,829.056,4,3048,2.5,3
239000,316.992,3,2090.928,1,3
235000,381,3,4755.794400000001,1,4
235000,466.34400000000005,3,2651.76,2,4
463000,499.872,3,9134.856,2.5,3
630000,1405.1280000000002,4,12253.5696,3.75,4
185000,560.832,3,2468.88,1,4
402000,822.96,3,3046.1712,2.5,4
455000,530.352,4,2575.2552,2.25,4
360000,310.896,3,2139.696,1.75,4
213400,350.52000000000004,3,2647.4928,1.5,4
499000,371.856,2,914.4000000000001,1,3
2888000,2642.616,5,19517.258400000002,6.25,3
285000,569.976,3,1237.488,2.5,3
619400,637.032,4,1100.328,2,5
292000,735.7872,4,2344.8264,2.75,3
599000,859.5360000000001,5,1404.5184000000002,2.75,3
530100,469.392,3,1036.0152,1,3
370000,676.6560000000001,4,1627.0224,2.5,3
375000,621.792,4,33325.6128,2.5,4
304000,551.688,4,2667,2,2
632500,804.672,5,2162.8608,2.5,3
260000,387.096,3,6309.360000000001,1.5,2
310000,810.768,4,3862.4256,2.5,4
555000,621.792,3,1828.8000000000002,1.75,5
615000,755.904,5,3678.936,2.25,3
482000,420.624,3,341.37600000000003,3.25,3
275000,566.928,3,4779.5688,1.75,4
410000,768.096,6,2841.9552000000003,2.75,4
352450,435.86400000000003,3,1828.8000000000002,2,5
360000,868.6800000000001,4,1417.3200000000002,2.5,3
237000,396.24,3,2487.168,1,4
340000,573.024,3,3428.6952,1.75,3
715000,1002.792,4,2020.2144,2.5,3
350000,505.968,3,3093.7200000000003,1.75,3
347000,387.096,3,2560.32,1,3
579000,499.872,3,386.7912,2.5,3
305000,673.6080000000001,4,2856.2808,2.25,4
437000,576.072,4,2592.324,2.5,3
859000,1082.04,4,4236.72,2.25,3
660000,777.24,2,1828.8000000000002,2.25,5
625000,734.568,3,19529.4504,2.5,4
350000,225.55200000000002,2,2340.864,1,4
329445,252.984,2,341.07120000000003,1.5,3
1250000,981.456,4,4754.88,2.5,5
941000,707.1360000000001,4,1165.8600000000001,1.75,5
276000,749.808,4,3429,2.25,4
667000,1011.936,3,145782.18240000002,1.75,4
424000,640.08,4,1480.4136,2,3
329950,533.4,3,2377.44,1,4
429900,722.3760000000001,3,1631.5944000000002,2.5,3
216500,423.672,2,1366.1136000000001,1.75,4
370000,725.4240000000001,3,4419.6,1.5,4
1075000,1066.8,4,2667,4.25,5
850000,807.72,3,727.5576000000001,2.5,3
950000,1118.616,4,2340.864,2.5,3
345000,694.9440000000001,4,1524,2.5,3
480000,743.712,4,2945.5872,3,3
882566,1085.088,4,1604.7720000000002,2.5,3
402500,243.84,2,694.9440000000001,1,5
825000,1216.152,4,2022.9576000000002,2.75,3
345000,329.184,2,2369.82,1,3
1075000,999.744,3,3140.0496000000003,2.5,3
675000,883.9200000000001,5,3139.44,2.25,3
554950,899.1600000000001,3,3125.4192000000003,2.5,3
404950,713.2320000000001,4,66145.86720000001,2.25,4
266000,608.076,4,2164.6896,2.25,4
600000,685.8000000000001,4,3465.576,2.5,3
970000,1066.8,5,1536.192,2.75,3
326500,323.088,3,2414.016,1,4
580000,591.312,3,1822.7040000000002,2.25,3
425000,402.336,2,2691.384,1,3
321500,222.50400000000002,1,591.9216,1,3
237950,445.00800000000004,2,2415.8448000000003,1.75,4
734950,1304.544,4,14380.1592,3.25,3
610000,801.624,3,1776.0696,2.5,3
277950,575.7672,4,1828.8000000000002,2.5,3
859990,1072.896,4,1676.4,2.75,3
467000,347.47200000000004,2,359.96880000000004,2.5,3
379900,548.64,3,850.6968,2.5,3
1215000,1389.8880000000001,3,4980.1272,3,3
980000,838.2,5,1828.8000000000002,2.5,3
557500,798.576,3,3369.8688,2.5,3
430000,438.91200000000003,2,64924.8384,2,4
205000,323.088,2,2438.4,1,3
470000,542.544,3,2677.3632000000002,2.25,3
625000,783.336,4,1682.496,2.5,3
431000,521.208,3,3863.9496000000004,2.5,3
600000,359.66400000000004,2,658.368,1,3
320000,795.528,4,2766.6696,2.75,4
515000,719.3280000000001,3,3430.2192,2.5,3
635000,688.8480000000001,4,2577.6936,2,3
420000,323.088,3,11778.691200000001,1.75,3
710000,954.024,3,20048.22,2.25,4
470000,1030.2240000000002,4,3017.52,2.25,4
779380,789.432,5,2159.2032,2.5,3
775000,358.14000000000004,3,3186.3792000000003,1,4
380000,533.4,3,3313.1760000000004,1.75,5
750000,801.624,2,2425.2936,2.5,3
1950000,1239.0120000000002,4,5703.722400000001,3.5,4
419000,664.464,4,3184.2456,2,4
650000,728.472,4,3657.6000000000004,1.75,3
325000,643.128,4,2084.2224,2.75,4
950000,655.32,3,1067.7144,1.75,3
424000,670.5600000000001,3,10570.464,2.5,3
371000,515.1120000000001,4,3308.2992000000004,1.75,3
590000,466.34400000000005,3,722.3760000000001,1,3
585000,716.2800000000001,5,1273.4544,2.75,3
331292,505.968,3,3048,1.75,3
403900,624.84,4,2715.4632,2.5,4
178000,335.28000000000003,3,1747.7232000000001,1,4
408000,448.05600000000004,3,366.9792,2.5,3
315000,600.456,3,2499.36,1.75,3
440000,853.44,4,8611.8192,2.5,3
450000,539.496,3,567.8424,3.25,3
590000,673.6080000000001,3,2627.9856,2.5,3
300000,350.52000000000004,2,1196.9496000000001,1.5,3
839000,731.52,4,3800.5512000000003,2.75,4
790000,829.056,4,914.4000000000001,3.5,3
946000,957.072,4,2760.8784,3,3
1050000,969.264,4,1403.9088000000002,4.5,4
335900,341.37600000000003,2,2267.712,1,4
1395000,1085.088,4,5115.153600000001,3.5,3
187000,320.04,2,891.8448000000001,1.75,4
311000,341.37600000000003,3,2630.7288000000003,1,3
159000,402.336,3,1991.5632,1,3
690000,847.344,4,1428.9024000000002,2.5,3
312000,356.61600000000004,2,1569.72,1,3
509950,673.6080000000001,3,21508.8216,2.5,3
675000,307.848,3,1820.5704,2,5
840000,627.888,3,2961.132,2.5,3
935000,1121.664,4,2165.6040000000003,3,3
600000,707.1360000000001,3,15932.5056,2.5,3
275000,664.464,5,2797.4544,1.75,3
440000,390.144,2,3683.8128,1,3
200000,283.464,2,2641.092,1,4
325000,554.736,4,2792.2728,2.5,4
775000,499.872,3,5708.904,1.75,4
267000,243.84,1,755.904,1,4
370000,307.848,2,640.6896,1.5,3
535000,621.792,3,1706.88,2,5
650000,850.392,3,2048.2560000000003,2.5,3
203000,454.15200000000004,3,2438.4,1.75,4
552625,780.288,4,2862.072,2,5
716000,755.904,4,2980.944,2.25,4
265000,554.736,4,4908.1944,2.5,3
546800,661.416,4,3048,2.25,3
710000,542.544,3,2966.3136,2,3
439995,478.536,3,2560.32,1.75,4
471275,1024.4328,4,1535.5824,2.5,3
290000,713.2320000000001,4,15932.5056,2.5,2
450000,542.544,3,3038.5512000000003,2.25,3
296000,542.544,4,1097.28,2.5,3
497000,627.888,3,563.88,3,3
390000,304.8,3,2117.4456,1,3
522500,435.86400000000003,2,368.808,2.25,3
591500,515.1120000000001,4,1243.584,2.5,4
365000,452.32320000000004,3,536.7528,2.5,3
383001,359.66400000000004,3,2197.608,1,4
887000,1167.384,6,3407.664,2.25,5
428400,807.72,4,1828.8000000000002,2.5,3
237500,451.10400000000004,3,2386.5840000000003,1.75,3
429000,329.184,2,1097.28,1,3
344950,569.976,3,2286,1.75,5
760000,667.5120000000001,3,3048,2.5,4
535000,749.808,6,1828.8000000000002,1.75,4
325000,569.976,3,2994.6600000000003,2.5,4
796000,643.128,4,914.4000000000001,3.25,3
242500,310.896,3,1789.1760000000002,1,3
250000,490.728,3,2011.68,2.5,3
396000,865.6320000000001,5,3734.7144000000003,2.75,3
662500,746.76,6,7802.88,2.25,3
200126,621.792,3,4713.1224,2.5,3
449000,445.00800000000004,2,395.0208,2.5,3
766500,679.7040000000001,2,2112.264,1.75,4
209900,313.944,3,18507.456000000002,1,3
317950,603.504,3,1371.6000000000001,2.5,3
590000,393.192,3,374.904,3.25,3
353900,767.1816,3,1188.72,2.5,3
275000,597.408,4,1882.7496,1.75,4
425000,493.776,3,303.8856,2.25,3
549900,1100.328,5,2302.764,3,3
363500,816.864,4,2346.96,2.5,4
170000,451.10400000000004,3,1728.2160000000001,1,3
822000,697.9920000000001,3,2791.3584,2.5,4
227950,509.016,3,2508.504,1.5,5
150000,240.792,2,2217.42,1,4
387500,371.856,3,2538.6792,1,3
850000,661.416,2,7843.113600000001,1.75,4
325000,649.224,4,2590.4952000000003,2.25,4
650000,859.5360000000001,4,4572,2.5,4
490500,914.4000000000001,3,6669.9384,2,3
460000,396.24,3,1219.2,1.75,3
440000,679.7040000000001,4,1722.1200000000001,2.5,3
1457000,807.72,4,2103.12,1.5,4
455000,313.944,2,1524,1,5
550000,1112.52,3,257040.58320000002,2,4
370000,643.128,3,4053.84,2.25,4
219500,249.936,1,323.088,1,3
430000,719.3280000000001,3,2041.8552000000002,2.5,3
285000,335.28000000000003,3,398.3736,1.75,3
350000,1033.2720000000002,4,4923.4344,2.75,4
124000,256.03200000000004,1,2195.4744,0.75,3
851000,810.768,3,3154.6800000000003,2.75,4
610000,1661.16,4,11295.278400000001,3.25,5
480000,512.0640000000001,3,777.8496,1.75,4
589000,719.3280000000001,3,36113.6184,2,3
505000,608.076,3,452.01840000000004,2.5,3
381000,448.05600000000004,3,1218.8952000000002,2.5,3
340000,527.304,3,3653.3328,1.75,5
201000,298.704,3,2951.0736,1,3
785000,1027.1760000000002,4,30687.5688,3,5
389000,420.624,3,2008.9368000000002,1,4
580000,664.464,6,1219.2,1.75,4
400000,914.4000000000001,3,5425.4400000000005,2,3
579950,938.784,5,1753.2096000000001,2.75,3
540000,783.336,5,1703.832,3,3
625000,536.448,4,1617.5736000000002,2,4
584950,981.456,4,1897.0752,3,3
278000,697.9920000000001,4,1151.2296000000001,2.5,3
687500,390.144,3,644.3472,1.5,3
1959000,1889.76,5,7124.0904,4.5,4
625000,658.368,2,668.1216000000001,1,5
1150000,707.1360000000001,2,2834.6400000000003,2.25,5
777000,966.216,4,3017.52,2.5,4
630500,359.66400000000004,3,1097.28,1,3
495000,621.792,4,1088.136,1.75,4
515000,1094.232,4,2514.2952,3,3
690000,908.3040000000001,4,654.4056,3.5,3
255500,539.496,3,1524,2.5,3
490000,289.56,2,932.6880000000001,1,3
225000,445.00800000000004,3,2359.152,2,3
672500,1057.656,4,2027.2248000000002,2.5,3
489000,446.53200000000004,2,296.2656,2.75,3
449000,603.504,4,1645.92,2.5,3
1250000,902.2080000000001,5,8625.84,2.75,4
515000,438.91200000000003,3,1339.2912000000001,2.5,5
164000,466.34400000000005,4,1485.9,1,3
450000,530.352,3,2072.6400000000003,1.75,4
545000,1082.04,3,41557.3464,2.5,3
760000,1231.392,3,45066.5088,2.5,3
436300,707.1360000000001,3,2871.2160000000003,2,5
387000,551.688,3,3291.84,1.75,5
600000,411.48,3,57093.002400000005,2.5,4
535000,798.576,4,10234.574400000001,2.25,3
590000,679.7040000000001,4,1557.2232000000001,1.5,3
399000,512.0640000000001,3,450.49440000000004,3.25,3
306500,256.03200000000004,2,271.8816,1,3
305000,810.768,5,2560.32,2.25,5
244000,448.05600000000004,3,2845.9176,2.5,3
250000,243.84,2,1591.056,1,3
379900,377.952,2,405.6888,1.5,3
140000,222.50400000000002,1,2100.072,1,4
585000,536.448,4,1632.5088,1.75,4
552321,597.408,3,2581.3512,2.5,4
230000,448.05600000000004,2,7821.4728000000005,1,3
245000,204.216,2,718.1088000000001,1,5
785000,893.0640000000001,3,10357.408800000001,2.5,3
713500,524.256,3,1280.16,2,3
362000,704.0880000000001,3,2281.4280000000003,2.5,3
750000,1039.3680000000002,7,1236.2688,2.75,4
490000,457.20000000000005,3,393.192,2.25,3
314000,673.6080000000001,5,4114.8,2.75,5
252500,542.544,3,2192.1216,2.5,4
554000,1048.512,5,3931.92,2.5,4
255000,292.608,4,2701.4424000000004,1.75,5
850000,710.1840000000001,4,3185.4648,2.25,4
475000,493.776,2,4409.5416000000005,2.5,3
277500,798.576,3,1389.2784000000001,2.5,3
455000,411.48,2,368.5032,2,3
560000,829.056,4,2688.0312000000004,2,3
533250,463.29600000000005,4,4693.3104,1.75,4
845800,920.4960000000001,4,3886.2000000000003,3.5,3
599995,493.776,3,914.4000000000001,1,5
323000,393.192,3,3728.0088,1,3
218250,329.184,3,2979.1152,1.5,3
216300,502.92,3,1524,2.5,3
549000,408.432,3,914.4000000000001,2,5
1225000,1048.512,5,1524,2.25,5
498445,980.2368,4,1798.9296000000002,2.5,3
179950,344.42400000000004,3,3019.6536,1,3
500000,676.6560000000001,3,2741.3712,1.5,4
732000,597.408,3,932.6880000000001,2.5,3
135000,463.29600000000005,3,2575.56,1,2
410000,807.72,3,2383.2312,3.25,4
345000,539.496,2,5077.968,1,3
385000,615.696,5,1219.2,2,3
720168,646.176,4,1156.4112,2.25,4
264950,426.72,3,3307.9944,1.5,4
161500,371.856,3,1828.8000000000002,1,5
450000,566.928,4,2379.8784,1.5,3
199950,265.176,2,5650.0776000000005,1.75,4
375000,466.34400000000005,3,344.72880000000004,2.5,3
425000,512.0640000000001,3,4459.224,1.75,3
575000,399.288,1,2641.7016000000003,1,1
305000,393.192,2,957.072,1,3
632000,780.288,6,2535.936,2.5,3
275000,594.36,5,2743.2000000000003,1.5,3
261500,749.808,4,2377.44,2.5,3
345500,658.368,4,2951.0736,2.5,3
535000,832.104,2,2208.5808,2.5,3
1001000,944.88,4,2438.4,2,5
202000,256.03200000000004,2,2194.56,1,4
220000,374.904,3,2962.656,1,5
445000,384.048,3,2715.768,1,4
255000,402.336,3,293.5224,2.25,3
565000,649.224,5,1328.928,2.25,3
420000,896.1120000000001,7,2628.5952,3,3
700000,1121.664,9,1341.1200000000001,3,3
988000,667.5120000000001,3,1158.24,1.75,4
496500,688.8480000000001,3,1109.472,2.5,3
665000,1011.936,4,3222.9552000000003,2.75,5
435000,688.8480000000001,3,1554.48,2.5,3
248000,569.976,3,1233.2208,2.5,3
280000,530.352,3,1718.7672,2.75,3
335000,640.08,3,2529.2304,1.75,4
450000,579.12,5,2883.4080000000004,2.5,3
465000,777.24,4,2331.7200000000003,2.25,4
1590000,987.552,4,3392.7288000000003,2.25,4
610000,804.672,4,2560.32,2.75,3
459000,579.12,4,2766.6696,3,3
625000,612.648,3,975.36,2.5,3
168500,310.896,2,2359.7616000000003,1,4
1920000,2356.1040000000003,5,70368.56640000001,5.75,3
334000,560.832,3,2981.2488000000003,2.25,3
287500,618.744,3,2648.712,2.25,4
437400,655.32,3,2720.34,1.75,4
240000,265.176,2,1997.0496,1,3
585000,603.504,2,2606.04,1.75,3
366000,722.3760000000001,3,1333.5,2.5,3
635000,762,4,1219.2,2.5,3
2260000,947.928,3,4532.9856,3.5,3
604000,454.15200000000004,4,1367.028,1.75,3
278800,743.712,4,2376.5256,2.5,3
797000,1066.8,3,2887.3704000000002,3.5,3
432000,627.888,5,100554.4344,2.75,5
241000,310.896,3,2297.5824000000002,1,3
590000,771.144,4,3234.2328,2.25,5
265000,280.416,2,444.39840000000004,1.5,3
369900,859.5360000000001,4,10287,2.5,4
425000,697.9920000000001,4,2674.0104,1.5,4
598780,926.5920000000001,4,3706.3680000000004,2.25,4
241500,399.288,3,2239.9752000000003,2,3
437000,533.4,3,6814.413600000001,2.5,3
540000,356.61600000000004,2,1447.8000000000002,1,3
430000,813.816,3,3903.2688000000003,2.5,3
265000,512.0640000000001,3,2977.5912000000003,1.75,3
350000,557.784,3,2872.7400000000002,1.75,3
200000,316.992,3,2720.34,1,4
810000,822.96,4,874.1664000000001,3.5,3
315000,457.20000000000005,3,2385.9744,2,4
275000,438.91200000000003,4,3328.416,2,3
750000,856.488,4,1675.4856,2.75,3
1810000,1295.4,5,6230.4168,2.5,4
753000,719.3280000000001,3,2526.792,1.75,4
315000,670.5600000000001,3,1814.7792000000002,2.5,3
247500,536.448,4,2560.32,2,3
729000,755.904,3,2264.0544,2.5,3
308000,381,3,350.52000000000004,2.5,3
345000,615.696,4,5532.12,1,4
289950,639.7752,3,1303.02,2.5,3
595000,676.6560000000001,3,6730.2888,1.75,4
215150,280.416,3,1453.8960000000002,1,4
254000,307.848,3,2250.6432,1,5
325000,451.10400000000004,3,29607.6624,2.25,3
620000,679.7040000000001,5,5120.64,1,4
315500,353.56800000000004,3,3072.0792,2,3
415000,633.984,3,2926.08,2.75,3
472000,548.64,2,837.5904,2.25,4
756100,609.6,4,2535.0216,2,4
798000,981.456,5,1808.6832000000002,2.75,3
210000,262.128,3,3573.78,1,4
507000,832.104,4,2331.4152,2.5,3
843000,954.024,3,2667,2.5,3
499000,731.52,6,2286,1.75,3
299000,591.312,5,2861.7672000000002,2.5,4
263700,365.76,3,1999.7928000000002,1,3
934000,859.5360000000001,9,1365.5040000000001,3,3
350000,435.86400000000003,2,2414.3208,1.75,3
325000,481.584,3,1221.3336000000002,2.75,3
400000,307.848,3,3734.4096000000004,2,3
270000,652.272,3,3044.952,2.25,4
345000,469.392,4,2184.8064,1.5,3
1084500,804.672,4,1524,2.75,3
425000,478.536,3,3783.1776,1.5,3
420550,417.576,4,2468.88,2,2
565000,743.712,3,2553.6144,2.25,3
1500000,789.432,5,3505.2000000000003,3.25,4
386000,755.2944,4,1852.8792,2.5,3
1288000,1234.44,5,3461.9184,4,4
852000,798.576,4,2233.5744,2.5,3
871000,655.32,4,2601.7728,2.5,4
720000,1051.56,4,12095.378400000001,2.5,3
1081000,640.08,4,3710.0256000000004,2.25,5
279900,539.496,4,1322.2224,2.5,3
354450,652.272,4,3023.616,2.75,3
130000,237.744,2,1615.44,1,3
680000,670.5600000000001,4,3699.3576000000003,1,4
190000,362.71200000000005,4,2414.016,1,3
700000,719.3280000000001,4,1828.8000000000002,1.75,3
2250000,1231.392,3,2194.56,3,4
480000,365.76,3,932.6880000000001,1.5,4
481203,286.512,2,1158.24,1,3
450000,856.488,2,3415.284,2.75,3
395000,899.1600000000001,6,3413.76,2.25,4
255000,524.256,3,1889.76,2.5,3
503000,265.176,2,1304.544,1,4
428000,430.98720000000003,2,597.408,2.5,3
525000,457.20000000000005,3,2072.6400000000003,1,3
335000,615.696,6,2155.2408,2,3
910000,829.056,3,2209.8,2.5,3
495000,490.728,4,1453.8960000000002,2,4
662500,1085.088,3,2985.8208,2.5,3
457500,292.608,3,1402.0800000000002,1,4
250000,585.216,4,2164.6896,2.75,3
405000,515.1120000000001,4,2557.8816,1.75,3
320000,954.024,4,1584.96,2.5,3
2510000,1670.304,3,17675.352000000003,3.25,3
672000,344.42400000000004,3,1354.836,2.25,4
648752,627.888,3,3033.6744000000003,2.25,5
549950,1152.144,4,2072.6400000000003,2.5,3
715000,929.6400000000001,3,1828.8000000000002,2.5,3
229950,259.08000000000004,2,1828.8000000000002,1,3
417000,554.736,3,16120.567200000001,2.75,3
505000,377.952,3,1386.8400000000001,1.75,4
419000,573.024,4,2964.7896,2.25,3
360000,341.37600000000003,2,3848.1000000000004,1,3
485000,310.896,3,2997.708,1,5
372000,762,4,2503.9320000000002,2.5,3
389000,554.736,3,2446.9344,1.75,3
189950,313.944,2,1276.5024,1,3
550000,646.176,3,5564.124000000001,2.25,3
479000,527.304,2,316.0776,2.5,3
225000,381,3,3108.96,1,3
1851000,1255.776,4,4531.156800000001,2.5,3
428000,502.92,3,670.8648000000001,2.5,3
430100,426.72,3,328.5744,2.25,3
525000,487.68,3,2919.6792,1.75,3
280500,371.856,3,1384.0968,1,3
838000,893.0640000000001,3,46008.036,3.75,3
188200,384.048,3,2214.3720000000003,1,4
795000,838.2,5,3048,3,4
638000,448.05600000000004,4,1291.1328,1.75,4
460000,365.76,3,2231.136,2,3
515000,396.24,3,1560.576,1.75,4
305000,505.968,3,3505.2000000000003,1.75,3
282000,381,3,4115.7144,1,4
290750,387.096,3,263.652,2.5,3
1600000,944.88,5,1637.9952,2.5,4
1180000,1143,4,22571.049600000002,3.25,3
635000,762,4,3113.532,2.5,3
960000,1405.1280000000002,4,3558.8448000000003,3.5,3
365000,441.96000000000004,3,18720.5112,1.75,4
385000,563.88,4,3566.1600000000003,2,4
467000,1054.608,3,2008.632,2.5,3
810000,890.0160000000001,4,3177.2352,2,5
385000,487.68,3,3144.9264000000003,2,3
330000,240.792,2,2982.1632,1,3
545000,725.4240000000001,5,2215.2864,3.75,3
255000,530.352,3,2682.2400000000002,1.75,3
300000,774.192,3,1539.24,2.5,3
279000,307.848,3,2408.8344,1,3
520000,822.96,4,3012.0336,2.75,3
898888,633.984,3,1136.5992,2.5,3
2280000,4126.992,7,93802.80960000001,8,3
313950,460.24800000000005,3,1854.0984,1,4
455000,682.7520000000001,5,2368.2960000000003,2.5,3
535000,563.88,3,3081.2232000000004,2.5,3
2998000,2033.016,5,5023.4088,4,3
535000,829.056,3,45540.168000000005,1.75,3
280000,423.672,3,329.184,3,3
239900,429.76800000000003,3,2306.1168000000002,2,3
1580000,1060.704,4,6093.2568,2.75,4
380000,463.29600000000005,3,446.22720000000004,2.25,3
537500,777.24,4,1411.2240000000002,2.5,3
422000,704.0880000000001,4,2026.92,2.5,3
930000,804.672,3,1243.584,3.25,3
1500000,740.664,3,3888.3336000000004,1.75,4
324000,304.1904,3,275.5392,2.25,3
360000,432.81600000000003,2,24960.6816,1,3
320000,704.0880000000001,4,2282.952,2.25,3
290000,609.6,4,4053.84,2.5,4
135000,182.88,2,1865.3760000000002,1,3
300000,414.528,2,2468.88,1.75,3
275000,252.984,2,1709.928,1,3
464000,1036.3200000000002,5,2734.056,2.5,4
245000,408.432,3,2252.7768,1.5,4
525000,481.584,3,353.87280000000004,2.5,3
310000,320.04,3,3010.2048,1,3
840000,893.0640000000001,4,3524.0976,1.75,3
749400,987.552,4,6187.7448,2.5,3
477000,411.48,3,625.7544,2.5,3
299800,240.792,2,1597.152,1,4
350000,298.704,3,2374.3920000000003,1.5,5
495000,725.4240000000001,3,1905,3.5,3
200000,399.288,4,1584.96,1,3
243500,603.504,4,2256.4344,2.5,3
254500,783.336,4,2214.0672,2.75,3
940000,633.984,4,1219.2,2.75,3
641000,493.776,3,1211.5800000000002,1.75,5
900000,1243.584,3,66354.0456,3.5,3
300000,408.432,2,2373.7824,1,3
478000,390.144,3,786.384,1,3
477000,524.256,4,1911.096,2.75,3
715000,658.368,2,1701.0888,2.5,3
510250,426.72,3,1219.2,1.75,3
590000,502.92,3,1874.52,2,4
215000,368.808,3,2461.26,1.75,4
589000,338.32800000000003,3,1828.8000000000002,1,5
1425000,1511.808,4,1828.8000000000002,4.25,3
300000,633.984,3,2995.2696,2.5,3
374000,365.76,3,2987.04,1,4
299950,368.808,3,2903.2200000000003,1,3
1035000,679.7040000000001,3,1752.6000000000001,2.5,3
440000,374.904,2,2011.68,1,3
1070000,1258.824,4,3755.136,3.75,3
475000,792.48,3,2197.608,2.5,3
430000,414.528,3,1560.576,2,4
400000,466.34400000000005,3,3270.8088000000002,1.75,3
465000,277.368,3,1371.6000000000001,1,3
742000,469.392,3,214.57920000000001,3.25,3
520000,469.392,3,453.23760000000004,3.25,3
640000,713.2320000000001,3,1281.9888,1.75,5
425000,743.712,4,4678.3752,2.75,4
320000,417.576,3,3017.52,1.75,4
294700,600.456,3,2926.08,2,4
432000,448.05600000000004,3,1905,1.75,4
304700,225.55200000000002,2,1827.276,1,4
410000,597.408,3,1341.1200000000001,2.5,3
440000,475.488,3,2253.0816,2.75,5
883000,902.2080000000001,4,12696.748800000001,2.5,3
545000,591.312,3,2979.42,2.5,3
580000,822.96,5,3314.7000000000003,2,4
287500,783.336,4,2743.2000000000003,2.5,4
820000,966.216,4,2597.8104000000003,2.5,3
424000,509.016,3,2346.96,2,3
248000,633.984,4,4117.848,2,3
930000,1075.944,5,2860.5480000000002,2,3
505000,490.728,3,1405.4328,2.5,3
625000,743.712,3,1463.04,2.5,3
488800,661.416,4,2945.8920000000003,2.25,4
800000,960.12,4,2144.268,2.75,3
565000,993.648,4,1493.52,2.75,3
396500,728.472,3,2179.0152000000003,1.75,3
235000,664.464,6,2424.9888,3,3
562500,396.24,3,276.4536,2.25,3
687500,710.1840000000001,4,1524,1.75,4
362500,441.96000000000004,4,2575.56,1.75,3
415000,326.136,3,2438.4,1.75,3
139000,210.312,2,1609.344,1,4
225000,405.384,3,3993.4896000000003,1.75,3
381500,274.32,2,886.9680000000001,1,5
2300000,1295.4,4,2612.136,3.25,3
638000,505.968,3,1136.5992,2,5
560000,755.904,4,4986.528,2.5,5
525000,923.5440000000001,4,2019.3000000000002,2.75,3
475580,463.29600000000005,3,3378.708,1.75,3
215500,371.856,2,4754.88,1.75,3
235000,426.72,3,1920.24,1.75,3
435000,573.024,4,1170.432,2,3
600000,908.3040000000001,5,2371.6488,2.25,3
580000,670.5600000000001,3,3352.8,2.5,3
395000,560.832,5,3186.0744,1.75,3
515000,835.152,5,2934.9192000000003,3.25,5
600000,707.1360000000001,3,2319.2232,2.5,3
500000,524.256,3,918.0576000000001,2.5,3
681000,573.024,3,3057.7536,1.75,4
170500,323.088,2,2346.96,1,3
1131000,850.392,3,4203.4968,2.25,3
542000,326.136,3,2447.5440000000003,1.75,3
232000,445.00800000000004,3,4572,1.5,3
399500,414.528,4,1475.232,1.75,4
299880,445.00800000000004,3,927.8112000000001,2.5,3
540500,853.44,3,56427.624,2,3
860000,1060.704,5,2804.1600000000003,2.25,3
355000,643.128,3,1230.7824,2.5,4
525000,694.9440000000001,4,1816.3032,1.75,3
400000,615.696,3,914.4000000000001,2.5,4
582000,847.344,5,3759.708,2.5,4
289900,371.856,3,2134.8192,1.75,5
550000,429.76800000000003,3,1524,1.75,4
1300000,509.016,5,1950.72,1,3
425500,600.456,3,838.8096,2.5,3
389500,411.48,3,266.3952,2.5,3
325000,658.368,4,2080.26,2.5,3
531000,774.192,5,1530.7056,2.75,4
810000,1213.104,4,63862.610400000005,3.5,3
435000,487.68,3,723.9000000000001,2.5,3
410000,765.048,4,1246.632,2.25,3
524000,704.0880000000001,4,1524,2.75,5
358803,316.992,2,1757.172,1,3
209995,213.36,2,2225.9544,1,5
175000,313.944,3,2011.68,1,3
370000,502.92,3,546.5064,2.5,3
257500,414.528,4,2841.6504,1.5,4
870515,1097.28,4,1736.4456,3.5,3
991700,697.9920000000001,4,716.2800000000001,3,3
424900,899.1600000000001,4,15135.7584,2.75,4
835000,1365.5040000000001,4,13020.1416,3,3
379000,914.4000000000001,5,7673.34,2.75,4
395000,649.224,3,1550.8224,2.5,3
974350,941.832,4,3270.5040000000004,2.5,5
825000,844.296,4,2846.8320000000003,2.25,4
216000,481.584,3,2958.0840000000003,1.75,4
255900,453.84720000000004,3,995.4768,2.5,3
348000,524.256,3,2702.6616000000004,1.75,3
385000,579.12,3,1464.564,3.5,3
597000,713.2320000000001,4,2400.9096,2.5,3
225000,765.048,3,3661.5624000000003,2.25,3
181000,475.488,2,3293.9736000000003,1.5,2
183000,390.144,3,1330.7568,1.5,4
1598000,1301.496,5,2286,3.75,3
260600,246.888,2,1389.8880000000001,1,3
488000,591.312,3,1725.1680000000001,2.5,3
220000,466.34400000000005,4,5608.320000000001,1.75,4
185000,420.624,4,2042.16,1,3
382000,502.92,2,826.008,2.5,3
339999,530.352,4,1941.2712000000001,2,5
209000,374.904,3,408.432,2,3
859900,1033.2720000000002,4,1919.6304,2.75,3
335000,743.712,3,2326.2336,2.5,3
1385000,1222.248,4,4683.252,3.5,3
270000,423.672,3,2743.2000000000003,1.75,4
270000,426.72,3,1165.8600000000001,2.25,3
390000,719.3280000000001,3,1748.6376,2,3
374950,600.456,4,4416.552000000001,1.5,4
975000,1042.416,6,6833.920800000001,3,5
500000,926.5920000000001,3,1623.3648,2.5,3
300000,557.784,3,3886.2000000000003,2.5,3
265000,234.696,2,1572.768,1,3
780000,1045.464,4,1981.2,2.75,3
417500,353.56800000000004,3,2283.2568,1,4
275000,286.512,2,1524,1,3
279000,368.808,4,1828.8000000000002,1,3
185000,435.86400000000003,3,3296.7168,1.75,3
305000,454.15200000000004,3,2346.0456,2,3
490000,646.176,4,2383.536,2.5,3
811000,765.048,2,5482.1328,2.5,3
213500,371.856,3,1828.8000000000002,1,4
235500,420.624,3,2316.48,1.5,4
365000,548.64,4,1545.336,2.5,5
438500,454.15200000000004,3,936.3456000000001,2,5
252000,530.352,3,3302.8128,2.25,3
500000,716.2800000000001,4,2197.608,2.25,4
329950,414.528,4,1798.3200000000002,1,4
808000,777.24,3,1901.952,2.5,5
350000,414.528,3,5523.8904,1.75,3
420000,710.1840000000001,3,1934.2608,2,3
295000,646.176,4,2331.7200000000003,3,3
263000,396.24,3,2403.348,1.5,3
2950000,1481.328,4,7280.148,3.5,3
275436,661.416,4,2943.7584,2.75,3
540000,374.904,2,478.2312,1.25,3
415000,268.224,2,975.36,1,3
705000,960.12,4,2840.1264,3,3
530000,512.0640000000001,3,2368.2960000000003,1.75,4
201000,371.856,3,6840.6264,1,4
659000,469.392,3,1536.192,1.5,3
700000,734.568,3,3022.3968,2.5,4
1338750,832.104,3,11847.271200000001,2.75,3
834500,847.344,3,1828.8000000000002,2.25,4
635000,466.34400000000005,3,1524,1.75,3
359950,478.536,3,2125.98,1.75,3
544999,826.008,4,2114.3976000000002,2.5,3
527000,862.5840000000001,4,1878.4824,2.5,3
389900,521.208,4,35715.2448,1,4
133400,274.32,3,777.24,1,4
335000,460.24800000000005,2,1171.6512,1,4
599950,697.9920000000001,4,1925.7264,2.5,4
895000,804.672,4,1219.2,2.75,5
561000,1027.1760000000002,5,3144.012,2.75,3
340000,719.3280000000001,4,2278.38,2.5,3
650000,460.24800000000005,3,609.6,3.25,3
624000,765.048,3,14339.0112,2.5,4
796000,603.504,3,988.4664,1,3
225000,490.728,3,4322.6736,1.75,4
980000,646.176,4,1219.2,1.75,4
549000,710.1840000000001,3,1097.28,2,4
710000,896.1120000000001,4,1289.9136,2.75,3
540000,524.256,3,3552.7488000000003,2.5,3
620000,762,4,2524.3536,2.5,3
848000,917.4480000000001,3,1742.5416,3.5,3
545000,426.72,3,1219.2,1.75,4
325000,466.34400000000005,4,1732.4832000000001,1,3
590000,682.7520000000001,4,1645.92,2.75,4
259000,384.048,4,2209.1904,1.5,5
624000,856.488,4,3429,3.25,3
243500,701.0400000000001,4,4629.3024000000005,2.5,4
804000,844.296,5,2836.164,3.5,3
685000,502.92,3,2560.32,1.75,3
676101,691.8960000000001,4,1831.8480000000002,1.5,3
328000,414.528,4,2479.8528,1,3
214000,487.68,3,680.0088000000001,2.5,3
425000,457.20000000000005,3,2464.6128000000003,2,3
725000,737.616,4,3657.6000000000004,3,3
485500,548.64,4,1371.6000000000001,2.5,3
495000,749.808,4,1455.1152000000002,2.5,3
503000,752.856,4,1537.4112,2.5,3
520000,277.368,2,1524,1,3
329900,754.38,4,1219.2,2.75,3
549000,374.904,3,420.624,2.25,3
253905,286.512,3,2560.32,1,5
510000,838.2,3,66916.4016,2.25,3
372000,740.664,3,1524,2.5,3
293550,646.176,4,2958.3888,1.75,3
290000,627.888,3,2210.1048,1.75,3
655000,783.336,4,1344.7776000000001,2.5,3
603000,545.592,3,1600.2,1,3
311000,615.696,5,1803.5016,3,3
339275,484.632,3,2212.848,1.5,3
2500000,1310.64,4,6048.4512,4.5,3
452500,682.7520000000001,3,2374.6968,2.5,3
230000,234.696,2,1965.96,1,4
915000,1063.752,5,5745.4800000000005,2.5,4
1450000,1328.928,4,7498.9944000000005,3.5,3
432900,673.6080000000001,3,2812.0848,2.5,3
195000,326.136,3,2321.052,1,4
625000,615.696,4,2093.0616,2,5
330000,402.336,3,2948.94,1.75,4
600000,1344.1680000000001,5,17726.2536,3.25,4
414950,478.536,3,472.7448,2.5,3
420000,661.416,4,3200.4,2.5,3
618000,752.856,4,2240.28,2.25,3
257000,893.0640000000001,5,3093.1104,2.75,3
280000,521.208,4,1658.112,2,5
900000,362.71200000000005,4,2496.3120000000004,2,3
610000,768.096,5,3566.1600000000003,2.25,3
250000,460.24800000000005,4,1676.4,1.75,3
655500,725.4240000000001,4,4815.84,2.75,3
234550,606.552,3,4686.3,1,3
280000,384.048,3,2334.768,1,3
402500,387.096,4,1106.424,1,3
650000,798.576,4,6054.5472,2.5,4
352800,633.984,4,1938.528,2,3
450000,469.392,4,1475.232,2.75,4
625000,548.64,3,1463.04,1,4
315000,762,3,2526.4872,1.75,4
903000,1176.528,3,3897.1728000000003,2.75,4
772000,1057.656,4,21375.9288,2.75,4
666000,847.344,3,9604.248,2.25,3
300000,368.808,3,2133.6,1.75,3
299950,481.584,3,1600.2,1,5
465000,661.416,4,2346.96,2.5,3
410000,313.944,2,1330.7568,1,3
193000,289.56,2,2743.2000000000003,1,3
390000,697.9920000000001,5,2407.92,1.75,4
1675000,1496.568,6,2011.68,2.25,5
267000,423.672,3,1830.324,2,3
645000,1018.032,5,15994.6848,2.25,4
855000,1054.608,4,2347.5696000000003,3.5,3
515000,551.688,3,834.5424,2,4
290000,423.672,3,4023.36,1.75,3
313999,569.976,4,1279.5504,2.25,3
485000,432.81600000000003,5,3017.52,1.5,3
240000,493.776,3,1600.2,2.5,3
210000,316.992,3,2476.5,1,3
260000,545.592,4,1328.3184,2.5,3
179950,280.416,3,1485.9,1,5
550000,560.832,3,2865.4248000000002,1.75,3
840000,850.392,5,6347.1552,2.75,3
244000,292.608,2,2575.56,1,5
220000,487.68,3,3215.0304,1.5,4
395000,682.7520000000001,4,2159.5080000000003,2,3
425000,810.768,4,3413.76,2.25,4
525000,1207.008,5,98117.55840000001,3.25,4
549000,609.6,3,1868.4240000000002,1.75,4
505000,381,2,1536.192,1,3
190000,365.76,3,2534.7168,1,4
421000,399.288,4,2560.32,2.25,4
990000,957.072,4,3367.7352,2.5,3
1650000,838.2,3,1890.6744,2.25,5
1300000,2000.4024000000002,6,9957.816,3.5,3
415000,478.536,3,3582.0096000000003,1,5
320000,472.44,2,556.8696,2.25,3
490000,487.68,3,5032.2480000000005,1.75,3
632500,829.056,4,11356.2384,1.5,3
1100000,1167.384,4,4206.24,2.5,4
425000,496.824,3,3280.2576000000004,2.5,3
271500,454.15200000000004,3,2439.924,2.5,3
575000,819.912,3,132770.88,2,3
325000,320.04,3,2768.4984,1,3
675000,890.0160000000001,4,1828.8000000000002,2.5,3
248000,213.36,2,2530.1448,1,3
665000,492.252,2,1399.0320000000002,2,5
405000,615.696,3,2600.2488000000003,1.75,3
600000,816.864,3,13409.676000000001,2.5,3
340000,335.28000000000003,2,536.448,2.5,3
595000,731.52,3,4968.544800000001,2.25,3
939000,1109.472,4,1843.7352,3.5,3
143000,332.232,3,1010.412,1,4
420000,542.544,3,1524,1.5,4
285950,216.40800000000002,2,2170.176,1,5
696000,883.9200000000001,6,1950.72,3.25,4
403500,731.52,4,1171.6512,2.75,5
303000,426.72,2,502.92,1.5,3
1065000,890.0160000000001,5,914.4000000000001,3.5,3
463000,579.12,4,1828.8000000000002,2.75,3
411800,667.5120000000001,4,2072.6400000000003,2.25,5
328000,588.264,4,1170.432,2.75,3
332500,438.91200000000003,4,1479.804,2,4
445000,850.392,3,4929.530400000001,2.5,3
405000,505.968,3,2491.4352000000003,2,3
1042000,1499.616,4,82367.93280000001,4.5,3
370000,807.72,4,1739.1888000000001,2.5,3
381156,402.336,2,941.832,1,4
399000,493.776,3,3048,1.75,5
577000,780.288,3,1596.5424,2.5,3
1945000,1429.5120000000002,4,2103.12,4,3
580000,792.48,5,1143,2,4
928950,999.744,4,1828.8000000000002,3.75,3
832000,972.312,4,16140.074400000001,2.25,4
680000,1112.52,3,31599.2256,3.5,3
570000,832.104,3,3638.0928000000004,2.75,3
235000,435.86400000000003,3,4646.9808,1,4
465000,441.96000000000004,2,8252.460000000001,1.5,3
315000,670.5600000000001,3,2667,2.25,4
599950,615.696,6,1258.5192,3,3
375000,576.072,4,1597.152,2.75,3
733000,832.104,6,1524,2.75,3
295000,588.264,3,4069.0800000000004,1.75,3
311000,601.98,4,2662.1232,2.5,3
310000,536.448,3,3089.7576000000004,2.5,3
205000,252.984,2,310.896,1.5,3
507250,426.72,3,1752.6000000000001,1.75,3
959000,1353.3120000000001,6,5310.8352,3.25,4
476000,713.2320000000001,4,5346.4968,1.75,4
360000,868.6800000000001,6,4645.152,2.75,3
368750,679.7040000000001,3,1742.5416,2.5,3
848000,661.416,3,834.5424,2.75,4
635000,1264.92,5,4033.1136,3.5,3
230000,304.8,3,1219.2,1,4
562000,487.68,3,3209.5440000000003,1.75,3
386950,326.136,3,331.9272,2.5,3
380000,609.6,4,2109.5208000000002,2.5,3
705000,990.6,5,1463.04,3.5,3
365000,265.176,2,1734.0072,1,4
139000,429.76800000000003,4,3245.5104,1.5,4
450000,307.848,3,859.5360000000001,2,3
248500,377.952,3,3744.4680000000003,2,3
1100000,880.8720000000001,5,6872.3256,2.75,4
380000,384.048,3,2432.304,1,3
545000,1336.8528000000001,4,3741.42,3.25,3
2225000,1280.16,3,9180.576000000001,4,4
855169,905.2560000000001,4,1539.24,2.5,3
501000,451.10400000000004,3,2641.7016000000003,1.75,5
733000,673.6080000000001,4,1524.6096,2.5,3
549500,493.776,3,2571.9024,1.75,4
704111,749.808,4,2901.6960000000004,2.75,3
485000,618.744,3,3075.1272000000004,1.75,4
205950,295.656,3,3646.3224,1,4
130000,182.88,2,457.20000000000005,1,4
294950,323.088,2,2398.1664,1,3
235000,585.216,4,3534.1560000000004,1.5,4
555000,874.7760000000001,4,2065.3248000000003,2.5,3
215000,359.66400000000004,2,768.4008,2,3
585000,627.888,3,3303.7272000000003,2.5,3
324500,585.216,3,3456.4320000000002,1.75,4
397000,670.8648000000001,4,2908.4016,2.5,3
550000,1377.6960000000001,6,12241.987200000001,4.5,3
2650000,1432.5600000000002,4,4184.904,3.5,3
200450,295.656,3,2782.824,1,3
850000,944.88,5,29767.0728,2.25,3
1328000,993.648,4,1414.2720000000002,2.25,5
275000,557.784,3,2152.4976,2.5,3
1007500,1069.848,4,2194.56,3.5,3
416000,286.512,2,1299.6672,1,5
815000,871.7280000000001,6,5441.5944,3,3
700000,609.6,3,4490.6184,1.75,4
546000,341.37600000000003,2,1883.664,1,4
430000,286.512,3,3816.4008000000003,1,4
255000,435.86400000000003,3,3785.616,1,3
619000,621.792,3,2286.9144,2.5,3
902500,987.552,3,7169.5056,3.5,3
500000,688.8480000000001,4,2197.3032000000003,2.75,3
353000,335.28000000000003,2,2286,1,3
365000,938.784,4,10057.4856,1.75,4
555000,819.912,3,1468.8312,2.5,3
480000,670.5600000000001,3,1430.1216000000002,2.5,3
485500,707.1360000000001,4,1211.2752,2.5,3
454950,735.4824,4,1737.6648,2.5,3
475000,762,4,1371.6000000000001,2.5,3
935000,786.384,4,1371.6000000000001,2,4
540000,481.584,3,601.0656,2,3
421000,335.28000000000003,3,2640.1776,1.75,5
269000,454.15200000000004,4,3048,1.75,4
333000,640.08,4,2196.9984,2.5,3
550000,591.312,3,2553.0048,1.75,4
423500,539.496,3,1828.8000000000002,2,3
638500,539.496,4,3798.4176,1.75,4
525000,688.8480000000001,4,2340.864,2,4
546000,545.592,4,1097.28,3,3
487275,731.52,4,1214.9328,2.5,3
675000,911.3520000000001,4,1645.92,2.5,3
226750,326.136,3,1924.8120000000001,1.75,3
595000,582.168,3,937.26,2.5,3
600000,826.008,4,10670.7432,2.5,3
901000,475.488,4,1243.584,3.25,3
359000,658.368,4,1371.6000000000001,2.5,3
730000,743.712,3,1067.4096,3.5,3
448000,475.488,3,409.956,3.25,3
380000,371.856,3,914.4000000000001,1,3
359950,866.8512000000001,5,1216.152,2.75,3
529950,566.928,4,2286,2.75,5
450000,347.47200000000004,3,1371.6000000000001,1,3
631500,542.544,2,759.8664,2.5,3
355000,749.808,0,2453.3352,0,3
420000,408.432,4,2560.32,1.75,5
346300,789.432,4,3358.2864,2.5,3
361000,316.992,3,2048.2560000000003,1,3
549000,886.9680000000001,4,1931.8224,2.5,3
541125,835.152,5,2568.2448,2.75,4
280000,487.68,3,1301.8008,2.5,3
585000,551.688,3,1182.624,1.5,4
258000,527.304,4,2535.936,1.75,3
557000,865.6320000000001,4,1371.6000000000001,2.5,3
192000,213.36,2,3212.592,1,3
550000,685.8000000000001,4,2286,2,5
591000,826.008,4,11637.264000000001,2.25,4
372000,865.6320000000001,5,1831.8480000000002,2.5,3
1058000,697.9920000000001,4,3394.5576,2,4
341000,451.10400000000004,3,506.8824,2.5,3
342000,384.048,3,2080.5648,1,3
319950,704.0880000000001,4,2452.116,1.75,4
1468000,1527.048,4,10503.408000000001,3.25,3
243000,539.496,2,1683.1056,1,4
535000,673.6080000000001,3,2322.576,2.5,3
464600,341.37600000000003,3,1676.4,1.75,4
496700,530.352,3,1762.3536000000001,2.5,4
970000,1060.704,5,4628.388,3,4
344950,710.1840000000001,4,1905,2,4
1795000,1237.488,4,3962.4,3.25,3
1970000,1353.3120000000001,8,1975.104,3.5,5
635200,499.872,4,1292.352,1.75,5
472000,1344.1680000000001,6,4277.5632000000005,2.5,4
458000,941.832,5,7091.1720000000005,2.5,3
380000,368.808,2,1463.04,1,3
342000,358.14000000000004,2,416.3568,2.5,3
494995,813.816,5,1158.24,2.75,3
530000,381,3,1841.2968,1.75,5
830000,633.984,3,3206.8008,3,3
746000,722.3760000000001,3,2931.8712,2.25,4
299000,170.68800000000002,1,3694.1760000000004,0.75,3
610000,886.9680000000001,4,1603.248,3.5,3
385000,521.208,3,3505.2000000000003,2.25,3
550000,822.96,4,1569.72,2.5,3
516200,643.128,3,1569.72,2,5
1180000,1106.424,5,1828.8000000000002,3.75,3
1325000,975.36,5,6144.1584,2.25,3
445000,749.808,5,2086.6608,1.75,5
315000,295.656,2,1726.692,1,4
458000,615.696,3,2607.5640000000003,2,4
419000,819.912,4,2422.2456,2.5,3
975000,944.88,5,3052.2672000000002,2.75,4
963000,999.744,4,2012.5944000000002,3.5,3
272000,420.624,3,2278.6848,2,3
688000,1051.56,3,4937.76,3,3
620000,582.168,4,2341.7784,2.5,3
284950,301.752,3,3268.3704000000002,1,5
395000,603.504,4,3154.6800000000003,1,4
375000,569.976,4,2277.1608,2.5,3
403500,557.784,3,2439.6192,1,3
455000,365.76,2,383.7432,1.5,3
438000,463.29600000000005,3,1944.624,1.75,3
599000,832.104,5,6879.9456,2.75,3
1005000,1287.78,4,86566.5528,4.5,4
315000,542.544,4,1626.4128,2,5
531500,947.928,4,15168.372000000001,2.75,4
265000,548.64,3,2331.7200000000003,1,5
780000,1066.8,4,2148.2304,2.5,3
300000,701.9544000000001,4,1166.1648,2.5,3
550000,658.368,4,1525.5240000000001,2.75,3
453000,505.968,3,4587.24,2,3
370000,262.128,2,1536.192,1,3
440000,566.928,3,66385.44,2,3
950000,1060.704,3,2377.44,2.5,4
320000,441.96000000000004,3,422.7576,3.25,3
810000,822.96,2,2612.7456,2.75,3
450000,868.6800000000001,5,63862.610400000005,2.5,4
232500,591.312,3,3013.5576,1.5,4
450000,445.00800000000004,3,2308.2504,2.5,3
273500,472.44,3,1036.9296000000002,2.5,3
554000,509.016,2,1522.7808,2,3
315000,713.2320000000001,3,2083.9176,2.5,3
1612500,1667.256,4,5547.360000000001,2.75,3
314000,551.688,3,12740.640000000001,1.75,5
319000,499.872,3,16276.320000000002,1.75,4
390000,499.872,3,876.3000000000001,2.25,3
323000,399.288,4,2953.512,1.75,4
385000,414.528,3,618.744,1.5,3
419500,777.24,4,2194.56,2.5,3
771150,1203.96,4,3755.136,3.5,3
375000,219.45600000000002,1,964.9968,1,3
338900,557.784,4,1710.5376,2.5,3
270000,539.496,3,2633.472,2.5,3
1050000,1057.656,3,3680.7648000000004,2.5,3
225000,313.944,2,2801.7216000000003,1,4
562500,743.712,4,2231.7456,2.5,3
240000,332.232,3,3048,1,3
163500,320.04,2,1042.1112,1.5,3
620000,697.9920000000001,4,932.6880000000001,2.75,5
545800,603.504,4,1371.6000000000001,2.5,3
780000,600.456,3,792.48,2.75,3
410000,359.66400000000004,2,315.1632,1.5,3
500000,414.528,3,376.7328,2.25,3
315000,487.68,3,2432.9136000000003,2.5,3
420000,524.256,3,2469.4896000000003,1.75,5
530000,600.456,3,1918.7160000000001,2.5,3
990000,777.24,3,1188.72,4,3
520000,368.808,3,381,2.25,3
223000,399.288,3,2572.512,2,5
650000,390.144,2,1828.8000000000002,1,3
375000,274.32,2,1649.8824000000002,1,3
549000,521.208,5,2962.656,2.5,4
385100,323.088,3,2450.592,1,4
413565,515.1120000000001,3,491.6424,2.5,3
304000,289.56,2,206.0448,1.5,3
300000,582.168,4,1481.9376,2.5,3
270000,579.12,4,2592.324,1,3
299000,365.76,3,4828.9464,1,3
459950,740.664,4,2970.8856,1.75,3
379260,527.304,3,2195.1696,2.5,3
325000,426.72,2,3291.84,1,4
352000,752.856,4,1864.1568000000002,2.5,3
415950,350.52000000000004,3,2346.96,1.75,3
309950,341.37600000000003,1,3596.6400000000003,1,3
484000,1005.84,6,4115.1048,2.5,3
440000,627.888,3,3423.2088000000003,2.5,3
300000,481.584,4,2926.08,2,5
828000,1072.896,4,3017.8248000000003,2.5,3
1385000,893.0640000000001,3,1828.8000000000002,2.25,3
600000,1502.664,3,23632.9728,2.5,3
165000,505.968,3,736.092,2.5,3
736500,679.7040000000001,3,1463.04,2,4
230000,384.048,3,3097.9872,1.75,4
530000,682.7520000000001,4,1700.784,3,5
360000,713.2320000000001,4,4098.036,2.5,3
528000,652.272,5,2615.184,1.75,3
980000,990.6,4,3590.5440000000003,4.25,3
295000,536.448,3,1856.8416000000002,2,3
368000,633.984,3,1312.7736,2.5,3
779000,481.584,3,453.23760000000004,2.5,3
475000,960.12,4,1754.7336,2.5,3
330000,478.536,3,2784.6528000000003,1,3
623000,908.3040000000001,4,2814.828,2.5,4
640000,640.08,4,3625.2912,2.75,4
155000,246.888,2,1449.324,1,3
315000,353.56800000000004,3,1127.76,1,3
525000,268.224,2,1219.2,1,3
358000,426.72,3,466.03920000000005,2.5,3
500000,466.34400000000005,3,4460.1384,1.75,3
516250,728.472,6,2639.568,2,4
930000,1152.144,3,10751.2104,2.5,3
600000,1091.184,5,6505.3464,3.5,4
231000,499.872,3,1485.9,2,4
529950,457.20000000000005,2,357.83520000000004,2.5,3
390000,588.264,3,3792.6264,2,3
540000,709.8792000000001,4,2876.0928000000004,2.5,3
192500,432.81600000000003,3,2196.0840000000003,1.75,3
3635000,1673.352,5,6064.6056,6,3
706000,999.744,4,5052.06,2.5,3
349950,802.2336,4,1254.8616,2.5,3
345000,423.672,3,4224.528,1.5,3
702000,1182.624,4,4579.62,2.75,3
619500,673.6080000000001,4,1547.4696000000001,2.5,4
221900,237.744,2,2050.3896,1,3
435000,359.66400000000004,3,1285.9512,1,3
275000,356.61600000000004,3,357.83520000000004,1.5,3
215000,390.144,3,1543.8120000000001,1.5,4
1112750,941.832,5,1097.28,3.5,3
321000,393.192,3,2903.5248,1,3
562000,661.416,4,2135.7336,2.25,3
379950,387.096,3,2103.12,1,3
218000,493.776,4,5334,1,3
226450,527.304,3,2194.56,1.75,4
272450,542.544,3,2234.7936,2.25,3
499000,567.2328,3,483.7176,2.5,3
1750000,1085.088,4,2735.58,2.75,3
249950,509.016,3,1352.7024000000001,2,3
241000,350.52000000000004,3,3048,1,3
650000,716.2800000000001,3,1143,2.5,3
230000,414.528,3,2837.688,1,4
370000,603.504,3,2109.8256,2.5,5
295000,219.45600000000002,3,2270.76,1.5,1
1350000,1097.28,4,1590.1416000000002,3.5,3
449950,573.024,3,929.0304000000001,2,4
163250,234.696,2,2484.1200000000003,1,3
506000,1182.624,5,2551.176,3.75,4
545000,963.168,4,3336.9504,3,3
1015000,877.8240000000001,3,3456.4320000000002,3.5,3
358000,749.808,5,1708.0992,2.5,3
426000,496.824,2,2340.864,1,3
289200,536.448,3,2140.6104,2.25,3
334900,298.704,2,308.7624,2.5,3
457000,356.61600000000004,3,1020.4704,1,4
664000,466.34400000000005,4,1243.584,2,4
815000,984.504,5,1524,3.25,3
565000,768.096,4,4009.9488,2.5,3
563000,481.584,3,1612.0872000000002,2,3
286950,490.728,4,1235.0496,2.5,3
932990,1109.472,4,1947.3672000000001,2.5,3
482000,289.56,2,1207.008,1,3
440000,502.92,3,1953.1584,2,4
295000,304.8,3,2535.936,1,5
626100,694.9440000000001,4,2200.3512,2.5,4
565000,780.288,5,3803.904,3,3
245000,563.88,4,2300.3256,1.5,4
315000,307.848,3,3657.6000000000004,1.75,4
235000,603.504,3,3418.0272,1.5,3
549950,941.832,4,3203.4480000000003,3.5,3
1575000,1776.9840000000002,4,39964.156800000004,3.5,3
500000,621.792,4,1828.8000000000002,1.75,5
325000,353.56800000000004,3,3596.3352,1,3
292500,566.928,4,2654.5032,2.5,3
515000,515.1120000000001,3,1554.48,2,5
430000,594.36,3,1508.4552,2.5,3
135000,256.03200000000004,3,914.4000000000001,1,3
212000,323.088,3,2400.3,1.75,4
524000,399.288,3,2886.7608,1.5,4
272000,536.448,3,2926.08,1.5,4
703300,603.504,3,1074.42,2,4
435000,807.72,4,2763.012,2.5,3
372000,585.216,3,4651.2480000000005,2.5,3
274950,429.76800000000003,3,2214.3720000000003,2,4
290000,551.688,3,3491.7888000000003,2,3
340000,679.7040000000001,3,3170.8344,1.75,3
465000,612.648,5,2214.0672,3,3
290000,381,2,3812.1336,1,5
389000,365.76,2,2173.5288,2,3
680000,829.056,4,16473.830400000003,2.75,3
474950,685.8000000000001,3,67713.14880000001,2,3
615000,719.3280000000001,4,4834.128000000001,2.25,3
398500,685.8000000000001,4,1848.3072000000002,2.5,3
569888,789.432,4,1973.2752,2.5,3
256000,393.192,3,1438.6560000000002,1,3
1175000,780.288,5,1712.3664,2.75,3
671500,539.496,3,522.4272,2.5,3
318000,515.1120000000001,3,3859.3776000000003,2.25,5
277000,597.408,4,1572.768,3,3
319500,362.71200000000005,3,2575.56,1,5
293000,344.42400000000004,4,2532.2784,1,4
546000,365.76,2,3918.5088,1,4
363000,664.464,4,2828.8488,2.5,3
400000,600.456,4,2725.2168,2.25,3
410000,475.488,2,3086.1000000000004,1,4
1200000,1021.08,4,3562.5024000000003,2.5,3
435000,524.256,5,3825.5448,1.5,3
255000,381,4,2774.2896,1,3
485000,478.536,3,2472.2328,2.25,3
258305,228.60000000000002,2,903.4272000000001,1.5,5
418200,688.8480000000001,3,22645.7256,2.5,3
389000,618.744,3,3070.86,1.5,5
822000,734.568,3,4053.84,2,3
830000,350.52000000000004,2,1828.8000000000002,1,4
566000,475.488,3,1602.9432000000002,2.5,3
988990,1264.92,4,1921.1544000000001,4.75,3
1100000,862.5840000000001,5,5501.64,2.75,5
340000,582.168,4,2194.8648000000003,2.5,3
437000,445.00800000000004,2,442.56960000000004,3,3
1712750,810.768,5,2003.1456,2.5,5
629950,512.0640000000001,3,512.9784000000001,2.5,3
602000,445.00800000000004,3,416.6616,3.25,3
346900,600.456,4,1556.3088,2.5,3
805000,719.3280000000001,4,1447.8000000000002,1.75,5
317000,423.672,3,2529.84,1.5,4
310000,396.24,3,1100.9376,2.5,3
345000,463.29600000000005,3,2267.4072,1.75,4
1185000,1185.672,7,2542.6416,3.5,3
730000,1057.656,4,4349.8008,2.5,3
355000,624.84,4,1219.2,2.75,3
740000,871.7280000000001,4,7966.2528,2.25,3
558000,588.264,2,1402.3848,1.75,3
2152500,1170.432,4,1894.0272,3.25,4
352000,438.91200000000003,4,2645.664,1.5,3
677790,853.44,6,1284.1224,3,3
438000,341.37600000000003,2,1944.624,1,3
349900,697.9920000000001,4,2681.0208000000002,2.5,3
350000,603.504,3,83379.86880000001,1.75,3
295000,219.45600000000002,2,1257.3,1,4
400000,594.36,3,5648.8584,2.5,3
698000,1106.424,4,1728.2160000000001,3.5,3
425000,591.312,4,1376.7816,2.5,3
1070000,1136.904,3,4042.8672,3.25,3
210490,301.752,3,2599.3344,1,3
535000,838.2,4,4602.175200000001,2.5,3
540000,515.1120000000001,4,1041.5016,1,3
410000,265.176,2,1219.2,1.75,3
1011000,585.216,3,1365.5040000000001,2.5,3
323000,524.256,3,2167.128,1.5,3
1450000,1524,4,11586.0576,3.5,3
277000,457.20000000000005,4,1752.6000000000001,1,3
360000,783.336,4,1388.9736,2.5,3
717000,350.52000000000004,3,1524,1,3
750000,716.2800000000001,3,218142.312,2.5,4
1330000,1048.512,4,2979.7248,3.5,3
450000,423.672,3,3209.5440000000003,1.5,3
400000,323.088,3,3657.6000000000004,1,3
449000,783.336,5,18853.404000000002,2.5,4
895950,969.264,5,2820.924,2.75,3
615000,798.576,3,2523.744,1.75,4
650000,902.2080000000001,6,1524,3,3
425000,792.48,3,3314.3952000000004,2.75,3
440000,466.34400000000005,3,2208.2760000000003,1.75,4
204000,365.76,3,3810,1,3
740000,880.8720000000001,4,1219.2,2.75,4
240000,445.00800000000004,3,4115.7144,1.5,4
567000,496.824,3,1303.02,1.75,3
657500,493.776,4,2304.288,1.75,4
352750,691.8960000000001,4,7387.4376,2.75,4
345000,252.984,2,280.416,1.5,3
790100,789.432,4,2847.1368,2.5,3
320000,472.44,4,2310.0792,2.25,3
659000,441.96000000000004,2,369.7224,2.5,3
520000,341.37600000000003,2,1871.7768,1,3
680000,1103.376,4,10798.7592,2.75,3
864000,1133.856,4,32263.08,2.5,4
400000,377.952,3,1219.2,1,3
250000,371.856,3,1535.5824,1,5
399000,408.432,3,2191.8168,1,3
418500,667.5120000000001,4,1483.1568,2.5,3
494900,621.792,3,762,2.5,3
600000,387.096,2,1524,2,3
1349000,1444.7520000000002,4,2624.6328000000003,3.5,3
535000,990.6,4,2113.1784000000002,2.5,3
366000,661.416,4,2969.6664,2.75,3
845000,877.8240000000001,4,10764.012,3.25,3
1395000,1222.248,5,2593.848,3.5,5
665000,853.44,4,1798.3200000000002,2.5,3
680000,652.272,2,1828.8000000000002,1,4
700000,758.952,4,1432.5600000000002,2,4
505000,640.08,3,1775.1552000000001,2.5,3
445000,350.52000000000004,2,2022.0432,2,3
475000,615.696,5,1554.48,1.75,5
746000,798.576,3,2727.96,2.5,3
280000,685.8000000000001,4,4876.8,1.75,3
299000,381,2,10483.596000000001,1.75,4
580050,719.3280000000001,3,1413.6624000000002,2.5,3
465750,384.048,3,3154.6800000000003,1.5,3
605000,277.368,2,1097.28,1,4
523000,384.048,3,955.548,1.5,3
475000,932.6880000000001,4,3061.1064,2.5,4
399500,737.616,3,3863.6448,1.75,3
475000,1036.3200000000002,4,71430.4896,3.5,3
740000,633.984,2,1463.04,1.75,5
320000,920.4960000000001,5,6535.2168,2.5,4
268000,600.456,3,3130.2960000000003,1.75,4
975000,697.9920000000001,4,1630.68,2.25,4
292000,527.304,3,3451.86,1.75,5
237000,344.42400000000004,3,3246.1200000000003,1,3
545000,621.792,4,1839.1632000000002,2.5,3
744000,813.816,3,3714.5976,2.5,3
480000,707.1360000000001,4,1317.3456,1.75,3
580379,682.7520000000001,4,8479.536,2.75,4
448000,496.824,2,1152.144,1.5,4
370000,371.856,2,5234.0256,1,4
620000,435.86400000000003,2,914.4000000000001,1,3
538000,445.00800000000004,3,2194.56,1,3
153000,387.096,3,1952.2440000000001,1,3
899950,1002.792,4,1650.1872,3.5,3
385000,252.984,2,8025.0792,1,4
792500,1307.592,4,53468.3208,2.5,3
660000,560.832,6,845.5152,1.75,3
499000,533.4,3,3756.6600000000003,1.75,4
250000,548.64,4,2468.88,2.5,3
1170000,783.336,4,1905.3048000000001,2.5,3
286800,430.68240000000003,3,1097.28,2.5,3
690000,469.392,3,435.25440000000003,3.25,3
520000,591.312,3,66911.8296,1.75,3
549000,393.192,4,932.6880000000001,1.75,4
405000,445.00800000000004,3,3048,1,3
1320000,1344.1680000000001,4,11033.76,3.5,3
249500,457.20000000000005,2,2634.996,1.75,4
349900,737.616,3,11820.4488,2,5
335000,219.45600000000002,1,1554.48,1,3
455000,899.1600000000001,4,1372.2096000000001,2.5,3
689000,670.5600000000001,3,2999.232,1.75,5
639888,624.84,4,844.9056,2.5,3
305000,579.12,6,2511.552,2,2
471000,377.952,2,1955.9016000000001,1.75,5
641000,844.296,4,19238.366400000003,2.5,3
370000,402.336,3,2237.5368000000003,1,3
436500,697.9920000000001,4,3405.5304,2.5,4
255000,512.0640000000001,4,968.9592,2.25,3
600000,914.4000000000001,5,4236.4152,2.25,4
250000,347.47200000000004,3,3169.92,1.75,4
409124,1011.936,5,3456.4320000000002,3.25,4
250000,301.752,3,2457.2976000000003,1,4
275000,557.784,4,1178.9664,2.5,3
601000,637.032,4,2104.9488,2.5,4
350000,402.9456,3,547.4208,2.25,3
270000,350.52000000000004,2,1097.28,1,3
385000,313.944,3,914.4000000000001,1,3
1375000,1146.048,5,6938.1624,4,4
409950,402.336,3,1837.9440000000002,1.75,4
275000,396.24,3,2468.5752,1.75,4
263000,545.592,3,2281.4280000000003,1.75,4
382450,676.6560000000001,3,6257.848800000001,2.5,3
335000,868.6800000000001,3,2450.2872,2.75,4
438000,502.92,3,923.8488000000001,2.5,3
309950,539.496,4,2031.7968,2.5,3
336000,542.544,4,1313.688,1,5
884744,1283.208,4,2869.3872,3.5,3
500000,481.584,3,1334.7192,2.25,4
610000,734.568,4,4846.0152,2.5,3
550000,624.84,4,2646.5784000000003,2.5,3
275000,569.976,3,2079.0408,2.5,3
285000,588.264,3,2194.56,1.75,3
305000,384.048,3,494.3856,2.5,3
485000,652.272,5,13144.1952,1.75,4
815000,627.888,4,4910.328,1.5,4
224000,451.10400000000004,3,3227.2224,1.5,3
455000,402.336,3,309.0672,1.75,3
834995,1024.1280000000002,5,1592.5800000000002,1.5,3
890000,969.264,4,59215.934400000006,3.25,3
269900,533.4,5,2537.46,1.75,5
640000,640.08,4,914.4000000000001,1.75,4
320000,804.672,4,2286,2.75,3
412500,496.824,4,2428.9512,2.25,3
390000,569.976,3,12268.2,1.75,5
424950,841.248,5,1178.0520000000001,3.5,3
407500,234.696,2,905.5608000000001,1,3
512000,777.24,4,5245.3032,2.5,3
1325000,1222.248,4,11300.7648,2.5,4
680000,554.736,3,2534.7168,2.25,5
396500,414.528,3,453.54240000000004,1.5,3
799950,566.928,3,422.4528,2.25,3
320000,630.936,4,2135.7336,2.5,3
589000,524.256,3,290.7792,3,3
350000,274.32,1,1944.624,1,3
440000,609.6,3,3621.0240000000003,1.75,3
331000,451.10400000000004,2,1892.808,1,3
352500,585.216,3,10250.424,2,3
165000,496.824,3,6938.4672,1.5,3
900000,868.6800000000001,3,3515.8680000000004,2.5,3
282000,490.728,3,1828.8000000000002,2.5,4
2000000,929.6400000000001,3,13675.4616,2.75,3
260000,545.592,3,3622.2432000000003,1,3
268500,347.47200000000004,3,297.7896,2.25,3
370000,350.52000000000004,3,2011.68,1.75,4
455000,923.5440000000001,4,35776.8144,2.75,4
483000,643.128,3,3186.3792000000003,1.75,4
365000,301.752,2,2514.6,1,3
410000,926.5920000000001,3,1845.2592000000002,2.5,3
467000,432.81600000000003,3,301.752,2.25,3
277554,716.2800000000001,5,3962.4,2.25,3
555000,658.368,3,2311.6032,2.5,3
580000,606.552,2,1828.8000000000002,1.5,3
311000,1018.032,4,2438.4,2.25,4
548000,1042.416,4,1527.6576,3.25,3
525000,460.24800000000005,2,1024.1280000000002,1,3
549950,633.984,3,2648.712,2.5,3
336000,384.048,3,369.1128,2.5,3
288000,490.728,4,1085.088,2.25,3
319950,603.504,3,3019.6536,2.5,3
632500,1066.8,5,2211.0192,3.25,3
279200,195.072,1,1935.48,1,3
389990,684.2760000000001,4,1319.784,2.5,3
2574000,1363.98,4,6225.2352,3.75,3
291000,576.072,4,2321.3568,2.25,4
1079000,1139.952,5,1709.928,3.5,3
115000,329.184,3,1905,1,2
230000,286.512,3,3314.7000000000003,1,3
305000,475.488,4,2575.56,1,4
425000,527.304,4,3624.072,1.75,2
1138990,1304.544,5,1990.344,3.5,3
527000,725.4240000000001,4,1600.2,2.25,4
305000,512.0640000000001,3,2586.8376000000003,2,3
421500,301.752,3,1371.6000000000001,1.5,5
725000,1048.512,4,4339.4376,2.25,3
125000,152.4,1,2267.712,1,1
592500,633.984,4,1341.1200000000001,1.5,3
500000,292.608,3,1402.0800000000002,1.5,3
290000,451.10400000000004,3,9966.960000000001,1,4
725000,545.592,3,1828.8000000000002,1.5,4
287000,283.464,2,2103.12,1,3
475000,402.336,2,1042.416,1.75,3
690000,755.904,3,987.552,2.75,3
400000,463.29600000000005,2,1527.048,2,3
345000,164.592,1,3086.1000000000004,1,3
541800,950.3664,4,2397.5568000000003,2.5,3
332000,725.4240000000001,4,1748.6376,2.5,3
478000,847.344,4,2221.992,2.5,3
270000,640.08,3,4275.4296,2.25,3
431000,743.712,3,21641.409600000003,2.5,4
338500,649.224,3,1673.0472,1.75,3
411100,316.992,3,3146.4504,1.5,4
266500,530.352,3,1664.208,2.25,3
481000,786.384,3,4771.0344000000005,2,3
330000,554.736,4,1190.2440000000001,2.5,3
465000,310.896,1,975.36,1,3
610000,505.968,4,2240.28,2.25,3
420000,460.24800000000005,4,457.50480000000005,1,3
309500,381,3,2231.136,1,3
430000,448.05600000000004,3,519.0744000000001,2.25,3
370000,493.776,3,11555.8824,1.75,4
588000,704.0880000000001,3,2322.576,1.75,3
572500,710.1840000000001,5,1507.8456,1.75,4
230000,664.464,6,2200.656,3,3
697000,737.616,3,1616.6592,2.25,5
435000,719.3280000000001,3,3884.3712,2,5
481500,652.272,3,1828.8000000000002,1.75,3
368000,819.6072,4,1744.6752000000001,2.5,3
346000,484.632,3,2937.0528,1.75,4
824000,368.808,2,2560.32,1,3
2485000,1048.512,4,7301.1792000000005,2.5,5
238950,362.71200000000005,2,3474.7200000000003,1,3
236000,475.488,3,3328.1112000000003,1.75,3
430000,914.4000000000001,4,2883.4080000000004,2.5,3
357000,417.576,3,1965.96,1,3
397000,304.8,2,2335.9872,1,3
399000,435.86400000000003,3,381,2.5,3
508500,548.64,4,2057.4,1.5,4
246000,502.92,3,2034.5400000000002,2.5,3
233000,426.72,3,2797.1496,2,3
385000,512.0640000000001,3,2575.56,2.25,3
225000,472.44,3,2761.4880000000003,1.75,3
950000,1127.76,4,2149.1448,2.5,3
650000,469.392,3,381.3048,2.75,3
106000,170.68800000000002,1,1737.3600000000001,1,3
555000,688.8480000000001,4,3352.8,1.75,3
255000,283.464,3,3497.5800000000004,2,3
290000,274.32,2,831.4944,1,3
625000,566.928,3,3056.2296,2.5,3
580000,829.056,5,1524,2.5,4
528000,658.368,3,1245.4128,2.75,3
450000,289.56,2,1389.8880000000001,1,3
1135000,1432.5600000000002,5,3425.0376,3.75,3
670000,1018.032,3,4207.764,2.25,3
219950,368.808,3,2438.4,1,3
429000,807.72,4,2834.9448,2.5,3
459000,356.61600000000004,2,1489.5576,1.75,3
675000,396.24,3,484.632,2.5,3
670000,722.3760000000001,4,2937.0528,2.25,3
1320000,621.792,3,13012.8264,1.75,3
396900,414.528,3,950.976,2,3
790000,728.472,3,1356.9696000000001,1.5,3
395000,694.9440000000001,4,1527.9624000000001,2.75,3
246700,490.728,3,4056.5832,2,4
325000,292.608,2,1463.04,1,2
1568000,713.2320000000001,3,2690.7744000000002,2.75,4
330000,353.56800000000004,3,2411.5776,1,4
495000,548.64,3,2230.5264,2.5,3
330000,701.0400000000001,3,10755.4776,2.25,3
245000,301.752,2,1463.04,1,3
790000,950.976,4,48120.3,3,4
233000,649.224,4,2919.6792,2,4
325000,124.968,1,2632.2528,0.75,2
397500,460.24800000000005,3,4187.037600000001,1.25,4
290000,493.776,2,1645.92,1,3
565000,725.4240000000001,3,3185.1600000000003,1.75,3
575700,527.304,3,1868.4240000000002,1.75,3
810000,1210.056,6,2895.6000000000004,2.75,4
345000,960.12,5,2784.0432,2.5,4
1900000,935.7360000000001,4,2386.5840000000003,2.5,3
325000,688.8480000000001,3,2474.976,2.5,3
689000,743.712,4,3566.1600000000003,2.5,5
379500,780.288,4,1555.0896,2.5,3
350000,469.392,3,2987.04,1,4
1789950,1328.928,5,2592.0192,3.75,3
415000,440.43600000000004,3,460.85760000000005,2.25,3
272450,411.48,3,2430.1704,1,3
270000,865.6320000000001,3,2987.04,1.75,4
915000,728.472,3,838.2,2.25,5
510000,271.272,2,1857.756,1,3
355425,986.9424,4,2777.3376000000003,2.5,4
510000,246.888,2,1975.104,1,5
552700,335.28000000000003,2,853.44,1,3
365000,618.744,3,2636.2152,2,3
525000,304.8,2,1508.76,1,3
557500,765.048,3,10745.724,2,3
800000,716.2800000000001,4,3250.3872,2.25,2
441000,393.192,2,392.8872,1,3
211000,323.088,3,2259.1776,2,3
680000,569.976,3,1316.736,1.75,4
554663,374.904,3,2073.2496,2,3
750000,844.296,3,4642.7136,1.75,3
650000,725.4240000000001,3,1015.5936,2.5,3
610000,396.24,3,405.6888,2.5,3
274950,490.1184,3,1219.2,2.5,3
887200,426.72,3,1554.48,1,3
1200000,655.32,4,2474.6712,3,3
500000,743.712,3,2316.48,2.5,3
505000,246.888,2,1542.288,1,3
650000,463.29600000000005,3,3117.1896,1,4
380000,304.8,2,1463.04,1,3
350000,304.8,3,2520.0864,1.75,3
310000,691.8960000000001,5,1524.3048000000001,3,3
1115000,1124.712,4,3411.0168000000003,2.5,4
645000,661.416,3,604.7232,2.5,3
620000,576.072,4,1310.64,2.25,3
472000,783.336,5,2259.1776,2.5,3
978000,880.8720000000001,4,2383.8408,2.75,3
306500,600.456,3,1917.4968000000001,2.5,4
540000,551.688,3,1197.864,2.5,3
295000,515.1120000000001,3,2610.3072,2.5,4
1295000,1063.752,5,4646.9808,3.75,4
988500,614.172,3,5122.7736,2.75,3
559950,569.976,2,1508.76,2,3
255000,292.608,2,8752.9416,1,4
550000,432.81600000000003,2,944.88,1,3
1620000,716.2800000000001,4,5397.7032,2.25,4
465000,499.872,4,2192.7312,1.75,4
489200,563.88,3,2926.08,2.75,5
546000,609.6,3,1524,1.75,4
702500,719.3280000000001,3,2057.4,1.5,5
799000,950.976,4,1524,3.25,3
675000,975.36,5,1967.4840000000002,2.5,3
924000,670.5600000000001,3,1524,1.5,3
141800,283.464,2,1445.6664,1,4
395000,329.184,3,896.1120000000001,1.5,4
168000,353.56800000000004,2,662.6352,2.5,3
305000,670.5600000000001,4,2468.88,1.75,5
245000,481.584,4,2438.4,2,3
788600,1066.8,4,2194.56,2.75,3
450000,768.096,4,2595.3720000000003,2.5,3
1655000,938.784,4,1467.612,3.5,3
475300,643.128,3,3049.5240000000003,1,5
435000,676.6560000000001,3,40495.1184,1.75,3
135000,240.792,1,3981.2976000000003,1,3
760500,606.552,3,1216.152,2,5
886000,810.768,4,1188.72,2,4
440000,393.192,3,391.9728,1.5,3
489950,804.672,4,9735.6168,2.25,4
465950,713.2320000000001,4,2101.9008,2.5,3
739888,737.616,3,13160.349600000001,2.5,4
265000,560.832,3,2225.04,1.75,3
442000,768.096,4,2210.7144000000003,2.5,3
510000,432.81600000000003,3,398.9832,2.25,3
328423,527.304,3,1097.28,2.5,3
225000,518.1600000000001,3,3497.5800000000004,2,5
249900,496.824,3,2346.96,2.5,3
355000,621.792,3,6916.8264,1.75,4
1195000,1112.52,5,4052.9256,2.75,5
2300000,1210.056,4,2980.3344,4.75,4
452000,338.32800000000003,3,2746.8576000000003,1.75,4
1565000,905.2560000000001,4,3886.2000000000003,2.75,4
320000,676.6560000000001,3,3549.7008,1.75,3
760005,941.832,4,1785.8232,2.75,3
374950,423.672,3,452.32320000000004,2.25,3
525000,1118.616,4,3035.1984,2.5,3
1355000,1082.04,4,3352.8,3.5,3
790000,1066.8,4,2803.5504,2.5,3
655000,429.76800000000003,3,1463.04,2,4
337000,307.848,2,1219.2,1,3
301950,417.576,3,2830.9824000000003,1.75,4
261000,423.672,4,5406.8472,1,3
470000,563.88,4,3429,2.5,3
259000,368.808,2,5300.1672,1,4
535610,490.728,3,1554.48,1,5
112000,329.184,1,984.504,1,3
667000,579.12,5,1667.256,2,3
710000,822.96,4,2324.1,1.75,4
380000,612.648,3,5101.1328,2,4
775000,938.784,4,1600.2,3.5,3
288000,505.968,3,3182.112,1.75,3
1000000,1423.4160000000002,5,4833.2136,2.5,3
619000,502.92,3,288.3408,2.25,3
350000,435.86400000000003,2,2486.2536,1,3
450000,762,4,11050.219200000001,2.5,4
909000,1121.664,4,3550.3104000000003,2.5,3
330000,316.992,3,3627.1200000000003,1,5
290000,292.608,3,2743.2000000000003,1,4
426000,344.42400000000004,3,2788.0056,1,5
612995,987.552,5,2108.9112,3.5,3
449950,630.936,4,2228.6976,2.5,4
410000,536.448,3,1072.896,1.75,3
734500,999.744,4,2086.356,2.75,3
474950,633.984,5,2544.1656000000003,2.5,4
418000,381,3,398.0688,2,3
300000,484.632,3,1030.5288,2.5,3
309000,542.544,3,2395.4232,2.5,3
457000,640.08,4,3157.1184000000003,1.75,5
640000,615.696,4,4913.376,1.75,3
289950,530.352,3,2855.976,2.25,3
1680000,1368.5520000000001,4,10662.5136,3.75,3
515000,527.304,4,2432.304,1.75,4
216500,310.896,3,3551.5296000000003,1,4
680000,798.576,3,4342.7904,2.5,4
307500,298.704,3,1990.344,1,3
225000,393.192,3,2581.656,1,4
365000,652.272,3,8107.68,2,4
465000,640.08,4,2240.28,2.25,3
239000,448.05600000000004,3,2720.34,1.75,4
275000,527.304,3,1767.5352,2.5,4
370000,475.488,3,2064.7152,1.5,4
319000,527.304,4,11081.3088,1,4
294000,667.5120000000001,4,1141.7808,2.25,3
428000,713.2320000000001,3,1056.4368,2.5,3
304000,524.256,3,1828.8000000000002,1.75,3
254922,237.744,2,2487.168,1,4
459000,353.56800000000004,3,314.2488,1.5,3
732000,719.3280000000001,4,3444.2400000000002,1.75,4
564800,606.552,3,2591.1048,2.25,3
465000,277.368,3,1182.624,1,3
395000,618.744,3,66385.44,1.75,4
244500,277.368,2,2743.2000000000003,1,3
359000,502.92,3,2200.0464,2.25,3
290000,563.88,4,1729.4352000000001,2.5,3
591975,984.504,3,1600.2,2.75,3
739500,1359.4080000000001,3,15598.749600000001,3.25,3
485000,947.928,4,5743.3464,3,3
1285000,1048.512,4,1158.24,3.5,3
410000,374.904,3,2139.696,1,3
239300,326.136,3,1752.6000000000001,1,3
398000,915.6192000000001,5,1737.3600000000001,2.5,3
465000,609.6,4,1905,2,3
398000,557.784,3,8372.2464,1.75,3
405000,637.032,4,2032.1016000000002,2.5,3
291000,716.2800000000001,7,2632.2528,1,3
235000,539.496,4,3104.0832,2.75,3
175000,390.144,3,2307.9456,1,4
255000,347.47200000000004,2,2560.32,2,2
2900000,1581.912,5,4450.08,4,3
310000,347.47200000000004,3,1003.4016,1.5,3
574000,987.552,4,6947.916,2.5,3
295000,551.688,4,13100.6088,2,4
3600000,1530.096,3,3788.9688,3.25,3
480000,719.3280000000001,3,2744.724,2.5,5
718000,694.9440000000001,3,1050.3408,1.75,3
660000,963.168,5,1577.3400000000001,3.5,3
637250,646.176,4,981.456,2.5,3
1680000,2322.576,4,9002.5728,3.75,3
1637500,1420.3680000000002,3,6450.787200000001,3.5,3
324000,353.56800000000004,3,2195.1696,1,4
340000,725.4240000000001,4,2392.6800000000003,2.5,3
464000,222.50400000000002,2,1524,2.75,3
1295000,1127.76,5,2592.0192,3.5,3
312500,451.10400000000004,3,299.6184,3.25,3
279000,603.504,4,3063.5448,2,3
570000,335.28000000000003,2,1219.2,1,3
1200000,755.904,3,4056.8880000000004,2,2
620000,926.5920000000001,4,2927.9088,2.5,3
739000,899.1600000000001,3,2032.1016000000002,2.75,3
392000,374.904,3,2926.08,1,3
240000,542.544,4,4514.088000000001,1.5,4
180000,310.896,3,1676.4,1,3
1650000,1191.768,4,2286,3.25,3
855000,755.904,4,11269.6752,2.25,4
199990,256.03200000000004,3,1584.96,1,3
440000,795.528,5,1110.0816,3.25,3
480000,594.36,3,2710.2816000000003,2.25,3
465000,448.05600000000004,4,3136.6968,2,4
560000,996.696,4,7543.8,2.5,4
565000,630.936,4,2432.304,2,4
436000,451.10400000000004,3,421.8432,2.25,3
700000,448.05600000000004,4,1661.16,1,3
317000,640.08,3,2312.5176,2.5,3
680000,490.728,3,2457.9072,2.5,4
762450,783.336,4,2633.472,1.75,4
670000,457.20000000000005,2,231.95280000000002,2,3
370000,414.528,3,355.70160000000004,1.5,3
525000,591.312,3,1714.5,1.5,4
1400000,1408.1760000000002,9,1678.8384,4,3
310000,627.888,4,2468.88,2.75,4
654500,542.544,4,1524,1,3
263950,518.1600000000001,3,3539.6424,1.75,5
369900,655.32,3,5829.9096,1.75,3
535000,423.672,2,1629.4608,1,5
500000,515.1120000000001,3,1513.0272,2.25,3
330000,292.608,3,2200.0464,1,4
625000,560.832,3,1726.3872000000001,1.75,3
510000,566.928,2,1554.48,1.5,3
950000,1100.328,3,5328.8184,3,4
439500,487.68,3,1984.248,2.5,3
281000,411.48,3,2663.0376,1.75,3
965000,1194.816,4,12559.588800000001,2.5,4
479950,856.488,3,1519.1232,2.5,3
555000,387.096,3,2795.016,1.75,3
265000,393.192,4,1839.1632000000002,1,3
414000,646.176,4,1980.2856000000002,2.5,3
700180,466.34400000000005,2,1337.1576,1.75,3
385000,579.12,3,1682.496,1.75,3
390000,384.048,3,1981.2,1.75,4
254000,448.05600000000004,3,2345.1312000000003,2,4
730000,819.912,5,6509.613600000001,1.75,4
335000,682.7520000000001,3,26708.100000000002,1.5,2
802000,786.384,3,3991.6608,2.5,3
953007,950.976,4,1550.2128,3.5,3
1050000,1048.512,4,10674.400800000001,3.25,3
270000,256.03200000000004,2,264.2616,1.5,3
1200000,1444.7520000000002,4,52577.085600000006,3.5,3
535000,316.992,2,1684.6296,1,3
999000,960.12,7,10616.184000000001,4,3
540000,320.04,3,1267.968,1,4
475000,271.272,2,1399.0320000000002,1,3
352750,323.088,2,378.2568,1.75,3
695000,774.192,3,1430.7312000000002,2.75,3
385000,624.84,4,1608.1248,2.5,3
850000,1261.872,4,2160.7272000000003,3.5,3
616000,758.952,4,3940.7592000000004,2.5,3
242000,384.048,3,2466.4416,2,3
400000,737.616,4,2416.1496,2.25,4
285000,505.968,3,1908.9624000000001,2.5,3
252500,579.12,3,2439.0096000000003,2,3
600000,987.552,3,2443.2768,2.5,3
415000,734.568,3,2726.1312000000003,1.75,4
500000,289.56,2,1371.6000000000001,1,3
1014250,499.872,3,3918.204,1,5
581000,496.824,4,782.1168,1,3
475000,563.88,4,1659.3312,2.5,5
405500,411.48,2,381.6096,2.75,3
530000,545.592,3,938.1744,2.5,3
246000,438.91200000000003,3,3451.86,1.75,4
745000,624.84,3,3365.2968,1.75,5
1518630,1112.52,4,1623.9744,4.25,3
402500,451.10400000000004,3,673.9128000000001,1.75,3
800000,1125.0168,4,3379.6224,2.5,3
550000,432.81600000000003,3,417.2712,2,3
465000,655.32,3,1244.8032,2.5,3
895990,1083.564,4,2001.0120000000002,2.75,3
517850,929.6400000000001,5,2286,2.75,4
409000,451.10400000000004,2,1219.2,1.75,4
308550,487.68,3,4023.36,2,3
1185000,920.4960000000001,4,2627.9856,2.75,3
571000,585.216,3,1178.6616000000001,2.5,3
450000,512.0640000000001,3,3429,2,4
388000,669.9504000000001,3,1896.4656,2.5,3
233000,335.28000000000003,3,2333.8536,1,3
255000,268.224,1,500.4816,0.5,3
539950,944.88,5,1600.2,3,3
303000,640.08,4,2067.4584,2.5,3
695000,807.72,4,3044.952,2.5,3
619790,316.992,3,1553.5656000000001,1.75,4
605000,585.216,3,2255.52,1.75,4
785000,676.6560000000001,4,1219.2,1.5,3
645000,608.076,2,35256.216,1.5,4
480000,640.08,3,20503.591200000003,1.5,4
635000,816.864,3,53639.3136,2.25,3
416000,880.8720000000001,4,1926.9456,2.5,3
808250,533.4,3,804.672,2,3
375000,384.048,3,3421.0752,1.75,5
606150,539.496,4,3001.6704,1.75,3
275000,609.6,4,2651.76,1.75,5
432500,408.432,3,2702.6616000000004,2.5,3
375000,853.44,4,1524,2.5,3
1850000,886.9680000000001,4,573.024,3.25,5
426000,646.176,4,2346.96,2.25,4
530000,920.4960000000001,4,2068.9824000000003,2.5,3
490000,603.504,3,953.4144,2.75,4
435000,682.7520000000001,2,2194.56,1,4
353000,579.12,3,1158.24,2.25,3
555000,661.416,4,2176.272,2.75,3
315000,701.0400000000001,4,5596.128000000001,2.75,4
343000,426.72,3,1725.7776000000001,1,5
482000,792.48,3,32182.9176,1.75,4
486940,990.6,4,4072.128,2.5,3
750000,396.24,2,2326.2336,1.5,3
170000,316.992,3,12856.464,0.75,2
478500,637.032,3,1449.324,1,3
405000,356.61600000000004,2,388.3152,1.5,3
207000,640.08,4,5998.464,2.5,3
571500,856.488,4,7921.752,2.25,3
315000,377.952,2,214.88400000000001,2.25,3
950000,984.504,4,133567.3224,3,3
212000,234.696,2,2133.6,1,3
370000,758.952,3,5646.42,2.5,3
405000,579.12,3,3186.3792000000003,1.75,3
782000,457.20000000000005,4,2078.7360000000003,1.75,5
309600,388.62,4,6096,1.75,4
290000,234.696,2,1463.04,1,3
685000,707.1360000000001,3,67049.2944,2.5,4
490000,432.81600000000003,2,1312.164,1,4
340000,777.24,4,2302.764,2.5,3
241000,326.136,2,2971.8,1.75,3
700000,737.616,4,158.496,1.75,3
290000,445.00800000000004,3,2432.304,1.75,3
1699990,1011.936,4,2509.7232,3.75,3
400000,347.47200000000004,2,30946.039200000003,1,3
734000,653.796,3,1170.432,1.75,5
1096500,1222.248,5,3691.128,3.25,3
231500,365.76,2,2891.9424000000004,1,5
725000,1152.144,5,6096,2.5,4
303500,585.216,4,2238.7560000000003,2.5,3
690000,679.7040000000001,4,1524,2,4
470000,426.72,3,1497.7872,1,3
450000,478.536,4,2231.136,2,4
382000,530.352,4,1341.1200000000001,1,3
250000,505.968,3,3988.308,2,3
558000,676.6560000000001,3,4802.7336000000005,2.25,3
932808,1429.5120000000002,5,2043.6840000000002,4.5,3
325000,478.536,3,13213.08,2.25,4
315000,682.7520000000001,3,1858.3656,2.5,3
299900,481.584,4,1107.0336,2.5,3
160134,362.71200000000005,3,3083.3568,1.5,3
575000,435.86400000000003,4,1268.8824,1.5,3
310000,399.288,3,414.8328,2,3
510000,1100.328,4,5775.3504,3,3
715000,1036.3200000000002,6,1524,2.75,3
620000,652.272,3,1770.2784000000001,1.75,3
348000,387.096,2,378.5616,2.5,3
348125,426.72,3,2575.8648000000003,1,3
770000,624.84,3,6627.5712,3.5,4
420000,1024.1280000000002,4,3546.9576,2.5,3
205000,341.37600000000003,3,2542.6416,1,4
415000,731.52,4,2222.6016,2.5,3
153500,271.272,3,1466.088,1,3
450000,1158.24,3,3984.0408,2.5,3
972800,1066.8,5,3187.2936,3.25,3
675000,737.616,4,5629.656,2.5,3
515000,670.5600000000001,3,2322.576,1.5,4
975000,685.8000000000001,4,1097.28,2.25,4
1810000,886.9680000000001,3,4762.8048,2.25,4
362000,719.3280000000001,4,2246.376,2.5,3
185000,457.20000000000005,3,2377.44,1.75,3
872000,871.7280000000001,4,12278.5632,2.25,3
300500,362.71200000000005,2,244.1448,1.5,3
383900,487.68,3,2450.592,1.5,4
410000,548.64,3,11187.379200000001,2.25,4
310000,560.832,3,3268.3704000000002,1.75,4
405000,310.896,2,2485.6440000000002,1,4
1100000,728.472,3,2099.4624,2,5
2000000,1395.9840000000002,5,1354.2264,4,3
460000,487.68,3,436.16880000000003,3.5,3
499950,852.8304,4,1363.3704,2.5,3
1385000,1737.3600000000001,6,6096,2.75,4
305000,347.47200000000004,2,908.3040000000001,1.5,3
562100,637.032,3,3691.7376000000004,2.25,3
470000,548.64,3,3861.5112000000004,2,3
395000,469.392,4,1560.576,1.75,5
657000,664.464,4,1028.7,2.5,4
175000,542.544,4,1828.8000000000002,2.5,3
1088890,1054.608,4,3459.48,2.75,4
625000,752.856,4,5184.0384,2.25,4
820000,890.0160000000001,4,77007.1104,2.5,3
585000,676.6560000000001,3,65987.0664,1.75,3
330000,408.432,3,3132.1248,1.75,4
190000,426.72,2,2752.6488,1.5,3
865000,883.9200000000001,5,2051.304,3,5
333000,493.776,3,1536.192,1,3
789500,987.552,4,1478.8896,3.25,3
280000,417.576,3,3474.7200000000003,1.5,3
540000,499.872,2,920.8008000000001,2,3
315000,591.312,1,777.24,2.25,4
850000,804.672,2,4248.6072,2,5
199900,219.45600000000002,1,2176.272,1,3
360400,496.824,3,3533.2416000000003,2.5,3
299000,460.24800000000005,3,43526.354400000004,1,3
470000,274.32,2,1680.0576,1,3
330000,743.712,4,2468.2704000000003,2.25,3
425000,390.144,2,1531.9248,1,4
255000,402.336,3,2432.304,1.5,3
415000,1127.76,5,2785.8720000000003,1.75,3
256000,478.536,3,1558.4424000000001,2.5,3
265000,332.232,2,997.3056,1.75,5
350000,326.136,2,877.8240000000001,1,3
445500,673.6080000000001,4,3199.4856,1.5,4
615000,685.8000000000001,3,3100.1208,2.5,3
457000,438.91200000000003,2,3043.4280000000003,2,3
245000,518.1600000000001,3,2468.88,2.25,3
272000,502.92,3,4211.1168,2.5,3
750000,627.888,4,1219.2,1.5,3
947500,908.3040000000001,3,8273.4912,2.75,5
254000,460.24800000000005,4,1290.828,2,3
525000,469.392,3,1454.8104,1.5,3
250000,762,4,1920.24,1.5,4
385000,381,3,2225.04,1,4
575000,1158.24,3,10309.86,2.25,4
280000,588.264,4,2196.6936,2.25,4
840000,1176.528,4,5588.2032,3.5,3
415000,615.696,4,1676.7048,2.5,3
300000,283.464,3,1572.768,1,5
1240000,1655.064,5,3147.6696,3.5,3
599950,557.784,3,549.8592,3.25,3
660000,765.048,4,1384.7064,2.5,3
295000,225.55200000000002,2,1359.1032,1,3
950000,1164.336,4,4661.3064,3.25,3
635000,682.7520000000001,4,1524,2.25,3
260000,658.368,4,2685.5928000000004,2.25,3
410000,545.592,3,1766.0112000000001,2.25,3
495000,408.432,3,777.24,2,3
500000,597.408,4,3790.4928,2.25,3
860000,1030.2240000000002,4,2468.2704000000003,3.5,5
802000,661.416,3,1524.3048000000001,2.25,3
650000,1188.72,6,2773.6800000000003,4.5,3
1400000,1310.64,5,2825.496,3.25,3
400000,405.384,3,3017.52,1.5,3
200000,402.336,2,3978.2496,1.75,3
370000,387.096,2,426.4152,1,3
615000,676.6560000000001,3,2201.8752,1.75,3
850000,859.5360000000001,6,1645.92,3.5,3
722500,1127.76,5,2196.6936,2.25,5
650000,441.96000000000004,2,1219.2,1.75,4
340000,585.216,3,1733.7024000000001,2,3
345000,588.264,3,2743.2000000000003,1.75,4
529500,274.32,2,1463.04,1,4
208000,353.56800000000004,2,1752.6000000000001,1,4
355000,371.856,3,361.49280000000005,2,3
439950,725.4240000000001,4,3678.0216,2.5,3
208000,381,3,2436.876,2,4
223000,365.76,4,2581.656,2,4
530000,417.576,3,1231.392,1,3
2187730,1292.352,4,4011.7776000000003,4.5,3
780000,877.8240000000001,5,3657.6000000000004,2,3
485000,947.928,3,2747.772,2.5,3
1210000,1645.92,3,7540.752,3.75,3
497000,445.00800000000004,3,412.3944,2.25,3
597157,819.912,7,3316.224,4,4
469000,423.672,3,389.5344,3.25,3
1199000,1252.728,4,2560.32,2.75,3
659950,911.3520000000001,3,2869.0824000000002,2.5,3
240000,576.072,3,2743.2000000000003,1.5,3
375000,405.384,3,2439.6192,2.25,3
399950,566.928,3,876.3000000000001,3,3
389000,411.48,3,266.3952,2.5,3
350000,566.928,3,2553.6144,2.25,3
856600,731.52,4,4093.4640000000004,2.25,4
615000,950.976,4,10375.392,2.75,3
692500,737.616,3,60410.750400000004,2.5,3
925000,917.4480000000001,4,1036.3200000000002,2.75,3
672500,746.76,3,1755.6480000000001,2.5,3
435000,228.60000000000002,2,849.1728,1,5
665000,713.2320000000001,4,1615.44,2.25,5
369950,417.576,2,347.47200000000004,2.75,3
387000,440.43600000000004,3,489.5088,2.25,3
355500,792.48,3,1688.592,2.5,3
342000,701.0400000000001,4,1965.3504,2.5,3
631500,771.144,4,1722.1200000000001,2,4
545000,893.0640000000001,2,4284.573600000001,2,4
304400,652.272,4,2468.88,2.75,4
915000,1033.2720000000002,3,2133.6,2.75,4
361500,326.136,3,2743.2000000000003,1.75,4
543000,627.888,4,2672.1816000000003,2.25,3
329500,457.20000000000005,3,2943.1488,2.25,3
243500,643.128,3,2375.6112000000003,3,3
355000,658.368,4,2438.4,1.75,4
380000,691.8960000000001,4,3505.2000000000003,2.5,3
255000,530.352,3,3163.2144000000003,2.25,5
475000,362.71200000000005,3,346.55760000000004,2.25,3
145000,307.848,3,3621.0240000000003,1,3
320000,677.5704000000001,4,1761.7440000000001,2.5,3
924000,978.408,5,2438.7048,2.75,3
305000,537.3624,4,1132.9416,2.25,3
495200,826.008,5,6742.176,2.25,3
1550000,1560.576,3,1402.0800000000002,4,3
160000,347.47200000000004,2,7019.544000000001,1,3
549950,658.368,3,1916.5824,2.5,3
275900,420.624,3,2560.32,1.75,3
809000,560.832,4,1321.9176,1.5,4
1050000,1338.0720000000001,4,4216.298400000001,4.25,3
385000,371.856,3,441.96000000000004,1.75,3
538500,762,3,1301.496,3.5,3
335000,722.3760000000001,4,1828.8000000000002,2.5,3
842000,493.776,3,1455.1152000000002,1,3
795000,1014.984,5,1129.284,3.5,3
245560,384.048,2,2954.4264000000003,1.5,3
975000,920.4960000000001,4,1508.76,2.5,4
385000,774.192,5,3581.4,2,3
276000,347.47200000000004,2,2194.56,1,3
262000,158.496,1,3956.6088,0.75,5
699000,975.36,3,3152.8512,3.5,3
1065500,899.1600000000001,3,2204.3136,2.25,3
360000,756.8184,4,2093.976,3,3
389000,633.984,3,3953.8656,2,4
766950,923.5440000000001,3,9146.133600000001,2.5,4
349950,518.1600000000001,3,2284.7808,2.5,3
321000,410.5656,3,393.8016,2.25,3
565000,521.208,4,1181.1000000000001,2,4
929000,1264.92,5,2164.08,3.25,3
299950,313.944,3,3022.3968,1,4
456500,637.032,3,2792.8824,2.25,3
885000,896.1120000000001,3,1981.2,2.25,3
578000,505.968,3,1828.8000000000002,1.5,3
170000,262.128,2,2632.2528,1,3
2250000,1042.416,3,2651.76,2.5,3
295000,548.64,4,8732.52,1.75,4
455000,569.976,5,4258.0560000000005,2,4
570000,347.47200000000004,2,210.312,2,3
227000,512.0640000000001,3,2272.284,1.75,4
252000,350.52000000000004,3,4023.36,1.5,3
467500,454.15200000000004,2,1463.04,1.75,4
635000,408.432,3,1188.72,1.75,5
638250,749.808,4,2447.2392,2.5,3
310000,576.072,3,1920.24,2.5,3
600000,451.10400000000004,3,5291.328,1,3
385000,463.29600000000005,3,453.54240000000004,2.5,3
354500,350.52000000000004,3,3473.5008000000003,1,4
380000,316.992,2,2246.9856,1,5
300000,582.168,3,4726.838400000001,2.75,3
389950,661.416,3,2481.072,2.5,3
197500,249.936,2,2700.5280000000002,1,3
460000,493.776,3,2240.28,2.25,3
402500,502.92,4,1068.0192,2,3
81000,222.50400000000002,2,3040.38,1,1
225000,481.584,3,4389.12,1.75,4
392137,445.00800000000004,3,1126.5408,2,3
1236300,969.264,5,1410.6144000000002,3.5,3
455000,362.71200000000005,2,397.1544,2,3
301000,737.616,3,1447.8000000000002,2.5,3
479950,783.336,4,3374.136,2.25,4
197400,490.728,3,2308.86,2,4
310000,509.016,3,1286.256,2.5,3
208000,213.36,2,1554.48,1,4
532000,719.3280000000001,3,1527.6576,1,3
460000,475.488,4,2194.56,1.75,3
600000,826.008,4,1973.2752,2.5,3
375000,652.272,3,4144.6704,1.75,4
310000,158.496,1,879.3480000000001,0.75,4
630000,749.808,3,11824.4112,2.5,3
280400,527.304,4,2197.608,1.75,4
765000,667.5120000000001,3,1965.96,1.75,3
239000,286.512,3,2612.4408000000003,1,3
540000,664.464,3,3383.28,2.5,3
1208000,990.6,4,3337.2552,3.75,4
261000,295.656,2,3810,1,3
618500,548.64,3,1524,2,4
365000,399.288,3,2487.168,1.5,3
525000,454.15200000000004,3,2869.3872,2.25,3
630000,777.24,2,1726.0824,2.25,3
510000,740.664,4,1585.8744000000002,2.5,3
336900,542.544,3,36777.4728,1.75,4
511555,426.72,3,2222.9064000000003,2,4
560000,780.288,3,66073.6296,2,3
228800,448.05600000000004,4,491.3376,2.5,3
2050000,1167.384,5,2584.704,3,5
174500,307.848,2,1584.96,1,3
375000,335.28000000000003,3,533.7048,1.5,3
518000,512.0640000000001,3,638.8608,2.5,3
520000,816.864,4,3048,3.5,3
315000,426.72,3,9639.604800000001,2.25,2
2700000,1616.9640000000002,5,2560.6248,4.75,3
550000,557.784,3,2789.5296000000003,2,5
745000,454.15200000000004,3,2987.04,1.75,4
690000,890.0160000000001,4,3018.7392,2.5,4
367500,246.888,2,1463.04,1,3
939000,996.696,4,3925.824,2.75,3
320000,502.92,3,2859.0240000000003,1.5,5
1155000,908.3040000000001,4,2453.9448,2.25,4
466800,451.10400000000004,3,4343.400000000001,2.5,3
1370000,749.808,2,5163.312,2.25,4
480000,832.7136,5,2895.6000000000004,2.5,4
219900,295.656,3,2359.7616000000003,1,4
280000,128.01600000000002,1,2048.2560000000003,0.75,3
600000,451.10400000000004,3,1645.92,2.25,4
890000,627.888,3,2633.472,2.25,4
520500,579.12,3,2468.88,2,4
667000,524.256,3,2468.88,1.5,3
667500,573.024,3,1158.24,2,5
470000,527.304,3,11851.843200000001,2,3
540500,941.832,5,2260.092,3.75,3
1300000,1025.9568000000002,5,2377.44,4,3
1240000,2020.824,7,4200.7536,5.5,3
412000,384.048,2,1207.008,1,3
420000,365.76,3,1532.8392000000001,2,3
399950,475.488,3,1591.9704000000002,1.75,4
245000,429.76800000000003,3,1755.6480000000001,2,3
580000,524.256,4,2125.98,1.75,3
544000,445.00800000000004,3,491.6424,2.5,3
650000,1133.856,4,17525.695200000002,3,3
187000,256.03200000000004,2,3535.6800000000003,1,3
242000,292.608,2,6659.88,1,3
525000,408.432,2,1097.28,1.5,3
675000,728.472,4,1599.8952000000002,2.5,3
641200,323.088,3,2780.6904,1,3
252000,356.61600000000004,3,2965.704,1,3
240000,307.848,3,3154.6800000000003,1.5,3
770000,658.368,5,1524,1.5,4
689888,588.264,4,1066.8,2.25,5
209950,478.536,3,4745.736,1.75,3
335000,420.624,2,1780.0320000000002,2,3
540000,341.37600000000003,2,2286,1,4
458000,980.5416,4,1219.2,3.5,3
2880500,1755.6480000000001,4,9763.6584,2.5,4
649000,1039.3680000000002,3,4208.983200000001,2.5,4
269000,485.8512,4,2336.292,2.5,5
723000,1069.848,4,2823.3624,3.5,3
294000,621.792,4,2377.44,2.5,3
610000,1048.512,3,5537.301600000001,2.5,3
330000,740.664,4,2282.952,2.25,3
352000,563.88,4,1741.0176000000001,1.75,3
215000,435.86400000000003,4,2674.6200000000003,1.5,3
306000,475.488,3,2286,1.75,4
321000,548.64,4,1371.6000000000001,2.25,4
249950,545.592,3,610.5144,3,3
535000,615.696,3,3057.4488,1.75,5
535100,630.936,3,2196.6936,2.25,3
351000,472.44,4,2212.848,1,4
314500,728.472,4,2926.08,2.5,3
630000,774.192,4,3383.28,2.5,5
1325000,719.3280000000001,3,1677.6192,2.25,4
1599950,1563.624,5,13143.8904,4.5,3
390000,816.864,4,10734.4464,2.25,3
475000,713.2320000000001,5,2194.56,2.5,3
760000,1075.944,3,21285.4032,2.75,3
550000,658.368,5,1743.4560000000001,2.75,5
272000,621.792,4,2316.48,2.25,4
1735000,1222.248,4,2942.5392,3.5,3
700000,396.24,2,3657.6000000000004,1,4
476500,685.8000000000001,4,15287.244,2.5,3
315000,505.968,3,2487.168,1.75,4
410000,515.1120000000001,3,1756.5624,2.75,5
325900,621.792,3,2976.3720000000003,2.5,3
580000,509.016,3,2260.3968,2.25,4
429000,469.392,3,11567.16,1,4
1010000,554.736,4,1645.92,1,3
790000,780.288,4,3889.248,2.5,4
156000,179.83200000000002,2,1870.8624000000002,1.75,2
185000,423.672,2,3456.4320000000002,1,4
289950,637.032,4,2260.3968,1.75,4
505000,554.736,3,3356.4576,2.5,3
280000,298.704,3,2279.904,1,3
335000,606.552,3,6093.2568,2.75,3
200000,646.176,3,9620.7072,1,3
755000,1051.56,3,4750.6128,3.25,3
245000,438.91200000000003,3,2136.0384,2,3
750000,978.408,4,2596.896,2.75,4
292500,515.1120000000001,3,2231.136,2.25,3
495000,722.3760000000001,4,4674.4128,2.5,3
285000,569.976,4,2496.3120000000004,2.5,3
592500,1066.8,6,2592.0192,4.5,3
474000,597.408,4,4521.403200000001,2.25,4
530000,457.20000000000005,3,1752.6000000000001,1,4
275000,381,3,3274.7712,1,3
279475,323.088,2,3230.88,1,3
540000,667.5120000000001,4,1175.0040000000001,2.5,3
896000,1085.088,4,14217.0912,2.5,3
875000,996.696,3,12065.812800000002,2.75,3
647000,728.472,4,1767.8400000000001,2.5,3
620000,935.7360000000001,5,10665.256800000001,2.5,3
294570,347.47200000000004,3,2560.32,1,4
479000,448.05600000000004,3,1834.2864000000002,1.75,3
680000,877.8240000000001,4,2804.7696,2.5,3
738000,390.144,3,1188.72,1,4
139500,374.904,2,475.7928,1.5,3
225000,381,3,2383.536,1,3
348000,509.016,3,1551.432,2.5,3
548000,515.1120000000001,4,2375.6112000000003,1.75,3
305000,384.048,3,272.796,2.5,3
650000,710.1840000000001,4,2200.656,2.25,3
339950,405.384,3,3685.6416000000004,1.75,4
391000,548.64,3,341.37600000000003,2.5,3
520000,390.144,3,1182.624,1.75,5
175000,445.00800000000004,3,3621.0240000000003,1,2
669000,499.872,2,595.2744,2.5,3
279000,682.7520000000001,6,3407.664,1.75,4
599000,484.632,4,1304.544,1,3
325000,417.576,4,3045.8664000000003,1.75,3
355000,417.576,3,1459.992,1.5,4
320000,289.56,2,1219.2,1,3
325000,774.192,3,1298.448,2.5,3
645000,685.8000000000001,4,3260.1408,2.5,3
638000,557.784,3,1341.1200000000001,1,4
1442500,801.624,3,2958.0840000000003,2.25,4
585000,886.9680000000001,4,1905,2.5,3
1050000,893.0640000000001,4,7626.0960000000005,3.25,3
616000,649.224,3,702.8688000000001,3.25,5
487000,438.91200000000003,2,1233.2208,1,3
410000,505.968,2,648.6144,2.25,4
1190000,774.192,3,822.96,1.5,4
245000,530.352,3,3519.5256000000004,1.75,3
452500,740.664,3,26952.2448,2.5,4
210000,408.432,3,93527.27040000001,1,3
549000,347.47200000000004,2,1645.92,1,5
625000,783.336,3,14471.904,2.25,3
742500,944.88,4,1150.0104000000001,2.75,3
885000,862.5840000000001,4,1524,2.5,3
505000,850.392,4,1707.4896,2.5,3
930000,944.88,3,6264.5544,2.5,3
379950,566.928,3,544.6776,3.25,3
320000,816.864,3,2364.3336,2.5,3
1212500,1389.8880000000001,4,5072.7864,3.5,3
240000,524.256,4,2529.84,2.25,4
625000,792.48,3,3076.0416,2.5,3
199000,219.45600000000002,2,2194.56,1,5
400000,423.672,4,2194.56,1.5,3
459900,786.384,3,3352.8,1.75,4
820000,658.368,3,1911.7056,1.75,4
440000,512.0640000000001,3,17392.8024,2.25,4
390000,329.184,3,2205.5328,2,5
212500,280.416,3,4389.12,1,4
270000,576.072,3,2880.36,1.5,3
292000,758.952,5,2336.5968000000003,2.5,4
279000,819.912,5,1693.7736,2.5,3
236000,405.384,3,1920.5448000000001,1.75,3
1085000,713.2320000000001,5,1828.8000000000002,2.5,4
476000,347.47200000000004,3,1676.4,1,4
590000,612.648,4,2429.8656,2.5,4
369500,502.92,3,3034.8936000000003,1.5,4
500000,694.9440000000001,4,4677.765600000001,2.75,5
902000,923.5440000000001,4,2592.9336000000003,2.5,3
253000,268.224,3,2011.68,1.5,5
549000,420.624,2,290.4744,2.5,3
979000,518.1600000000001,3,4307.7384,1.5,4
995000,1173.48,4,4130.3448,4.5,3
600000,530.352,4,2346.96,1.75,5
595888,569.976,3,2743.2000000000003,1.75,5
245700,499.872,3,2560.32,2.25,3
229800,338.32800000000003,2,540.4104,1.75,3
850000,1325.88,4,34366.200000000004,3.25,3
357500,633.984,3,1554.48,3.5,3
660500,899.1600000000001,5,1676.4,2.5,5
395000,804.672,4,10689.336000000001,2.75,3
405000,307.848,3,2341.7784,1.5,5
513000,551.688,3,1399.6416000000002,2.5,3
235000,310.896,2,2414.016,1,3
580000,563.88,3,1554.48,1.75,3
231500,496.824,3,2407.92,2.25,4
800000,676.6560000000001,3,1219.2,2.75,3
565000,643.128,3,1219.2,3,4
562000,1002.792,3,24527.560800000003,3,4
210000,713.2320000000001,5,2788.3104000000003,1.75,3
707000,603.504,3,1219.2,1.5,3
849000,902.2080000000001,3,12850.0632,3,3
605000,765.048,4,9626.8032,2.25,4
495000,716.2800000000001,4,3069.9456,2.25,3
324747,627.888,3,1445.3616000000002,2.5,3
443500,405.384,2,1261.872,1,4
733000,658.368,3,3013.8624,2.5,4
305000,749.808,3,1532.2296000000001,2.5,3
690000,847.344,4,1900.428,2.5,3
376000,737.616,6,3554.5776,2.5,4
292500,685.8000000000001,4,1370.076,2.5,3
319000,237.744,2,2521.0008000000003,1,4
245000,423.672,3,2514.6,2,3
225000,356.61600000000004,2,2176.8816,1,3
190000,283.464,2,3489.96,1,3
452000,573.024,3,4949.6472,1.75,3
437500,368.808,2,375.5136,1.5,3
315000,307.848,3,2286,1,4
850000,960.12,5,1255.776,3.5,3
1095000,777.24,3,1554.48,2.5,3
1437500,1344.1680000000001,4,2813.6088,3.75,3
412000,473.3544,3,606.8568,2.5,3
495000,585.216,2,1905,1.5,3
438000,600.456,4,2604.516,2.5,3
125000,280.416,3,2229.3072,1,3
525000,737.616,4,3272.0280000000002,2,3
395000,438.91200000000003,4,2535.936,1,3
275000,362.71200000000005,3,8295.132,1,5
272750,548.64,4,2677.9728,1.5,3
590000,810.768,4,10671.048,2.5,3
175000,396.24,4,1837.9440000000002,1,3
416000,521.208,3,395.0208,2.5,3
240000,396.24,3,1524,2,4
243000,457.20000000000005,3,2011.68,1,2
201000,292.608,3,4655.2104,1,4
525000,746.76,4,1609.344,2.5,3
510000,487.68,3,1374.6480000000001,2,3
824000,1112.52,4,17537.5824,3.5,3
179900,374.904,3,3657.6000000000004,1.75,3
435000,527.304,3,14215.262400000001,2.5,3
280000,509.016,3,1839.1632000000002,1.75,3
440000,374.904,3,334.36560000000003,2.25,3
199950,472.44,3,1897.38,1.75,4
449950,469.392,3,387.096,2.25,3
580000,740.664,4,1522.476,1.5,4
575575,462.07680000000005,3,883.0056000000001,1.75,3
825000,740.664,4,3063.2400000000002,2.25,4
825000,377.952,2,12876.885600000001,1,4
245000,326.136,2,1371.6000000000001,2,4
455000,518.1600000000001,3,2548.128,1.75,4
339950,652.272,3,2328.9768,2.5,3
1010000,896.1120000000001,4,1645.92,2.75,5
1375000,1014.984,5,1536.8016,3.75,3
845000,728.472,4,1219.2,3,5
480000,633.984,5,66385.44,1.75,5
611000,387.096,2,1554.48,1,3
732350,691.8960000000001,4,2336.292,2.5,3
610000,423.672,4,1130.1984,1,4
300000,384.048,3,1524,1,4
700000,640.08,3,1524,1.75,3
155000,396.24,3,1858.6704000000002,1,3
247000,387.096,3,2193.9504,2,3
630000,1158.24,3,4265.676,3.25,3
559500,655.32,3,2819.4,2.25,3
279000,612.3432,4,1463.04,2.5,3
205000,329.184,3,1531.6200000000001,0.75,3
320000,490.728,3,413.3088,2.5,3
429950,530.352,4,3314.7000000000003,2.25,3
589000,673.6080000000001,4,1330.7568,1,3
315000,594.36,3,914.4000000000001,2.5,3
520000,704.0880000000001,3,11175.492,1.75,3
515000,454.15200000000004,3,3657.6000000000004,1.75,4
475000,405.384,3,4437.888,1.75,3
690000,576.072,3,2017.776,2,4
609000,752.856,6,2824.5816,3,3
273000,658.368,3,2427.4272,2.25,3
555000,1014.984,4,6640.068,2.25,3
325000,533.4,3,2743.2000000000003,2,4
375000,545.592,4,18720.5112,2,2
865000,448.05600000000004,2,1645.92,1,3
712500,505.968,3,2681.3256,1.5,4
490000,777.24,3,2617.6224,2.25,3
196700,332.232,2,3046.1712,1,3
625000,652.272,4,1219.2,2.75,3
691000,777.24,4,2631.0336,2.75,3
770000,1194.816,4,3784.092,2.5,3
270000,515.1120000000001,3,2183.8920000000003,2.5,4
500000,472.44,3,1948.8912,2,5
395000,762,4,1913.5344,3,3
530200,573.024,4,1174.3944000000001,2.5,3
332500,457.20000000000005,3,1929.9936,1.5,3
355000,670.5600000000001,4,1037.5392000000002,2.25,3
231000,371.856,4,1560.576,1,5
598992,1048.512,5,1840.0776,3.5,3
435000,286.512,3,2313.4320000000002,1,4
490000,502.92,4,1975.104,2,5
340000,926.5920000000001,3,1906.5240000000001,2.5,3
1980000,1371.6000000000001,4,13528.2432,3.5,3
410000,682.7520000000001,4,1355.4456,2.5,3
1865000,899.1600000000001,4,13277.088000000002,2.5,4
587750,271.272,2,1441.7040000000002,1,3
827500,1194.816,5,1774.8504,4.25,3
350000,362.71200000000005,3,1097.28,1,3
368000,963.168,4,3411.6264,2,5
347000,400.812,2,658.9776,1.75,4
598000,737.616,4,1559.9664,2.5,5
320000,554.736,4,2249.7288000000003,1.75,5
1705000,758.952,3,8443.5696,3,3
350000,362.71200000000005,3,311.5056,2.25,3
385000,408.432,3,1173.48,1.75,4
435000,1085.088,6,1307.592,3,4
480000,890.0160000000001,3,6515.1,1.75,3
275000,359.66400000000004,3,3132.4296,1.5,3
780000,1060.704,5,22571.049600000002,2.5,4
690000,536.448,3,1959.2544,2,4
709000,661.416,4,1402.0800000000002,1.75,3
544500,679.7040000000001,4,3174.1872000000003,2.5,5
820000,694.9440000000001,4,2029.968,2.25,3
600000,798.576,4,3009.2904000000003,2.5,3
386000,405.384,3,2468.88,2,4
165000,350.52000000000004,3,5852.16,1,4
253500,246.888,2,1463.04,1,3
435000,243.84,2,1524,1,3
522000,527.304,3,2560.32,1.75,4
205000,393.192,3,2001.3168,1,5
825000,576.072,4,2114.7024,1.5,3
663000,451.10400000000004,3,1181.4048,2,5
548800,505.968,4,1433.7792000000002,1,3
277000,234.696,2,2483.8152,1,3
400000,612.648,2,1157.3256000000001,2,3
604950,643.128,3,1709.3184,2.5,3
523500,487.68,2,1819.3512,2,4
438924,320.04,3,1399.0320000000002,1.5,3
379900,548.64,3,851.0016,2.5,3
240000,316.992,3,2377.44,1,3
349950,554.736,4,955.2432,2.5,3
199129,262.128,3,10260.7872,1,4
599000,1127.76,4,3352.8,4.75,4
850000,1658.112,4,73023.984,2.75,2
235000,365.76,3,2824.2768,1.75,4
580000,999.744,4,3371.088,3,3
310000,393.192,3,1874.52,2,5
1400000,1289.304,5,2105.2536,4.25,3
960000,1045.464,4,13277.088000000002,2.5,5
750000,917.4480000000001,3,63066.168000000005,2.75,3
800000,545.592,4,1204.5696,1.5,4
285000,323.088,1,16717.0608,1,3
250000,701.0400000000001,3,2347.2648,3,3
266490,551.688,3,1253.6424,2.5,3
277950,640.08,3,1835.2008,2.5,3
645000,893.0640000000001,3,6065.52,2.5,3
360000,716.2800000000001,3,1889.76,1.25,4
210000,557.784,3,1521.5616,2,3
582500,606.552,2,1996.1352000000002,1.75,3
520000,597.408,4,2522.8296,0.75,4
800000,950.976,4,1524,2.75,3
250000,316.992,3,2438.4,1,4
463000,816.864,4,3026.0544,2.5,4
312000,542.544,3,1242.6696000000002,2.5,3
417000,332.232,2,1399.0320000000002,1.75,4
329950,701.0400000000001,4,2953.512,2.5,3
517000,359.66400000000004,4,4114.8,1,3
405000,323.088,3,198.4248,2,3
475000,944.88,5,1614.8304,2.75,3
609000,1216.152,4,3435.096,3.5,3
225000,475.488,2,1625.4984000000002,2.5,3
425000,359.66400000000004,3,548.64,2,3
269000,469.392,2,1524,2,3
679975,1167.384,4,1415.4912000000002,2.5,3
336950,704.0880000000001,3,2340.864,1.75,4
265000,432.81600000000003,3,2476.8048000000003,1.75,3
415000,493.776,3,304.1904,2.25,3
610000,746.76,4,3083.6616000000004,3,5
600000,359.66400000000004,2,1524,1.75,2
758000,734.568,4,2910.5352000000003,2.75,4
379000,854.3544,5,2606.04,2.5,3
211000,411.48,3,2322.576,1.5,5
720000,960.12,3,46204.0224,2.5,3
582800,777.24,4,2327.4528,2.75,3
440000,307.848,2,599.8464,1.5,5
730001,560.832,3,1447.8000000000002,2,5
270000,435.86400000000003,3,2731.0080000000003,1.5,4
960000,734.568,4,1389.8880000000001,2.25,5
402000,216.40800000000002,2,357.53040000000004,1,4
860000,844.296,3,2784.6528000000003,2.5,3
418500,627.888,3,1340.8152,2.5,3
650000,926.5920000000001,4,2007.7176000000002,2.5,3
1012000,908.3040000000001,4,4956.9624,2.5,3
360000,548.64,3,6705.6,1.5,3
625000,963.168,3,23234.904000000002,1.75,4
650000,280.416,1,27881.8848,1,3
500000,521.208,3,1390.1928,2.25,4
414050,484.632,4,3148.8888,2,4
658100,740.664,4,2593.5432,2.5,3
233000,411.48,3,2342.6928000000003,2,3
524250,521.208,3,1057.3512,2.5,3
405000,457.20000000000005,3,2937.0528,2.5,3
377500,411.48,3,270.0528,2.5,3
599000,502.92,3,359.66400000000004,1.75,3
547500,563.88,3,2916.936,2,4
397000,914.4000000000001,4,2616.4032,2.5,3
271500,608.076,3,5596.128000000001,1.75,3
250000,499.872,3,7963.5096,1,3
270000,588.264,4,4572,1.5,5
685650,454.15200000000004,3,4937.76,1.75,5
265000,426.72,3,2883.4080000000004,1,3
395000,493.776,2,561.1368,2.25,3
320000,216.40800000000002,2,1584.96,1,4
425000,597.408,3,13207.5936,1.75,4
355000,438.91200000000003,4,2199.132,1,3
1830000,1371.6000000000001,4,65588.6928,4.25,3
308000,329.184,2,1905,1,4
470000,399.288,3,2621.28,1.75,4
300000,472.44,3,2529.84,2,4
227000,390.144,3,2193.9504,1,5
259950,377.952,3,2895.6000000000004,1.5,4
312620,384.048,3,3620.1096000000002,2.5,3
627000,704.0880000000001,3,3208.02,2,5
312000,694.9440000000001,3,1946.4528,2.5,3
212644,478.536,3,2941.32,1,5
520000,509.016,3,2682.2400000000002,2,4
808000,1054.608,8,1402.0800000000002,3.75,3
600000,280.416,2,1532.8392000000001,1,4
320000,549.2496,2,3421.38,1,3
918000,1194.816,5,1569.72,3.5,3
565000,762,4,3685.032,2.5,3
205000,432.81600000000003,4,2457.6024,1.5,3
599950,460.24800000000005,3,455.06640000000004,2.5,3
400000,475.488,4,2514.6,2,3
447000,231.64800000000002,2,1839.468,1,3
279000,338.32800000000003,3,1847.0880000000002,1,3
605000,588.264,3,1645.92,1.75,3
359999,816.864,5,2933.3952,3,3
609500,484.632,3,339.24240000000003,1.75,3
473000,286.512,2,1219.2,1,3
450000,408.432,3,2194.56,1.5,3
906000,755.904,4,1524,2.5,3
1650000,819.912,3,2709.672,2.75,4
453000,472.44,3,2194.56,1.75,3
230000,274.32,2,1075.0296,0.75,3
900000,1036.3200000000002,3,5060.5944,2.5,3
306000,362.71200000000005,3,3154.6800000000003,1,4
203000,365.76,3,2779.7760000000003,1.5,3
628000,792.48,5,2487.168,2.75,3
1810000,1152.144,3,2528.3160000000003,3.5,3
325000,509.016,4,2895.6000000000004,1.75,3
265000,277.368,2,1402.0800000000002,1,3
180500,259.08000000000004,2,1524,1,3
413000,883.9200000000001,5,2655.1128000000003,2.5,3
655000,445.00800000000004,2,564.1848,2.25,3
825000,676.6560000000001,4,3634.7400000000002,2.75,3
790000,749.808,3,1097.28,2.75,3
463800,298.704,3,2368.2960000000003,1.5,4
231750,310.896,3,2321.052,1,3
650000,600.456,3,16596.36,1.75,3
660000,569.976,4,3185.1600000000003,1.75,3
525000,487.68,4,2255.52,1.75,3
315000,371.856,3,4463.796,2,3
605000,640.08,3,1541.6784,1.75,3
550000,548.64,4,2362.2000000000003,2.75,4
202000,225.55200000000002,2,1996.44,1,4
485000,384.048,4,1182.624,1.75,5
319950,682.7520000000001,3,2286,2.5,3
320000,609.6,4,3161.9952000000003,2.25,4
2250000,1039.3680000000002,5,2474.3664000000003,5.25,3
465000,502.92,3,1413.0528000000002,2.5,3
313500,387.096,2,390.7536,1.5,3
195000,326.136,3,1862.3280000000002,1.75,4
110000,240.792,2,2514.6,1,3
499000,780.288,4,1600.2,3.75,3
415000,387.096,3,452.01840000000004,1.5,3
612000,701.0400000000001,5,2133.6,2.5,3
465000,368.808,3,1484.9856,1,4
158000,347.47200000000004,3,3193.3896,1,3
915000,886.9680000000001,4,1327.7088,2.5,3
531000,387.096,2,358.14000000000004,3,3
609000,655.32,4,11576.6088,2.5,3
370000,277.368,2,1684.02,1,2
519950,356.61600000000004,3,380.6952,2.25,3
568000,716.2800000000001,3,1548.384,2,3
321950,262.128,2,389.2296,1.25,3
297950,377.952,3,3291.84,2,3
1051000,890.0160000000001,4,10355.8848,3,5
545000,542.544,3,58286.294400000006,2.25,3
455000,277.368,2,1755.3432,1,3
402500,792.48,4,3642.6648,2.5,3
2200000,1414.2720000000002,5,6919.874400000001,4.25,5
465000,615.696,3,3461.9184,1.5,4
440000,316.992,3,1219.2,1,3
717000,399.288,3,1182.624,1.5,3
340000,381,3,1463.04,1,4
485000,670.5600000000001,3,2348.7888000000003,1.75,3
380000,737.616,5,1423.4160000000002,3.5,3
295000,298.704,4,3243.072,2,5
980000,1121.664,4,1784.2992000000002,3,3
740000,890.0160000000001,4,14129.004,2.25,4
1100000,624.84,2,3627.1200000000003,1.75,4
305000,289.56,3,4107.18,1,3
535000,515.1120000000001,3,2934.0048,2.5,3
400000,365.76,3,1463.04,1.5,4
791000,740.664,3,1676.4,2.25,3
715000,777.24,3,4101.9984,2.5,3
539950,667.5120000000001,3,2179.0152000000003,2.25,4
288350,566.928,3,2427.1224,1.5,3
800000,493.776,3,1371.6000000000001,2.25,4
475000,496.824,3,768.096,2.25,3
560000,573.024,4,1182.624,1.75,4
706000,579.12,3,1950.72,2.75,5
259000,454.15200000000004,4,2304.288,1.5,3
336750,356.61600000000004,2,308.1528,2.25,3
277000,335.28000000000003,3,2601.7728,1,4
650000,795.528,4,1267.968,2.75,5
680000,509.016,6,914.4000000000001,2,5
400000,435.86400000000003,3,3049.5240000000003,1,4
355000,621.792,4,2519.172,2.5,3
280000,591.312,7,1663.5984,2.5,3
164950,478.536,3,4672.584,1.75,3
1990000,1365.5040000000001,5,1524,3,5
937000,746.76,3,820.2168,1.75,3
782900,932.6880000000001,4,1188.1104,3.25,3
560000,826.008,4,2006.4984000000002,2.5,3
295000,499.872,3,2201.2656,1.5,4
747500,716.2800000000001,4,5669.280000000001,2.25,4
190000,277.368,3,3223.26,1,4
469950,771.144,4,4321.4544000000005,2.75,3
284000,457.20000000000005,3,3053.4864000000002,1.5,4
850000,829.056,4,56029.250400000004,3,3
170000,381,3,2138.172,1,3
864000,688.8480000000001,4,2011.68,1.75,5
625000,527.304,3,396.5448,2.5,3
945000,737.616,4,2743.2000000000003,2.25,5
360000,405.384,3,2280.5136,1.75,4
510000,1005.84,6,2304.5928,4.5,3
690000,1136.904,4,3602.7360000000003,3.25,3
899000,786.384,4,1201.8264000000001,2.5,3
439950,469.392,3,2369.2104,2.5,4
672800,835.152,4,3210.4584,2.5,3
784000,1078.992,4,2161.3368,2.75,4
346950,621.792,3,1325.2704,2.5,4
445000,493.776,3,1554.7848000000001,2,3
625000,606.552,3,1822.0944000000002,1.5,4
540000,912.2664000000001,4,5913.12,1.5,4
334550,268.224,2,3657.6000000000004,1,3
309000,390.144,3,2943.1488,1,4
423000,707.1360000000001,4,1296.6192,2.5,3
320000,701.0400000000001,3,3657.6000000000004,1.75,3
452000,381,3,1219.2,1.5,3
359950,917.4480000000001,4,1737.6648,2.5,3
605000,554.736,4,2324.4048000000003,2,5
274950,560.832,3,5083.7592,1.75,3
416000,603.504,4,2389.632,1.75,4
532500,758.952,4,2667,2.5,3
397500,435.86400000000003,3,421.5384,2.25,3
235000,219.45600000000002,2,1926.6408000000001,1,3
401000,426.72,2,2505.456,1,3
545000,554.736,6,1905,1.75,3
375000,509.016,3,4198.62,2,3
323000,762,5,3972.7632000000003,2.5,3
217000,426.72,3,2377.44,1,3
280000,542.544,3,3457.0416,2,3
470000,521.208,3,725.7288000000001,3.25,3
291375,676.6560000000001,4,1899.8184,2.5,3
427000,487.68,4,4267.2,2.5,3
283748,591.312,3,2913.888,2.25,3
1408760,1499.616,4,15429.2808,4,3
1045000,1085.088,4,1219.2,3,3
810000,874.7760000000001,3,1938.528,2,4
651000,591.312,3,1962.912,2,5
299900,670.5600000000001,4,1746.5040000000001,2.5,3
327500,539.496,3,2668.5240000000003,2.25,3
550000,719.3280000000001,4,2035.4544,3,3
381500,740.664,4,1693.4688,2.5,4
390500,445.00800000000004,2,129981.96,1.75,5
249000,332.232,2,413.6136,2,3
293000,515.1120000000001,3,5298.338400000001,2.5,3
305000,353.56800000000004,3,2971.8,1,3
389517,804.672,4,1440.18,2.5,3
318500,472.44,5,2129.3328,1.75,3
402000,600.456,3,3720.0840000000003,2.5,4
597000,694.9440000000001,4,741.2736,2.5,5
285000,548.64,3,766.8768,2.5,3
299000,594.36,4,914.4000000000001,2.5,3
340000,195.072,1,1463.04,1,3
450000,313.944,2,1330.452,1,3
585000,518.1600000000001,3,352.34880000000004,2.5,3
1180000,1207.008,5,28678.3272,5,3
460000,780.288,3,2560.32,1.75,3
779950,911.3520000000001,4,1310.0304,2.75,3
760000,902.2080000000001,4,8535.924,2.5,3
215000,246.888,3,1597.152,1,3
445000,399.288,3,385.8768,1.5,3
441500,307.848,2,1219.2,1.75,5
443500,585.216,3,2315.8704000000002,2,4
495000,445.00800000000004,3,2974.5432,2,5
1080000,1280.16,4,10749.3816,2.5,3
277000,490.728,3,3633.2160000000003,2.25,4
287000,350.52000000000004,3,3497.5800000000004,1.5,3
230000,432.81600000000003,3,914.4000000000001,1.75,3
525000,472.44,3,2084.832,1,3
650000,521.208,3,1826.3616000000002,1,4
667500,621.792,3,1475.5368,2,4
255000,502.92,4,2194.56,1.75,3
195000,661.416,4,3032.1504,1.5,3
340500,935.7360000000001,3,1789.4808,2.5,4
475000,755.904,3,1838.2488,2.5,3
478000,435.86400000000003,3,410.8704,3.25,3
457500,256.03200000000004,2,1524,1,4
320000,463.29600000000005,3,2703.576,1,4
395000,307.848,2,932.6880000000001,1.5,4
700000,716.2800000000001,3,1516.38,2.5,3
500000,1133.856,5,7764.475200000001,3,3
534000,694.9440000000001,5,1097.28,2,3
319000,725.4240000000001,4,2255.52,2.25,4
858450,1054.608,5,2431.3896,2.75,3
225000,518.1600000000001,4,1838.2488,2.5,3
460000,435.86400000000003,2,3685.6416000000004,1,4
549950,829.056,4,4114.8,2.5,3
440000,515.1120000000001,4,989.076,1.5,3
652450,679.7040000000001,3,3607.308,2.25,5
471000,536.448,4,1752.6000000000001,1.75,5
205000,432.81600000000003,3,2127.504,1.75,5
325000,777.24,3,1292.352,2.5,3
232000,390.144,3,4070.9088,2,3
328000,472.44,2,633.6792,2.25,3
975000,737.616,4,4718.9136,2.25,4
565000,597.408,4,14870.277600000001,2.75,4
224000,335.28000000000003,3,3086.1000000000004,1.75,4
225000,533.4,4,2208.2760000000003,2,4
329000,362.71200000000005,4,2400.9096,2,5
385000,536.448,2,1130.808,2.5,3
424500,557.784,4,2129.0280000000002,1.5,3
310000,350.52000000000004,3,1012.8504,1.5,3
327500,554.736,3,568.7568,2.5,3
205000,313.944,4,2018.0808000000002,1,4
593500,417.576,3,1219.2,1,4
325000,188.976,2,4518.0504,1,3
335000,387.096,2,513.5880000000001,1.75,3
300000,576.072,4,2805.684,1.75,3
820000,737.616,4,1412.748,2.75,5
674000,707.1360000000001,3,2055.5712000000003,3.25,3
218500,423.672,3,2843.1744000000003,1.75,4
235000,451.10400000000004,3,2009.2416,1.75,4
855000,1228.344,4,312135.9264,3.5,3
905000,832.104,4,1300.8864,2.75,3
212000,326.136,2,2251.2528,1,3
315000,396.24,4,2560.32,1,4
360000,408.432,2,320.04,1.75,3
515000,323.088,2,1288.6944,1,3
598800,1362.4560000000001,6,5448.9096,4,3
232000,426.72,3,3170.8344,1,4
399000,542.544,3,3486.9120000000003,1.75,3
310000,234.696,2,2483.8152,1,4
408000,798.576,3,2561.2344000000003,2.5,3
1454000,1240.536,5,3454.6032,4,3
536000,606.552,3,2254.6056000000003,2.5,3
122000,225.55200000000002,2,2084.832,1,3
443000,798.576,4,10705.7952,3,3
419950,466.34400000000005,4,2414.016,1,3
539000,548.64,3,13409.676000000001,2,3
309950,441.96000000000004,4,3070.5552000000002,1.75,4
350000,384.048,3,338.63280000000003,1.75,3
278500,423.672,3,2737.1040000000003,1.75,4
700000,752.856,4,1828.8000000000002,1.5,3
317000,387.096,3,2720.34,1,5
1101000,676.6560000000001,3,1472.184,1.5,3
370000,381,2,1511.808,1,3
340000,213.36,2,1776.6792,1,3
370000,499.872,4,2194.56,2,3
826000,323.088,2,1865.3760000000002,1,3
415000,554.736,3,2954.7312,2.25,3
847000,917.4480000000001,6,5444.9472000000005,2.5,3
716000,347.47200000000004,3,1463.04,1.5,3
265000,481.584,4,2581.0464,1.5,4
464000,609.6,5,914.4000000000001,2,3
615000,432.81600000000003,3,302.0568,3,3
2250000,1578.864,4,6050.280000000001,3.25,3
577500,710.1840000000001,2,914.4000000000001,2.5,3
800000,646.176,4,3023.9208000000003,2.25,3
825000,886.9680000000001,4,2446.6296,3,5
350000,353.56800000000004,2,1644.3960000000002,1,3
485000,664.464,3,2230.5264,1.75,4
295000,204.216,2,2423.7696,1,4
315000,600.456,4,1581.912,2.5,3
415000,542.544,4,3706.6728000000003,2,5
150000,271.272,3,1977.5424,1,3
410000,405.384,3,1524,1,3
438000,594.36,5,1905,1,4
510000,207.264,1,2011.68,1,3
350000,381,3,67049.2944,1.5,4
699000,426.72,2,1234.44,1.5,4
225000,396.24,3,2534.7168,1,4
267100,381,2,481.584,2.5,3
1999000,1191.768,4,2286,3.25,4
295000,496.824,2,416.9664,2.5,3
1268890,1344.1680000000001,5,10726.5216,3.25,3
470000,630.936,3,2615.4888,2.5,3
525888,777.24,5,21907.195200000002,1.75,5
374000,460.24800000000005,3,5620.2072,1.75,3
4208000,2267.712,5,6565.392000000001,6,3
337500,411.48,3,1783.0800000000002,1.75,4
330000,356.61600000000004,4,1219.2,2,3
266000,591.312,3,2605.1256000000003,2.5,3
211000,640.08,4,2804.1600000000003,1,3
620000,493.776,3,2020.824,1.5,3
927000,1005.84,4,3685.032,2.75,3
270000,633.984,3,8099.7552000000005,2.25,3
550000,1048.512,7,2468.88,4,3
523000,377.952,3,2357.628,1.5,4
1400000,1075.944,5,2415.2352,4.25,3
530000,512.0640000000001,2,1508.76,2,3
234000,496.824,4,2746.248,2,4
715000,627.888,4,1721.8152,2.25,5
423000,573.024,4,2225.9544,1.75,3
245000,454.15200000000004,3,2112.264,1.75,4
271310,265.176,2,1627.632,1,2
273000,606.552,4,1883.664,3,3
330000,960.12,4,1890.3696,3.5,3
1050000,1335.0240000000001,3,13035.9912,4,5
210000,268.224,2,352.65360000000004,1.5,3
650000,530.352,2,762,2.5,3
439800,341.37600000000003,3,2103.12,1.5,5
580000,676.6560000000001,4,2153.1072,2.5,3
275000,234.696,2,2483.8152,1,5
390000,445.92240000000004,3,264.5664,2,3
435000,384.048,2,1243.584,1,5
585000,752.856,4,40169.592000000004,1.75,3
450000,499.872,3,4114.8,1.75,3
345000,469.392,3,2105.8632000000002,1.75,4
589900,1179.576,4,10938.967200000001,4.5,3
276900,411.48,2,3077.2608,1,4
585000,582.168,3,457.50480000000005,2.5,3
220000,429.76800000000003,3,2437.7904000000003,2,4
197500,405.384,3,1649.5776,1,5
475000,289.56,3,338.32800000000003,2.5,3
390000,353.56800000000004,3,1143,1,3
725000,1200.912,4,8409.7368,3.25,3
345100,594.36,3,2628.9,3.75,3
308000,499.872,3,5530.291200000001,1,3
740000,914.4000000000001,4,3167.4816,2.5,3
530000,871.7280000000001,4,14737.384800000002,1.75,3
661500,762,5,2194.56,2.5,4
835000,646.176,3,16463.4672,2.25,4
263000,429.76800000000003,3,2468.88,1.75,3
1356920,1301.496,4,1767.8400000000001,3.5,5
691500,792.48,4,2194.56,2.5,3
255000,740.664,4,2731.0080000000003,2,3
630000,667.5120000000001,4,3011.424,2.5,4
900000,969.264,3,3840.48,2.5,4
325000,243.84,2,2212.848,1,3
438000,387.096,2,418.1856,2,3
229000,612.648,4,2343.3024,2.25,3
565000,762,3,2253.6912,2.5,3
350000,524.256,4,2197.608,2,3
610000,792.48,4,11150.4984,2.75,5
450000,551.688,3,278.5872,2.5,3
250000,280.416,3,1349.9592,1,3
350000,329.184,2,2207.3616,1.75,4
382000,545.592,3,2340.5592,1.75,4
299000,585.216,3,2389.632,2.25,4
587000,1100.328,5,16030.956,3.5,4
262500,688.5432000000001,3,8178.0888,1.75,5
263000,524.256,3,2086.9656,2.5,3
502000,521.208,3,1524,1,5
230000,441.96000000000004,3,3414.9792,2,3
389000,408.432,2,1256.3856,2,3
224950,688.8480000000001,4,2952.2928,2.5,4
430000,801.624,6,2682.2400000000002,3,3
469775,466.34400000000005,2,2139.696,1.75,3
775000,941.832,4,2167.7376,2.5,3
376500,496.824,3,2377.44,2,5
295500,405.384,3,3207.4104,1.75,3
299000,225.55200000000002,1,1524,1,3
354000,323.088,3,1752.6000000000001,1.5,4
235000,536.448,4,1874.52,1.5,3
381000,405.384,3,2199.4368,1.75,3
469500,905.2560000000001,5,7546.5432,2.5,4
216000,399.288,3,2642.616,1.75,4
524400,606.552,4,3947.1600000000003,1.75,4
221000,350.52000000000004,3,2212.848,1,3
442573,542.544,3,2306.4216,1.75,3
765000,685.8000000000001,3,2926.08,2.75,4
169100,320.04,3,5579.059200000001,2,4
820000,905.2560000000001,3,2926.08,2.5,3
465000,524.256,3,1609.344,1.75,4
365000,292.608,2,68244.1104,1,3
417000,396.24,3,267.3096,2.5,3
656000,438.91200000000003,4,1310.64,1.75,4
1481000,1591.056,4,4697.272800000001,3.5,3
746300,627.888,3,1743.7608,1.75,3
245000,454.15200000000004,3,2416.7592,2,3
178500,283.464,2,1050.6456,1,4
267000,286.512,3,1432.5600000000002,1,4
277000,347.47200000000004,3,2482.2912,1,3
465000,923.5440000000001,4,14617.5984,2.5,3
365000,670.5600000000001,3,2955.3408,2.5,3
250200,359.66400000000004,3,2250.6432,1.5,5
490000,493.776,3,323.6976,2.25,3
400000,730.9104,4,1825.1424000000002,2.5,3
441500,719.3280000000001,3,1423.4160000000002,2.5,3
440000,259.08000000000004,1,2001.6216000000002,1,4
519000,798.576,5,2700.8328,2.75,5
280000,277.368,2,1420.9776000000002,1,5
863000,853.44,4,1645.92,1.75,3
552100,405.384,3,420.3192,3,4
555000,536.448,4,28811.22,1.75,3
853505,859.5360000000001,3,4538.472000000001,2.5,3
477500,637.032,2,1828.8000000000002,2,3
600000,679.7040000000001,4,3887.1144000000004,2.5,4
434500,588.264,3,2197.608,1.75,3
359000,740.664,3,2394.8136,2.5,5
799900,1112.52,4,5554.370400000001,4,3
299980,481.584,4,3118.1040000000003,1.5,3
215000,344.42400000000004,4,2255.52,1,4
263000,454.15200000000004,3,1158.24,1.75,3
470000,646.176,3,723.5952000000001,2.5,3
1484900,1392.9360000000001,5,5868.0096,2.5,5
292500,652.272,4,2487.7776000000003,1.75,3
400000,728.472,3,9786.8232,1.5,3
460000,728.472,3,14471.904,2.5,3
425000,643.128,2,1499.616,1,3
462500,515.1120000000001,2,1280.16,2,3
330000,435.86400000000003,3,2438.4,1.5,5
375000,435.86400000000003,4,2204.3136,1.5,3
329500,329.184,3,1600.2,1,4
329900,298.704,2,311.2008,2.5,3
395000,704.0880000000001,3,1502.664,2.5,4
630000,490.728,4,1524,2,5
780000,740.664,3,1378.9152000000001,1.75,4
240000,393.192,3,2549.9568,1.5,3
165000,390.144,3,2359.7616000000003,1.5,3
280017,563.88,3,2673.096,2.5,3
530000,505.968,3,1463.04,1.75,3
427500,963.168,4,2659.6848,2.5,3
258000,688.8480000000001,5,3810,2,4
400000,563.88,4,1975.104,1.75,4
575000,1082.04,5,2435.9616,2.25,3
1500000,1691.64,4,3952.6464,4.25,3
830000,1127.76,5,1645.92,3.5,3
519950,743.712,5,3108.96,3.5,4
399950,940.9176,3,1524.6096,2.5,3
468000,478.536,3,1920.24,2,3
765000,957.072,4,4937.76,2.5,3
425000,509.016,2,1893.4176,1,4
565000,871.7280000000001,5,6336.792,3.25,4
805000,716.2800000000001,5,1975.104,3,4
321000,615.696,3,1274.9784,2.5,3
476000,347.47200000000004,2,405.9936,2.25,3
298000,737.616,4,1165.8600000000001,2.5,3
360000,563.88,4,2690.4696000000004,2,3
455000,536.448,3,3465.8808000000004,1.75,5
1185000,1207.008,4,3930.396,3.25,3
350000,307.848,3,2340.864,1,4
550000,1078.992,4,1447.8000000000002,3.5,3
292000,627.888,4,1813.5600000000002,2.5,3
363000,685.8000000000001,4,3700.8816,3,3
1406890,1091.184,5,5117.287200000001,2.25,5
510000,448.05600000000004,2,335.58480000000003,2.25,3
476500,509.016,4,3108.96,1.75,3
364950,768.096,3,1880.616,2.25,3
393000,310.896,2,1280.16,1,5
291000,484.632,4,7415.784000000001,1,3
445000,658.368,4,2194.56,2.75,4
390000,487.68,3,3182.112,1.5,3
555000,633.984,3,2139.696,2,4
633000,1286.256,4,1773.0216,3.5,3
390000,637.6416,3,76475.844,1.75,3
715000,905.2560000000001,4,1744.0656000000001,2.5,3
356000,487.68,4,3810,2,5
675000,676.6560000000001,4,2203.704,1.75,3
763000,981.456,4,2399.6904,2.5,3
319900,420.624,2,2819.7048,1,3
460000,600.456,3,2784.348,1.75,4
729000,746.76,4,8254.2888,2.5,3
285950,356.61600000000004,2,1828.8000000000002,1,3
515000,521.208,3,2879.7504000000004,2.75,3
259000,423.672,3,2170.176,2,3
851000,954.024,4,4023.9696000000004,2.5,3
212000,579.12,4,6638.544000000001,2.5,3
490000,374.904,2,423.9768,2.5,3
615000,716.2800000000001,3,6345.936000000001,1.75,4
300000,228.60000000000002,2,1560.576,1,4
819000,968.0448,3,4081.5768000000003,2.75,4
479950,688.8480000000001,3,2183.2824,2,3
415000,353.56800000000004,4,4879.2384,2.5,4
525000,713.2320000000001,3,10674.400800000001,2.5,3
1698890,1176.528,4,4646.9808,4.5,3
691000,542.544,2,1161.288,2,3
1350000,1066.8,4,2903.2200000000003,3.5,3
325000,387.096,3,325.2216,1.5,3
325000,755.904,3,2668.5240000000003,2.25,3
435000,667.5120000000001,4,2004.9744,2.5,3
531000,384.048,2,2029.968,1.5,4
1679000,1472.184,5,3494.8368,4.25,3
1438890,1042.416,5,2438.4,3.5,3
440000,792.48,4,8717.28,2.25,3
550000,469.392,3,306.324,2.25,3
375000,509.016,3,2359.152,2.5,3
600000,295.656,3,1463.04,1,3
175000,313.944,3,2558.7960000000003,1,4
262500,594.36,5,2464.6128000000003,2.25,3
239950,487.68,3,1489.8624,1.75,3
333000,731.52,4,2215.896,2.5,3
1490000,1389.8880000000001,3,4452.5184,3.5,3
920000,954.024,4,3773.7288000000003,3,3
205000,396.24,3,3011.424,1,4
900000,1432.5600000000002,4,11707.9776,3.25,3
505000,847.344,4,1941.2712000000001,2.5,3
219900,277.368,3,1828.8000000000002,1,2
555000,963.168,3,1301.496,2.5,3
825500,847.344,3,3646.6272000000004,2.5,3
425000,512.0640000000001,3,914.4000000000001,1.75,4
1505000,1060.704,4,2204.3136,3.5,3
379500,429.76800000000003,3,392.2776,2.25,3
230000,435.86400000000003,2,1219.2,1,3
320000,405.384,3,1783.0800000000002,1,3
350000,1030.2240000000002,4,4917.338400000001,3,3
452250,777.24,4,3048,2.25,4
339500,588.264,4,2396.3376000000003,2.5,3
610000,701.0400000000001,4,3304.9464000000003,2.5,5
1242000,1432.5600000000002,4,3103.7784,3.5,3
770000,832.104,4,1524,2.25,5
359782,563.88,3,1036.3200000000002,2.5,3
500000,454.15200000000004,3,274.9296,3.25,3
399888,722.3760000000001,4,9204.960000000001,1,4
465750,813.816,3,1381.9632000000001,2.5,3
392500,335.28000000000003,3,2331.7200000000003,1,3
255000,246.888,1,1524,1,3
400000,484.632,3,2505.1512000000002,1.75,5
447000,402.336,2,2554.224,1,3
350000,423.672,3,1469.136,1,4
1015000,1429.5120000000002,4,63136.5768,3.75,3
482500,896.1120000000001,6,2286,4.5,4
925000,743.712,4,3594.5064,1.75,3
525000,774.192,4,2194.56,1.75,4
455000,585.216,4,1828.8000000000002,1.75,4
299000,563.88,3,1402.0800000000002,2.5,3
333000,289.56,3,1589.2272,1,3
605000,975.36,3,10671.6576,2.5,3
509007,548.64,3,2322.576,1.75,3
950000,694.9440000000001,3,699.8208000000001,2.5,3
446000,691.8960000000001,4,2377.44,2.25,3
356000,323.088,2,5020.0560000000005,1.75,3
735000,1033.2720000000002,5,1588.3128000000002,2.75,3
450000,451.10400000000004,3,597.7128,2.5,3
350000,384.048,2,410.5656,2.5,3
267500,728.472,5,2011.68,3.5,5
514000,688.8480000000001,3,16463.4672,2.25,3
599900,923.5440000000001,3,10705.4904,3,4
388000,637.032,4,1536.192,2.5,3
530000,658.368,3,2473.1472000000003,2.25,3
1270000,1203.96,5,2901.6960000000004,3,3
2983000,2255.52,5,5760.1104000000005,5.5,3
400000,460.24800000000005,3,2555.748,1.75,3
640000,719.3280000000001,4,1828.8000000000002,2,4
299950,551.688,4,2316.7848,2.25,3
410000,429.76800000000003,3,1524,1,3
675000,941.832,4,30734.508,3.5,3
275250,463.29600000000005,3,2194.2552,2.25,4
350000,807.72,4,3187.9032,2.5,4
390000,762,4,3916.0704,2.75,3
786000,1011.936,4,2684.6784000000002,3.5,3
374900,908.3040000000001,5,2590.8,2.75,3
533112,850.392,4,2698.3944,2.75,3
545000,637.032,4,1835.8104,2.5,3
655000,597.408,3,1682.496,1.75,4
488250,557.784,4,2929.128,2,3
440000,329.184,2,2060.4480000000003,1.5,3
237500,411.48,3,2731.0080000000003,2,4
1575000,1161.288,4,3022.3968,3.75,3
621500,652.272,5,4861.56,2.5,4
311600,413.9184,3,364.5408,2.25,3
856000,658.368,3,1194.816,2.5,3
279000,533.4,3,2933.0904,1.75,3
310000,655.32,3,2004.3648,2.75,4
268300,362.71200000000005,3,2743.2000000000003,1,3
599950,600.456,3,32528.8656,2.5,3
484000,594.36,3,5303.52,1.75,3
459950,841.248,4,6542.532,2,4
278000,374.904,3,2374.0872,2,3
870000,847.344,4,944.88,3.5,3
235000,368.808,2,2865.1200000000003,1,2
570000,313.944,3,1246.3272000000002,1,3
500000,591.312,3,11449.812,2.5,4
1999950,1719.0720000000001,4,10669.828800000001,3.25,3
90000,240.792,2,804.672,1,3
480000,554.736,3,4572,2.25,3
250500,521.208,3,2202.1800000000003,2,4
175000,201.168,2,1524,1,3
640000,493.776,33,1828.8000000000002,1.75,5
408000,457.20000000000005,3,448.97040000000004,3,3
342000,478.536,4,3413.76,2,3
312500,265.176,2,2202.7896,1,3
375000,481.584,3,1165.8600000000001,2.5,3
240000,313.944,3,3388.7664,2,5
273000,457.20000000000005,3,1905,1,3
1550000,899.1600000000001,2,4752.7464,2.25,4
302500,944.88,3,3653.0280000000002,2.25,4
250000,335.28000000000003,3,2276.856,1,4
190000,335.28000000000003,3,2880.9696000000004,1.75,3
325000,374.904,2,328.5744,2.25,3
266000,550.164,3,1036.9296000000002,2.5,3
387846,768.096,4,4634.484,1.75,4
216000,344.42400000000004,2,3810,1,4
323400,627.888,4,2785.2624,3,3
200000,542.544,4,2438.4,1.5,4
230000,243.84,2,5475.732,1,4
280000,490.1184,3,1468.5264,2.5,3
370037,381,2,2825.496,1,4
308000,396.24,3,377.0376,1.75,3
336000,359.66400000000004,2,2194.56,1,4
280500,810.768,4,2363.4192000000003,2.75,3
1236000,509.016,3,1174.0896,1.5,4
499000,338.32800000000003,2,291.6936,1.5,3
415000,932.6880000000001,4,14870.277600000001,2.25,3
260000,585.216,3,2461.26,2,4
498000,691.8960000000001,4,2247.9,2.75,4
700000,512.0640000000001,4,1225.6008000000002,1,3
312900,496.824,4,1363.3704,2.5,3
305000,304.8,2,275.844,2.25,3
1099500,786.384,4,1828.8000000000002,2,5
230000,438.91200000000003,3,1706.88,2,4
653000,816.864,3,2971.8,2.5,4
1365000,1283.208,5,5260.2384,3.5,3
385000,585.216,3,1473.0984,2.25,4
280000,332.232,3,3264.4080000000004,1,4
239000,390.144,4,2534.7168,1,3
675000,542.544,3,1296.0096,2.25,4
520000,576.072,4,916.2288000000001,2.25,3
820000,966.216,4,1177.1376,2.5,3
470000,655.32,4,2993.136,2.75,4
340000,298.704,3,2203.0944,1,3
402000,460.24800000000005,4,2796.8448000000003,1.75,5
245000,341.37600000000003,2,1722.1200000000001,1,3
560000,295.656,2,1290.2184,1.75,4
515000,752.856,4,2377.44,2.25,3
280500,743.712,3,3102.5592,1.75,4
230000,320.04,4,2900.4768000000004,1.5,4
539500,694.9440000000001,4,2606.04,2.25,3
345000,402.336,3,353.87280000000004,3.5,3
750000,1371.6000000000001,5,2478.0240000000003,4,3
487000,731.52,4,2133.6,2.25,4
536000,466.34400000000005,3,2591.7144000000003,1.75,4
385000,448.05600000000004,3,3474.1104,1,3
595000,582.168,3,1753.5144,1.75,3
435000,204.216,1,548.64,1,5
849950,911.3520000000001,3,2978.8104000000003,3,4
406000,585.216,4,1828.8000000000002,1.5,3
850000,1024.1280000000002,3,2654.1984,2.5,3
580000,563.88,3,852.5256,1.75,3
615000,268.224,2,731.52,1.5,3
360000,816.864,4,5720.486400000001,2,5
525000,701.0400000000001,4,8122.92,2.75,4
687500,316.992,2,2194.56,1,4
457500,560.832,3,1228.344,1.75,5
1901000,810.768,3,4074.2616000000003,2.5,3
265000,304.8,2,9602.724,1,3
660000,713.2320000000001,3,905.2560000000001,3,5
430000,582.168,3,1536.192,2,3
675000,856.488,4,3389.376,2.5,3
215000,292.608,3,2914.8024,1,5
300000,670.5600000000001,4,2458.212,2.5,3
399950,600.456,5,1645.92,2.75,3
550000,737.616,4,4730.496,1,4
518380,856.488,4,1371.6000000000001,2.5,3
107000,277.368,3,1560.576,1.5,3
299990,569.976,3,2603.2968,2.5,3
205000,307.848,3,2682.2400000000002,1,4
375000,441.96000000000004,3,2225.04,2,5
526500,399.288,3,2205.5328,1.5,4
250000,414.528,3,4876.8,1.75,3
920000,1161.288,4,4138.8792,2.5,3
570000,694.9440000000001,4,1381.9632000000001,2.5,3
970000,1036.3200000000002,5,2988.2592,3.5,3
650000,844.296,4,1710.5376,2.5,3
245000,515.1120000000001,3,2069.592,2,3
310000,307.848,2,3049.5240000000003,1.5,3
310000,573.024,3,9249.4608,1.75,3
400000,932.6880000000001,6,5215.7376,2.5,4
140000,387.096,3,2740.4568,1.75,3
290000,505.968,4,1459.3824,2,3
323000,594.36,3,4583.2776,1.75,3
375000,560.832,2,24960.6816,1,3
324950,643.128,4,1273.4544,2.5,3
415000,371.856,3,254.508,1.5,4
309000,682.7520000000001,4,2816.3520000000003,2,3
620000,539.496,4,2346.96,2,4
650000,384.048,5,1371.6000000000001,1.75,3
475000,640.08,4,4105.0464,2,5
670000,762,4,1524,3,4
375000,286.512,2,1560.576,1,3
675000,798.576,4,1863.5472000000002,2.5,3
567000,640.08,5,2114.0928,2.25,3
121800,286.512,2,2555.4432,1,3
925000,780.288,3,1097.28,3,3
790000,682.7520000000001,4,2640.7872,2.5,5
492000,777.24,4,1945.2336,2.5,3
406500,542.544,3,2627.6808,2,3
999950,1008.888,4,1427.6832000000002,3.5,3
480000,984.504,4,4928.9208,2.5,3
409000,438.91200000000003,3,2763.012,1.75,4
579000,536.448,2,2194.56,2,5
339999,719.3280000000001,3,2466.7464,2.5,3
931000,749.808,3,2011.68,2.5,4
544000,536.448,3,534.924,2.5,3
219950,310.896,3,1511.808,1,3
311750,691.8960000000001,4,3657.6000000000004,2.25,4
925000,1109.472,3,3139.44,2.75,4
637000,646.176,4,4572,2.5,4
275000,664.464,2,3924.3,1,3
475000,463.29600000000005,3,2468.88,1.75,5
467000,560.832,3,1046.0736,2,3
605000,746.76,3,1752.6000000000001,2.75,3
350000,512.0640000000001,3,2441.4480000000003,1,3
360000,795.528,4,2235.0984000000003,2.5,3
1400000,1335.0240000000001,4,20303.6424,3.5,3
335000,408.432,3,594.6648,2,3
128000,426.72,3,2953.512,1,3
626000,533.4,3,479.1456,2.25,3
435000,429.76800000000003,5,2057.4,1,3
870000,722.3760000000001,4,1524,1.75,3
360000,527.304,4,1676.4,2,5
645000,963.168,4,3468.6240000000003,2.5,3
625000,1292.352,4,7814.7672,3.25,3
363990,682.7520000000001,4,1131.4176,2.5,3
290000,463.29600000000005,3,4599.432,1.75,4
460000,627.888,3,1352.3976,2,3
458000,472.44,4,914.4000000000001,1.5,3
190000,219.45600000000002,1,1463.04,1,3
269500,560.832,3,2259.1776,1.75,4
782000,478.536,2,1097.28,1.5,4
187500,256.03200000000004,3,2560.32,1,3
500000,371.856,3,1036.3200000000002,1,3
402000,658.368,5,2194.56,2.75,3
1700000,1319.784,4,4674.108,3.5,4
855000,950.976,3,2865.1200000000003,2,5
290000,457.20000000000005,3,2227.4784,2.25,4
689000,710.1840000000001,2,3091.5864,1.75,4
276200,451.10400000000004,3,2197.608,2.5,3
750000,960.12,4,1933.3464000000001,2.75,3
380950,435.86400000000003,2,2383.2312,1,3
443000,740.664,3,2148.5352000000003,2.5,3
840000,512.0640000000001,2,297.18,2.5,3
474950,563.88,3,784.86,2.25,3
320000,326.136,2,9946.538400000001,1,4
611000,563.88,3,1524,1,3
350000,688.8480000000001,4,2286,2.5,3
510000,560.832,4,2377.44,2.5,3
325000,344.42400000000004,2,1545.336,1,4
590000,731.52,4,31732.118400000003,2.75,3
450000,493.776,3,322.1736,2.25,3
245000,557.784,4,3174.7968,2,3
410000,600.456,4,1444.7520000000002,1,3
184000,335.28000000000003,3,2645.664,1,3
269000,429.76800000000003,3,3223.8696,2,3
2575000,1456.944,5,6230.112,3,4
441500,460.24800000000005,3,2346.96,1.75,3
499160,801.0144,4,3494.8368,2.5,3
495000,809.5488,4,6460.236,2.75,3
340000,597.408,3,2479.8528,1.75,3
400000,588.264,5,2970.8856,2,4
205000,320.04,3,2590.1904,1,3
935000,542.544,2,630.0216,2.5,5
486000,1085.088,4,3671.9256,2.5,3
399700,402.336,4,1463.04,1.75,4
307635,554.736,3,1280.16,2.5,3
509500,627.888,5,2743.2000000000003,2.25,4
510000,765.048,5,25368.808800000003,2.5,4
450000,1234.44,9,1982.4192,7.5,3
464000,749.808,3,1645.92,2.5,4
172500,316.992,3,2286,1,4
585000,661.416,3,46868.1816,1.75,3
642000,316.992,3,1365.5040000000001,1,3
301000,313.944,3,2564.5872,1.5,4
385000,533.4,5,2980.944,1.5,4
299000,527.304,3,1830.9336,2,3
685100,850.392,4,1652.9304000000002,2.5,3
805000,1207.008,4,11769.852,2.5,3
340000,365.76,4,3607.0032,1,3
210000,384.048,3,1896.7704,1.75,3
279000,463.29600000000005,3,2455.164,1,3
219000,329.184,3,3242.7672000000002,1,3
410000,429.76800000000003,3,2465.2224,2,3
306000,365.76,2,799.1856,1.75,5
123300,350.52000000000004,3,2453.6400000000003,1,4
780000,710.1840000000001,5,1158.24,1.75,3
290000,384.048,3,2239.0608,2,3
540000,621.792,4,2841.3456,1.75,3
785000,917.4480000000001,3,561.4416,2.75,3
376000,350.52000000000004,2,1219.2,1,3
400000,377.952,4,1178.6616000000001,2.75,3
369000,472.44,3,2593.5432,2,3
190000,283.464,1,8917.8384,0.75,3
285000,557.784,4,2662.1232,2.25,4
660000,694.9440000000001,3,1874.52,2.25,3
195000,460.24800000000005,3,2560.32,1.75,2
559000,518.1600000000001,3,1981.2,1.75,3
487000,353.56800000000004,2,340.76640000000003,1.5,3
618080,618.744,3,1981.2,2.5,3
315000,573.024,3,2133.6,2.5,3
600000,557.784,2,605.9424,2.5,3
285000,643.128,3,2103.12,2,5
520000,694.9440000000001,3,17895.4176,2.5,3
399000,445.00800000000004,3,2526.792,1,3
515000,396.24,3,359.66400000000004,2.25,3
908950,941.832,4,1889.76,2.75,3
264000,473.0496,3,1120.7496,2.25,3
307000,576.072,3,4224.528,1.75,5
317000,413.9184,3,366.9792,2.25,3
460000,524.256,4,929.6400000000001,1.75,5
399950,316.992,3,2926.08,1,3
300000,868.6800000000001,3,2857.5,3,3
525000,810.768,4,2425.2936,2.25,4
316500,655.32,4,2074.7736,2.5,4
462000,935.7360000000001,4,1960.4736,2.5,3
571000,838.2,4,2379.5736,2,5
1400000,1173.48,5,4568.952,3,4
499950,414.528,3,762,2,3
389000,353.56800000000004,2,1477.6704,1.75,4
472500,902.2080000000001,4,68111.2176,2.5,3
330000,335.28000000000003,4,1524,1,5
655000,548.64,3,1555.0896,1.75,3
575000,402.336,2,1447.8000000000002,1,4
204555,384.048,3,4572,1.75,4
880000,771.144,4,3291.84,2,5
285000,451.10400000000004,3,2169.2616000000003,1.5,3
485000,478.536,3,2075.688,2.25,3
240000,473.3544,3,1996.44,2,3
325000,405.384,3,365.1504,2.25,3
270000,548.64,3,2838.9072,1.75,3
755000,646.176,4,3109.5696000000003,2.5,4
469000,313.944,2,1341.1200000000001,1,3
279000,560.832,4,2217.42,1.75,3
600000,633.984,2,3978.8592000000003,1.75,3
433500,670.5600000000001,3,1024.1280000000002,2.5,3
150000,249.936,2,3130.2960000000003,1,3
805000,734.568,4,1828.8000000000002,2.75,5
305000,640.08,4,2830.9824000000003,1,4
640000,515.1120000000001,3,473.3544,2.5,3
650000,780.288,4,2966.0088,2.25,4
356000,615.696,4,14841.626400000001,2,3
725000,758.952,4,1575.816,2.5,4
575000,505.968,4,1463.04,2,3
115000,350.52000000000004,1,2990.6976,2,4
380000,310.896,3,1463.04,1,3
518000,804.672,4,10628.376,2.25,3
392000,286.512,2,1524,1.5,4
410000,459.94320000000005,3,432.20640000000003,2.5,3
540000,944.88,5,3105.6072000000004,2.5,3
408000,600.456,3,2164.08,1.75,3
315000,469.392,3,5310.8352,2.25,3
325000,588.264,4,2577.9984,2.5,3
1250000,963.168,4,3061.1064,3.25,3
770000,1121.664,4,683.3616000000001,3.5,3
850000,969.264,4,3551.5296000000003,2.5,3
255000,277.368,3,7772.400000000001,1.5,3
429592,607.1616,2,3336.3408,2.75,5
287000,621.792,5,3588.1056000000003,1.5,4
230000,265.176,2,2139.696,1,4
389500,902.2080000000001,5,3818.2296,3.5,3
490000,807.72,4,2934.3096,2.5,4
560000,551.688,4,1828.8000000000002,1.5,3
297000,591.312,3,4557.3696,2.5,3
283500,606.552,4,1699.8696,2.5,3
380000,707.1360000000001,4,3072.0792,2.5,3
510000,832.104,3,2175.0528,2.5,3
350000,350.52000000000004,2,2301.8496,1.5,3
420000,304.8,2,1638.3000000000002,1,3
275500,393.192,4,1524,1,3
760000,789.432,4,1185.3672000000001,3.25,3
1450000,859.5360000000001,4,2380.1832,3.5,3
679000,688.8480000000001,4,12568.7328,1.75,4
274800,429.76800000000003,3,605.9424,1.75,3
233000,603.504,3,2592.324,1,3
345000,313.944,2,337.10880000000003,1.75,3
1459000,1408.1760000000002,4,39687.398400000005,4,3
270500,542.544,3,2392.0704,2.5,3
501000,396.24,2,762,2,4
680000,332.232,3,2065.02,1.75,4
265000,457.20000000000005,5,2167.7376,1.5,5
505000,591.312,4,1463.04,1.75,5
80000,131.064,1,1539.24,0.75,2
168000,371.856,2,1087.5264,1.5,4
470000,697.9920000000001,3,4511.04,1.75,3
175000,310.896,2,1563.624,1,4
1365000,822.96,2,1049.7312,3.25,3
545000,1039.3680000000002,4,10680.192000000001,2.75,3
326000,543.1536,3,480.6696,2.5,3
320000,530.352,5,8336.28,1,4
530000,938.784,3,5394.96,2,4
233703,502.92,3,1154.5824,2.25,3
370900,365.76,3,2609.088,1.5,4
1150000,990.6,3,10621.6704,2.25,3
415885,399.288,3,1268.8824,1,4
675000,847.344,4,1524,3,5
340000,390.144,2,2953.512,1,4
427500,451.10400000000004,3,1280.16,1,3
1050000,716.2800000000001,2,728.472,2.5,3
750000,929.6400000000001,4,2139.696,3.5,3
346000,323.088,3,360.88320000000004,2,3
765000,841.248,4,1219.2,3.5,3
1450000,838.2,4,5422.0872,2.75,3
590000,490.728,3,17791.176,1,3
183500,307.848,3,2292.096,1,4
450000,435.86400000000003,3,1816.6080000000002,1,4
358000,617.5248,3,2319.8328,2.5,3
552000,341.37600000000003,3,701.0400000000001,1,4
430000,527.304,3,2743.2000000000003,2,3
196500,402.336,3,2743.2000000000003,1,3
234000,423.672,4,5486.400000000001,1,3
900000,603.504,4,2194.56,2,3
293550,381,4,2694.4320000000002,1.75,4
435000,448.05600000000004,3,914.4000000000001,2.5,3
441500,737.616,3,2923.6416,2.5,3
450000,697.9920000000001,3,13675.1568,1.75,3
130000,256.03200000000004,2,2028.1392,1,3
292000,594.36,3,2261.9208000000003,2.5,3
429900,1146.048,4,1424.94,3.25,3
775000,981.456,4,11718.9504,2.5,3
1010000,1021.08,4,1143.6096,3.5,3
436000,539.496,3,2438.4,2.25,4
539900,396.24,3,403.86,3.25,3
325000,597.408,4,2723.9976,2.75,5
250000,335.28000000000003,1,1332.8904,1,2
1050000,1225.296,4,3532.0224000000003,3.25,3
372000,597.408,4,2834.6400000000003,1.75,5
615000,524.256,3,1243.584,1.75,4
245000,362.71200000000005,3,1241.1456,2,5
416000,387.096,2,2304.288,1.75,4
350000,512.0640000000001,3,24960.9864,2,3
225000,341.37600000000003,3,3250.692,1,4
952000,1063.752,2,27099.463200000002,1.75,3
735000,920.4960000000001,3,15483.84,2.5,5
725000,649.224,4,1042.416,2.5,4
559000,502.92,2,292.608,3,3
436000,365.76,4,2011.68,1,3
370950,770.8392,3,2942.2344000000003,2.5,3
1380000,1749.5520000000001,6,3143.0976,4.5,3
200500,390.144,3,4563.4656,2,3
680000,701.0400000000001,3,3021.7872,2.25,4
535000,600.456,3,2022.0432,2.5,3
1115500,862.5840000000001,4,1219.2,3.5,3
325000,448.05600000000004,4,21579.84,1.5,3
690000,813.816,4,4103.5224,2.5,4
377691,646.176,5,2560.0152000000003,1.75,4
225000,396.24,2,3617.0616,1,4
83000,274.32,2,2615.184,1,3
243000,545.592,3,3657.6000000000004,1.75,3
230000,283.464,2,2301.2400000000002,1,3
265000,304.8,3,2788.92,1,3
264950,539.496,4,2746.5528,1.75,5
1325000,743.712,4,1097.28,2.5,4
254600,448.05600000000004,3,6096,2,4
406500,265.176,2,1752.6000000000001,1,4
181100,563.88,4,2286,1.75,3
504975,579.12,2,1484.6808,2.5,3
475000,384.048,3,3067.8120000000004,1.75,3
594950,725.4240000000001,4,10670.438400000001,2.25,3
100000,240.792,2,1958.6448,1,3
399950,841.248,5,1956.816,2,5
499950,554.736,3,606.8568,3.5,3
517950,429.76800000000003,3,1524,2,5
436000,646.176,3,2045.208,2.25,5
198500,463.29600000000005,3,2175.3576000000003,1.75,3
608700,688.8480000000001,4,2955.3408,2.5,3
252000,408.432,3,1728.2160000000001,2,3
319000,643.128,3,2265.8832,2.5,4
410000,655.32,3,1320.3936,2.5,3
199950,466.34400000000005,3,649.8336,3,3
214000,481.584,3,1548.384,2,4
312000,630.936,3,7836.408,2.5,5
841000,938.784,4,4227.576,2.5,4
643000,542.544,3,65323.21200000001,1.5,3
400000,704.0880000000001,4,1771.8024,2.5,3
140000,377.952,3,2438.4,1,4
300000,335.28000000000003,2,2340.864,1,4
450000,423.672,3,3566.1600000000003,1.75,4
1802750,1185.672,5,6097.524,3.25,3
719000,774.192,3,3224.1744000000003,3.5,3
477500,858.0120000000001,5,1712.6712,3.5,3
517500,548.64,3,1198.7784000000001,2.5,3
920000,1143,4,3360.42,3,3
446000,667.5120000000001,5,3866.9976,2.75,5
675000,774.192,3,2340.864,2.5,4
900000,1179.576,5,2506.98,3.75,3
525000,329.184,2,1066.8,1,3
580000,649.224,4,10897.2096,2.5,3
170000,390.144,2,6629.400000000001,1,5
283500,640.08,4,2453.6400000000003,2.25,3
205000,341.37600000000003,3,2549.9568,1.5,3
244000,469.392,3,2708.148,1.75,4
252500,390.144,2,2654.808,1.5,3
412000,377.952,2,1180.4904000000001,1.5,4
663000,865.6320000000001,3,18189.549600000002,2.25,3
335900,754.38,4,1219.2,2.75,3
237600,417.576,2,3530.8032000000003,1,4
333000,377.952,5,2723.6928000000003,1.75,3
509500,484.632,2,452.62800000000004,2.5,3
999000,862.5840000000001,3,153974.5968,2.75,4
359500,728.472,4,3429,2.25,3
475000,731.52,4,1645.92,3,4
374950,832.104,4,1427.3784,2.75,3
819995,923.5440000000001,5,3150.108,2.75,3
206135,408.432,3,3374.136,1,4
265000,493.776,3,2880.36,1,3
590000,777.24,3,16463.4672,2.75,4
655000,1018.032,4,10435.742400000001,2.5,4
370000,353.56800000000004,3,2674.3152,1.75,3
422120,496.824,3,1381.9632000000001,2.5,3
660000,1036.3200000000002,4,1583.7408,3.5,3
1350000,1005.84,4,4848.4536,3.25,5
335000,740.664,3,2783.7384,1.75,4
505000,670.5600000000001,4,2980.3344,2.75,4
415000,881.1768000000001,4,1980.8952000000002,2.5,3
595000,606.552,4,662.94,2.5,3
518000,768.096,4,4273.6008,2.75,3
230000,323.088,3,3031.5408,1,4
230000,307.848,3,2926.08,1.75,5
305000,640.08,4,4502.8104,2.5,3
270000,219.45600000000002,1,1583.7408,1,3
345000,621.792,4,1790.7,2.5,3
419000,661.416,3,1376.7816,2.5,3
273500,475.488,3,2534.1072,1.5,3
650000,731.52,5,4099.56,2.25,5
1550000,1609.344,4,5387.9496,4,3
670000,512.0640000000001,3,609.6,2.5,3
455600,737.616,3,2515.2096,2.5,3
460000,438.91200000000003,3,2154.936,1.75,3
695000,478.536,2,367.8936,1.75,3
352000,752.856,4,1528.5720000000001,2.5,3
442500,600.456,4,2408.5296000000003,2.25,3
885000,1008.888,4,1828.8000000000002,3.5,3
275000,576.072,3,1524,1.75,3
401000,377.952,3,3405.2256,2,3
380000,762,4,3374.136,2.5,4
1400000,890.0160000000001,4,1219.2,2.5,5
258000,493.776,3,2298.192,1.75,3
485000,502.92,3,1285.6464,2.5,3
475000,743.712,4,930.2496000000001,3.5,3
282500,356.61600000000004,4,10645.140000000001,1,4
386500,390.144,2,3374.4408000000003,1.5,3
419950,539.496,3,5153.863200000001,1.75,5
236500,652.272,4,1285.3416,1,3
760000,789.432,4,3840.48,2.25,3
319000,612.648,3,3078.48,1.5,4
289950,621.792,4,1539.24,3,3
365000,313.944,3,1432.5600000000002,1,3
218000,612.648,2,2363.724,1.5,3
335000,460.24800000000005,3,2962.656,1.75,3
269950,438.91200000000003,4,2926.08,1,2
230000,271.272,2,6005.4744,0.75,3
613500,716.2800000000001,3,2144.268,2.5,3
629000,445.00800000000004,3,3769.4616,1.75,4
900000,1179.576,3,10357.104000000001,3.25,3
430000,606.552,4,1444.7520000000002,2,3
340000,664.7688,4,1682.8008,2.5,3
750000,765.048,4,5242.56,2.5,4
550000,1021.08,4,2013.2040000000002,2.5,3
400000,502.92,3,1532.2296000000001,2,3
705640,731.52,3,3764.28,2.25,4
245000,624.84,4,2346.96,2.25,3
819000,838.2,3,69040.8576,2.5,3
390000,502.92,3,1905,2.25,3
575000,463.29600000000005,3,1524,2,3
447000,219.45600000000002,2,2286,1,3
596000,527.304,3,801.9288,2.5,3
565000,978.408,3,4858.2072,2.75,3
780000,1008.888,3,1694.0784,3.5,3
858000,935.7360000000001,4,4181.856,2.25,3
585000,658.368,4,2486.5584000000003,2.5,4
570000,384.048,3,1014.3744,1.75,5
392500,423.672,3,3200.4,1,3
685000,722.3760000000001,3,1508.76,2.5,3
449950,737.616,4,1598.3712,2.5,3
260000,396.24,3,3090.3672,1,3
349000,545.592,3,15401.2392,1.75,5
376000,268.224,2,731.52,1,3
860000,637.032,3,1277.112,2,4
334000,512.0640000000001,2,2550.2616000000003,1.75,3
552900,1166.7744,4,5760.72,3.5,3
865000,813.816,3,45802.296,2.25,3
850000,1045.464,5,4608.2712,2.75,3
1003000,960.12,5,15268.6512,2.5,4
217000,408.432,3,1280.16,2.5,3
270000,533.4,4,1949.8056000000001,2.5,3
650000,429.76800000000003,3,1475.232,1,4
985000,518.1600000000001,3,2601.1632,1.75,4
420000,365.76,2,955.8528,1.75,3
251000,484.632,3,6583.68,1.5,4
1000000,469.392,3,7467.6,1,3
316000,777.24,3,2490.2160000000003,2.5,3
388000,411.48,3,708.6600000000001,1.75,3
325000,289.56,3,1371.6000000000001,1,4
590000,521.208,3,876.3000000000001,2.5,3
450500,405.384,2,1127.1504,1,3
380000,530.352,4,2788.92,1.75,3
790000,807.72,4,1524,2.5,3
1070000,835.152,4,1524,2.5,3
305000,341.37600000000003,3,3086.1000000000004,1,3
342000,423.672,4,2750.2104,1,3
899100,734.568,5,4663.4400000000005,2.5,4
490000,804.672,4,1605.3816000000002,3,3
530000,667.5120000000001,3,67182.1872,2.25,4
461550,637.032,3,3625.596,1.5,3
1081000,758.952,4,1318.26,3,3
1355000,1097.28,3,6522.4152,2.5,3
1110000,911.3520000000001,4,2633.472,2.5,5
585000,972.312,3,63199.06080000001,2,3
332500,509.016,4,2469.4896000000003,1,3
548000,518.1600000000001,5,2194.56,1.5,3
283000,286.512,2,1935.48,1,4
425000,807.72,3,3732.8856,2.5,3
257950,417.576,3,1785.5184000000002,1.75,3
499000,743.712,4,1524,2.25,3
419190,484.632,2,434.64480000000003,2.5,3
419900,496.824,3,534.924,2.5,3
420000,499.872,3,3039.4656,2,4
225000,426.72,3,2250.6432,2,3
655000,1124.712,5,3765.1944000000003,3.25,5
525000,441.96000000000004,3,1219.2,1,4
210000,377.952,3,1475.8416,1,4
292050,865.6320000000001,5,2194.2552,3,3
186950,423.672,2,396.8496,2,3
285000,420.624,2,327.0504,2.5,3
452000,530.352,2,1645.92,1.75,4
240000,582.168,4,4974.336,1,3
290300,262.128,2,1180.7952,1,4
294000,673.6080000000001,4,2580.132,2.5,3
610750,664.464,4,2224.1256000000003,2.25,3
416000,338.32800000000003,3,3703.32,1,4
854000,960.12,4,11846.052000000001,2.75,3
187500,359.66400000000004,3,2133.6,1.5,4
583000,545.592,3,2482.2912,2.5,3
1250000,1146.048,3,2590.8,3,4
535000,481.584,3,1920.24,1,3
1309500,816.864,4,3723.132,2.5,3
450000,426.72,3,4198.62,1.75,3
314500,624.84,3,4054.7544000000003,2,3
389000,731.52,4,2346.96,1.75,4
1755000,719.3280000000001,3,1463.04,2,3
825000,643.128,4,3856.6344000000004,2.25,4
575000,731.52,4,1870.5576,2.5,3
252000,341.37600000000003,4,2514.6,1.75,4
525000,886.9680000000001,4,1922.6784,2.75,3
770000,914.4000000000001,5,2411.5776,2.5,3
500000,499.872,3,14339.0112,1.75,3
439000,475.488,4,2286,2,4
230000,405.384,3,2910.2304000000004,1.5,5
451000,274.32,2,1828.8000000000002,1,3
447055,746.1504,4,1508.4552,2.5,3
396800,670.5600000000001,4,1834.2864000000002,2.5,3
396000,600.456,4,3782.2632000000003,1.75,4
517534,253.8984,2,43875.045600000005,1,3
510000,368.808,2,39963.852,1.75,5
411000,344.42400000000004,2,349.91040000000004,2,3
529000,591.312,3,66385.44,2.25,3
550000,1164.336,4,5408.676,3.5,3
360000,396.24,3,2368.2960000000003,1.75,3
850000,1030.2240000000002,4,27727.046400000003,2,4
302000,652.272,3,2893.1616000000004,2.5,3
425000,390.144,3,975.36,1,3
324000,469.392,3,3331.7688000000003,2,3
835000,1097.28,5,4486.656,4,5
725000,1005.84,4,8666.3784,2.5,3
285000,765.048,4,2267.712,1.75,4
560000,877.8240000000001,5,2743.2000000000003,2.5,5
450000,441.96000000000004,3,1021.08,1,4
460000,426.72,3,3704.844,1.75,4
345000,262.128,2,2514.6,1,3
450000,490.728,3,2528.6208,2.25,3
616500,1091.184,3,35980.725600000005,2.5,3
655000,774.192,4,2322.576,1.75,3
375000,548.64,4,2570.0736,2.5,4
311000,819.912,4,1866.5952000000002,2.5,3
500000,475.488,3,4935.9312,1.75,3
340000,347.47200000000004,3,3541.7760000000003,2,3
315000,981.456,5,1752.9048,2.5,3
740000,1021.08,4,60732.3144,3,3
373000,426.72,3,745.236,2,3
339900,737.616,3,2262.5304,2.5,3
521000,576.072,4,2448.7632000000003,2.25,4
235000,307.848,2,2286,1,3
515000,585.216,3,3505.2000000000003,2.25,3
225000,533.4,3,2282.952,2.5,4
450000,277.368,2,1524,1,4
825000,350.52000000000004,2,3893.82,1,4
572000,512.0640000000001,3,4191.3048,1.5,4
535000,460.24800000000005,2,1564.5384000000001,2,3
345000,569.976,3,1092.4032,2.5,3
469000,554.736,3,2574.3408,2.25,3
278750,243.84,2,1757.172,2,4
350000,935.7360000000001,3,1609.344,2.75,3
440000,515.1120000000001,3,1831.8480000000002,1.5,3
380000,603.504,3,5285.841600000001,2.5,3
350000,466.34400000000005,4,685.1904000000001,2.5,3
799950,923.5440000000001,4,1674.5712,3.5,3
380000,618.744,4,3815.4864000000002,1.75,3
325000,542.544,4,3237.5856000000003,2,4
354000,307.848,3,6504.432000000001,2,3
359000,844.296,4,2670.9624000000003,3.5,3
355000,844.296,4,2133.6,2.5,4
262000,518.1600000000001,3,1889.76,2.5,3
719000,673.6080000000001,4,1036.3200000000002,2.75,5
212000,557.784,3,3728.6184000000003,1.5,4
810000,1072.896,4,4700.0160000000005,2.5,3
500000,466.34400000000005,3,425.5008,2.25,3
234000,347.47200000000004,3,3139.44,1.5,4
750000,868.6800000000001,4,3788.3592000000003,2.5,3
250800,393.192,3,1219.2,1.75,3
737500,975.36,4,11056.9248,2.5,3
825000,1036.3200000000002,3,11704.32,2.5,3
885000,1362.4560000000001,4,26281.38,2.25,3
497500,661.416,5,2624.328,1.5,4
318000,381,3,309.9816,2.25,3
725000,1024.1280000000002,5,1828.8000000000002,3.75,3
375000,365.76,3,1647.1392,1,3
265000,420.624,3,2202.4848,2.25,4
850000,469.392,3,1097.28,2,3
625000,676.6560000000001,4,10998.708,2.25,3
310000,795.528,3,3712.4640000000004,2,3
255950,457.20000000000005,4,3368.04,1,5
397000,408.432,3,1554.48,1.75,3
925000,1347.2160000000001,4,2893.1616000000004,3.75,3
424000,405.384,3,1716.6336000000001,2,3
759000,688.8480000000001,3,2194.56,2,3
295000,158.496,1,1706.88,1,3
1430800,886.9680000000001,4,2244.5472,2.5,3
575000,768.096,4,10861.8528,2.5,3
616000,1048.512,4,2107.692,2.5,3
720000,743.712,3,23326.648800000003,2.75,3
338950,490.728,3,6856.7808,1.75,4
600000,1310.64,4,21460.0536,3.5,3
650000,874.7760000000001,3,2221.3824,2.5,3
359950,272.1864,2,294.132,1.5,3
375000,588.264,3,1883.664,2.5,3
520000,621.792,5,1609.344,1.75,4
213000,304.8,2,3108.96,1,3
274000,637.032,4,2255.52,2.25,3
675000,649.224,3,1341.1200000000001,1.75,3
400000,585.216,3,2774.2896,1.75,3
1250000,1130.808,5,4228.7952000000005,2.75,4
590000,600.456,3,1548.0792000000001,3.5,3
740000,615.696,3,2888.8944,1.75,4
243500,490.728,4,1889.76,2,4
335000,326.136,2,2035.4544,1,4
592500,408.432,2,1630.68,2,3
599000,749.808,5,2654.808,2.25,4
201000,414.528,4,2468.88,1.5,3
539950,509.016,3,486.4608,2.25,3
323000,438.91200000000003,4,2473.1472000000003,1.75,4
152500,527.304,4,2240.28,1,4
600000,1030.2240000000002,5,2492.9592000000002,2.75,3
1225000,908.3040000000001,3,2346.96,2.25,3
265000,530.352,4,3879.4944,1.5,4
630000,469.392,3,2112.264,1.75,3
420000,551.688,3,2197.608,2.5,5
370000,539.496,3,2336.9016,2.25,3
1195000,716.2800000000001,3,493.776,3,3
200000,307.848,2,2194.56,1,3
429000,454.15200000000004,3,343.20480000000003,2,3
480000,755.904,4,1554.48,2.5,3
203000,280.416,3,2286,1,4
146000,237.744,2,2971.8,1,3
130000,338.32800000000003,3,2292.096,1,4
305000,402.336,3,755.904,2.5,3
822500,941.832,3,2349.3984,2.5,3
325000,402.336,3,2304.288,1.5,3
452500,749.808,4,1967.1792,2.5,3
156601,368.808,2,2971.8,1.75,3
410500,1024.7376000000002,4,2621.5848,2.5,3
450000,341.37600000000003,2,1399.0320000000002,1,3
289900,359.66400000000004,3,2154.3264,1,3
269950,402.336,2,2298.192,1.75,3
499000,542.544,3,1117.092,2.25,3
386000,472.44,3,2438.4,1.5,3
319500,832.104,4,1512.4176,2.5,3
286000,548.64,3,1213.104,2.5,3
284000,655.32,3,2857.5,2.5,3
425000,472.44,2,2377.44,1.75,3
529000,573.024,3,1371.2952,2.5,3
490000,429.76800000000003,3,2359.152,2.25,5
285900,515.1120000000001,5,2354.58,1.5,4
525000,405.384,3,2479.8528,1.75,4
319000,719.3280000000001,4,2543.2512,3.25,3
281000,515.1120000000001,3,2994.9648,1.75,4
247500,396.24,3,22039.7832,0.75,3
870000,847.344,4,3352.8,1.75,3
680000,743.712,4,2005.8888000000002,2.5,3
292500,423.672,3,1830.0192000000002,2.25,3
409000,835.152,3,2794.4064000000003,2.5,3
315000,954.024,4,1828.4952,2.5,3
373500,795.528,4,1517.2944,2.5,3
673000,911.3520000000001,4,3169.92,2.5,3
255000,659.2824,4,1792.8336000000002,2.5,3
479950,847.344,3,1828.8000000000002,2.5,3
855000,801.624,4,777.24,3.25,3
548500,530.352,3,1341.1200000000001,1,3
630000,755.904,4,1121.664,2,4
620000,819.912,4,9991.344000000001,2.5,3
549950,807.72,5,16575.024,2.5,3
500000,466.34400000000005,3,251.46,1.75,3
339950,688.8480000000001,4,1855.0128000000002,2.5,3
300000,762,4,1447.8000000000002,2.5,3
750000,737.616,4,3389.376,2.25,4
675000,460.24800000000005,3,1163.4216000000001,2,3
745000,731.52,5,3086.4048000000003,3,3
530000,655.32,4,4316.272800000001,2,3
503500,551.688,3,533.4,2.5,3
403000,518.1600000000001,3,1257.3,2.5,3
435000,502.92,4,1446.276,2,3
485000,329.184,2,1243.584,1,3
700000,411.48,3,1219.2,1.75,4
191000,256.03200000000004,3,1684.02,1,5
500000,618.744,5,2560.32,2.5,3
375000,499.872,2,682.7520000000001,2.25,3
410000,533.4,3,777.24,2,3
253200,414.528,3,1780.0320000000002,1,4
790000,792.48,3,1447.8000000000002,2.5,4
570000,396.24,3,2221.0776,1.5,4
698000,460.24800000000005,2,1243.584,1,3
350000,542.544,4,3174.7968,2.25,5
305450,487.68,3,1089.0504,2.5,3
530000,746.76,3,64393.876800000005,3,3
350000,685.8000000000001,4,4119.372,1.75,4
636000,374.904,2,1097.28,1.75,5
337500,310.896,3,1828.8000000000002,1,3
330000,524.256,4,2529.84,1.75,4
190000,332.232,3,2596.896,1,3
785000,664.464,3,1658.112,2,5
299950,277.368,3,2438.4,1,4
329900,661.416,3,1495.044,2.5,3
1400000,908.3040000000001,4,2133.6,3.25,3
580135,960.12,4,1794.0528000000002,2.5,3
420000,505.968,3,2926.08,1.75,3
798000,1094.232,3,1951.3296,3.5,3
510000,746.76,4,18985.992000000002,2.25,3
1900000,1258.824,4,34296.4008,3.25,3
442500,661.416,4,4274.5152,2.5,3
608000,758.952,4,2960.8272,2.75,4
415000,548.64,4,905.2560000000001,2,4
2027000,1249.68,4,6948.830400000001,3.75,5
605000,612.648,3,3279.648,2.25,3
229950,429.76800000000003,3,2275.6368,2,3
430000,298.704,3,2194.56,1,4
300000,518.1600000000001,3,1089.66,2.5,3
385000,704.0880000000001,3,3413.76,1.75,4
330000,725.4240000000001,4,4130.04,2.5,3
750000,560.832,3,1524,1.5,5
299900,338.32800000000003,3,2619.1464,1,3
310000,265.176,2,1645.92,1,3
431000,701.0400000000001,4,1855.3176,2.5,3
485000,435.86400000000003,4,1248.4608,1.75,3
600000,667.5120000000001,5,2765.1456000000003,2,5
320000,341.37600000000003,3,3223.5648,1,4
373000,484.632,4,2414.016,1.75,4
780000,792.48,4,1463.04,2,3
300000,670.5600000000001,4,3291.84,3,3
160000,451.10400000000004,3,2133.6,1.5,3
285000,524.256,3,3994.0992,1.75,4
426000,679.7040000000001,2,3496.6656000000003,1,3
450000,633.984,3,33989.1624,2.25,3
310000,606.552,3,1097.28,2.5,3
551000,286.512,3,593.7504,1,5
159000,414.528,3,6096,1,4
234000,533.4,3,2688.3360000000002,1,4
505000,310.896,3,1648.968,1,4
625000,640.08,4,2526.792,2.25,4
247800,481.584,3,661.416,2.5,3
864327,1060.704,5,1983.3336000000002,3.25,3
679900,743.712,3,1752.6000000000001,2.5,3
300000,573.024,3,1280.16,2.5,3
634950,664.464,3,807.72,3,5
280000,219.45600000000002,2,1524,1,5
925000,826.008,5,1280.16,3,3
316000,579.12,3,2279.5992,2.25,4
470000,356.61600000000004,3,1341.1200000000001,1,3
1148000,1399.0320000000002,10,3328.416,5.25,3
740000,762,4,3148.5840000000003,2.5,3
554600,448.05600000000004,3,1524,1.75,5
443725,381,3,1182.624,1.75,4
400000,411.48,3,941.832,1,5
450000,499.5672,3,826.008,2.5,3
399950,448.05600000000004,3,2417.0640000000003,1,3
365000,740.664,3,2320.7472000000002,2.25,3
599000,646.176,4,1109.472,2.5,3
399000,463.29600000000005,3,574.2432,3,3
400000,359.66400000000004,3,4345.838400000001,2.25,3
835000,954.024,4,4087.9776,2.75,3
400000,1011.936,6,4754.88,3,4
425000,762,3,2084.832,1.75,3
635000,810.768,4,2487.168,2,4
269000,527.304,3,2027.8344000000002,2.5,4
500000,621.792,3,2057.4,1.5,3
275000,408.432,4,6858,1,3
550000,856.488,4,2300.9352,2.5,3
316000,707.1360000000001,4,2249.1192,2.5,3
315000,835.152,4,2560.32,2.5,3
480000,585.216,4,2859.0240000000003,1.75,3
310000,320.04,2,2505.456,1,4
553000,963.168,3,2765.1456000000003,2.75,3
401000,448.05600000000004,3,2093.0616,1.5,3
560000,347.47200000000004,3,2142.1344,1,3
349950,542.544,4,1524,1.75,5
403500,213.36,1,1713.2808,1,4
330000,213.36,2,1219.2,1,3
419500,414.528,3,971.7024,2.5,3
202500,341.37600000000003,3,2613.9648,1,3
378000,795.528,3,35715.2448,1.75,3
379000,457.20000000000005,3,2261.616,2.5,3
166000,341.37600000000003,1,5282.7936,1,3
307500,501.7008,3,2244.5472,2.25,3
400000,515.1120000000001,3,2029.3584,1,3
950000,1249.68,5,2474.976,4,3
669950,859.5360000000001,5,4286.0976,2.5,4
513000,560.832,2,1317.3456,1,4
1465000,853.44,4,1219.2,2.5,3
750500,871.7280000000001,4,2791.6632,2.5,4
470000,734.568,4,1426.4640000000002,2,3
970000,1237.488,4,1219.2,1.75,3
329950,396.24,3,247.4976,2.5,3
392450,669.0360000000001,4,817.1688,2,3
376000,448.05600000000004,3,2785.8720000000003,2.25,3
380000,569.976,6,2124.1512000000002,2,4
230000,408.432,3,917.7528000000001,2.5,3
811500,1210.056,5,1371.6000000000001,4.25,3
695000,801.624,3,1436.5224,3.5,3
199988,262.128,2,1524,1,3
1987500,1594.104,5,2731.0080000000003,3.5,3
294450,426.72,4,2237.5368000000003,2.25,3
338000,545.592,4,5463.54,1.5,4
310000,368.808,3,2331.4152,1,4
312000,362.71200000000005,4,2322.576,1,3
859950,969.264,6,1996.7448000000002,4,3
500000,512.0640000000001,3,5306.2632,1.5,3
1005000,1234.44,5,10850.880000000001,3.25,3
495000,445.00800000000004,2,494.6904,2.25,3
200000,280.416,2,1600.2,1,4
320000,387.096,3,2255.52,1,4
250000,789.432,6,3319.2720000000004,2.5,4
525000,493.776,3,2377.44,2,3
540000,944.88,3,30537.3024,2.5,4
495000,481.584,3,374.2944,1.5,3
276750,493.776,3,3804.5136,2,4
525000,807.72,4,1500.8352,3,3
560000,478.536,3,1333.5,1.75,3
184000,295.656,3,4526.280000000001,1,3
610000,548.64,3,1752.6000000000001,1,3
329800,633.984,4,2147.9256,2.5,3
225000,408.432,3,1463.04,1,4
390000,365.76,3,3291.84,1,4
695000,661.416,2,2336.292,2.5,3
895000,658.368,3,32130.492000000002,2,3
298500,576.072,4,1814.7792000000002,2.5,3
709000,719.3280000000001,3,5486.400000000001,2,4
559950,911.3520000000001,5,1941.576,2.75,3
550000,384.048,3,1828.8000000000002,1,3
217000,234.696,2,2961.132,1,4
390000,664.464,4,2304.288,1.75,4
325000,576.072,3,2940.1008,2.25,3
185850,496.824,3,3554.5776,1.5,3
541100,765.048,4,2987.04,2.25,3
400000,457.20000000000005,3,820.5216,2.25,3
453000,762.6096,4,2531.6688,2.5,3
354950,295.656,3,1805.0256000000002,1,3
1345000,1048.512,4,1499.616,3.25,3
280000,487.68,3,2042.16,2.5,3
279000,585.216,3,2371.0392,2.5,3
415000,268.224,2,1554.48,1,4
550000,633.984,3,800.1,2.5,3
403000,457.20000000000005,3,3270.5040000000004,1,3
440000,423.672,3,1523.0856,2.5,3
490000,1033.2720000000002,4,11995.7088,2.25,4
279950,490.1184,3,1463.04,2.5,3
305000,451.10400000000004,3,2769.4128,1.5,3
350000,429.76800000000003,3,408.432,2.25,3
139950,257.25120000000004,0,1301.1912,0,4
382500,332.232,3,3005.9376,1.5,3
1475000,783.336,3,1524,2.5,3
570000,219.45600000000002,1,2298.192,1,4
625000,981.456,3,1953.4632000000001,2.5,3
425000,768.096,4,3357.9816,1.75,4
448000,1139.952,5,7523.6832,3.5,3
252500,338.32800000000003,2,300.5328,1.5,3
230000,585.216,3,2798.0640000000003,2.5,3
370000,594.36,4,1145.1336000000001,2,4
330000,441.96000000000004,3,1526.4384,2.5,3
139000,335.28000000000003,3,5283.403200000001,1,3
220000,323.088,3,2781.6048,1,5
556000,597.408,3,356.00640000000004,3,3
595000,313.944,2,1371.6000000000001,1.5,3
218000,292.608,3,2936.1384000000003,1,5
570000,588.264,3,11036.808,1.75,3
326100,268.224,2,2341.7784,1,3
432500,682.7520000000001,3,1949.5008,2.5,3
485000,713.2320000000001,3,18000.8784,2.5,3
1034500,722.3760000000001,4,3309.5184000000004,2.5,3
435000,374.904,3,377.3424,2.25,3
905000,905.2560000000001,4,4415.3328,3.5,3
385000,975.36,4,6904.0248,2.5,5
1730000,1524,5,8089.392000000001,3.5,3
459500,381,2,1165.8600000000001,1,3
310000,213.36,2,914.4000000000001,1,4
449990,816.864,4,1688.2872,2.5,3
468000,640.08,4,2560.32,2.5,4
569950,347.47200000000004,4,1810.5120000000002,1,3
413000,463.29600000000005,3,1051.8648,2,3
252000,432.81600000000003,3,2068.9824000000003,2,3
628000,1219.2,3,3625.2912,1.75,3
410000,530.352,3,1508.1504,2.5,3
1190000,1030.2240000000002,3,1015.8984,3.5,3
290000,521.208,3,3337.56,1.75,3
472217,612.648,3,674.2176000000001,2.5,3
425000,295.656,2,822.96,1,4
435000,731.52,6,2627.376,3.5,3
715000,746.76,4,2346.96,2.5,3
450000,551.688,3,3840.48,1.75,3
645000,649.224,3,1219.2,2,3
900000,1325.88,5,11329.111200000001,3,3
495500,649.224,3,1938.528,1.75,3
541000,429.76800000000003,3,1243.584,1.75,4
690000,487.68,3,1341.1200000000001,1.75,3
620000,542.544,3,435.55920000000003,2.25,3
85000,252.984,2,2743.2000000000003,1,3
635000,1130.808,5,10424.16,3.25,3
779950,865.6320000000001,4,1482.5472,2.75,3
398000,432.81600000000003,4,1968.3984,1,4
485000,573.024,3,1677.0096,2.5,3
287000,691.8960000000001,4,3656.6856000000002,2.25,4
290000,225.55200000000002,1,391.3632,0.75,4
625000,487.68,3,1258.2144,1.5,3
400000,274.32,3,1244.8032,1,3
533000,856.488,3,1404.2136,2.5,3
225000,502.92,3,2358.8472,2.25,3
261000,542.544,3,2377.44,1,3
1072500,880.8720000000001,3,6547.104,2.25,3
570000,454.15200000000004,4,2062.2768,3,5
970000,1036.3200000000002,3,3048,2.25,3
467000,402.336,2,3291.84,1.5,4
178500,365.76,3,2581.656,1,5
257000,548.64,3,2743.2000000000003,1.75,3
339950,243.84,2,941.832,1,4
1348000,1078.992,5,1819.9608,3.25,3
365000,240.792,2,342.29040000000003,1.5,3
350000,420.624,3,484.632,2.5,3
416500,694.9440000000001,4,12145.6704,2,4
370000,402.336,3,2194.8648000000003,1.5,3
300000,289.56,3,1450.8480000000002,1,3
808000,1018.032,4,2203.704,2.75,3
234000,432.81600000000003,3,2663.3424,1.75,4
458000,423.672,3,478.2312,4,3
572500,697.9920000000001,3,3413.76,2,3
270500,733.3488,5,2161.9464000000003,2.5,3
410000,408.432,3,3040.38,1.75,4
272000,658.368,3,2176.272,1.75,4
280000,259.08000000000004,2,4998.72,1,3
515500,862.5840000000001,4,2476.8048000000003,2.75,3
1050000,1121.664,4,2615.184,3.25,5
219950,396.24,3,2932.176,1,3
637500,512.0640000000001,3,3256.788,1.75,4
250000,365.76,3,1669.6944,1.75,5
410000,813.816,5,56125.872,2.5,3
428750,335.28000000000003,3,1243.584,1,4
274250,277.368,3,2575.56,1,4
818900,329.184,3,1255.776,1,3
543115,420.624,2,1671.5232,1,3
402395,813.5112,4,1641.3480000000002,2.5,3
325000,637.032,4,2265.8832,2.5,3
520000,381,2,1130.1984,1,3
620000,609.6,5,2655.7224,1.75,3
1218000,1057.656,4,1447.8000000000002,3,3
471000,499.872,3,3085.4904,1.75,3
246500,286.512,2,1828.8000000000002,1,2
475000,381,3,45755.6616,1,3
330000,396.24,3,291.9984,1.75,3
553000,420.624,3,1905,1,4
745000,661.416,2,2300.0208000000002,2.5,3
479000,722.3760000000001,4,9259.2144,2.5,3
1005000,783.336,3,1524,2.5,4
350000,539.496,4,2236.0128,1.75,4
845000,905.2560000000001,4,2765.1456000000003,2.5,3
949950,713.2320000000001,5,606.2472,2.5,3
172040,521.208,3,2174.4432,2.25,4
550000,563.88,3,11358.067200000001,2.25,3
770000,716.2800000000001,3,1737.3600000000001,2,4
800866,969.264,5,4208.0688,2.5,4
460000,612.0384,5,1539.24,3,3
390000,588.264,3,19782.7392,2.5,4
475000,874.7760000000001,7,9052.2552,3.5,3
926300,505.968,3,1463.04,1.5,3
334000,673.6080000000001,4,1853.1840000000002,2.5,4
326500,551.688,3,3771.9,1,3
242000,399.288,3,2939.7960000000003,1.75,3
229000,362.71200000000005,2,2257.9584,1,3
392000,591.312,4,1997.9640000000002,2.75,3
305000,643.128,3,2336.292,2.25,4
547000,670.5600000000001,5,1243.584,2.5,5
433000,472.44,4,1540.1544000000001,1.5,4
1875000,1197.864,4,3331.1592,3.25,3
568000,850.392,4,5326.6848,1.75,3
206000,347.47200000000004,3,2987.04,1.75,4
239000,216.40800000000002,2,4267.2,1,4
840500,697.9920000000001,4,3710.6352,2.25,3
302282,333.75600000000003,2,1560.576,1,3
425000,408.432,5,3530.4984000000004,2.75,3
425000,469.392,3,2441.7528,2,3
301000,323.088,3,2816.6568,1,4
740000,1146.048,4,17392.8024,3.5,3
600000,917.4480000000001,4,2424.0744,2.5,3
425000,630.936,4,1349.3496,2.5,3
398950,914.4000000000001,4,3138.5256,3,3
269950,627.888,4,4114.8,2.5,3
352500,414.528,3,2340.864,1.5,3
250000,630.936,3,2560.32,2.5,4
442200,493.776,4,2478.6336,1.75,3
259000,490.728,3,4281.2208,2,3
545000,390.144,3,562.356,2.5,3
1490000,1103.376,5,2383.8408,3.5,3
3640900,1472.184,4,6783.9336,3.25,4
234500,597.408,4,2400.3,2.5,3
295500,429.76800000000003,3,405.9936,2.5,3
490000,637.032,4,3312.8712,2.25,3
275000,313.944,3,2189.6832,1.5,4
255000,429.76800000000003,3,2839.212,1.75,5
785000,975.36,4,16263.213600000001,2.25,4
920000,1118.616,3,3622.2432000000003,1.75,4
1165000,1286.256,5,4864.3032,3.75,3
1205000,752.856,4,1676.4,2.75,3
825000,1103.376,4,1980.8952000000002,3.5,3
790000,923.5440000000001,5,6231.9408,3.25,3
1090000,847.344,4,2083.9176,2.5,3
716500,588.264,3,1524,1.75,3
354000,259.08000000000004,2,1592.5800000000002,1,3
318700,844.296,4,5826.5568,2.5,4
1100000,1316.736,5,2322.576,2.25,3
580000,316.992,2,975.36,1,3
325500,469.392,3,2471.9280000000003,1.5,4
401000,615.696,3,2897.1240000000003,2.75,3
515000,277.368,2,1440.18,1,3
267800,429.76800000000003,3,578.8152,1.75,3
520000,765.048,3,13409.676000000001,2.25,3
634800,999.744,4,1494.7392,3,3
417400,816.864,3,3744.4680000000003,3,4
315000,295.656,3,2081.1744,1,3
635000,591.312,3,50939.700000000004,1.75,4
305000,597.408,2,56958.585600000006,1,4
499000,469.392,2,1996.1352000000002,1.5,3
265000,533.4,3,2834.0304,2.25,4
605000,670.5600000000001,3,731.52,3.25,3
775000,755.904,3,1526.1336000000001,2.5,3
589000,280.416,3,1097.28,1.75,4
320000,362.71200000000005,3,1255.776,1,3
500000,438.91200000000003,3,16555.212,1,3
365070,763.8288,4,1899.5136,2.5,3
1280000,938.784,4,1255.776,3.25,3
880000,630.936,3,1524,1.75,3
237000,292.608,3,2255.52,1.5,3
615000,701.0400000000001,3,2458.8216,2.25,4
600000,688.8480000000001,4,13364.5656,2.25,3
361000,752.856,3,1722.1200000000001,2.25,3
449250,451.10400000000004,4,1171.6512,2,5
522000,548.64,4,2628.2904000000003,2.25,4
390000,435.86400000000003,3,3004.4136000000003,1.75,4
575000,481.584,3,3581.4,1.75,4
540000,448.05600000000004,3,515.4168000000001,2,3
450000,365.76,2,1219.2,1,3
295832,429.76800000000003,5,1950.72,1,5
479900,603.504,3,3703.32,2,3
655275,624.84,3,3613.7088000000003,1.75,3
303210,612.3432,4,1524,2.5,3
235000,362.71200000000005,3,2218.944,1.75,4
540000,600.456,3,2499.36,1.75,5
322200,612.648,4,5791.200000000001,2.25,4
879000,1289.304,4,9676.4856,2.75,4
255000,524.256,3,1887.9312,2.5,3
402000,899.1600000000001,4,4736.592000000001,2.75,4
494000,393.192,2,1417.3200000000002,1,4
336500,432.81600000000003,3,1046.3784,2.25,4
525000,719.3280000000001,5,3072.6888000000004,2.5,4
205000,393.192,3,2197.608,1.75,3
442000,597.408,4,3867.3024,1.5,4
228000,323.088,2,1859.2800000000002,1,3
1150000,1383.7920000000001,4,6024.9816,3.5,3
500000,478.536,3,2599.944,1.75,4
415000,445.00800000000004,2,1280.16,1,4
269500,243.84,2,365.76,1,3
725000,1039.3680000000002,3,12503.5056,2.5,3
285000,515.1120000000001,3,2273.808,2.5,3
392000,332.232,3,1866.9,1,4
1620000,1164.336,4,2473.1472000000003,3.25,3
270000,536.448,3,2525.8776000000003,2.25,3
660000,877.8240000000001,3,1554.48,2,4
302000,530.352,4,2406.396,2.5,3
229900,472.44,4,3017.2152,1.75,4
350000,612.648,3,1874.52,1.75,5
565000,710.1840000000001,4,2418.8928,2.5,3
1015000,822.96,4,1399.0320000000002,2.5,3
266000,341.37600000000003,3,2514.6,1.5,4
830000,826.008,5,6035.04,2.25,5
349000,515.1120000000001,3,1548.384,1.75,3
279900,426.72,3,3291.84,1,3
410000,691.8960000000001,3,2495.3976000000002,1.5,4
730000,874.7760000000001,5,2009.5464000000002,2.75,3
699900,856.488,4,2225.6496,2.75,3
460000,393.192,3,2615.184,1.75,4
815000,704.0880000000001,3,1828.8000000000002,2,4
775000,1210.056,4,64260.984000000004,3.5,3
400000,429.76800000000003,2,390.4488,2.5,3
461000,515.1120000000001,3,922.3248000000001,2.5,3
420000,518.1600000000001,4,1943.1000000000001,2,4
760500,704.0880000000001,4,11014.2528,2.25,4
420000,600.456,3,1117.7016,2.5,3
332000,350.52000000000004,2,2480.4624000000003,1,3
412250,396.24,2,909.2184000000001,2,3
325000,484.632,3,2418.8928,1.5,3
203000,362.71200000000005,3,1828.8000000000002,1.75,3
320000,384.048,3,2926.08,1,3
470000,463.29600000000005,2,1286.256,1.75,4
547500,795.528,4,2211.0192,2.5,2
840000,755.904,4,1402.6896000000002,2.5,3
231000,371.856,3,2687.4216,1.75,3
880000,920.4960000000001,5,2800.1976,2.75,3
391000,454.15200000000004,3,2743.2000000000003,2,4
1387000,1368.5520000000001,4,7548.9816,4.5,3
321000,613.8672,3,1371.6000000000001,2.5,3
405000,731.52,5,1493.52,2.75,3
242500,365.76,3,2962.656,1.5,4
302000,615.696,4,2397.252,1.75,4
567000,774.192,3,1857.1464,2.5,3
750000,792.48,4,1424.6352000000002,2.75,3
155000,219.45600000000002,1,1828.8000000000002,1,3
575000,950.976,4,2329.8912,2.75,3
275000,524.256,3,2668.5240000000003,2.5,3
275000,423.672,3,329.184,3,3
1300000,1301.496,4,1829.4096000000002,4,3
536000,579.12,3,1897.0752,2.5,3
371000,777.24,4,1453.8960000000002,2.5,3
283000,271.272,3,2560.32,1,4
972000,612.648,4,1920.24,1.75,5
399440,704.3928000000001,4,1339.9008000000001,2.5,3
464000,701.0400000000001,6,1037.5392000000002,3,3
241450,335.28000000000003,3,2480.4624000000003,1,3
475000,387.096,3,2438.4,1,4
452500,621.792,3,4783.836,1.75,4
224000,438.91200000000003,3,2551.176,1.5,3
460000,566.928,3,1938.528,1,3
1205000,1094.232,4,1626.1080000000002,3.5,3
220000,557.784,5,28943.808,1.5,3
405000,630.936,3,1431.6456,2.5,3
1210000,1014.984,4,2743.2000000000003,3.25,3
200000,368.808,3,3227.2224,1.5,4
395000,426.72,2,762,1.75,5
1700000,762,5,4648.2,2,5
390000,454.15200000000004,3,897.3312000000001,3,3
421000,432.81600000000003,3,3857.244,2,5
571000,765.048,3,1580.6928,2.5,3
206000,390.144,2,477.3168,2.5,3
1520000,1133.856,6,3563.112,3.5,3
585000,557.784,2,2194.56,1.75,4
301000,560.832,3,2194.56,1.75,4
325000,487.68,3,2286,1,3
219950,365.76,3,2561.5392,1.5,3
449400,758.952,4,1543.5072,3,3
480000,813.816,5,1456.944,2.75,3
760000,1133.856,4,4142.5368,3.5,3
350000,762,4,3553.6632,2.75,3
781500,1048.512,4,1929.9936,2.5,3
425000,594.36,3,1324.356,2.5,3
975000,682.7520000000001,4,3044.952,2.25,4
415000,213.36,1,777.24,1,3
460000,466.34400000000005,3,560.832,2.25,3
690000,1018.032,5,2766.06,3.25,3
700000,563.88,2,1507.236,1.5,4
351000,790.6512,3,1357.884,2.5,3
297300,603.504,3,2810.2560000000003,1.75,3
280000,387.096,3,2948.94,2.5,3
535500,527.304,3,12268.2,1.5,4
435000,777.24,4,1584.96,2.5,3
1450000,1200.912,3,2947.7208,2.75,5
250000,792.48,4,2743.2000000000003,2,3
577288,874.7760000000001,4,2194.56,2.75,3
746000,643.128,4,2496.3120000000004,2.75,5
650000,853.44,3,3200.7048,2,3
760000,914.4000000000001,4,1615.44,3.5,5
260000,469.392,4,2225.04,1.5,3
449000,524.256,5,4279.392,1.75,4
890000,844.296,6,1524,3.75,3
487600,713.2320000000001,4,3681.9840000000004,2.5,3
630000,710.1840000000001,4,9663.684000000001,2.5,4
281000,511.1496,4,1097.28,2.25,3
435000,387.096,3,1219.2,1,3
950000,838.2,3,5495.2392,2.75,5
370000,262.128,2,1844.0400000000002,1,3
335950,243.84,2,1582.5216,1.5,5
420000,615.696,3,11683.5936,2,4
463000,667.5120000000001,3,5214.5184,2.5,3
310000,301.752,3,2148.84,1,3
398000,396.24,2,1178.0520000000001,2,3
452000,384.048,2,344.72880000000004,2.5,3
518000,630.936,4,3122.3712,2.5,3
542500,585.216,3,502.6152,2.5,3
170000,396.24,2,3474.7200000000003,1,3
214000,377.952,3,1584.96,1.5,5
428900,859.5360000000001,4,1541.0688,2.5,3
280000,551.688,3,2325.6240000000003,2.25,4
210000,292.608,3,2859.0240000000003,2,3
434000,557.784,3,975.36,2.75,3
182000,597.408,3,2705.1000000000004,2.25,3
361000,594.36,3,2651.1504,2,3
365000,774.192,4,2038.5024,2.5,3
353000,667.5120000000001,3,2140.0008000000003,1.75,4
775000,1002.792,5,1706.88,3.5,3
239000,603.504,4,3226.308,2,2
653000,950.976,4,1565.7576000000001,2.5,3
249000,414.528,3,1853.7936000000002,2,3
425000,728.472,4,1530.4008000000001,2.5,3
419950,688.8480000000001,4,1573.9872,2.5,3
649000,832.104,4,1477.3656,2.5,3
250000,533.4,3,1935.7848000000001,2.5,3
350000,771.144,4,3095.244,2.5,3
1500000,1085.088,6,1975.104,2.5,4
538000,917.4480000000001,3,2137.8672,2.5,3
639000,612.648,3,1005.84,2.5,3
280000,414.528,3,2012.5944000000002,1.75,4
565000,679.7040000000001,4,2628.5952,2.5,4
490000,280.416,3,1463.04,1,4
937500,1283.208,5,4449.7752,3.75,3
470000,457.20000000000005,4,1115.2632,2,3
746000,582.168,3,3755.4408000000003,1.75,4
677100,643.128,3,2803.8552,2,3
260000,658.368,3,6919.569600000001,1.75,4
705000,725.4240000000001,5,1524,3,5
380000,521.208,4,3046.7808,2,3
599000,1057.656,5,3658.5144,2.5,3
572000,822.96,4,2435.9616,2.75,3
440000,697.9920000000001,3,1920.8496,2.5,3
300000,630.936,3,2202.1800000000003,2.25,3
1305000,1048.512,4,1524,3.5,3
230000,557.784,3,3453.6888000000004,2.25,3
215000,298.704,3,1706.88,1,2
337500,466.34400000000005,3,2011.68,2.25,4
825000,908.3040000000001,3,26406.6528,2.25,3
291600,496.824,3,2279.904,1.75,3
340000,353.56800000000004,2,438.30240000000003,1.5,3
590000,740.664,4,9904.7808,2.25,3
223000,408.432,3,2277.7704000000003,1.75,4
710000,545.592,2,1219.2,1,4
440000,396.24,2,1219.2,1.75,3
605000,627.888,3,1231.392,2,4
280000,451.10400000000004,2,4767.3768,1.5,4
189000,307.848,3,2304.288,1,3
580000,627.888,5,1828.8000000000002,2,3
850000,649.224,4,3609.7464,2.25,4
1695000,966.216,2,914.4000000000001,2.25,5
1010000,737.616,3,586.1304,3.25,3
459000,804.672,5,2101.596,3.5,3
450000,399.288,2,385.2672,1.5,3
929950,1155.192,3,3300.6792,3.5,3
269950,536.448,3,3908.4504,1.75,4
335000,304.8,2,1554.48,1.75,3
1825000,1837.9440000000002,3,11983.821600000001,3.75,3
2300000,1252.728,4,4855.1592,3.25,3
525000,752.856,4,2194.56,2.75,5
565000,469.392,3,1463.04,1.75,4
515000,880.8720000000001,4,4592.421600000001,2.5,3
650000,396.24,3,2519.4768,1,4
565000,563.88,3,3827.0688,3,3
445950,396.24,3,2377.44,1.75,5
430000,1182.624,5,2570.0736,3,3
890000,795.528,4,1341.1200000000001,2.75,5
649000,1216.152,5,3988.9176,3.25,3
472000,542.544,5,2208.2760000000003,2.25,4
413000,725.4240000000001,4,1770.5832,3.5,4
309000,606.552,3,1101.5472,2.5,3
1161000,902.2080000000001,4,8150.9616000000005,2.5,3
360000,658.368,4,2904.1344000000004,2.5,3
333500,402.336,3,2194.56,1.75,4
503000,896.1120000000001,4,47849.9424,2.5,3
215000,515.1120000000001,3,2346.96,1,4
445000,563.88,3,1234.44,2.25,4
269500,518.1600000000001,4,2150.6688,2.25,3
229000,310.896,3,2468.88,1,3
515000,573.024,5,14870.277600000001,1.75,3
330000,1068.0192,4,1828.8000000000002,2.5,3
447500,539.496,4,1015.5936,2,3
722800,1319.784,3,4450.08,3.25,3
210000,313.944,3,1396.8984,1,3
1050000,807.72,3,1680.0576,1.75,3
270500,594.9696,3,2625.2424,1.5,4
339100,716.2800000000001,4,3247.6440000000002,2.5,3
450000,862.5840000000001,7,2628.9,3.5,4
450000,432.81600000000003,3,4105.0464,2.25,3
433000,609.6,3,2194.56,2.75,3
292500,638.556,3,1047.9024,2.5,3
525000,475.488,3,2468.88,1,4
357500,527.304,3,439.52160000000003,3,3
1640000,1456.944,5,35980.725600000005,4,3
250000,527.304,4,2560.32,2.25,3
652100,725.4240000000001,3,1529.1816000000001,2.5,3
260000,286.512,3,1722.1200000000001,1,3
1500000,1057.656,4,1591.6656,3.25,3
485000,384.048,3,2209.8,1,3
1078000,963.168,4,13025.0184,2.75,3
629500,615.696,3,3226.0032,2,3
379950,600.456,4,2861.7672000000002,1.75,5
355000,274.32,2,2028.7488,1,3
249000,338.32800000000003,3,2567.3304000000003,1,3
675000,908.3040000000001,3,8534.4,3,3
800000,527.304,2,9598.4568,2.25,4
525000,877.8240000000001,5,2549.3472,2.75,3
320000,262.128,3,1542.288,1,3
975000,1301.496,4,13224.052800000001,2.5,3
619850,691.8960000000001,4,2818.4856,2.5,5
330000,682.1424000000001,3,2197.3032000000003,2.5,3
3800000,2148.84,5,13057.632000000001,5.5,4
2351960,1527.048,4,5916.7776,4.25,3
2180000,1435.6080000000002,6,3352.8,2.75,3
542126,719.3280000000001,4,13133.2224,2.5,3
335000,694.9440000000001,4,2286,2.25,4
279500,365.76,3,2450.592,1.5,4
480000,499.872,3,2391.7656,2.5,3
419000,652.272,3,4581.144,1.75,4
417500,405.384,2,1679.448,1,3
580000,451.10400000000004,3,312.7248,2.25,3
470000,606.552,4,9169.2984,2.5,3
375000,353.56800000000004,2,502.3104,1.5,3
345000,411.48,2,1369.7712000000001,1,3
735000,926.5920000000001,4,736.092,2.75,3
500000,283.464,2,1143,1,4
555000,594.36,2,490.728,2.75,3
502550,539.496,3,2400.3,1.75,4
194000,426.72,3,2424.684,1,3
285000,341.37600000000003,3,3261.6648,1,3
225000,243.84,2,1844.0400000000002,1,4
245000,307.848,3,2949.8544,1,5
729999,496.824,2,513.8928000000001,2.25,3
175003,423.672,3,573.6336,1.5,3
368000,475.488,3,2403.0432,1.5,3
450000,606.552,4,2231.136,2.25,4
251100,545.592,4,1602.3336000000002,2.5,3
530000,804.672,3,4198.62,2.5,3
451000,512.0640000000001,4,2377.44,1.75,3
710000,932.6880000000001,4,1524,2.5,3
420000,445.00800000000004,2,2387.1936,1,3
460000,344.42400000000004,3,2133.6,1,3
1550000,746.76,5,6341.3640000000005,2.5,4
395000,701.0400000000001,3,2724.3024,2.5,3
824000,758.952,4,3006.5472,2.25,4
799000,1018.032,4,1730.3496,2.75,3
760000,551.688,3,1371.6000000000001,2,4
450000,469.392,3,2282.952,1.75,5
278000,579.12,3,3046.1712,1.5,3
225000,286.512,3,2826.1056000000003,1,3
552000,435.86400000000003,3,1524,1,4
325000,685.8000000000001,3,8027.5176,1.75,3
955500,649.224,4,1548.384,1.75,3
430000,472.44,3,447.75120000000004,2.25,3
855000,1042.416,5,1727.9112,3.25,3
915000,957.072,3,2989.4784,2.5,3
535000,798.576,5,1947.3672000000001,2.75,3
472000,618.744,5,2988.2592,2,3
475000,691.8960000000001,3,3962.4,1.75,5
540000,490.728,3,1060.0944,1.75,4
303000,626.6688,3,1086.3072,2.5,3
370000,984.504,3,10761.2688,2.25,3
524000,667.5120000000001,4,4721.656800000001,2.25,3
240000,460.24800000000005,3,3123.5904,1.75,3
439000,877.8240000000001,5,3048,3.5,3
529500,429.76800000000003,3,275.844,2.25,3
360000,579.12,3,3476.8536000000004,1.75,3
248000,432.81600000000003,3,2682.2400000000002,1,4
700000,627.888,3,3246.1200000000003,2.5,5
203000,256.03200000000004,3,1981.2,1,5
360000,387.096,3,403.2504,2,3
246500,435.86400000000003,3,2718.5112,2,3
890776,966.216,5,2466.7464,2.75,3
249000,646.176,3,5588.508000000001,1.75,3
855000,725.4240000000001,4,3291.84,2,3
660000,539.496,3,655.32,2,3
357823,377.952,3,2802.9408000000003,1.5,3
110000,252.984,2,2313.4320000000002,1,2
675000,521.208,3,1802.2824,1.75,4
455000,545.592,4,13940.9424,1.75,3
401000,384.048,2,800.1,1.5,4
612500,777.24,4,3237.8904,2.5,3
235000,568.1472,3,2126.8944,1,4
569999,938.784,3,4230.624,2.5,3
465000,609.6,5,3122.9808000000003,1.75,3
248000,560.832,3,5943.9048,1.75,4
570000,277.368,2,1310.9448,1,4
375000,765.048,4,2208.2760000000003,2.5,3
380000,637.032,3,15609.4176,3.25,3
575000,298.704,2,1116.4824,1,5
305000,496.824,3,3341.2176,2.25,4
726888,905.2560000000001,5,2213.1528000000003,3,3
280000,481.584,3,2413.4064000000003,2.5,3
570000,368.808,3,2240.28,1.75,3
339950,249.936,2,207.5688,1,3
1315000,1054.608,4,1218.2856000000002,3.5,3
2555000,1615.44,4,7989.112800000001,2.5,2
280000,405.384,3,6267.2976,1,3
345000,603.504,4,2435.6568,1,3
247000,481.584,3,2420.4168,2.25,4
225000,425.5008,2,34122.0552,1,3
335000,618.744,4,4114.8,2.25,3
200000,374.904,3,2261.616,2.25,5
650000,582.168,4,5038.9536,2.75,4
460000,441.96000000000004,3,320.9544,2.5,3
219950,493.776,3,2837.688,1.5,4
690000,536.448,3,1219.2,1.5,3
811000,752.856,3,2258.568,3,5
585000,801.624,4,1885.188,2.5,3
1065000,1298.448,4,2987.04,3.75,3
360000,633.984,4,1243.584,2.5,5
750000,798.576,3,13359.9936,2.5,3
735000,944.88,4,2599.6392,2.5,3
265000,542.544,3,1989.4296000000002,2.5,3
503045,475.488,3,685.8000000000001,3,3
768000,923.5440000000001,5,4157.472000000001,2.75,4
522500,499.872,4,2834.3352,1.75,4
538900,926.5920000000001,5,2012.8992,3,3
475226,646.176,3,1375.2576000000001,2.5,3
407500,835.152,5,2508.504,2,3
683000,798.576,4,3197.0472,2.5,3
850000,993.648,3,28014.472800000003,2.5,4
664000,728.472,4,2570.0736,2.5,3
261490,499.872,4,2580.7416000000003,1,4
500000,801.624,4,4572,2.75,4
470000,640.08,3,1432.5600000000002,2.5,3
265000,554.736,3,9956.596800000001,1.75,4
360000,256.03200000000004,2,2259.7872,1,4
390000,490.728,3,3137.0016,2.5,4
550000,637.032,3,2467.356,2.25,3
439000,795.528,5,1526.7432000000001,2,3
560000,627.888,3,9570.720000000001,2.25,3
414500,368.808,2,389.5344,1.5,3
338900,590.0928,3,2894.076,2.25,3
355000,381,2,1389.2784000000001,1,3
510000,835.152,5,1169.8224,2,4
297000,390.144,2,11391.2904,1.75,4
1470000,923.5440000000001,4,3105.6072000000004,2.5,3
340000,521.208,3,3105.9120000000003,1,3
430000,762,5,1752.6000000000001,3,3
760000,542.544,3,533.4,2,3
340000,441.96000000000004,3,2921.8128,1,3
380000,1051.56,5,3021.7872,3,3
221700,474.2688,2,6096,1.5,4
810000,859.5360000000001,4,1524,2.75,3
405000,384.048,3,2247.2904000000003,1.75,4
960000,969.264,4,3080.0040000000004,2.5,4
338000,752.856,3,1508.1504,2.5,3
417000,585.216,3,2899.2576000000004,1.75,3
323000,484.632,3,2364.9432,1,4
285000,271.272,2,2209.8,1,3
200000,283.464,3,2313.4320000000002,1,3
425000,588.264,4,4326.9408,2.5,4
523000,731.52,3,1884.2736,2.5,3
270000,728.472,3,2133.6,2.25,4
2400000,1490.472,4,4629.3024000000005,4.25,3
260000,719.3280000000001,4,2940.4056,2.5,3
700000,396.24,4,503334.2232,1,4
400000,627.888,4,932.6880000000001,2,3
205000,295.656,3,2346.96,1,4
1210000,1517.904,4,5507.4312,3.75,3
216500,323.088,2,1584.96,1,3
253000,454.15200000000004,3,2332.0248,2,3
640500,326.136,3,1373.124,1,4
719000,515.1120000000001,3,1371.6000000000001,2.5,4
607500,676.6560000000001,5,1828.8000000000002,1.75,3
480000,740.664,4,1524,2.5,3
396675,527.304,2,1943.1000000000001,1,4
400000,448.05600000000004,2,1865.3760000000002,1,2
627000,826.008,3,1059.18,3.5,3
370000,243.84,3,699.8208000000001,1,4
445000,606.552,4,1440.18,1.75,4
250000,646.176,4,2652.0648,2,4
647500,393.192,3,1179.576,1.75,5
920000,877.8240000000001,4,1752.6000000000001,2.75,5
866059,954.024,5,1462.1256,3.5,3
1728000,1127.76,4,6269.736,3,4
535000,935.7360000000001,4,2194.8648000000003,2.75,3
583000,792.48,3,1554.48,2.5,3
725000,515.1120000000001,3,2587.4472,1.75,4
105500,283.464,2,2359.152,1,1
259000,377.952,3,1219.2,1.75,3
470000,530.352,3,516.0264000000001,3.25,3
560000,560.832,3,4567.428,2,3
358990,521.208,3,661.7208,3.25,3
1000000,542.544,4,4769.5104,2,5
512000,792.48,4,1373.4288000000001,2.5,3
815000,789.432,3,6551.3712000000005,2.5,4
430000,737.616,2,18587.9232,2.5,3
350000,856.488,4,3179.9784,2.5,3
307300,463.29600000000005,2,310.896,2,3
238000,161.544,1,1935.48,1,5
560000,512.0640000000001,2,1416.4056,2,3
525000,292.608,2,2194.56,1.5,3
345000,344.42400000000004,2,2463.0888,1,4
395000,490.728,3,1144.5240000000001,2.5,3
525000,954.024,4,1766.316,2.5,3
1691000,1225.296,4,4119.372,3.5,3
365000,606.552,4,6495.8976,2.25,4
359800,661.416,5,838.8096,2.5,3
160000,307.848,3,1632.2040000000002,1.75,3
429950,707.1360000000001,4,1378.9152000000001,2.5,3
278000,591.312,4,2099.1576,2.5,3
649500,1136.904,3,116838.3744,3,4
774950,1039.3680000000002,4,54686.9112,2.5,3
427000,512.0640000000001,3,2624.328,1.75,4
501000,551.688,2,2293.0104,1.75,3
365000,737.616,4,2561.5392,2.5,3
191000,301.752,3,2516.1240000000003,1,3
263000,482.8032,3,975.36,2.5,3
405000,390.144,3,2926.08,1.5,4
350000,585.216,3,2045.208,1,3
502775,518.1600000000001,3,2999.232,1.75,4
435000,289.56,3,3072.384,1,4
546000,295.656,2,1036.3200000000002,1,3
1118000,1170.432,4,5065.4712,2.5,4
539900,762,3,1281.0744,2.5,3
207100,304.8,2,1371.6000000000001,1,3
320000,374.904,3,2283.5616,1,3
235000,579.12,3,2432.304,2,4
332000,460.24800000000005,3,2403.0432,2,3
675000,621.792,4,2811.78,2.5,5
995000,1258.824,5,2193.6456000000003,3.25,3
888990,1078.992,4,1676.4,2.75,3
825000,633.984,3,1524,1.75,5
365000,630.936,4,2710.5864,2.25,4
697000,981.456,4,1950.4152000000001,2.5,3
515000,819.912,2,4572,2.25,3
1249000,1203.96,5,13542.568800000001,3.25,3
640000,469.392,2,291.9984,2.25,3
455000,966.216,4,3257.7024,2.5,3
245000,527.304,3,2268.3216,2.5,3
315000,262.128,2,2532.2784,1,3
330000,438.91200000000003,3,1569.72,2.25,3
535000,313.944,2,1475.5368,1,3
235000,551.688,4,12081.967200000001,2.5,3
842000,661.416,4,2903.2200000000003,1.75,3
919950,966.216,5,2152.4976,2.75,3
399000,341.37600000000003,2,2639.8728,1,3
1400000,615.696,3,1676.4,2,3
288790,393.192,3,377.0376,1.75,3
270000,551.0784,3,5852.16,2.5,3
675000,505.968,3,2910.5352000000003,1.75,3
549900,1042.416,4,1448.1048,3.5,3
485000,469.392,3,2170.176,2.5,3
580000,445.00800000000004,2,1737.3600000000001,1.5,3
277500,515.1120000000001,3,1576.1208000000001,2.5,3
271920,429.76800000000003,3,3123.5904,2,3
609950,536.448,3,3154.6800000000003,2.25,4
310000,530.352,4,3375.6600000000003,1,3
275500,219.45600000000002,2,3474.7200000000003,1,5
416000,268.224,2,2026.92,1,5
410500,350.52000000000004,3,2072.6400000000003,1,3
424950,995.4768,4,1645.3104,3.25,3
1103990,841.248,4,1536.192,3.5,3
679950,679.7040000000001,3,1200.6072000000001,2.5,3
620047,536.448,4,1828.8000000000002,1.75,3
700000,606.552,3,3962.4,1.75,3
886000,725.4240000000001,3,1828.8000000000002,2.25,5
510000,435.86400000000003,3,2819.4,2,4
342500,640.08,5,3269.2848000000004,2.25,4
250275,240.792,2,3424.1232,1,4
464500,350.52000000000004,3,3190.0368000000003,1.75,5
720500,1021.08,4,10758.8304,2.5,4
379900,947.928,3,13705.9416,2,3
399950,563.88,4,1866.9,1.5,3
715000,905.2560000000001,4,8888.8824,2.5,3
436000,445.00800000000004,3,377.3424,2.5,3
585000,594.36,4,1133.856,2.5,3
655000,801.624,4,1219.2,2.5,3
724950,917.4480000000001,4,53108.352000000006,3.5,3
320000,643.128,4,1918.7160000000001,2.5,3
185000,417.576,3,2581.656,1.5,4
582500,353.26320000000004,2,1463.04,1.5,3
429950,612.648,3,2889.5040000000004,1.5,3
337500,710.1840000000001,4,1495.6536,2.5,3
400000,566.928,3,3945.3312,2,3
269500,347.47200000000004,2,22571.049600000002,1,4
399950,310.896,3,5501.64,1,3
363000,280.416,2,366.0648,2,3
418000,995.4768,4,1819.3512,3.25,3
495000,487.68,4,1944.624,1.75,3
560000,609.6,3,2240.28,1.5,3
600000,774.192,3,72360.1296,2,3
1095000,1014.984,4,2786.7864,2.75,4
726000,905.2560000000001,5,3150.108,3,3
513000,691.8960000000001,5,2637.1296,2,3
289950,509.016,3,1885.4928,2.5,3
440000,536.448,3,548.64,2.25,3
705000,859.5360000000001,3,2194.56,2.5,3
1337500,883.9200000000001,4,6423.3552,2.5,3
400000,185.928,2,1389.8880000000001,1,3
1050000,990.6,3,1552.3464000000001,3,3
470000,445.00800000000004,3,2507.5896000000002,1,3
607500,466.34400000000005,3,491.3376,3.25,3
625000,396.24,3,2194.56,1.5,5
430000,472.44,3,1840.6872,2,5
245000,518.1600000000001,4,1300.8864,2.5,3
1442500,829.056,2,5070.957600000001,2.5,3
219000,417.576,4,2421.3312,1.5,3
775000,612.648,3,2138.7816000000003,2,3
652600,676.6560000000001,4,1798.3200000000002,2.5,3
639900,1030.2240000000002,4,23102.0112,2.5,3
485000,432.81600000000003,3,1243.584,2,3
489990,743.712,5,6348.374400000001,2.25,4
400000,481.584,4,1627.632,1.75,3
530000,544.068,2,237.4392,2.5,3
389999,576.072,4,4806.696,2.5,4
686000,649.224,4,3246.1200000000003,2.25,4
158000,463.29600000000005,3,2194.56,2.5,4
450000,563.88,3,2641.7016000000003,1.75,4
710000,783.336,5,2926.08,2.5,3
577450,527.304,3,534.924,3,3
580000,484.632,3,590.3976,2.5,3
315000,707.1360000000001,5,2468.88,1.75,4
204000,304.8,3,3678.936,1,4
541000,545.592,3,1230.7824,2.5,3
360000,283.464,2,1858.6704000000002,1,4
485000,981.456,4,2253.0816,1.75,4
810000,1057.656,4,2254.3008,3.5,3
331000,756.8184,4,1737.6648,3,3
585000,938.784,3,2219.5536,2.75,3
685000,1002.792,3,27674.6208,2.5,4
75000,204.216,1,13221.3096,0,3
815000,1182.624,4,2196.9984,2.5,3
424950,841.248,4,1695.9072,2.5,3
826000,710.1840000000001,3,1219.2,3.25,3
455950,829.056,4,1759.0008,2.5,3
368500,762,4,8046.72,2.75,3
288000,475.488,3,2958.3888,2.25,4
260000,490.728,3,2262.5304,2.25,4
712000,1036.3200000000002,4,75413.9208,2.5,3
330000,609.6,5,2407.92,2.25,4
600000,765.048,4,11625.3768,2,3
340000,850.392,8,2040.6360000000002,2.75,3
390000,359.66400000000004,3,5045.0496,1.75,4
305000,548.64,3,3717.3408000000004,1.5,4
334850,265.176,2,1717.548,1,3
178500,225.55200000000002,2,1969.008,1,3
330000,661.416,3,1212.4944,2,5
325000,310.896,2,327.9648,0.75,3
440000,335.28000000000003,2,331.6224,2.75,3
330000,615.696,3,3368.04,1.75,4
329000,746.76,3,1981.2,2.25,4
305000,740.664,4,1816.3032,2.5,3
827500,551.688,3,2194.56,2.5,5
685000,954.9384,4,4936.845600000001,2.25,3
875000,1155.192,4,2095.1952,3.5,3
267000,396.24,3,2939.4912,2,3
255000,451.10400000000004,2,2944.368,1.5,3
200000,527.304,2,2929.128,1,3
775950,905.2560000000001,4,1341.1200000000001,2.5,3
497000,496.824,3,1163.4216000000001,2.25,3
320000,609.6,3,2974.848,1.75,4
650000,1042.416,4,67713.14880000001,2.5,3
490000,524.256,3,3822.192,1.75,4
510000,1005.84,6,2194.56,4.5,3
675000,777.24,3,1509.9792,2.5,4
432100,560.832,3,2240.28,1.75,3
319900,754.38,4,1303.3248,2.75,3
685900,697.9920000000001,3,2786.4816,2.5,3
775000,603.504,3,2379.5736,2.5,4
735000,975.36,4,2318.004,3.5,3
690000,859.5360000000001,4,2531.9736000000003,2.5,3
268750,243.84,4,2674.6200000000003,1,3
770000,630.936,3,16628.9736,2.75,3
323000,268.224,2,521.8176,1,4
709000,847.344,3,2194.56,2.75,4
445000,320.04,3,1726.3872000000001,1,4
362764,445.00800000000004,3,1325.88,2,3
1225000,1121.664,3,3502.4568000000004,3.5,3
635000,758.952,4,12377.3184,2.5,3
828000,646.176,4,3304.3368,2.5,4
864500,1072.896,4,10970.0568,2.5,4
338000,515.1120000000001,3,536.448,2.5,3
276000,265.176,3,2450.592,1,3
460000,569.976,3,4780.7880000000005,1.5,3
289950,539.496,3,2880.36,2.5,3
210000,438.91200000000003,3,2197.608,2,3
618000,713.2320000000001,3,1106.424,2.5,3
445000,429.76800000000003,3,1554.48,1.75,4
375000,682.7520000000001,3,1584.96,2,3
270000,490.728,3,1891.284,1.75,4
372000,701.0400000000001,4,2340.864,1,3
265000,414.528,3,1818.7416,1,3
838000,1008.888,4,13105.7904,2.5,3
747000,301.752,2,1219.2,1,4
350000,307.848,3,3427.1712,1,4
322000,694.9440000000001,4,2194.56,2.5,3
367500,505.968,3,3591.4584,1,4
367000,246.888,3,2133.6,1,3
485000,582.168,5,1678.8384,2,3
980000,1133.856,4,2179.32,3.25,3
170000,246.888,2,3012.0336,1,3
350000,402.336,2,22433.280000000002,1.5,3
670950,545.592,3,723.9000000000001,2.5,3
535000,813.816,3,1556.9184,3.25,3
262500,295.656,3,2393.8992000000003,1,4
2140000,1557.528,6,2172.6144,4,4
270000,475.488,4,1307.592,1.75,3
422000,228.60000000000002,2,1219.2,1,4
716000,691.8960000000001,3,2397.5568000000003,2.5,4
320000,542.544,3,2084.832,1,4
960000,947.928,4,3473.8056,2.5,4
390000,472.44,3,490.1184,3,3
496600,582.168,3,1695.2976,2.5,3
440000,877.8240000000001,4,2251.2528,2.5,4
603000,518.1600000000001,3,853.44,2.25,5
1850000,1267.968,4,3150.108,3.25,3
489000,310.896,3,2765.1456000000003,1.5,3
420000,731.52,4,6096,2.75,3
282950,381,3,2499.36,1,4
154950,487.68,4,3103.7784,1,4
399000,548.64,3,1005.84,2.5,3
445838,685.8000000000001,3,1734.9216000000001,2.5,3
445000,454.15200000000004,3,3305.2512,1.75,3
175000,435.86400000000003,3,1499.616,1.75,2
400000,455.67600000000004,3,285.2928,2.5,3
499950,414.528,3,3429,1.5,4
260000,509.016,3,1766.9256,2.5,3
780000,920.4960000000001,4,4621.9872000000005,2.5,4
445000,707.1360000000001,4,3769.7664,2.75,3
330000,359.66400000000004,4,2217.42,2,3
1881580,1344.1680000000001,5,3962.4,3.5,3
1898000,1225.296,4,2943.1488,4.5,3
875000,1097.28,4,6642.8112,2.5,4
1569500,1712.976,5,1767.8400000000001,4.5,3
432500,457.20000000000005,4,565.7088,1.75,5
520000,932.6880000000001,4,2182.6728000000003,2.5,3
405000,438.91200000000003,3,659.2824,2.5,3
1080000,682.7520000000001,3,6546.189600000001,2.5,3
637000,883.9200000000001,4,1768.7544,2.75,3
561000,777.24,4,1644.3960000000002,2.5,3
195000,435.86400000000003,3,2304.288,1.5,5
329990,737.616,4,2571.9024,2.75,3
191000,213.36,2,1524,1,5
300000,457.20000000000005,3,2545.6896,1.75,5
595000,1139.952,5,2057.4,2.75,4
430000,231.64800000000002,2,2168.3472,1,3
279000,637.032,4,2725.2168,2.25,3
710000,426.72,3,685.8000000000001,1,3
318200,606.552,3,1110.6912,2.5,3
350000,652.272,4,2162.556,2.5,3
462000,420.624,5,1310.64,2,3
975000,563.88,3,1524,3,2
540000,926.5920000000001,4,3134.2584,2.25,4
469000,1082.04,4,4248.3024000000005,2.75,5
249000,484.632,3,2296.668,1.75,5
308950,487.68,3,1905,2.5,3
347500,557.784,3,3668.5728000000004,1,3
260000,472.44,2,4648.2,1,5
640000,737.616,3,2512.7712,2.5,3
998000,1027.1760000000002,3,3583.5336,2.25,4
605000,932.6880000000001,5,2701.1376,3.5,3
423000,335.28000000000003,3,3049.5240000000003,1.75,5
1955000,950.976,4,2407.3104000000003,2.75,4
712000,832.104,4,1336.548,2.5,3
349000,530.352,3,2341.4736000000003,1.75,3
280000,530.352,3,2628.9,1.75,4
229500,569.976,2,2019.3000000000002,1.75,3
212000,188.976,1,2322.576,1,3
229000,362.71200000000005,3,914.4000000000001,2.5,3
1380000,1234.44,5,5738.4696,4.25,4
825000,612.648,3,941.832,1.75,5
543000,722.3760000000001,2,66385.44,2,3
682000,557.784,3,1560.576,1.75,5
350000,499.872,3,2194.56,2.25,4
720000,615.696,3,353.26320000000004,2.5,3
275000,420.624,3,1371.6000000000001,2,3
219950,457.20000000000005,3,2321.052,2.25,3
435000,298.704,3,1524,2,3
386000,387.096,3,401.7264,1.5,3
560000,701.0400000000001,4,2435.0472,2.5,3
495000,899.1600000000001,3,3717.3408000000004,2,4
264000,536.448,3,2280.5136,1.75,4
550000,655.32,4,8394.192000000001,2.5,3
257500,522.732,3,2078.4312,2.25,3
563000,429.76800000000003,4,1029.0048000000002,1,5
499000,469.392,3,404.1648,2.5,3
599000,780.288,3,4474.464,2,3
641000,432.81600000000003,2,1625.1936,1,3
450000,463.29600000000005,3,2408.8344,1.5,4
245000,262.128,2,1865.3760000000002,1,3
665000,493.776,3,804.672,2,5
349950,499.872,2,1272.8448,1.75,4
294000,249.936,2,1940.3568,1,5
337000,795.528,4,1597.152,2.5,3
869000,579.12,2,3999.5856000000003,1.75,3
585000,451.10400000000004,3,1463.04,1.75,4
312000,743.712,3,4038.6000000000004,2,4
1305000,996.696,5,1243.584,3.5,3
812500,856.488,4,3139.44,2.75,4
1047500,893.0640000000001,3,2135.1240000000003,2.25,3
310000,573.024,4,3703.32,1.75,3
447000,502.92,3,937.5648,2.5,3
440000,435.86400000000003,3,2560.32,1.75,4
326188,396.24,3,2682.2400000000002,1,3
375000,332.232,1,1600.2,1,3
212000,323.088,3,2811.78,1.5,4
380000,402.336,5,11620.5,1.75,4
453500,472.44,3,2215.896,1.75,5
215000,518.1600000000001,4,2034.5400000000002,2.5,3
281000,390.144,3,296.8752,1.5,3
410000,655.32,4,8334.756000000001,2.25,5
295000,505.968,3,2476.5,2.5,3
220500,301.752,2,17525.695200000002,1,2
305000,679.7040000000001,4,1977.2376000000002,2.5,3
335000,323.088,2,366.3696,1.75,3
330000,268.224,2,534.3144,1,4
310000,957.072,4,6736.08,2.5,4
400000,707.1360000000001,4,1219.2,1,3
1460000,1280.16,4,4374.7944,3.5,3
213550,481.584,3,2603.2968,2.5,3
400000,408.432,2,377.952,2.5,3
567000,801.624,4,3417.7224,1.75,4
220000,304.8,3,1834.8960000000002,1,3
788000,816.864,4,2675.5344,2.5,4
400000,460.24800000000005,3,2329.2816000000003,1.5,3
396000,603.504,3,2907.7920000000004,1,3
660000,597.408,4,1371.6000000000001,1.5,3
474000,332.232,2,963.168,1,3
441000,335.28000000000003,4,1005.84,1.5,1
467500,557.784,3,1966.8744000000002,1,4
317000,323.088,3,1752.6000000000001,1.5,2
515000,554.736,3,1609.344,2.5,4
544000,713.2320000000001,4,2125.3704000000002,2.5,3
585000,710.1840000000001,3,10287,2.5,3
652000,448.05600000000004,3,1865.9856000000002,1,3
184500,219.45600000000002,2,1792.2240000000002,1,3
700000,850.392,6,1386.8400000000001,3,4
368000,283.464,2,506.5776,2,3
1150000,1267.968,4,10668,3.75,3
856000,451.10400000000004,3,822.96,1.5,3
450000,310.896,2,1524,1,4
226000,460.24800000000005,2,6057.595200000001,1,3
335000,347.47200000000004,3,4843.272,1.5,3
390000,755.904,3,16230.6,2.5,3
745000,734.568,4,1722.1200000000001,2.75,5
650000,743.712,4,2840.7360000000003,2.25,4
401000,387.096,3,406.2984,2,3
338500,350.52000000000004,2,216.71280000000002,2.25,3
502000,612.648,3,3413.76,2.75,3
336000,643.128,3,1386.5352,2.5,4
416000,545.592,3,3518.0016,2.5,5
339000,530.352,3,6699.504,1.5,4
1290000,1045.464,4,2194.56,2.5,3
275000,521.208,3,2203.704,2.5,3
228950,341.37600000000003,3,2019.3000000000002,1,3
337000,438.91200000000003,3,3463.7472000000002,1.75,3
800000,640.08,3,1353.3120000000001,2.5,3
2500000,1014.984,4,7423.099200000001,4,4
380000,771.144,3,3670.4016,2.25,3
222000,301.752,3,2694.4320000000002,1,3
760000,1072.896,4,2467.356,2.5,3
575000,935.7360000000001,5,2194.56,2.5,3
1655000,1075.944,4,1676.4,2.25,3
787000,405.384,3,2286,1.75,3
209000,256.03200000000004,2,1604.7720000000002,1,5
254000,563.88,3,1401.1656,2.5,3
536000,697.9920000000001,3,10530.2304,2.75,4
359950,393.192,3,57755.332800000004,1,4
345000,377.952,3,3413.76,1.5,4
489000,688.8480000000001,3,6041.4408,2.5,3
270000,585.216,4,2589.8856,2.5,3
250000,537.972,3,2332.3296,2.25,3
1240000,862.5840000000001,5,2286,3,3
760000,737.616,4,3134.868,2.5,3
1712500,896.1120000000001,3,1655.6736,3.25,4
680000,762,4,1508.76,2.75,3
566000,661.416,4,2358.2376,2.25,3
247200,417.576,3,2657.5512000000003,1.75,3
712000,975.36,3,2041.8552000000002,2.75,3
450000,731.52,4,2344.8264,2.5,3
286000,335.28000000000003,3,228.60000000000002,2.75,3
365000,591.312,4,7802.88,2,1
355000,283.464,2,227.68560000000002,2.25,3
890000,777.24,4,1219.2,1,3
288000,350.52000000000004,3,270.3576,2.5,3
504200,365.76,2,514.1976000000001,1.5,3
260000,234.696,2,2409.7488000000003,1,4
790000,1085.088,4,1858.6704000000002,3.5,3
550000,697.9920000000001,3,1928.7744,2.5,3
460500,454.15200000000004,3,3246.1200000000003,1,3
1300000,1255.776,4,4273.6008,3,3
1720000,1399.0320000000002,5,10682.0208,4,3
543000,469.392,3,382.8288,2.5,3
227000,725.4240000000001,3,3865.1688000000004,1.75,1
285000,536.448,4,1676.4,2,3
290000,609.6,3,2259.7872,2.5,4
230000,521.208,3,1584.96,2,5
1250000,963.168,4,1524,3.25,5
808000,1060.704,4,1908.6576,2.5,3
240000,509.016,2,3011.424,1.5,4
311000,262.128,2,1005.84,1,5
640000,755.904,3,3291.84,3.5,3
407000,892.1496000000001,4,1828.8000000000002,2.5,3
545000,518.1600000000001,3,1752.6000000000001,1.75,5
428000,481.584,3,154545.18240000002,1.75,4
425000,377.952,3,1752.6000000000001,1,4
834800,1057.656,3,1271.3208,3.5,3
319900,347.47200000000004,3,6212.7384,1.5,3
205000,417.576,3,3263.7984,1,3
770000,883.9200000000001,3,7178.04,2.5,3
439990,469.392,4,607.7712,2.5,3
330000,408.432,3,1243.584,2.25,3
512500,670.5600000000001,4,2103.12,2.25,4
344000,396.24,2,1420.0632,2,3
385000,307.848,2,1219.2,1,3
400000,655.32,4,1645.0056000000002,2.5,3
348000,829.056,4,2346.0456,2.5,4
1388000,1051.56,4,5303.52,2.5,4
393000,298.704,2,1021.08,1,4
747500,856.488,4,3627.7296,2.5,4
445000,673.6080000000001,3,2441.4480000000003,2.5,3
575000,374.904,2,830.8848,1,3
580000,493.776,3,356.92080000000004,2.5,3
287000,381,3,8187.537600000001,1,3
417500,691.8960000000001,5,2031.1872,3,3
515000,475.488,3,310.896,2,3
1075000,862.5840000000001,3,17260.2144,2.5,3
319990,560.832,3,2232.9648,2.25,5
369900,231.64800000000002,1,3072.0792,0.75,5
830000,890.0160000000001,5,855.8784,3,3
372000,521.208,3,1716.9384,2.5,3
340000,801.624,3,3022.3968,2.25,4
653000,816.864,3,2569.1592,2,4
353000,381,3,263.3472,2.5,3
392000,701.0400000000001,4,12547.7016,2.5,3
680000,765.048,4,1146.9624000000001,3.5,3
515000,588.264,2,1697.736,1.75,3
445000,1051.56,4,1524,3.25,3
269950,490.728,3,2190.5976,2.25,3
653000,658.368,4,2133.6,2.5,4
250000,673.6080000000001,3,3386.6328000000003,1.5,3
147000,326.136,3,4267.2,1,3
845000,1024.1280000000002,4,12335.560800000001,2.5,4
303000,475.488,3,1249.68,2.5,3
386500,463.29600000000005,3,2240.28,1.75,4
380950,341.37600000000003,2,316.6872,2,3
329000,365.76,3,1722.1200000000001,1,3
89950,173.73600000000002,1,1243.584,1,3
840000,1088.136,3,1905,3,3
392500,283.464,3,2003.1456,1,3
518000,880.8720000000001,5,3994.0992,2.5,3
281000,283.464,2,792.48,1,3
418500,548.64,3,3791.712,2,3
280000,353.56800000000004,3,3316.5288,1,2
172500,460.24800000000005,2,6304.7880000000005,2,2
297500,667.5120000000001,4,2468.88,2.5,4
495000,762,5,2322.576,3.25,3
491500,475.488,3,3657.6000000000004,2.25,4
451000,545.592,3,2991.0024000000003,1.75,3
486000,655.32,4,12024.0552,2.5,3
773000,752.856,3,1097.28,2.75,3
385000,454.15200000000004,3,2935.224,1.5,4
1300000,1335.0240000000001,4,22571.049600000002,3.5,3
244000,441.96000000000004,4,2731.0080000000003,1,3
613000,630.936,5,3657.6000000000004,2.5,4
315000,533.4,3,3810,1.5,3
487028,394.716,2,333.1464,1.5,3
1228000,1746.5040000000001,4,13699.8456,2.5,3
849900,694.9440000000001,2,195438.67440000002,2,3
445000,576.072,3,9857.232,1.75,3
339000,289.56,2,2424.3792000000003,1,4
1042030,1252.728,4,13277.088000000002,5,4
749950,886.9680000000001,4,5699.76,2.75,3
1067000,1481.328,6,3594.5064,3.5,3
265000,487.68,2,2418.8928,1,3
750000,996.696,3,51206.4,2.25,4
305000,707.1360000000001,4,1427.3784,2.5,3
710000,637.032,4,2457.9072,2.75,5
437000,344.42400000000004,3,372.1608,2.25,3
464500,533.4,4,3468.9288,2.5,4
648000,798.576,4,1661.16,2.5,3
490000,722.3760000000001,3,3717.3408000000004,2,4
325000,484.632,3,2487.168,1,3
500000,640.08,4,3846.576,2,4
296000,414.528,3,3274.1616000000004,1.75,5
439500,414.528,4,1676.4,1,3
599000,472.44,2,2350.9224,1,3
975000,829.056,4,3186.684,2.5,3
335000,313.944,3,2194.56,1,3
608000,682.7520000000001,3,1143,1.5,3
216650,451.10400000000004,3,328.2696,3.5,3
325000,509.016,3,5203.2408000000005,2,3
353000,542.544,4,2985.2112,1.75,3
165000,307.848,3,2343.9120000000003,1,4
600000,792.48,6,2849.88,3,4
220000,304.8,3,68111.2176,1,4
1890000,1306.068,4,2848.356,4.25,3
280000,548.64,3,2650.8456,2.5,3
705000,701.0400000000001,2,1950.72,2.5,3
650000,435.86400000000003,3,1292.352,1,3
349900,771.144,5,1288.9992,2.5,3
285000,597.408,4,3169.92,2.25,4
920000,1005.84,6,1285.6464,3,3
660000,731.52,3,1973.2752,2.5,3
99000,292.608,2,2510.3328,1,2
329950,652.272,4,2704.7952,2.25,3
799990,774.192,4,1770.2784000000001,3.5,5
270000,411.48,3,2040.9408,2,5
464000,676.6560000000001,4,4642.7136,2.25,3
437000,518.1600000000001,4,3243.6816000000003,1.75,4
170000,417.576,3,3101.6448,1.5,3
550000,307.848,3,1865.3760000000002,1,3
392500,731.52,4,6072.530400000001,2.75,5
144975,274.32,2,2286,1,3
218500,487.68,2,2731.3128,1,4
329500,551.688,3,3983.1264,1,4
197000,234.696,2,2632.2528,1,2
200000,310.896,4,13096.0368,1,4
280005,344.42400000000004,3,2194.56,1.5,3
454000,777.24,5,2804.1600000000003,2.25,4
938000,734.568,4,3013.2528,2.5,5
455000,731.52,3,5254.4472000000005,1,4
367950,923.5440000000001,4,2895.6000000000004,2.5,3
237100,414.528,3,2926.9944,1.75,3
950000,847.344,3,83830.05840000001,2.5,3
640000,1246.632,4,65588.6928,2.5,4
390000,429.76800000000003,3,8039.1,2.5,3
372500,755.904,5,3075.4320000000002,3,3
370000,502.92,3,2515.8192,1.75,5
364000,612.648,4,2628.9,1.75,4
479000,417.576,3,914.4000000000001,1,3
1365000,637.032,3,1828.8000000000002,2.5,4
171000,463.29600000000005,4,5996.0256,2,3
335000,621.792,3,1828.8000000000002,1.5,3
350000,853.44,7,2916.6312000000003,3,3
405000,966.216,3,3886.2000000000003,2.5,3
342000,542.544,3,3172.6632,1.75,3
500000,463.29600000000005,2,2450.592,1.5,5
312500,557.784,3,2428.9512,1.75,3
267000,426.72,3,2468.88,1,3
303000,295.656,2,2971.8,2,5
178000,256.03200000000004,3,1981.2,1,5
680000,652.272,3,1092.4032,1.75,3
365000,487.68,5,1270.4064,2,3
920000,1115.568,3,20181.112800000003,3.25,3
679000,844.296,3,2849.88,2.5,3
245000,451.10400000000004,3,1188.72,1.75,4
238000,448.05600000000004,3,9957.816,1,3
275000,627.888,4,2240.28,2.75,3
3204000,1466.088,4,5745.7848,4,3
360000,557.784,3,3048,1.75,4
518000,658.368,4,2971.8,2.5,3
586000,649.224,4,2743.2000000000003,2.25,4
417000,637.032,4,1219.2,2,3
415000,926.5920000000001,4,2171.7000000000003,3.5,3
359000,481.584,4,1949.5008,1.75,4
349950,432.81600000000003,3,354.17760000000004,2.5,3
267500,487.68,3,2765.1456000000003,1.5,4
239000,417.576,4,2693.5176,2,3
845000,877.8240000000001,4,10853.928,2.5,3
610000,670.5600000000001,4,2194.56,2.25,4
230000,408.432,3,2514.6,1.75,3
500000,832.104,4,10698.480000000001,2.25,3
286285,603.504,4,2960.8272,2.25,3
400000,344.42400000000004,3,1249.68,1,3
280000,499.872,3,4038.2952,2,3
355000,551.688,3,972.9216,2.5,3
215000,390.144,3,3052.8768,1.75,4
295000,515.1120000000001,3,1250.2896,2.5,3
665000,694.9440000000001,4,1121.664,1.75,5
399950,655.32,4,19718.731200000002,3,3
375000,420.624,3,1542.288,1.75,3
700500,780.288,3,10748.772,2.5,3
485000,426.72,4,1097.28,2,3
1697000,792.48,3,2011.68,2,3
375000,615.696,4,3810,2.25,2
292000,490.728,3,1172.8704,2.5,3
176000,408.432,3,1656.2832,3.25,3
425500,463.29600000000005,4,3240.0240000000003,1.75,4
690000,819.912,5,1463.04,3.5,3
905000,1014.984,4,2912.9736000000003,2.5,3
750000,950.976,5,4752.7464,2.5,3
468000,448.05600000000004,3,1705.9656,2.25,3
465000,341.37600000000003,2,366.0648,1.5,3
549000,1048.512,5,3764.28,2.5,4
613500,571.8048,3,466.64880000000005,3.25,3
160000,262.128,3,3627.1200000000003,1,4
339000,557.784,4,2621.5848,2.5,3
330000,262.128,2,2532.2784,1,4
657000,835.152,4,2596.896,1.75,3
622500,1011.936,5,7242.048000000001,2.75,4
2475000,1322.832,3,1507.8456,3.25,3
382500,673.6080000000001,4,2157.6792,2.5,3
429900,804.672,4,2628.9,2.5,3
800000,911.3520000000001,4,5123.3832,2.5,3
570000,789.432,4,2585.6184000000003,2.5,3
217500,426.72,3,2909.6208,1.75,4
100000,201.168,2,1597.152,0.75,4
433000,585.216,3,2194.56,2,3
345000,469.392,3,986.6376,2.5,3
255000,384.048,2,2380.4880000000003,1,3
627000,591.312,3,1158.24,2,4
278000,262.128,3,2326.2336,1,3
199950,484.632,2,6375.5016000000005,2.75,3
1155000,758.952,3,7525.8168000000005,2.5,4
685000,478.536,3,694.9440000000001,1,3
281000,408.432,3,6503.2128,1,4
268000,487.68,3,2350.3128,1.75,3
425000,359.66400000000004,3,1143,1,3
2575000,1688.592,4,4696.3584,4.25,3
436000,633.984,4,2926.08,2.75,3
315000,579.12,3,4389.12,1,4
366400,621.792,4,4383.9384,2.25,4
425000,865.6320000000001,5,2872.7400000000002,2.5,4
440000,332.232,2,1258.2144,1,3
465000,673.6080000000001,4,2701.1376,2.25,4
465000,243.84,3,932.6880000000001,1,4
382500,475.488,4,2651.76,1.75,4
525000,905.2560000000001,3,3653.0280000000002,2.5,3
490000,441.96000000000004,3,731.52,2,3
613000,411.48,3,935.1264000000001,2.5,3
495000,676.6560000000001,4,2704.1856000000002,2.25,4
248000,539.496,4,1784.604,2.5,3
849000,658.368,4,1920.24,2,4
670000,1008.888,3,1615.44,2.5,3
258000,512.0640000000001,3,6089.294400000001,2,3
565000,292.608,2,1243.584,1,5
539950,902.2080000000001,4,11408.664,2.5,3
360000,356.61600000000004,3,1243.584,1.5,5
335000,579.12,3,2311.6032,1.5,5
559950,505.968,3,444.39840000000004,2.5,3
810000,1271.016,4,1317.3456,3.5,3
450000,576.072,4,4005.072,3,4
384950,469.392,3,2359.152,1,4
555950,371.856,2,1536.192,1,3
400000,661.416,4,62269.4208,2.5,4
308000,512.0640000000001,3,2630.1192,1.75,3
314000,411.48,3,66401.2896,1.75,3
460000,670.5600000000001,4,2949.2448,2.75,3
430000,554.736,4,1645.92,2.75,4
355000,777.24,3,2948.6352,2.25,3
725000,286.512,3,2553.3096,1,4
273500,414.528,4,1828.8000000000002,1,4
458000,999.744,4,19118.8848,3,3
780000,941.832,4,3813.3528,2.5,4
1535000,868.6800000000001,4,1249.68,3.25,3
367500,387.096,3,2679.8016000000002,1,5
848000,697.9920000000001,5,1316.736,1.75,3
536500,414.528,2,566.928,2,4
2450000,1350.2640000000001,5,2743.2000000000003,4,3
591000,512.0640000000001,3,731.52,1.75,5
205000,274.32,2,1340.2056,1,3
235000,249.936,2,1554.48,1,4
712000,746.76,4,3645.4080000000004,2.25,3
589000,801.624,4,4572,2.5,5
246000,438.91200000000003,3,3200.4,2.25,3
369950,338.32800000000003,3,2317.3944,1,3
450000,381,3,271.8816,2.75,3
660000,847.344,4,3017.52,1.75,4
552000,560.832,3,3017.52,2.5,3
2321000,1761.7440000000001,5,5182.8192,4.75,3
372000,576.072,4,3215.6400000000003,1.75,5
970000,1185.672,4,1800.1488000000002,4.5,3
415000,231.64800000000002,1,914.4000000000001,1,3
220000,493.776,4,1584.96,2,4
360000,624.84,4,2786.7864,2.5,3
507200,496.824,3,405.0792,3.5,3
910000,1021.08,4,8912.9616,2.5,3
157500,225.55200000000002,2,2744.1144,1,3
640000,926.5920000000001,4,2217.1152,2.75,3
439900,1033.2720000000002,5,2423.1600000000003,3.5,3
783200,484.632,4,1645.92,2,3
515000,740.664,3,1281.0744,2.5,3
278000,451.10400000000004,4,1927.5552,2,3
305000,490.728,4,1905,2,4
477500,566.928,3,1568.5008,2,3
408000,853.44,3,10778.3376,2.25,3
770000,1121.664,3,10856.0616,2.5,3
383000,429.76800000000003,3,2199.132,1.75,3
379500,292.608,2,1553.2608,1,5
710000,801.624,4,2615.184,2.5,4
145000,307.848,3,1673.352,1,3
316000,649.224,3,2658.1608,2.25,3
465000,630.936,4,2286,2.25,4
365000,499.872,3,2530.1448,1.5,3
530000,423.672,2,1524,1.5,4
189000,262.128,3,1584.96,1,5
270000,524.256,3,2606.04,2.5,4
615000,405.384,4,731.52,1,4
475000,350.52000000000004,3,3121.152,1.75,3
369000,777.24,4,2239.9752000000003,2.5,3
771000,542.544,3,1865.3760000000002,2.25,4
860000,963.168,4,2467.9656,2.75,3
420000,262.128,2,1182.624,1,4
234000,499.872,3,1609.344,2,5
1309500,1447.8000000000002,4,4240.3776,4.5,3
282000,576.072,4,1920.8496,2,3
665000,865.6320000000001,6,2543.8608,2.75,5
440000,658.368,4,2385.3648000000003,2.5,4
357000,265.176,2,1402.0800000000002,1,4
316000,792.48,5,1414.5768,2.5,3
534000,649.224,4,2197.608,2.25,5
592500,1027.1760000000002,4,10713.720000000001,2.5,5
300000,719.3280000000001,4,2267.712,2,3
571000,411.48,4,1219.2,1,3
355000,563.88,3,2926.08,3,3
299500,551.688,3,10515.6,1.75,3
422500,396.24,3,685.8000000000001,2,3
259950,240.792,2,2468.88,1,3
1150000,1246.632,6,15100.401600000001,3.75,3
325000,301.752,2,4608.576,1,4
305000,274.32,1,2286,1,3
114000,222.50400000000002,2,1584.96,1,3
226000,463.29600000000005,3,2194.56,1,3
180000,597.408,3,2920.8984,1,2
266000,566.928,4,3868.8264000000004,2.25,3
1289000,944.88,4,689.1528000000001,3.5,3
1150000,536.448,3,2068.9824000000003,1.75,3
379950,329.184,3,1547.4696000000001,2,3
246600,408.432,4,2560.32,1,5
775000,707.1360000000001,4,1705.356,1.75,3
499950,984.504,3,39495.3744,2.5,4
660500,612.648,4,2926.9944,2.25,3
460000,374.904,2,283.1592,2.25,3
740000,1045.464,4,3095.8536000000004,2.5,3
1020000,509.016,3,1463.04,2.25,3
1100000,673.6080000000001,4,2315.5656,3.5,4
282000,728.472,4,2234.184,2.75,3
445000,341.37600000000003,3,1219.2,1.75,4
375000,624.84,5,2852.9280000000003,1.5,3
344900,554.736,4,2346.96,1.75,4
283000,451.10400000000004,4,14339.316,1.5,5
324950,350.52000000000004,2,2799.8928,1,3
204995,295.656,2,2494.788,1,5
335000,466.34400000000005,3,1395.9840000000002,2.25,3
750000,804.672,5,4050.7920000000004,1.75,4
560000,545.592,2,4810.6584,1,4
515000,545.592,3,2184.5016,2.5,3
461000,844.296,3,1913.5344,3.25,3
239000,460.24800000000005,3,4578.7056,1,3
598500,768.096,4,1213.104,2.5,3
830005,1100.328,4,2409.1392,3.75,3
460000,566.928,3,2204.3136,2,3
855000,1048.512,3,3239.4144,2.25,3
361000,350.52000000000004,3,5359.908,1.75,3
319000,499.872,3,2814.5232,2,5
399950,737.616,4,9590.532000000001,2,3
130000,335.28000000000003,3,1554.48,1,4
750000,908.3040000000001,4,1502.664,2.5,3
310000,435.86400000000003,3,6065.8248,1,4
491234,469.392,4,566.928,2.5,3
650000,1021.08,4,14248.7904,2.5,3
349000,694.9440000000001,4,1248.4608,2.5,3
222000,438.91200000000003,3,2190.5976,2,4
545400,868.6800000000001,3,5852.16,2,3
318000,664.464,4,2133.6,2.25,3
836000,746.76,4,3958.4376,2.5,4
471500,740.664,3,1787.9568000000002,2.5,3
181000,219.45600000000002,2,1560.576,1.5,3
246000,646.176,4,2167.128,1.5,3
660000,789.432,3,10863.072,2.5,3
680000,1063.752,4,1120.7496,2.5,3
485000,886.9680000000001,4,4987.1376,2.75,4
432000,600.456,4,1572.768,1.75,3
1098000,1392.9360000000001,4,4943.5512,3.5,3
840000,1066.8,4,1816.6080000000002,3.25,3
1267500,1414.2720000000002,4,4085.5392,3.5,3
235000,387.096,2,916.8384000000001,1,4
240000,399.288,3,2171.7000000000003,1,4
320000,451.10400000000004,3,2202.1800000000003,1.75,4
329000,487.68,4,2061.972,2.5,3
770000,716.2800000000001,4,2438.7048,2.5,4
1400000,1432.5600000000002,4,2791.9680000000003,3.25,3
907500,844.296,4,2634.0816,2.5,4
280000,490.728,2,48328.4784,1.75,2
970500,752.856,3,3086.1000000000004,2.75,3
700000,505.968,3,470.916,2.5,3
300000,505.968,3,1563.0144,2.25,3
220000,365.76,4,1828.8000000000002,1,3
400000,701.0400000000001,5,2048.2560000000003,1.75,3
241000,463.29600000000005,3,2173.5288,2,3
399900,826.008,4,2477.1096000000002,2.5,3
485000,569.976,3,2393.5944,1.5,3
415000,609.6,3,2560.32,1.75,4
378950,569.0616,4,4667.7072,2.5,3
2250000,1185.672,3,1052.1696,3.25,3
455000,829.056,3,9544.5072,2.75,3
3200000,2133.6,4,8597.1888,3.25,4
305950,611.7336,4,1514.2464,2.5,3
400000,551.688,4,2971.8,1.75,4
365000,993.648,5,2820.3144,2.75,3
520000,694.9440000000001,4,2681.6304,2.5,4
412000,277.368,2,1914.7536,1,4
380000,566.928,2,1068.0192,2.5,3
915000,1036.3200000000002,4,10686.8976,2.5,4
583000,560.832,4,1222.5528000000002,2.5,3
1020000,1274.064,5,5437.9368,3.5,3
275053,323.088,2,1982.4192,1,3
582000,509.016,4,362.40720000000005,3,3
360000,752.856,4,2647.4928,2.25,4
1900000,1304.544,4,3861.2064,2.75,3
745000,423.672,3,2777.3376000000003,1,4
525000,411.48,3,1828.8000000000002,1.5,3
397950,646.176,4,2322.576,1.75,3
190000,463.29600000000005,3,2926.08,1.75,4
240000,445.00800000000004,3,1773.3264000000001,2.25,3
605000,1118.616,5,2926.08,3,3
1140000,1816.6080000000002,6,6156.0456,3.75,3
464550,515.1120000000001,3,3200.4,1.5,4
550000,463.29600000000005,3,762,1,3
240000,515.1120000000001,3,6115.2024,1,4
598950,451.10400000000004,3,466.64880000000005,2.5,3
445000,725.4240000000001,3,1605.9912000000002,2.5,3
690000,332.232,3,1219.2,1,4
635000,716.2800000000001,4,14073.530400000001,2.25,4
480000,633.984,4,2428.0368000000003,2.5,3
422500,243.84,2,1233.2208,1,3
260000,527.304,3,1259.1288,2.75,3
1050000,1386.8400000000001,4,16463.1624,4,4
1234570,752.856,2,185.6232,2.5,3
420000,755.904,3,1883.664,2.5,3
512500,560.832,3,876.3000000000001,2.5,4
732000,591.312,3,16994.4288,2,5
1150000,1840.9920000000002,6,66916.4016,4.5,3
599000,597.408,3,762,2.75,5
525000,792.48,3,1596.5424,3,3
229500,539.496,3,10126.6752,1.75,4
276000,630.3264,4,2207.3616,2.5,4
455000,396.24,3,1082.04,1,3
579000,569.976,2,1912.6200000000001,2,3
200000,213.36,2,1432.5600000000002,1,5
862000,972.312,4,4439.412,2.5,3
205000,374.904,3,2667,1,3
910000,1231.392,4,15385.9992,3.5,3
850000,984.504,3,1524,2.5,5
555000,530.352,3,1280.16,1.5,4
875000,947.928,4,33059.8272,3.5,4
890000,1228.344,3,3890.7720000000004,3.25,4
466000,347.47200000000004,2,322.4784,1.5,3
410000,579.12,4,4609.490400000001,2.5,3
250000,518.1600000000001,3,2346.96,1,3
499990,527.304,3,2845.0032,1.75,3
720000,1261.872,5,2329.2816000000003,3.5,3
185000,536.448,4,2714.5488,1,3
321000,396.24,4,5741.2128,1,4
850000,777.24,4,1153.3632,3,4
450000,414.528,3,1139.0376,1,4
1575000,1103.376,3,4343.400000000001,2,3
1070000,707.1360000000001,3,1856.2320000000002,1.75,3
1190000,1060.704,4,3707.5872000000004,2.5,4
272000,850.0872,4,1207.008,2.5,3
210000,463.29600000000005,4,1881.8352,2,5
268450,670.5600000000001,5,2926.08,2.25,4
265000,329.184,3,1502.664,1,3
319000,728.472,4,2240.28,2.25,3
185000,377.952,3,2803.5504,1,4
820000,1078.992,4,4119.372,2.75,3
950000,655.32,3,1280.16,1.75,5
266000,472.44,3,1835.5056000000002,2.25,3
760000,1097.28,4,47399.143200000006,2.5,3
390000,396.24,3,3057.1440000000002,1.75,4
580000,774.192,2,2133.6,1,5
478830,997.9152,4,1508.76,2.5,3
464950,365.76,3,271.272,1.5,3
353000,765.048,3,2816.3520000000003,2.5,4
292500,268.224,2,5408.066400000001,1,4
175409,441.96000000000004,4,1685.544,1.5,4
577500,694.9440000000001,3,3315.9192000000003,2.5,3
900000,707.1360000000001,3,1524,2.5,3
224950,496.824,3,2829.1536,1.5,4
334000,426.72,3,2257.0440000000003,1.75,3
588000,582.168,3,2489.3016000000002,1,4
382000,877.8240000000001,5,3646.9320000000002,2.25,4
678500,749.808,3,2011.68,2,4
470000,609.6,3,2567.6352,2.5,4
319000,548.64,3,2925.1656000000003,2.25,3
385000,801.624,4,1737.6648,2.5,3
499000,600.456,4,792.7848,2.5,3
309950,445.00800000000004,2,489.8136,2.25,3
834538,841.248,3,1885.7976,2.5,3
425000,188.976,2,1357.884,1,3
913000,1109.472,4,3223.5648,2.5,3
290000,283.464,2,2359.152,1,3
315000,777.24,4,2967.5328,2.25,4
280000,749.808,4,2927.9088,3,3
422500,387.096,3,2718.8160000000003,1,5
637000,521.208,4,1524,2.5,3
155000,213.36,2,1584.96,1,5
337500,518.1600000000001,5,2229.3072,2,3
253101,377.6472,3,1839.7728000000002,2,3
275000,627.888,4,1750.1616000000001,2.5,3
640000,707.1360000000001,4,3431.7432000000003,2.5,3
402000,463.29600000000005,3,1043.94,2.5,3
508450,463.29600000000005,4,2926.08,1.75,4
180000,286.512,3,3369.5640000000003,1,4
170000,259.08000000000004,1,1706.88,0.75,3
280000,310.896,3,2560.32,1,4
592500,661.416,4,2511.552,3,4
802500,1011.936,4,2447.5440000000003,3.75,3
630000,588.264,4,3112.0080000000003,1.75,3
388000,780.288,4,1767.8400000000001,2.5,3
395300,341.37600000000003,3,2133.6,1.5,3
530000,588.264,3,2198.8272,2.5,3
199950,460.24800000000005,3,2011.68,1.5,3
533300,844.296,4,6646.468800000001,2.5,3
614285,832.104,5,1951.0248000000001,2.75,3
848750,963.168,6,1524,3.75,3
237000,368.808,3,2022.0432,2,4
395000,484.632,3,3117.7992000000004,2,3
294000,627.888,3,4587.24,1.5,4
299000,411.48,3,1091.7936,2.25,3
545000,493.776,2,1146.048,1.5,5
296000,228.60000000000002,2,1426.4640000000002,1,3
230000,441.96000000000004,3,2553.6144,1.75,4
775000,353.56800000000004,3,4190.0856,2,5
379000,734.568,4,1592.5800000000002,2.75,3
634000,783.336,3,3962.4,1.75,4
865000,862.5840000000001,5,2698.6992,3,4
555000,676.6560000000001,4,2476.5,2.25,4
620000,512.0640000000001,3,8548.4208,1.75,3
300000,816.864,4,4726.838400000001,2.5,3
420000,440.13120000000004,3,75933.6048,1.75,3
269950,301.752,3,3032.76,1,5
292000,268.224,2,1676.4,1,3
300000,527.304,4,54149.8536,1,3
440500,487.68,3,966.8256,2.5,3
435000,697.9920000000001,4,1341.1200000000001,1.75,3
437500,301.752,2,950.976,1,5
592500,356.61600000000004,3,2057.4,2,5
358000,347.47200000000004,2,2542.032,1,3
320000,274.32,2,2322.576,1,3
870000,1036.3200000000002,5,1524,4,3
402500,847.344,3,1219.8096,3.25,3
989000,999.744,5,1219.2,3.5,3
900000,810.768,4,1119.2256,2.5,5
259950,326.136,2,197.8152,2,3
285000,560.832,3,2755.3920000000003,2.25,3
490000,560.832,2,1005.84,1,4
315000,240.792,2,2124.1512000000002,1,3
535000,432.81600000000003,4,1524,1.75,4
700000,789.432,4,1370.9904000000001,2.5,3
1110000,2240.28,5,3728.0088,3.5,3
495000,295.656,2,1305.7632,1,3
374950,646.176,3,2942.2344000000003,2.5,3
434000,612.648,4,2490.5208000000002,3,3
460000,432.81600000000003,3,2514.6,1.75,4
268000,512.0640000000001,4,3037.6368,1.75,3
590000,758.952,4,103428.39360000001,2,3
641000,792.48,4,1833.372,2.5,3
209000,402.336,3,1205.1792,1,3
730000,566.928,3,393.192,2.5,3
299950,579.12,4,1235.6592,2.5,3
525000,746.76,5,1399.3368,3,3
625000,512.0640000000001,4,3407.664,2.75,4
866000,1216.152,4,2982.7728,3.25,3
308950,585.216,4,2609.6976,2.5,4
762500,1014.984,3,4650.6384,2.25,3
237000,454.15200000000004,3,651.6624,2.5,3
237500,246.888,2,2588.9712,1,3
425000,597.408,3,1435.3032,2.5,3
418000,603.504,5,3110.4840000000004,2.5,4
263000,505.968,3,2197.608,1.75,4
499000,816.864,4,3227.8320000000003,2.5,3
514000,490.728,3,3037.0272,1.5,3
337000,682.7520000000001,4,2592.0192,3,3
389000,463.29600000000005,4,2987.04,1,4
655000,387.096,3,1097.28,1,3
460000,509.016,3,1220.7240000000002,1,4
431200,414.528,5,3233.6232,1.75,3
299000,707.1360000000001,4,3657.6000000000004,2,3
960000,1399.0320000000002,4,2788.92,3,3
660000,368.808,3,2932.7856,1,3
695500,765.048,5,2798.0640000000003,2.75,4
350500,393.192,2,440.43600000000004,2.5,3
525000,420.624,3,1307.592,1.5,3
725000,798.576,3,8748.6744,2.5,3
422500,277.368,2,1463.04,1,4
680000,676.6560000000001,4,1618.488,2.75,5
335000,981.456,4,2404.5672,2.25,3
599000,597.408,3,1459.3824,1.75,4
625000,374.904,3,932.6880000000001,1.5,3
152275,310.896,1,2094.2808,1,3
450000,557.784,3,1672.7424,1.75,4
265000,393.192,3,2164.08,1.5,3
375000,499.872,3,2971.8,2,3
601150,505.968,2,1584.96,2,5
287000,810.768,4,1244.1936,2.5,3
640000,463.29600000000005,4,1889.76,2,3
637800,685.8000000000001,4,1447.8000000000002,1.75,4
530000,707.1360000000001,4,1674.2664,2.5,3
328500,423.672,3,428.85360000000003,2.25,3
458000,655.32,3,3017.52,2.25,3
432500,938.784,6,1676.4,2,1
387500,475.488,3,4368.6984,1,4
510000,585.216,3,13277.088000000002,1.75,4
295000,557.784,3,5279.4408,2,4
721000,545.592,2,1295.4,1.5,3
855000,941.832,4,10690.5552,3,3
272000,768.096,4,3319.2720000000004,1.75,3
667000,675.4368000000001,3,9514.332,2.75,3
115000,240.792,2,2210.4096,1,3
197200,347.47200000000004,3,2674.6200000000003,1,3
650500,1194.816,5,3478.3776000000003,4.25,3
830000,1063.752,5,6638.544000000001,3.5,3
358500,426.72,2,263.652,1.75,3
215000,262.128,3,2022.3480000000002,1,3
829000,819.912,3,3183.0264,2.75,3
160000,548.64,4,4487.265600000001,2.25,3
428000,594.36,4,1707.4896,2.5,5
710000,1167.384,6,20977.86,3.5,3
305000,740.664,4,2774.5944,2.5,3
350000,502.92,3,1737.3600000000001,2.75,4
279000,539.496,2,3210.7632000000003,2.75,3
255000,399.288,3,2576.7792,2,3
855000,777.24,4,1615.44,3,3
454900,649.224,3,2979.42,1.75,4
151000,219.45600000000002,2,1536.192,0.75,3
395000,213.36,2,2272.8936000000003,1,3
500000,286.512,3,3157.728,1,4
1430000,826.008,3,2805.3792000000003,2.75,3
385000,188.976,1,1554.48,1,3
189950,582.168,4,1287.78,2,4
517500,551.688,3,3238.5,1.75,3
1300000,621.792,3,2418.8928,1,5
300000,530.6568,3,1737.6648,2.5,3
495000,630.936,4,6181.344,2.25,4
659000,795.528,4,7598.968800000001,2.25,3
545000,839.724,4,3539.3376000000003,2.5,3
830000,637.032,4,4114.8,2.75,4
199000,423.672,3,6480.6576000000005,1,3
1925000,1097.28,4,4907.5848000000005,3.75,3
625000,886.9680000000001,5,26022.909600000003,2.75,4
689800,417.576,2,952.5,1.75,3
285000,435.86400000000003,4,1097.28,1,3
954500,743.712,3,2953.2072000000003,2.25,4
255000,347.47200000000004,3,2599.3344,1,5
485000,381,3,2194.56,1,3
480000,316.992,3,1542.288,1,3
287500,371.856,4,2788.0056,2,5
224000,701.0400000000001,4,2319.2232,3,4
745000,966.216,4,1554.48,2.5,3
920000,667.5120000000001,4,1299.972,3.25,3
718000,935.7360000000001,5,2988.2592,3,4
1115000,1231.392,4,4331.8176,3.75,3
630000,591.312,3,2226.8688,1.75,3
354000,658.368,3,4821.0216,2.5,3
248000,234.696,2,2621.28,1,4
250000,411.48,2,1226.2104000000002,1.75,3
424950,502.92,3,1456.0296,2.5,3
860000,1139.952,4,9880.7016,2,3
630000,816.864,3,99710.748,2.5,3
575000,502.92,4,1524,2,3
600000,429.76800000000003,2,1371.6000000000001,1,3
595000,533.4,3,1022.2992,2.5,4
499950,298.704,3,1944.624,1,3
372220,393.192,3,1676.4,1,3
914500,1203.96,4,3308.9088,2.5,3
483945,451.10400000000004,2,1560.576,1.75,4
250000,597.408,4,2304.288,2,5
255000,323.088,3,2755.0872,1.5,3
370000,960.12,4,20579.4864,2.75,4
200000,411.48,4,3507.3336000000004,1,3
462000,396.24,3,786.384,1.75,5
265000,438.91200000000003,3,2359.4568,2.5,4
268000,588.264,4,2011.68,2,4
655000,911.3520000000001,4,1727.9112,2.5,3
135000,237.744,2,2037.5880000000002,1,4
285000,742.7976,3,1565.4528,2.5,3
499500,768.096,3,16197.986400000002,2.5,3
547000,451.10400000000004,3,2554.5288,2.5,4
680000,691.8960000000001,3,7284.72,2.25,3
2700000,1347.2160000000001,4,2392.6800000000003,3.25,3
385000,374.904,3,2286,1.75,3
427000,566.928,4,1443.5328000000002,1,1
534500,518.1600000000001,3,960.12,2.5,3
510000,795.528,4,2447.8488,2.5,3
750000,554.736,3,1524,2,4
285000,445.00800000000004,3,1943.7096000000001,2,3
800000,633.984,3,23102.0112,1.75,3
450000,256.03200000000004,2,1018.032,1.75,3
425000,463.29600000000005,3,65057.7312,1,5
490000,679.7040000000001,3,1630.0704,2.5,3
560000,630.936,3,4572.609600000001,2.25,3
1025000,1331.976,4,3310.128,3.5,3
1280000,963.168,4,1408.1760000000002,2.5,3
420000,493.776,3,327.66,2.25,3
450000,451.10400000000004,3,2558.4912,1.75,4
355000,914.4000000000001,4,1667.256,2.75,3
245000,487.68,3,849.7824,2.5,4
379000,466.34400000000005,3,887.8824000000001,2.5,4
599000,786.384,7,1752.6000000000001,2.5,4
389950,682.7520000000001,4,1676.4,2.5,3
1480000,1127.76,3,690.0672000000001,3.25,3
235000,432.81600000000003,3,2414.016,1.75,4
415000,469.392,4,2403.6528000000003,1.5,3
625000,573.024,3,1219.2,2,3
405500,307.848,3,2471.3184,1.5,5
250000,301.752,2,3217.4688,1,3
765000,908.3040000000001,4,1524,2.5,3
450000,728.472,4,7284.4152,1.75,3
1035480,1363.98,5,2024.4816,3.25,3
260000,335.28000000000003,3,3343.0464,1.75,5
384435,618.4392,3,1190.5488,2.5,3
210000,585.216,3,18597.0672,1.5,3
1320000,816.864,3,6127.6992,2.75,5
1013050,755.904,4,3867.3024,2.5,4
795000,984.504,4,5850.026400000001,2.5,4
725000,573.024,3,4053.84,1.75,3
410000,609.6,3,2279.904,1.75,3
492450,469.392,3,3963.0096000000003,1.75,2
310000,454.15200000000004,3,2179.32,1.75,5
450000,393.192,3,369.7224,2,3
435000,320.04,3,1676.4,1,3
450000,597.408,3,1981.2,2.25,4
253500,371.856,3,6217.92,1,5
508000,880.8720000000001,6,2286,2.75,4
825000,926.5920000000001,3,7373.721600000001,2.75,4
294350,429.76800000000003,3,1560.576,1,3
291000,566.928,4,1927.8600000000001,2.5,4
760000,957.072,4,1121.664,3.25,3
330000,765.048,4,2615.184,2.5,4
575000,533.4,3,1462.1256,2.5,4
405000,371.856,3,2368.6008,1,3
950000,685.8000000000001,3,906.7800000000001,2,4
535000,826.008,4,3699.6624,2.5,3
993000,868.6800000000001,4,4514.088000000001,2,5
380000,441.96000000000004,3,447.44640000000004,3.25,3
998000,1130.808,3,10488.777600000001,3.75,3
287500,682.7520000000001,4,2116.5312,2.5,3
580000,783.336,4,11114.532000000001,2.25,4
680000,905.2560000000001,5,1981.2,3,3
440000,969.264,4,1484.0712,3.5,3
550000,597.408,3,4039.2096,2.75,5
353000,661.416,3,2559.1008,2.75,3
600000,630.936,4,2477.1096000000002,2.5,3
518000,557.784,3,1371.6000000000001,1.75,4
609000,801.624,3,3087.9288,2.5,3
828500,1133.856,4,10668,2.5,3
643403,716.2800000000001,3,2940.7104,2.5,4
263500,673.6080000000001,4,1943.1000000000001,1.75,3
345000,777.24,2,65941.65120000001,2.5,3
257500,347.47200000000004,3,2157.3744,2,4
765000,505.968,2,1219.2,1.75,3
689000,981.456,4,4920.996,2.75,3
681000,1176.528,4,1563.624,2.5,3
459995,716.2800000000001,4,1146.048,2.5,3
654000,676.6560000000001,3,875.6904000000001,2.5,3
460940,975.9696,4,1513.0272,2.5,3
160000,417.576,3,2440.2288000000003,1.75,3
249950,405.384,4,2432.304,1,3
510000,606.552,3,2257.0440000000003,2,5
257500,515.1120000000001,3,4213.860000000001,1,3
799950,1146.048,5,1433.1696000000002,3.75,3
270000,505.968,3,1691.64,2.5,3
1029900,1121.664,3,4079.4432,2.5,3
369000,643.128,3,1583.4360000000001,1.5,3
571000,694.9440000000001,5,13277.088000000002,1.75,4
412500,512.0640000000001,3,1598.9808,2,3
120000,384.048,3,2286,1,3
240000,457.20000000000005,3,4673.8032,2.25,4
738000,862.5840000000001,4,1527.048,2.5,3
579500,381,3,1255.776,1.75,4
164000,326.136,3,2514.6,1,3
1880000,798.576,3,5461.711200000001,2.75,4
875000,1133.856,4,4305.3,3,4
749950,1018.032,4,37673.28,2.5,3
410000,347.47200000000004,4,2196.9984,1,3
252500,551.688,3,3256.4832,2,3
342450,390.144,3,1684.02,1.5,3
385000,600.456,4,3157.1184000000003,1.75,3
950000,673.6080000000001,4,5798.820000000001,1.75,4
223000,509.016,3,2079.9552000000003,2,3
357000,469.392,5,1219.2,2.75,3
660000,633.984,3,1752.6000000000001,2,5
713500,890.0160000000001,5,2792.8824,2.75,4
465000,451.10400000000004,3,1938.528,1.75,3
605000,685.8000000000001,4,3080.9184,1.75,4
571900,521.208,4,2727.0456,1.75,4
404000,524.256,3,2195.1696,1.75,3
365500,347.47200000000004,2,4762.1952,1,4
378000,652.272,4,2414.016,1.5,3
285000,219.45600000000002,2,1950.72,1,4
699000,743.712,4,4410.456,2.5,4
675000,813.816,4,2066.5440000000003,2.75,5
410000,499.872,3,5359.298400000001,1.75,3
340000,569.976,3,1029.6144000000002,2,3
244000,359.66400000000004,2,3108.96,1,4
582000,368.808,2,1262.1768,1.75,4
499000,524.256,3,1810.5120000000002,2.5,4
550000,469.392,4,1524,2,4
440000,499.872,3,2599.6392,1.75,5
434400,597.408,5,2400.3,1.75,4
160000,316.992,2,1447.8000000000002,2,2
562000,780.288,4,25359.36,2.75,3
320000,707.1360000000001,3,2377.44,2,4
208400,478.536,2,386.4864,2.5,3
329500,1002.792,5,2438.4,1.75,3
357500,996.696,5,2787.7008,3,3
810000,536.448,3,5159.6544,2,3
270000,435.86400000000003,4,1801.0632,1,3
440000,658.368,3,1139.3424,2.5,3
493500,548.64,3,4884.7248,1.75,3
345000,414.528,3,4113.580800000001,1.5,4
605000,926.5920000000001,5,1828.8000000000002,4,3
383000,694.9440000000001,5,1752.6000000000001,2,4
310000,594.36,4,2962.656,2.75,3
285000,548.64,4,2812.9992,2.5,3
300000,670.5600000000001,4,2316.48,1.75,3
690700,874.7760000000001,5,1630.3752000000002,2.75,3
642000,466.34400000000005,6,1312.164,1,4
1015000,902.2080000000001,4,1450.8480000000002,2.5,3
335000,368.808,3,3025.4448,2,4
615000,908.3040000000001,3,13198.1448,2.5,4
713900,1027.1760000000002,3,51116.7888,2.5,3
440000,548.64,3,3337.56,2,4
459000,307.848,2,337.41360000000003,2.25,3
464950,667.5120000000001,3,6035.04,2,3
468000,926.5920000000001,4,6303.8736,2.5,3
225205,365.76,3,2200.656,1,3
627250,862.5840000000001,4,3254.3496,2.5,3
590000,862.5840000000001,3,1764.1824000000001,2.5,3
1180000,1908.048,6,3339.0840000000003,6.5,3
252000,435.86400000000003,3,2346.96,1.75,4
649000,466.34400000000005,3,439.52160000000003,2,3
564450,826.008,3,1881.8352,2.5,3
330000,457.20000000000005,3,3423.8184,2,3
615000,454.15200000000004,3,429.76800000000003,2.5,3
467000,434.34000000000003,3,359.35920000000004,2.5,3
632750,548.64,4,1463.04,2,3
495000,966.216,4,1175.9184,3.5,3
630000,320.04,2,2554.8336,1,3
426000,472.44,2,809.8536,2.5,4
612000,646.176,3,2255.8248000000003,2.5,3
895000,1082.04,6,1991.2584000000002,2.5,3
395000,597.408,3,1204.8744000000002,2.5,3
525000,560.832,3,3339.3888,1.5,4
560000,396.24,3,1828.8000000000002,2,5
425000,475.488,3,2880.9696000000004,1.75,4
320000,259.08000000000004,2,2560.32,1,4
815000,591.312,3,1088.136,1.5,4
655000,505.968,1,1652.6256,1,4
255000,393.192,3,4048.3536000000004,2,3
1200000,707.1360000000001,4,3997.1472000000003,2.25,5
575000,597.408,3,2906.268,2.5,3
345000,420.624,3,471.5256,2.5,3
575000,649.224,3,1981.2,1.75,3
3400000,1298.448,4,3585.972,4,3
379000,664.464,4,2400.6048,1.75,4
380000,231.64800000000002,2,1219.2,1,3
453500,304.8,2,536.448,1.75,4
385000,451.10400000000004,3,2011.68,2,3
1880000,993.648,4,5956.4016,2.75,4
339950,320.04,3,1646.5296,1,4
479349,982.3704,5,1941.8808000000001,3,3
150000,307.848,3,7620,1,3
395000,402.336,2,555.9552,1,4
689800,728.472,3,2838.6024,2.75,5
327500,502.92,4,2377.44,1.75,3
261000,551.688,3,8933.0784,1.5,3
805000,1402.0800000000002,5,6044.4888,2.5,3
235000,484.632,3,3962.4,1,3
740000,914.4000000000001,3,7723.9368,2.5,3
515500,890.0160000000001,4,2346.96,2.5,3
825000,1161.288,4,2984.6016,3.5,3
945000,774.192,2,2160.7272000000003,2.5,3
595000,1002.792,3,6903.4152,2.75,4
471001,548.64,3,1828.8000000000002,1.75,5
569000,527.304,4,1183.8432,2,5
199000,304.8,3,2594.4576,1,3
304000,399.288,4,2576.7792,2,4
425000,487.68,4,1883.664,1.5,3
574000,725.4240000000001,3,2082.3936,2.5,3
563500,635.508,4,53108.352000000006,1.75,3
252750,374.904,4,2258.568,1,3
394000,914.4000000000001,4,2984.9064000000003,2.5,3
669500,762,4,1233.2208,2.25,4
570000,576.072,3,8895.588,2,3
265000,566.928,2,3308.9088,2,3
427500,332.232,2,284.6832,2,3
730000,649.224,2,1499.616,2.25,4
548000,743.712,4,3354.324,2.5,3
250000,585.216,3,2358.5424000000003,2.25,3
265900,359.66400000000004,3,2375.3064,2,4
415000,560.832,4,3464.6616000000004,1.5,4
602000,499.872,3,1159.4592,2.5,3
242025,426.72,4,16463.4672,1.75,4
336000,859.5360000000001,3,3543.3,2.25,3
1900000,920.4960000000001,6,4034.6376,4,3
375000,490.728,3,3429,1,3
629000,460.24800000000005,3,1389.8880000000001,2,4
429000,435.86400000000003,3,2816.3520000000003,2.5,3
1300000,1021.08,3,2362.8096,2.5,3
284000,633.984,3,624.84,2.25,3
775000,1078.992,5,3038.856,2,3
618000,771.144,4,2662.7328,2.25,4
217000,304.8,3,3657.6000000000004,1,3
417000,762,3,1828.8000000000002,1.5,5
760000,762,4,2590.8,2.25,4
545000,621.792,4,2259.1776,2.5,3
499000,917.4480000000001,3,2926.08,2.25,3
445000,566.928,3,2194.56,2.25,4
290700,509.016,3,2031.7968,2.5,4
515000,530.352,4,2487.168,1.5,4
355000,256.03200000000004,2,2048.2560000000003,1,3
1565000,856.488,4,2612.136,2.75,3
731000,935.7360000000001,4,1809.2928000000002,2.5,3
525000,865.6320000000001,4,1447.8000000000002,2.5,3
337900,457.20000000000005,3,448.36080000000004,3.5,3
564950,911.3520000000001,4,1378.0008,2.75,3
286000,185.928,2,1219.2,1,4
194000,384.048,3,3196.7424,1.75,2
316500,487.68,3,4343.400000000001,1.75,3
410000,557.784,3,865.3272000000001,2.5,3
707900,533.4,3,1632.2040000000002,1,4
345000,493.776,3,1826.3616000000002,2.5,3
1100000,1039.3680000000002,4,2362.2000000000003,2.75,5
248500,637.032,3,3665.5248,1.75,4
360000,627.888,1,3230.88,2.25,3
169950,256.03200000000004,3,2581.656,1,4
330000,484.632,4,2773.6800000000003,2,3
1266520,932.6880000000001,3,2918.7648,2.5,3
940000,829.056,4,3578.3520000000003,3,5
949950,1255.776,4,2517.0384,3.75,3
705000,515.1120000000001,4,3578.0472,1.75,4
361000,649.224,3,2664.5616,1.75,3
269000,310.896,1,2414.016,1,3
525126,594.36,5,2446.02,2.25,3
540000,871.7280000000001,3,2723.388,2.5,3
515000,487.68,3,6362.0904,1.75,3
195000,320.04,3,1684.02,1.5,5
364000,533.4,4,3130.2960000000003,2.25,4
582500,469.392,2,2073.8592000000003,2,5
382500,908.3040000000001,4,2677.9728,2.5,3
295000,445.00800000000004,3,2418.8928,2.5,3
268000,603.504,3,3823.1064,1.75,3
485000,344.42400000000004,3,1755.0384000000001,1,3
505000,694.9440000000001,4,2255.52,3,3
560000,475.488,3,669.9504000000001,3.5,3
490000,938.784,3,2244.2424,2.5,3
730000,890.0160000000001,4,1371.6000000000001,2.75,3
423500,609.6,3,3197.3520000000003,2,3
505000,767.7912,3,2648.712,1.75,5
850000,1051.56,4,1981.2,3.25,3
269950,597.408,4,2203.704,2.5,3
324000,591.312,3,2544.1656000000003,2.5,3
2250000,1353.3120000000001,4,2476.5,3.5,5
373000,563.88,3,2942.844,1.75,3
580000,569.976,3,1615.44,2,3
808100,920.4960000000001,4,4101.6936000000005,3.25,5
179950,292.608,3,3086.1000000000004,1,4
370000,237.744,2,345.33840000000004,1,3
1075000,786.384,4,2468.88,2.75,4
284000,329.184,3,2503.6272,1,3
352000,807.72,4,1940.3568,2.5,3
342000,725.4240000000001,4,2375.0016,2.5,3
418000,633.984,3,4892.04,2.5,5
225000,292.608,3,1981.2,1,4
1175000,1237.488,4,6346.5456,3.25,3
320000,347.47200000000004,2,1168.6032,1,3
760000,1194.816,5,1600.2,2,5
587000,972.312,4,2663.0376,2.75,3
356000,374.904,2,301.4472,2.25,3
345000,832.104,3,2861.4624000000003,2.25,3
575000,655.32,3,1182.624,2,3
785000,594.36,3,604.4184,3,3
555000,856.488,5,4006.2912,2.75,3
302300,954.024,5,2880.36,2.75,4
630000,752.856,6,2843.1744000000003,3,3
215000,390.144,3,2979.42,1,3
879900,1091.184,4,3657.6000000000004,2.75,3
350000,481.584,3,14604.7968,2.25,3
265000,502.92,2,2735.58,2,5
153000,216.40800000000002,2,2743.2000000000003,1,5
390000,402.336,3,2354.58,1.75,3
2298000,1240.536,4,4224.528,4.25,3
346000,545.592,5,9282.988800000001,1,4
316000,542.544,1,57444.132000000005,2,3
406500,600.456,3,3072.384,1.5,3
199500,515.1120000000001,3,2713.0248,1.75,3
369000,402.336,2,1869.948,1,4
656000,691.8960000000001,2,537.3624,2.5,3
285000,588.264,3,1991.2584000000002,1.75,3
380500,387.096,3,410.8704,2,3
426000,195.072,2,762,1,4
255000,408.432,3,2575.56,1.5,4
1062500,484.632,4,1828.8000000000002,2.75,4
561000,646.176,3,1608.4296000000002,2.5,3
770000,707.1360000000001,4,2194.56,3,3
608000,731.52,3,66385.44,2,3
152900,274.32,1,1331.3664,1,5
449000,381,2,1394.7648000000002,1,3
486700,365.76,2,1913.5344,1,3
360000,673.6080000000001,6,3008.376,2,4
295000,511.1496,4,2197.3032000000003,2.5,3
552500,475.488,4,2432.304,1,4
530000,899.1600000000001,4,1474.0128,2.5,3
480000,682.7520000000001,5,1676.4,2.25,3
820000,743.712,4,1748.6376,2.5,4
479000,624.84,4,2043.6840000000002,2.5,4
245000,390.144,4,2438.4,1.5,3
567000,548.64,3,2095.5,2.25,4
275000,359.66400000000004,3,1908.048,1.75,4
426000,448.05600000000004,4,1783.0800000000002,1.5,4
385000,402.336,3,404.4696,3.25,3
589900,963.168,2,20313.700800000002,3,3
460000,463.29600000000005,3,2286,3,3
525000,618.744,3,2124.456,2.5,4
242150,454.15200000000004,4,2604.2112,1.75,4
542500,917.4480000000001,5,327421.6464,3.25,5
349900,625.4496,4,1134.7704,2.5,3
375000,228.60000000000002,2,435.86400000000003,2.5,3
304000,274.32,3,2286,1,4
411000,655.32,4,3022.092,2.75,5
675000,795.528,3,2743.8096,2.25,3
895000,987.552,4,1695.2976,3,3
500000,682.7520000000001,4,3013.2528,1.75,4
515000,548.64,3,1524.3048000000001,2.5,3
1250000,1127.76,4,6630.924,2.5,3
729000,481.584,3,1170.432,1,3
925000,1136.904,4,2442.6672000000003,2.75,3
375000,374.904,2,554.736,1,4
374500,426.72,3,3474.7200000000003,2.25,3
235000,356.61600000000004,1,443.78880000000004,1.5,3
470000,457.20000000000005,3,1524,1.5,4
330000,641.604,4,1857.1464,2.5,3
567500,694.9440000000001,3,762.6096,2.5,3
851000,1146.048,5,2984.6016,3.25,3
815000,960.12,4,1281.0744,2.5,3
400000,679.7040000000001,4,2194.56,2.25,4
148226,426.72,3,2243.328,1,4
950000,1014.984,3,4600.3464,3.25,3
575000,911.3520000000001,5,2286,2.5,3
635000,466.34400000000005,3,907.6944000000001,2.5,3
358000,389.5344,2,300.8376,2.5,3
875000,716.2800000000001,3,1828.8000000000002,2,4
565000,524.256,3,676.0464000000001,1.75,3
540000,414.528,4,1757.4768000000001,1,5
942000,963.168,4,11338.560000000001,2.75,3
565000,469.392,3,1088.136,1.5,5
375000,377.952,3,2357.0184,1.5,3
1575000,1286.256,5,2816.3520000000003,3.75,5
648000,835.152,4,3035.5032,2.5,3
450000,393.192,3,14339.0112,1,3
674950,807.72,4,953.1096,3.5,3
265000,426.72,3,1989.4296000000002,1.5,3
560000,545.592,4,1042.416,1.5,4
255000,780.288,4,3704.844,2,4
413900,539.496,4,1595.9328,2.25,3
245000,524.256,3,1038.4536,2.5,3
775000,1008.888,4,1554.7848000000001,2.5,3
315000,664.464,4,3277.8192000000004,2.25,5
420000,344.42400000000004,3,1649.8824000000002,1.5,3
245000,640.08,3,3048,1.5,4
219000,320.04,2,2743.2000000000003,1,4
225000,213.36,2,1828.8000000000002,1,3
305000,313.944,2,1828.8000000000002,1,3
601000,530.352,3,381.3048,2.5,3
530000,990.6,4,1371.6000000000001,2.5,3
352950,536.448,3,914.4000000000001,1,1
557865,923.5440000000001,4,2076.6024,2.5,3
295500,862.5840000000001,4,2240.28,2.5,3
308000,597.408,4,3731.6664,2.25,3
158800,292.608,3,2527.0968000000003,1,3
1310000,1112.52,5,5059.68,3,4
500000,819.912,4,2240.28,4.5,5
453000,502.92,3,560.2224,2.5,4
375000,417.576,3,373.9896,3.25,3
585188,679.7040000000001,3,3055.9248000000002,2.25,3
299500,390.144,3,2050.0848,1,3
292000,402.336,3,2011.68,1.75,3
1280000,1322.832,4,1676.4,3.5,3
329000,807.72,4,1792.2240000000002,2.5,3
377500,804.672,4,3267.456,2.5,3
519000,475.488,3,7954.975200000001,1.75,4
500000,841.248,3,10720.1208,2.5,3
550000,551.688,3,3909.0600000000004,2,4
427000,972.9216,3,1723.0344,2.5,3
545000,1664.5128,4,6973.8240000000005,2,4
539950,566.928,3,474.8784,2.25,3
529000,457.20000000000005,3,2245.4616,1.75,3
465000,585.216,3,44079.8712,2.5,3
530000,835.152,4,2399.3856,2.75,3
649000,637.032,2,7303.6176000000005,2.75,4
325000,847.344,6,4251.96,2,4
469000,902.2080000000001,4,3458.5656000000004,1.75,4
1600000,1316.736,5,10009.632,3.25,3
809000,545.592,4,2551.7856,1.75,4
875000,719.3280000000001,4,2525.5728,1.75,3
253500,438.91200000000003,3,3669.7920000000004,1.5,4
322500,310.896,3,4116.019200000001,1,5
234950,524.256,2,954.6336,2.5,3
700000,1021.08,4,2394.8136,2.75,3
425000,512.0640000000001,3,2438.4,1.5,3
535000,624.84,3,2026.3104,2.25,3
560000,664.464,3,2185.1112000000003,2.5,3
555000,417.576,2,380.3904,2.25,3
700000,557.784,4,1399.0320000000002,2,3
612500,832.104,4,3737.1528000000003,2.5,3
377500,256.03200000000004,2,1371.6000000000001,1,3
553000,274.32,2,1524,1,3
312000,396.24,4,2150.0592,2,3
485000,490.728,3,1267.968,2,4
449900,847.344,3,2506.98,2.5,3
420000,539.496,3,2488.692,2.25,3
535000,694.9440000000001,4,20066.8128,2.5,3
900000,765.048,5,10878.6168,2.25,3
1080000,1133.856,3,3538.728,2.5,3
387000,466.34400000000005,3,1942.1856,1,3
570000,466.34400000000005,3,1646.2248000000002,2,4
239950,579.12,3,10329.0624,1,4
540000,347.47200000000004,1,2042.16,1,3
352500,429.76800000000003,3,4300.728,2.25,3
462000,381,5,3209.5440000000003,1.75,4
648360,688.8480000000001,4,2135.1240000000003,1.75,4
408000,594.36,3,2200.9608000000003,2.25,4
320000,338.32800000000003,3,3200.4,2,5
930000,816.864,2,3418.0272,2.5,3
399950,633.984,3,1598.3712,1.5,3
568500,749.808,4,1280.16,2.5,3
366000,463.29600000000005,3,2628.9,1.75,3
825000,856.488,4,2987.04,2.5,4
180000,606.552,3,1935.48,2.25,3
246500,493.776,3,2342.6928000000003,2.5,3
399000,932.6880000000001,4,1524,3,3
580000,579.12,3,1207.008,2.25,3
250000,539.496,3,2702.9664000000002,1.75,4
700000,429.76800000000003,3,2194.56,1,4
345000,957.072,3,2612.4408000000003,1.75,4
199990,271.272,2,1959.864,1,3
150000,252.984,2,1232.9160000000002,1,3
526000,676.6560000000001,4,1935.48,1.75,3
230000,377.952,3,1888.236,1,3
668000,1216.152,5,12934.4928,3.5,3
515805,826.008,5,1260.6528,2.75,3
340000,725.4240000000001,4,2853.5376,2.5,3
482000,411.48,2,380.3904,2.25,3
300000,633.984,4,914.0952000000001,2.5,3
405000,600.456,4,4798.4664,2.25,3
480000,521.208,3,1243.584,1.75,4
689950,768.096,4,2570.3784,2.75,3
839000,1304.544,5,3446.3736000000004,4,3
535000,402.336,3,342.90000000000003,2.75,3
610000,597.408,4,2749.6008,2.25,4
607000,627.888,3,1243.584,2,5
419990,515.1120000000001,3,514.8072000000001,2.5,3
354950,542.544,3,2953.2072000000003,1.75,3
565000,832.104,3,4778.3496000000005,2,3
1275000,1877.568,6,8378.952000000001,5.25,3
475000,265.176,2,2430.78,1,3
415000,493.776,4,1319.4792,1,3
808000,667.5120000000001,4,1250.8992,2.25,5
1030000,862.5840000000001,4,1219.2,3.25,3
1900000,1984.248,5,5020.3608,4.25,4
599950,350.52000000000004,2,1150.6200000000001,1,3
227000,344.42400000000004,3,3053.4864000000002,1,4
335000,682.7520000000001,4,2956.8648000000003,2.5,3
764000,432.81600000000003,3,1243.584,2,5
620000,868.6800000000001,4,905.2560000000001,4,3
423000,557.784,3,4236.72,1,3
490000,1365.5040000000001,4,1741.932,4.25,3
652000,649.224,3,1524,2,5
565000,530.352,2,1443.5328000000002,1.75,4
478000,515.1120000000001,4,2501.7984,2,4
1662000,1072.896,4,5852.16,2.75,4
249900,490.728,3,1071.9816,2.5,3
390000,316.992,3,2461.26,1,4
439000,627.888,4,3069.3360000000002,2.25,3
378950,554.736,4,2560.32,2,5
490000,664.464,2,2834.6400000000003,1,4
370000,640.08,2,17827.1424,2,3
508000,365.76,2,762,1,3
511000,435.86400000000003,3,1053.084,1,3
319450,685.8000000000001,5,1667.8656,2,5
290000,502.92,3,3150.4128,2.25,3
300000,335.28000000000003,2,1222.248,1,5
223000,286.512,3,2432.304,1,3
810000,615.696,4,1706.88,2.25,4
368000,646.176,3,3456.4320000000002,1.75,4
225000,423.672,3,3810,1.5,4
280000,362.71200000000005,2,385.572,1.5,3
330000,289.56,2,941.832,1,4
240000,603.504,4,2214.0672,2.5,3
510000,716.2800000000001,3,81122.8248,2,3
420000,524.256,3,1524,1.75,3
160000,323.088,3,2438.4,1,4
715000,734.568,3,14206.423200000001,2.5,3
330000,277.368,3,3121.152,1,4
650000,731.52,5,1066.8,2,3
250000,521.208,4,2176.272,1.75,5
380000,694.9440000000001,3,3125.724,2.5,4
190000,237.744,1,23653.3944,0.75,1
263500,490.728,3,4267.2,1.75,4
355000,347.47200000000004,2,762,1.5,3
422500,597.408,3,1965.96,2,4
679000,938.784,4,2575.8648000000003,2.5,3
826600,984.504,4,1524,3.25,4
219000,381,3,2522.5248,1,5
485000,551.688,4,2154.3264,2.25,5
258800,393.192,2,494.9952,1.75,3
571000,697.9920000000001,4,3017.52,2.25,4
800000,883.9200000000001,4,5578.754400000001,2.5,4
367500,429.76800000000003,3,2940.4056,1.5,3
616500,633.984,3,1386.5352,2,5
1015000,890.0160000000001,3,10523.829600000001,2.5,4
389999,440.43600000000004,3,448.36080000000004,2.25,3
318989,609.6,4,2743.2000000000003,2.25,4
149000,518.1600000000001,3,2634.996,1,3
450800,765.048,4,1618.7928000000002,3.25,3
565000,743.712,4,6886.6512,2.5,3
469000,682.7520000000001,5,2299.1064,2.5,3
345000,490.728,3,4573.524,2,4
674600,795.528,4,1566.672,2.5,3
395000,283.464,2,1944.624,1,4
625000,771.144,4,1714.5,3,3
335000,289.56,3,2438.4,1,3
300000,637.032,3,1399.0320000000002,2.5,3
669000,752.856,4,1507.236,2.5,3
845000,1054.608,3,4799.076,3.5,3
446000,527.304,4,1805.0256000000002,1.75,5
312000,353.56800000000004,2,2628.9,1.75,4
829995,1024.1280000000002,5,1865.3760000000002,3.25,3
610000,688.8480000000001,3,10071.2016,2.5,3
1850000,853.44,5,2573.1216,2.25,3
373000,399.288,3,2380.7928,1.75,3
551000,661.416,4,1825.1424000000002,2.75,3
395000,835.152,4,2540.8128,2.5,4
440000,585.216,4,2434.1328000000003,1.75,3
759990,774.192,4,1755.6480000000001,2.5,3
751305,810.768,4,2581.3512,2.5,3
885000,804.672,3,4904.232,3.25,4
290000,484.632,2,2857.5,2,3
343000,359.66400000000004,2,2822.7528,1,4
300000,731.52,4,2199.132,2.5,3
760000,716.2800000000001,3,3273.2472000000002,3.5,5
600000,518.1600000000001,4,2377.44,1.75,4
505000,701.0400000000001,3,3474.7200000000003,1.75,4
620000,832.104,4,2822.4480000000003,2.5,3
770000,667.5120000000001,3,810.1584,2.5,4
109000,176.78400000000002,2,2103.12,0.5,3
425000,807.72,3,43946.9784,2.5,3
225000,310.896,3,2571.5976,1,5
440000,557.784,3,2074.7736,2.5,5
614000,841.248,4,2487.168,2.75,4
319950,377.952,2,1676.4,1,3
247500,493.776,3,1828.8000000000002,2.25,3
565000,490.728,3,1252.1184,1,5
760000,981.456,4,1228.6488000000002,2.5,3
245000,539.496,3,1885.7976,2.5,3
529500,429.76800000000003,3,275.844,2.25,3
417000,399.288,3,2595.0672,1,4
496800,563.88,4,713.2320000000001,2.25,3
793000,746.76,4,1243.584,2.5,4
620000,541.3248,3,380.3904,2.5,3
1200000,728.472,4,1280.16,2.5,3
502000,518.1600000000001,4,2560.32,1.5,3
600000,621.792,3,1524,1.75,3
675000,283.464,2,11118.494400000001,1,3
425000,740.664,4,1677.0096,3,3
860000,1085.088,4,3389.0712000000003,2.5,3
475000,502.92,4,2369.82,1.75,4
413800,438.91200000000003,3,1347.5208,2,3
415000,408.432,2,1421.5872000000002,1.75,3
629000,536.448,3,1524,2,5
234000,286.512,2,1638.3000000000002,1,4
767450,496.824,3,2316.1752,2,3
324500,505.968,3,1216.152,2.5,3
160797,387.096,3,718.1088000000001,1.5,3
386000,624.84,4,2920.8984,2.25,3
950000,822.96,5,1112.52,3.25,3
645000,871.7280000000001,4,4267.2,2.5,3
432500,588.264,3,2170.176,2.5,4
720000,1042.416,4,5193.182400000001,2.5,3
483500,365.76,3,614.4768,2,4
779000,649.224,2,1804.4160000000002,2.25,3
831548,917.4480000000001,5,1499.3112,2.75,3
665000,807.72,4,1058.8752,3.5,3
840000,865.6320000000001,4,12234.3672,3.5,4
350000,701.0400000000001,4,967.74,2.75,3
1660000,1292.352,4,3410.4072,3.25,3
265000,408.432,3,3136.3920000000003,2.5,4
366000,402.336,3,1316.736,2.5,3
2050000,1304.544,4,5740.6032000000005,3,5
343000,368.808,3,357.53040000000004,3.25,3
998000,1066.8,4,13277.088000000002,3.5,3
457000,853.44,4,2391.156,3,3
724950,691.8960000000001,4,1755.6480000000001,2,4
160000,365.76,3,2548.128,1,2
500000,548.64,3,2194.56,1,3
400000,576.072,3,1884.5784,1.5,3
825000,813.816,3,914.4000000000001,3.5,3
1620000,1063.752,3,1219.2,3.5,3
303000,304.8,2,327.66,1.5,3
458500,390.144,3,585.216,1.5,3
742500,798.576,4,1341.1200000000001,2.5,3
603000,1100.328,4,1933.9560000000001,3.5,3
305000,618.744,3,2438.4,2.5,3
700000,612.648,3,1495.044,1.75,5
600000,502.92,3,1554.48,1.75,5
260000,609.6,4,11291.316,2.5,3
1925000,1472.184,5,2453.6400000000003,4.25,4
551000,448.05600000000004,4,1554.48,1.5,3
2950000,1185.672,4,7763.256,3.25,5
240000,399.288,3,2459.4312,2,3
606400,548.64,3,1524,3,3
260000,313.944,3,2212.848,2,3
235000,262.128,2,3200.4,1,3
559500,502.92,4,2160.4224,1.75,3
495000,785.4696,3,47797.516800000005,2.5,3
210000,402.336,3,4643.9328000000005,2.75,3
610000,755.904,3,13808.0496,3,4
1000000,1298.448,4,5695.7976,3,3
668500,826.008,4,1676.4,2.5,3
555000,1109.472,5,2112.264,3,3
1260000,877.8240000000001,4,2744.1144,2.5,3
775000,917.4480000000001,3,22674.072,2.5,3
660000,688.8480000000001,3,556.26,3,3
930800,1264.92,5,29435.755200000003,2.5,3
930000,1740.4080000000001,4,7517.2824,4.25,3
550000,594.36,3,8077.200000000001,2.25,4
594491,911.3520000000001,4,1840.0776,2.5,3
245000,466.34400000000005,3,3657.6000000000004,2.25,3
235000,463.29600000000005,3,3732.5808,1.75,4
179950,344.42400000000004,4,1584.96,1.5,3
210000,624.84,5,3108.96,2,3
450000,469.392,3,2751.7344000000003,1,4
427874,713.2320000000001,3,1524.6096,3,3
175000,588.264,6,2560.32,1.5,3
352000,466.34400000000005,4,2709.672,1,3
713000,359.66400000000004,1,1219.2,1,4
582000,554.736,3,957.072,1.75,5
330000,576.072,4,2298.192,1.5,4
600000,417.576,2,1524,1,3
1234000,810.768,4,1402.0800000000002,3,3
700000,771.144,3,190127.83920000002,2.5,4
290000,307.848,4,2194.56,1,3
234950,414.528,3,3032.1504,1,3
410000,429.76800000000003,3,1542.288,1,4
279900,481.584,3,2017.776,1.75,3
725000,911.3520000000001,4,8891.016,2.5,3
675900,890.0160000000001,3,2772.4608000000003,2.5,3
759000,899.1600000000001,3,24031.346400000002,2.25,3
569000,1118.616,5,3225.6984,3,5
472500,518.1600000000001,2,726.3384000000001,2.25,3
299950,445.00800000000004,2,3202.2288000000003,1.75,3
1350000,1042.416,4,2267.712,4.5,3
400000,307.848,2,1193.5968,1,4
315000,588.264,4,2939.1864,2.5,4
252500,792.48,4,3438.1440000000002,2.5,3
361000,502.92,3,3419.856,1.75,4
820000,1173.48,3,11835.384,3,3
782000,1152.144,4,2367.9912,3.5,3
238000,515.1120000000001,4,2212.848,2.5,3
152000,326.136,3,2363.4192000000003,1.75,3
1800000,1941.576,4,62667.794400000006,3.5,3
410000,716.2800000000001,3,1358.1888000000001,2.5,3
252000,417.576,3,2286,2,3
450000,475.488,3,2733.4464000000003,1.75,4
216000,216.40800000000002,2,1560.576,1,3
286000,487.68,4,1752.6000000000001,1.5,4
105000,268.224,3,5519.6232,1,4
450000,682.7520000000001,4,1406.9568000000002,2.5,3
1230000,810.768,3,599.5416,2.5,3
617950,734.568,4,2423.1600000000003,2.5,3
280000,451.10400000000004,3,2488.692,1.75,4
336000,323.088,3,3585.972,2,4
1950000,1048.512,4,4436.059200000001,2.5,3
259000,656.2344,3,1341.1200000000001,2.5,3
570000,740.664,4,13411.5048,2.5,3
695000,780.288,3,2072.6400000000003,2,4
589000,810.768,3,62935.10400000001,2.5,3
287000,441.96000000000004,3,1828.8000000000002,1,4
599000,688.8480000000001,4,9122.664,2.25,4
310000,542.544,4,2688.3360000000002,2.25,4
525000,487.68,3,1865.3760000000002,1.75,3
525000,822.96,3,2265.8832,2.5,3
657500,813.816,3,3199.1808,2.5,3
1180500,490.728,3,2194.56,1.75,3
554820,1069.848,4,3933.4440000000004,2,3
700000,707.1360000000001,2,1676.4,1.75,3
299000,676.6560000000001,5,2852.9280000000003,2.5,4
654000,466.34400000000005,3,477.012,3.25,3
519000,594.36,4,797.6616,2.5,4
408000,859.5360000000001,5,2008.3272000000002,3.25,3
507500,606.552,3,2924.2512,1.75,3
550000,758.952,3,1091.7936,3.5,3
395000,600.456,4,11285.524800000001,2.75,4
440000,545.592,3,9869.119200000001,2,3
275000,637.032,2,3449.4216,1.75,5
289500,292.608,3,1950.72,1,4
866800,905.2560000000001,4,1524,3.5,3
959900,1082.04,4,4618.0248,3.75,3
330000,563.88,3,4567.732800000001,1.75,3
280000,472.44,3,2258.568,1.75,5
377000,554.736,3,10607.04,1.75,4
299000,774.192,3,3036.1128000000003,2.25,4
412000,505.968,3,2131.1616,1,5
299900,448.05600000000004,3,8229.6,1.75,3
540000,390.144,3,575.7672,2.5,3
405000,563.88,4,2784.6528000000003,2.5,3
385000,822.96,6,2260.3968,4,3
353000,673.6080000000001,4,4182.160800000001,2.5,3
265000,890.0160000000001,5,1600.2,2.75,5
959000,862.5840000000001,3,1143,2.5,3
271000,454.15200000000004,4,2777.3376000000003,1.75,3
665000,588.264,3,902.2080000000001,2.75,5
465000,527.304,4,3566.1600000000003,1.75,3
268000,490.728,3,2565.1968,2,3
693000,637.032,3,13879.068000000001,2.25,5
180500,548.64,3,2596.2864,2.5,3
394000,512.0640000000001,3,1242.0600000000002,2.5,3
235000,457.20000000000005,2,2442.972,1,3
635000,591.312,3,2280.5136,2.25,4
1260000,984.504,3,2628.9,3,3
830000,664.464,4,3369.8688,2.25,3
460000,1277.112,4,2287.2192,2.5,3
930000,548.64,2,1371.6000000000001,1.5,3
235000,505.968,2,837.5904,2.25,3
235000,377.952,3,5486.400000000001,1,2
551100,435.86400000000003,3,2633.472,1,5
205000,487.68,3,2223.516,2.5,2
320000,426.72,3,2769.7176,1.5,3
536000,807.72,5,2785.8720000000003,2.25,3
279900,429.76800000000003,3,2011.68,2,4
1750000,1786.1280000000002,6,4245.2544,4.25,3
890000,929.6400000000001,2,15534.132000000001,1.75,3
702000,856.488,4,1500.2256,2.5,3
491150,448.05600000000004,3,1210.3608000000002,2.5,3
382000,548.64,3,1371.6000000000001,2.25,3
324500,643.128,4,1165.8600000000001,2.5,3
375000,399.288,3,2560.32,1,3
336000,353.56800000000004,1,1524,1,3
1085000,1112.52,5,3983.1264,2.25,4
329950,304.8,3,2795.016,1,3
235000,445.00800000000004,3,2560.32,1,3
1410000,664.464,2,5646.42,2,5
299950,417.576,3,1524,2.25,3
210000,335.28000000000003,2,1828.8000000000002,1,4
260000,512.0640000000001,3,2659.38,1.75,3
580000,1087.8312,4,2538.0696000000003,3.25,3
585000,731.52,4,8916.009600000001,3.25,4
510000,594.36,3,2537.46,1.75,4
297500,582.168,4,1524,2.5,3
638000,643.128,3,1097.28,2.5,3
506000,664.464,3,2346.96,1.75,3
623000,563.88,3,2370.4296,2.5,5
550000,579.12,3,992.124,2.5,3
575000,731.52,3,1524,2.25,4
1410000,990.6,4,5085.2832,2.25,3
499990,886.9680000000001,4,1930.6032,2.75,3
850000,1024.1280000000002,2,2057.4,2.5,3
765000,743.712,3,1767.8400000000001,1.75,4
1057000,722.3760000000001,2,56153.6088,1.5,3
279950,463.29600000000005,3,2194.56,1.5,4
661000,554.736,3,1346.6064000000001,2,4
222000,399.288,3,2826.4104,1.5,4
549995,905.2560000000001,4,2007.7176000000002,3.5,3
775000,774.192,4,8706.002400000001,2.5,3
379000,283.464,2,1645.92,1,3
219000,399.288,2,777.24,2,3
1112000,844.296,4,807.72,3,3
305500,563.88,4,2194.2552,2.5,4
542000,271.272,2,932.6880000000001,1,3
2885000,1630.68,7,4389.12,3,4
555000,682.7520000000001,3,3429,2,3
300000,609.6,5,2827.3248000000003,2.75,4
419000,359.66400000000004,2,381.9144,2.25,3
567500,438.91200000000003,3,932.6880000000001,1,4
1125000,582.168,5,1719.0720000000001,1.75,4
166600,350.52000000000004,3,2648.712,1.75,4
471000,441.96000000000004,4,1143,1.75,4
975000,1667.256,5,10689.640800000001,3.5,3
1000000,926.5920000000001,3,15941.6496,2.25,3
259000,481.584,4,2699.3088000000002,1.75,3
987000,658.368,3,4812.182400000001,2,3
645000,630.936,4,2657.856,2.25,5
195000,435.86400000000003,3,1584.96,1.5,4
763000,414.528,3,2667.6096000000002,2,4
415000,499.872,3,1792.2240000000002,2.25,3
479000,384.048,3,270.9672,2.5,3
424000,554.736,3,2286,2.5,3
354000,344.42400000000004,3,3429,1,3
406000,268.224,2,914.4000000000001,1,3
339900,448.05600000000004,3,1424.94,2.5,3
410000,460.24800000000005,4,987.552,2,5
195000,384.048,3,2553.6144,1,4
440000,478.536,3,1560.576,1.75,3
532000,338.32800000000003,3,1463.04,1,3
610000,682.7520000000001,4,13940.9424,2.25,3
239000,365.76,3,2380.4880000000003,1,4
230000,289.56,2,2304.288,1,3
739900,908.3040000000001,5,1638.9096000000002,2.5,3
330000,512.0640000000001,3,3447.8976000000002,2.5,3
339950,728.472,3,10375.6968,2.5,3
280000,481.584,3,2133.6,2.5,3
720000,771.144,4,1524,1.75,5
650000,658.368,4,956.7672,2.5,3
438400,408.432,2,2468.88,1,4
645000,777.24,4,1219.2,1.5,4
450000,411.48,3,2194.56,1.75,5
1065000,987.552,4,3941.0640000000003,2.25,4
263500,469.392,3,1912.0104000000001,1.75,4
550000,637.032,4,2111.0448,2.5,3
375000,667.5120000000001,3,5349.240000000001,1.75,3
719000,783.336,4,2186.3304000000003,2.5,3
335000,810.768,5,2346.96,3,4
605000,597.408,3,3090.3672,2.25,3
405100,256.03200000000004,2,1073.5056,1,3
325000,569.976,4,2950.464,2.25,4
195000,478.536,3,2578.3032000000003,1.75,3
775000,701.0400000000001,4,1876.9584,2.5,3
160000,307.848,3,2926.08,1.5,4
1100000,1127.76,3,5138.0136,3,3
602000,481.584,3,3529.5840000000003,2.25,4
285000,719.3280000000001,4,2240.28,2.5,4
126000,185.928,1,1341.1200000000001,1,3
384000,640.08,4,2174.748,1.75,4
734000,941.832,4,2331.7200000000003,2.75,3
255000,353.56800000000004,3,2632.2528,1,3
670000,908.3040000000001,3,1136.904,3,3
340000,377.952,3,339.85200000000003,2.5,3
275000,469.392,3,3172.9680000000003,2,4
596000,316.992,2,1487.424,1,3
280000,502.92,3,1828.8000000000002,2.5,3
615000,807.72,4,10363.2,1.5,4
292500,438.91200000000003,3,325.5264,2.5,3
378000,850.392,4,1417.3200000000002,2.5,3
476000,478.536,3,2190.5976,2.25,4
860000,566.928,3,1702.0032,1.75,3
470000,798.576,3,1485.5952,2.5,3
383610,374.904,3,2575.56,2,3
429900,877.8240000000001,4,1807.1592,3.25,3
1080000,606.552,3,576.3768,2.5,3
526000,490.728,4,2438.4,2,3
991500,1164.336,4,8197.596,3,3
505000,326.136,2,2478.0240000000003,1,3
355000,429.76800000000003,4,2344.8264,1,4
465000,341.37600000000003,2,1219.2,1,3
585000,670.5600000000001,4,2773.3752,2.5,3
527900,758.952,3,1806.8544000000002,2.5,3
630000,384.048,2,1615.44,1.75,4
500000,518.1600000000001,3,2745.6384000000003,2.25,3
402000,365.76,3,2080.26,1,3
585444,835.152,6,2110.4352,3.75,3
1208000,1295.4,4,3329.94,2.75,3
575000,880.8720000000001,4,2979.42,2.5,3
330000,737.616,3,4254.7032,3,4
646800,679.7040000000001,3,428.85360000000003,3,3
540000,862.5840000000001,4,2235.4032,2.75,3
215000,268.224,3,2331.1104,1,4
390000,554.736,3,2261.616,2.25,4
449500,734.568,4,17047.7688,2.5,3
439950,539.496,3,876.3000000000001,2.5,3
540000,509.016,3,1568.5008,2.5,3
360000,655.32,3,4295.2416,2.5,3
776000,926.5920000000001,4,1958.3400000000001,2.5,3
850000,716.2800000000001,4,3631.3872,1.75,4
250000,344.42400000000004,2,1676.4,2,4
348580,371.856,3,2400.6048,1,3
244615,627.888,3,1228.344,2.5,3
285000,243.84,2,1901.952,1,3
2000000,1298.448,4,5486.400000000001,3,3
635000,597.408,3,2194.56,2.5,4
395000,222.50400000000002,1,914.4000000000001,1,3
312000,557.784,4,1577.3400000000001,2.5,3
475000,454.15200000000004,2,68377.0032,1.75,3
415000,777.24,4,1371.6000000000001,2.5,3
1080000,1496.568,3,13277.088000000002,3,4
339000,335.28000000000003,3,1258.2144,1,4
1280000,1420.3680000000002,4,5302.910400000001,3.5,3
760000,1005.84,4,2549.652,2.25,3
795000,963.168,4,5048.7072,2.5,3
225000,371.856,3,2543.556,1.5,3
730000,621.792,3,3442.4112,1.75,4
545000,579.12,3,1025.9568000000002,2.5,3
380000,417.576,2,1754.4288000000001,2,3
875000,859.5360000000001,6,1382.5728000000001,3.25,4
330000,262.128,1,1463.04,1,3
832500,569.976,3,2903.8296,2,4
1762000,932.6880000000001,3,4876.8,2.25,3
554000,557.784,3,1066.8,2,5
410000,530.352,3,2834.6400000000003,2,4
215000,362.71200000000005,3,2286,1,5
361810,377.952,3,2322.576,1.75,3
353000,585.216,4,1410.3096,2.75,3
210000,252.984,2,1828.8000000000002,1,3
365000,554.736,4,3757.2696,1.5,4
475000,496.824,3,2312.2128000000002,2.5,3
508000,1011.936,4,16273.8816,2.25,4
310000,405.384,3,1139.952,1,3
384200,740.664,3,2320.4424,2.5,4
308000,603.504,3,11932.92,1,3
622000,816.864,4,1865.3760000000002,1.75,5
612000,813.816,4,1820.8752000000002,2.5,3
660000,478.536,3,512.0640000000001,2.25,3
227950,341.37600000000003,3,3483.864,1.5,4
800000,655.32,4,2788.3104000000003,1.75,4
272000,569.976,4,1734.9216000000001,2.5,3
960000,612.648,3,2090.0136,2.5,4
195000,243.84,2,1609.344,1,5
1646000,1222.248,6,4937.76,3.5,3
300000,551.688,3,6442.8624,1.75,4
324000,472.44,3,1344.4728,2.25,3
320000,701.0400000000001,3,12771.12,1.75,4
390000,548.64,2,36511.992,1,4
122000,262.128,2,1828.8000000000002,1,3
440000,353.56800000000004,1,19650.1512,1,3
565000,594.36,4,3029.712,2,4
230000,579.12,3,2935.224,1.5,3
780000,972.312,5,1294.4856,3.5,3
500000,618.744,4,2595.9816,2.25,4
204000,332.232,2,4097.7312,2.5,3
910000,755.904,3,975.36,3.5,3
550000,612.648,3,689.1528000000001,2.5,3
752000,783.336,4,2492.6544000000004,2.5,3
626000,655.32,3,2194.56,2,3
920000,1078.992,4,2136.3432000000003,2.5,3
389000,649.224,4,1626.7176000000002,2.25,3
200000,292.608,3,64924.8384,1,2
567500,783.336,3,4277.258400000001,1.75,4
247500,505.968,3,3371.088,1,4
345000,381,3,5297.424,1,4
216000,551.688,2,3157.728,1,3
740000,679.7040000000001,4,1828.8000000000002,2.25,3
305000,493.776,4,1219.2,2.5,3
1150000,1267.968,4,4014.2160000000003,3,3
860000,1203.96,4,2926.08,3.5,3
980000,1054.608,5,1645.92,4,3
470000,725.4240000000001,4,1562.1000000000001,3,4
272000,542.544,4,6048.1464000000005,2,3
270000,396.24,3,2410.0536,1.5,3
90000,170.68800000000002,1,1255.776,1,3
281700,478.536,3,2534.7168,1,3
240000,469.392,3,2038.1976000000002,1.75,3
525000,597.408,3,3764.28,2.25,4
256000,289.56,3,1219.2,1,3
405000,377.952,3,3040.38,1.5,3
514950,399.288,3,385.2672,2.25,3
353000,335.28000000000003,4,2926.08,1.5,4
403000,637.032,3,2546.2992,2.75,3
467000,371.856,3,2450.592,1,3
525000,640.08,3,3158.3376000000003,2.75,3
670500,484.632,4,2057.4,2,3
715000,1042.416,4,2194.56,1.75,5
750000,624.84,4,1524,3.25,4
397990,359.66400000000004,3,3615.5376,1,4
540000,1100.328,5,2979.42,3,3
204950,530.352,4,2848.0512000000003,1.75,3
1555000,1328.928,3,1901.952,3.5,3
287000,396.24,3,3466.7952,2,5
860000,1371.6000000000001,5,2940.7104,3.25,4
260000,481.584,3,2494.4832,1.5,3
221000,277.368,3,2678.8872,1,3
355000,417.576,3,464.51520000000005,2.25,3
480000,512.0640000000001,3,2770.632,2.25,4
605000,387.096,2,1676.4,2,4
470000,307.848,3,1524,1,3
443500,661.416,3,1787.9568000000002,2.5,3
570000,466.34400000000005,3,1004.6208,2.5,3
579000,606.552,3,1231.392,2.5,5
475000,801.624,3,56427.624,2.5,3
267500,423.672,3,656.2344,1.5,3
678000,804.672,3,1817.8272000000002,2.5,3
340000,661.416,3,2986.4304,2.5,3
354000,384.048,3,3758.184,1.75,3
334500,518.1600000000001,3,2487.168,2,3
763776,838.2,4,4919.1672,2.5,3
469000,341.37600000000003,2,1305.7632,1,3
260000,481.584,3,2238.4512,1.75,5
300000,533.4,3,1280.16,2.5,3
979500,1259.7384,4,110199.8304,3.75,3
300000,633.984,4,2667,1.75,4
375000,579.12,4,2873.6544000000004,2.5,3
585000,731.52,4,3887.1144000000004,2,4
679000,1042.416,4,15003.1704,3.5,3
555000,512.0640000000001,4,792.48,2,5
443000,499.872,3,1395.6792,1.75,4
550000,752.856,4,2297.8872,2.5,3
290000,368.808,3,10338.5112,1,3
414000,545.592,3,1144.2192,2.5,3
668500,697.9920000000001,4,2909.6208,2.25,4
270000,743.712,4,2179.32,2.75,3
740000,737.616,3,1219.2,3.5,5
335000,451.10400000000004,4,1981.2,1,4
829950,1045.464,4,13037.820000000002,2.5,3
240000,448.05600000000004,3,2240.28,1,3
400000,304.8,3,2377.44,1,4
527950,536.448,4,1097.28,1.75,5
402000,216.40800000000002,2,1554.48,1,5
125000,280.416,3,2217.7248,1,4
150000,256.03200000000004,2,3886.2000000000003,1,3
359950,688.8480000000001,4,1738.884,2.75,3
1500000,1075.944,3,1100.328,3.5,3
270000,710.1840000000001,3,2438.4,2,3
580000,582.168,3,3520.44,2.5,3
839900,1042.416,4,2274.4176,2.5,3
628000,862.5840000000001,5,3595.116,2.75,4
394250,798.576,3,3080.6136,2,3
399000,213.36,2,1036.3200000000002,1,3
667000,426.72,3,481.8888,1,5
385000,902.2080000000001,4,3186.3792000000003,2.75,3
277500,777.24,4,2286,2.5,3
533500,758.952,3,1071.9816,3.5,3
265000,292.608,3,2971.1904,1,3
500000,679.7040000000001,4,2609.088,2.5,3
825000,981.456,4,1603.8576,2.5,3
255000,454.15200000000004,3,2316.1752,2,3
695000,862.5840000000001,4,4431.182400000001,2.5,3
268643,551.688,4,2816.3520000000003,2.25,3
395000,335.28000000000003,2,1211.5800000000002,1,3
410000,387.096,3,3117.1896,2,4
275000,402.336,3,2345.436,1.5,4
484259,850.392,4,1524,2.75,3
920000,1112.52,3,1631.5944000000002,2.25,4
390000,582.168,4,23644.555200000003,1.75,4
850000,594.36,3,1097.28,2.25,5
489900,512.0640000000001,3,2715.768,1,4
367000,426.72,3,402.336,2.25,3
400000,566.928,3,1752.6000000000001,1.75,5
545000,768.096,5,2396.6424,2.5,3
1485000,1350.2640000000001,6,1962.912,2.75,3
646000,762,4,2590.8,2.25,4
1150000,1167.384,3,14856.8664,2.5,3
750000,685.8000000000001,3,1615.7448000000002,2.25,4
335000,414.528,2,21110.448,1,4
525000,493.776,2,440.13120000000004,1.5,3
176000,280.416,2,710.7936000000001,1,4
349990,676.6560000000001,4,1085.3928,2.5,3
466000,512.0640000000001,3,2883.4080000000004,1.75,4
457000,371.856,3,405.384,2.5,3
899000,594.36,3,1136.904,2.5,3
397500,649.224,3,2506.98,2,4
438000,606.552,3,3012.9480000000003,1.75,4
462600,435.86400000000003,3,3584.7528,1.75,4
540000,624.84,4,10430.865600000001,2.5,4
414000,1063.752,4,2752.344,2.5,4
625000,609.6,3,1932.7368000000001,2.5,5
563950,929.6400000000001,4,1447.8000000000002,2.75,3
359000,804.672,4,2402.7384,2.5,3
475000,374.904,3,3505.8096,2,4
375000,438.91200000000003,3,335.88960000000003,2.5,3
330000,734.568,3,5310.8352,2.5,3
455000,545.592,3,2286,2.25,3
602000,1002.792,5,3627.1200000000003,1.75,3
430000,350.52000000000004,3,914.4000000000001,1,5
599000,615.696,4,838.2,2.75,3
594000,569.976,4,1584.96,1.75,4
187300,399.288,2,2346.0456,1,3
375000,865.6320000000001,5,4754.2704,2.5,4
785000,637.032,3,1528.5720000000001,2,5
898000,822.96,5,2743.2000000000003,2.25,5
275000,347.47200000000004,2,3171.1392,1,3
267500,633.984,3,870.5088000000001,2.25,3
1333000,954.024,4,1562.4048,4.5,3
1050000,637.032,3,1242.6696000000002,2,4
495000,566.928,3,960.12,2.5,3
665000,749.808,3,4314.444,3.5,3
575000,390.144,4,1847.0880000000002,1.75,3
895000,594.36,4,1813.5600000000002,2.25,3
205000,554.736,3,2616.708,1.5,4
350000,640.08,3,1089.3552,2.5,3
213675,475.488,3,1832.7624,2.25,3
637000,603.504,3,1828.8000000000002,2,4
750000,749.808,3,2325.6240000000003,3.75,5
1355000,1511.808,5,4264.152,3.75,3
505657,850.392,4,2466.4416,2.75,3
577000,630.936,2,7059.168000000001,1.75,3
290500,765.048,4,2342.6928000000003,3.25,3
459000,451.10400000000004,3,243.84,2,3
520000,469.392,3,2303.6784000000002,1.75,3
560000,896.1120000000001,4,1828.8000000000002,2.5,3
246000,618.744,5,3108.96,1.75,4
950000,844.296,4,1621.536,2.25,3
215000,295.656,1,2328.3672,1,4
458000,505.968,3,2286,1,4
430000,655.32,3,1320.6984,1.75,3
345000,408.432,2,368.808,1.5,3
274700,743.712,4,2926.08,2,5
492500,841.248,4,5579.6688,2.75,3
260000,173.73600000000002,2,24960.9864,1,3
355000,414.528,3,2733.4464000000003,1,3
430000,697.9920000000001,4,1599.8952000000002,2.75,3
315000,466.34400000000005,3,2409.7488000000003,2.25,3
327555,709.8792000000001,3,1743.4560000000001,2.5,3
425000,414.528,3,165299.7456,2.75,4
320000,649.224,4,2942.2344000000003,2.5,3
1234580,987.552,5,1996.7448000000002,3.25,4
285000,691.8960000000001,5,1920.24,2.5,3
507000,454.15200000000004,4,291.3888,2.25,3
214000,365.76,3,2534.7168,1,4
452000,667.5120000000001,4,2101.9008,2.5,3
296500,481.584,3,3078.48,1.5,4
435000,627.888,4,3086.1000000000004,2.5,4
455000,310.896,2,349.30080000000004,1.5,3
480000,216.40800000000002,2,1463.04,1,2
225000,307.848,3,4785.6648000000005,1,4
1920000,935.7360000000001,4,10488.777600000001,2.5,4
457500,457.20000000000005,3,1354.836,2.5,3
209950,505.968,3,2682.2400000000002,1,4
659000,359.66400000000004,2,275.5392,1.75,3
320000,323.088,3,1524,1,3
188000,341.37600000000003,2,5330.037600000001,1.5,3
485000,637.032,3,2270.76,2.25,3
325000,737.616,3,4529.9376,1.75,3
680000,1002.792,4,1832.4576000000002,2.5,3
303697,768.096,4,2235.4032,2,3
1060000,685.8000000000001,4,3096.768,2.5,5
405000,658.368,3,3108.96,2.5,3
287000,417.576,3,1828.8000000000002,2.25,4
375000,368.808,3,2263.1400000000003,1,4
352500,478.536,2,731.2152,2.5,3
519000,783.336,5,3978.8592000000003,2.25,3
322500,652.272,4,2858.1096000000002,2.25,4
324950,624.84,3,2048.2560000000003,1.75,3
500000,432.81600000000003,3,299.6184,2.25,3
550000,841.248,4,3996.8424,3,4
801000,1002.792,4,2456.3832,3.5,3
425000,362.71200000000005,3,2468.88,1.5,3
885000,670.5600000000001,3,877.8240000000001,1.5,5
420000,801.624,5,959.8152,3,3
362865,684.2760000000001,4,1310.9448,2.5,3
865000,850.392,4,4912.4616000000005,4,4
800000,1078.992,4,48594.264,3.25,3
210000,481.584,3,1512.1128,2,3
229500,374.904,3,1828.8000000000002,1,4
261000,554.736,4,2994.3552,1.75,5
565000,667.5120000000001,4,2528.6208,1.5,3
637000,670.5600000000001,3,2241.804,2.25,4
2328000,1347.2160000000001,4,6327.3432,3.5,3
369500,365.76,3,2802.3312,1,4
422000,893.0640000000001,4,1820.5704,2.5,3
895000,1088.136,4,3131.2104,3,3
785000,509.016,3,2926.08,1.75,5
248000,460.24800000000005,5,2766.9744,1.5,4
587206,576.072,3,521.208,3.5,3
759000,640.08,4,1447.8000000000002,1.75,3
698000,911.3520000000001,4,2204.0088,2.5,3
760000,624.84,3,4578.0960000000005,2.5,3
802000,643.128,2,2651.76,1.75,4
550000,414.528,3,1557.8328000000001,2.25,5
260000,429.76800000000003,2,1722.1200000000001,1,3
765000,822.96,3,2573.7312,2.5,3
295000,420.624,3,2308.86,1,4
745000,954.024,4,3310.128,2.5,3
485230,827.2272,4,3827.6784000000002,2.5,3
315000,429.76800000000003,3,403.86,2.5,3
755000,414.528,2,630.936,2.5,3
450000,530.352,3,2891.9424000000004,2.25,4
425000,164.592,2,762,1,3
240500,445.00800000000004,3,3226.0032,1.75,3
269000,515.1120000000001,3,1295.4,1,3
490000,920.4960000000001,4,2530.4496,2.5,4
624800,685.8000000000001,3,4350.715200000001,2,4
655000,661.416,4,1243.584,2.25,3
299800,466.34400000000005,4,2743.2000000000003,1.5,4
671500,649.224,4,2563.368,2.25,4
389950,481.584,3,2758.1352,1.75,3
264500,417.576,3,2160.1176,2.25,3
975000,1063.752,4,2284.1712,2.5,3
435000,530.352,3,2129.9424,1.5,3
439000,493.776,2,34705.1376,1.75,3
224000,536.448,3,1920.24,1.75,3
325000,429.76800000000003,3,2514.6,1,3
180000,234.696,2,2855.976,1,3
245000,320.04,2,1798.3200000000002,1,3
428900,791.8704,4,1692.5544,2.5,3
350000,762,4,1777.2888,2.5,3
594000,633.984,3,21508.8216,2.25,3
173000,365.76,4,2578.608,2,5
500000,627.888,4,13542.568800000001,2.25,3
402723,353.56800000000004,3,327.0504,2.75,3
195000,219.45600000000002,2,5486.400000000001,1,3
850000,804.672,4,1798.3200000000002,3.5,3
584000,451.10400000000004,3,452.62800000000004,2.5,3
620000,731.52,4,1630.68,2.25,4
879950,917.4480000000001,4,2199.132,2.75,3
429000,429.76800000000003,3,379.7808,3.25,3
455000,359.66400000000004,3,4356.2016,1.75,3
399900,429.76800000000003,2,306.324,1.75,3
394000,417.576,3,1341.1200000000001,2.5,3
850000,1005.84,3,3526.536,2.5,3
317500,304.8,2,1560.576,1,3
214950,426.72,3,2011.68,1,3
185000,298.704,3,2784.348,1,3
280000,435.86400000000003,3,2201.2656,2.25,3
293000,606.552,3,2309.4696,2.5,3
343000,344.42400000000004,3,441.65520000000004,3.5,3
1160000,816.864,4,4705.5024,3,3
455000,539.496,4,4013.6064,2.5,3
490000,719.3280000000001,4,1331.0616,2.5,3
2453500,1441.7040000000002,4,4141.0128,3.5,5
206000,402.336,3,2133.6,1,4
450000,420.624,2,1338.0720000000001,1,4
329000,347.47200000000004,3,1602.6384,1,3
472000,530.352,3,2754.7824,1.5,4
645000,829.056,4,5576.316000000001,2.25,4
227000,262.128,2,2072.6400000000003,1,3
324450,432.81600000000003,3,4876.8,2,3
524000,652.272,3,2048.2560000000003,2.25,3
299250,771.144,3,2642.3112,2.5,3
1187500,1322.832,4,66385.44,3.5,3
285000,289.56,3,3268.3704000000002,1,4
5350000,2438.4,5,7310.628000000001,5,3
611000,650.4432,3,604.7232,2.5,3
100000,341.37600000000003,4,818.388,1,3
226740,429.76800000000003,3,2682.2400000000002,1.5,4
165000,371.856,4,2432.304,1,3
313000,359.66400000000004,2,1493.52,1,5
333000,320.04,3,2304.288,1,3
325000,350.52000000000004,3,2281.7328,1,3
1225000,1652.016,4,31068.264000000003,4.5,3
335000,707.1360000000001,3,2057.4,1,3
425000,548.64,4,3805.4280000000003,1,5
299990,478.536,2,38237.7696,1,4
570000,454.15200000000004,4,1828.8000000000002,1,3
250000,320.04,3,174.34560000000002,2.25,3
455000,326.136,2,1569.72,1,4
600000,633.984,3,5102.352,2.75,3
670000,638.556,4,1392.6312,2.5,3
350000,320.04,3,1681.8864,1,3
271000,548.64,4,2918.7648,1.5,4
600000,899.1600000000001,4,1768.7544,2.75,3
111300,323.088,2,1828.8000000000002,1,4
579000,810.768,3,67978.6296,2.75,3
1865000,1155.192,4,2681.3256,3.75,3
244950,545.592,4,5845.149600000001,2.5,4
775000,920.4960000000001,3,1255.776,2.5,3
260000,597.408,4,2560.32,1.75,4
628990,774.192,4,9950.8056,2.5,3
415000,353.56800000000004,2,371.5512,2.5,3
619500,512.0640000000001,6,1585.5696,1.5,2
326000,368.808,2,2267.712,1,3
287000,289.56,2,1935.48,1,3
390000,347.47200000000004,2,2483.2056000000002,1,3
556300,618.744,4,2176.272,2.5,4
955000,1133.856,4,2061.972,3.25,3
724950,597.408,4,1322.832,1.75,5
453000,658.368,3,3500.3232000000003,1,4
450000,865.6320000000001,3,11985.9552,2.75,3
815000,923.5440000000001,4,2190.5976,2.5,3
1065000,649.224,3,1080.516,2.5,5
615000,603.504,4,987.552,1.5,4
350000,612.648,3,1341.1200000000001,2.25,3
489000,1191.768,4,2573.1216,2.5,3
400000,432.81600000000003,4,2834.9448,2,4
272500,630.936,3,3017.52,2.5,3
522000,374.904,3,1402.0800000000002,1,3
280000,301.752,2,13876.9344,1,4
885000,798.576,4,2791.0536,2.5,3
750000,780.288,3,2798.6736,2.5,3
535000,701.0400000000001,3,3717.6456000000003,2.75,3
420000,323.088,3,2467.9656,1,4
338900,359.66400000000004,3,1219.2,1.75,3
838000,780.288,4,2197.608,2.5,3
406000,292.608,3,1604.4672,1,3
455000,499.872,3,2994.6600000000003,2,4
452000,505.968,2,3580.4856,1.75,3
515000,743.712,3,975.9696,3,4
475000,408.432,3,854.964,1.75,3
490000,438.91200000000003,2,1909.5720000000001,1.75,3
750000,728.472,3,1996.44,2.5,4
330000,323.088,3,6108.192,1,3
460000,536.448,3,2759.964,2,4
306500,432.81600000000003,2,4998.72,1,4
253000,381,3,3085.1856000000002,1.75,3
312000,588.264,4,2271.3696,2.25,3
515000,908.3040000000001,4,3820.3632000000002,2.5,3
347000,512.0640000000001,3,1313.0784,2.5,3
344000,375.5136,3,344.42400000000004,2.5,3
724800,624.84,3,1198.7784000000001,2,3
375000,850.392,4,2424.9888,2.5,3
592500,432.81600000000003,2,2801.4168,2,5
251200,399.288,4,2514.6,1.5,3
611000,749.808,4,1280.16,2.5,3
598000,880.8720000000001,5,3803.2944,2.25,3
785000,935.7360000000001,4,1427.6832000000002,3.5,3
1065000,576.072,2,2885.2368,1.75,3
1051000,1176.528,4,1668.4752,3.75,3
389950,957.072,4,2456.688,2.5,3
405000,277.368,2,1978.152,1,3
465000,475.488,3,2633.472,2,5
375000,609.6,3,2223.2112,1.5,3
875000,1133.856,4,3774.6432,2.25,5
540000,874.7760000000001,5,1331.6712,3,3
699000,999.744,4,8364.016800000001,2.5,3
440000,612.648,4,2308.86,2.25,3
427000,557.784,3,19915.632,2.5,3
720000,807.72,4,3511.2960000000003,2.5,3
536000,606.552,4,1812.9504000000002,2.25,3
560000,521.208,5,2773.6800000000003,1,4
240000,545.592,4,4477.512000000001,2,4
665900,874.7760000000001,4,1662.0744000000002,2.25,4
1100000,670.5600000000001,3,6096,2.5,3
425000,481.584,3,11944.807200000001,2.25,3
425000,588.264,3,1371.6000000000001,2.5,3
395000,411.48,2,455.06640000000004,2.25,3
760000,841.248,4,1828.8000000000002,2.5,5
202000,280.416,2,2307.0312,1,4
982000,1100.328,4,2615.184,2.75,3
620000,649.224,4,1927.8600000000001,3,5
1195000,1042.416,5,5525.7192000000005,3,3
230000,423.672,3,1828.8000000000002,1,3
560000,307.848,2,2809.9512,1,4
475000,573.024,3,2944.0632,2,3
808900,883.9200000000001,5,1798.6248,2.5,3
412000,435.86400000000003,4,3200.4,1.75,4
325000,307.848,3,2185.7208,1.75,4
476000,502.92,3,2926.08,1.75,4
630000,579.12,5,1524,2,3
169000,271.272,3,2167.128,1,3
739375,804.672,5,975.36,3,4
678100,563.88,3,871.7280000000001,1.75,5
207950,271.272,2,1524,2,3
272000,545.592,3,1941.8808000000001,2.5,3
225500,438.91200000000003,4,2423.1600000000003,2,5
530000,722.3760000000001,4,2926.3848000000003,2.5,3
362362,216.40800000000002,2,1219.2,1,3
573000,655.32,4,2901.6960000000004,2.25,4
164808,381,3,1649.2728000000002,1,3
328000,606.552,4,2192.7312,1.75,4
605000,810.768,3,1371.6000000000001,2,4
780000,957.072,4,4395.5208,2.5,3
483500,509.016,3,1313.0784,2.5,3
809950,1115.568,4,1494.4344,3.5,3
895000,762,3,2360.9808000000003,2.5,4
800000,783.336,4,15333.878400000001,2.5,3
474000,320.04,2,122945.652,1,5
324000,249.936,2,2551.176,1,4
364000,633.984,4,3368.04,2.5,4
485000,749.808,5,4297.68,1.75,3
792000,944.88,4,3122.676,2.75,3
781000,393.192,3,2491.7400000000002,1.5,4
722500,1484.376,5,3596.6400000000003,2.5,3
355000,539.496,4,2709.672,2,5
920000,957.072,4,2212.2384,2.75,3
380000,487.68,3,12145.6704,2.25,4
485000,310.896,3,1865.3760000000002,1,3
263850,701.0400000000001,4,2293.3152,2.25,4
975000,1042.416,4,55896.3576,2.5,3
550000,527.304,3,1752.6000000000001,1.5,3
579000,390.144,2,320.3448,2.5,3
475000,545.592,3,69837.3,1.5,3
309950,365.76,3,4756.7088,1.5,3
234500,399.288,3,5608.320000000001,1.75,3
255000,853.44,5,3017.52,3.75,3
405000,545.592,2,1645.92,2.5,4
655000,417.576,3,1600.2,1,3
155000,307.848,2,13123.4688,1,3
399500,359.66400000000004,2,524.8656,1.5,3
920000,755.904,3,1219.2,1.75,3
570000,335.28000000000003,2,1901.952,1,4
415000,457.20000000000005,3,1036.0152,1,5
240000,265.176,2,2560.32,1,3
515000,1002.792,3,3487.2168,2.75,4
542000,588.264,2,1371.6000000000001,2,3
221000,402.336,3,542.544,2.5,3
730000,1027.1760000000002,4,1718.4624000000001,3.5,3
1375000,563.88,3,3222.3456,1.5,4
415000,612.648,3,10085.832,2,5
685000,472.44,4,4644.8472,1,3
487000,1447.8000000000002,6,75773.28,3.25,4
467000,606.552,3,1517.2944,2.5,3
287000,487.68,3,1924.8120000000001,2.5,3
590000,758.952,3,2682.2400000000002,2.25,4
760000,868.6800000000001,4,3352.8,2.5,3
453000,435.86400000000003,3,6154.8264,1.75,3
540000,512.0640000000001,3,1292.352,1.75,4
988830,1254.252,5,2410.9680000000003,3.25,3
340000,786.384,3,2265.8832,2.25,3
435000,475.488,2,372.4656,2.5,3
575000,1170.432,8,4873.752,3,3
430000,332.232,2,1223.1624000000002,1.5,3
247500,213.36,2,1842.8208000000002,1,3
835000,454.15200000000004,3,1170.432,1.75,3
400000,752.856,5,5852.16,2.75,5
425000,454.15200000000004,4,1615.44,2,3
1110000,1072.896,4,5899.099200000001,3.25,4
1795000,877.8240000000001,5,6179.515200000001,2.75,4
640000,448.05600000000004,3,1414.2720000000002,2,4
305500,377.952,3,1856.2320000000002,1,4
570000,990.6,4,1706.88,2.75,3
210000,320.04,1,2311.2984,1,4
395000,603.504,4,4679.8992,2,3
1130000,969.264,4,1417.0152,3,4
920000,1082.04,4,3119.0184000000004,2.5,3
336900,515.1120000000001,3,365.76,2.5,3
609850,582.168,2,417.2712,2.75,3
1255780,1274.064,5,3670.4016,4,3
362500,463.29600000000005,3,2897.7336,1,3
340500,691.8960000000001,3,8542.02,2,4
262000,560.832,4,2745.9432,1.5,3
320000,481.584,3,1999.7928000000002,2.25,3
570000,1216.152,4,7176.211200000001,3.5,3
695000,917.4480000000001,4,3472.5864,2.5,3
392800,329.184,3,3613.7088000000003,2,5
257000,563.88,3,3328.416,1.75,3
3000000,1636.776,5,4294.9368,3.25,3
419900,877.8240000000001,5,1524,3.5,3
290000,719.3280000000001,3,2671.2672000000002,2.5,3
519500,469.392,4,5443.4232,2,3
700000,679.7040000000001,3,1221.0288,2.5,3
430000,563.88,4,3040.6848,3,3
160000,268.224,3,2735.8848000000003,1,4
794500,923.5440000000001,5,1255.776,3,4
329950,630.936,3,2436.876,2.25,3
1950000,1264.92,4,5310.8352,3.75,3
795000,890.0160000000001,3,4160.52,2,5
610000,643.128,4,1938.528,2.5,3
349950,537.6672,4,4754.88,2,5
222000,301.752,3,2292.096,1,4
295000,484.632,2,2438.4,2,3
700000,694.9440000000001,8,914.4000000000001,2.5,3
673000,786.384,4,876.3000000000001,2.25,3
389000,664.464,3,2810.2560000000003,1.75,4
630100,582.168,4,3461.3088000000002,2.75,5
499000,387.096,3,1905,1,3
230000,368.808,5,3821.5824000000002,2,3
1089000,1706.88,5,32661.4536,3.25,3
319950,615.696,4,2194.56,2.5,4
1150000,710.1840000000001,4,9181.1856,2.5,3
550000,509.016,3,3291.2304000000004,1.75,4
635000,947.928,5,2018.0808000000002,2.75,3
475000,481.584,3,2639.2632000000003,2.25,4
237200,371.856,3,2743.2000000000003,1.5,4
785000,704.0880000000001,3,1584.96,2.75,4
655000,722.3760000000001,3,2412.7968,2.5,3
450000,246.888,2,1331.3664,1,3
505000,338.32800000000003,3,2552.7000000000003,2,5
407500,588.264,3,3188.208,2.5,3
450000,335.28000000000003,2,914.4000000000001,2,3
940000,576.072,4,1810.5120000000002,2.25,3
376000,408.432,3,421.8432,2,3
2450000,1533.144,4,3359.8104000000003,4.5,3
633100,752.856,4,10151.364000000001,2.5,3
730100,950.976,4,4358.64,2.5,3
482500,441.96000000000004,3,440.43600000000004,2.25,3
383000,548.64,3,1710.5376,1,4
857000,1133.856,4,8852.306400000001,3,3
370000,390.144,2,254.508,2.25,3
799000,786.384,4,63862.610400000005,3,3
686000,560.832,3,3044.952,1.5,5
425000,347.47200000000004,2,360.27360000000004,2.5,3
390000,381,3,2286,2.25,5
619000,505.968,4,1158.24,1.75,3
980000,832.104,4,1463.04,2.5,5
850000,890.0160000000001,5,3621.0240000000003,2.75,5
418000,719.3280000000001,4,1905,3,3
479500,701.0400000000001,3,1413.3576,2.75,3
499000,560.832,3,1524,1.75,4
646000,704.0880000000001,4,1243.2792000000002,2.5,3
250000,243.84,1,4970.0688,1,2
885000,627.888,3,2911.4496000000004,2.25,4
337000,399.288,3,3886.2000000000003,1.75,3
445000,381,4,2255.52,1.75,5
276000,112.77600000000001,1,548.9448,0.75,5
600000,277.368,2,610.2096,1,3
605000,633.984,3,3698.4432,2.25,4
480000,448.05600000000004,3,3063.8496,2,4
888550,1078.992,3,11680.545600000001,2.5,3
999000,954.024,4,3306.7752,2.5,3
336000,771.144,4,2489.9112,2.5,3
1115000,969.264,4,9732.568800000001,2.5,4
320000,554.736,3,565.404,2.5,3
775000,1258.824,4,23723.193600000002,3.5,3
567035,629.1072,3,14073.530400000001,2,5
667000,765.048,3,1164.0312000000001,2.5,3
240000,384.048,3,2243.9376,1.75,3
315000,505.968,3,3280.5624000000003,2.5,3
925000,795.528,3,1371.6000000000001,3.25,4
315000,307.848,2,2236.6224,1,4
575000,630.936,3,1096.9752,2.5,3
2300000,999.744,4,2164.08,2.5,3
454800,758.952,4,3267.456,2.25,4
415000,679.7040000000001,4,1750.4664,2.5,3
600000,438.91200000000003,3,1310.64,1,3
268500,509.016,4,2438.4,1.75,4
328000,606.552,4,1213.104,2.5,3
255000,356.61600000000004,3,2253.996,1,4
278000,661.416,5,2972.4096,1.75,3
370000,813.816,5,3023.616,3,3
415000,615.696,3,5855.2080000000005,1,3
279900,390.144,3,3940.4544,1,3
750000,576.072,2,1645.92,2.25,5
360000,1136.904,4,5175.504,1.75,4
480000,768.096,4,722.3760000000001,2.25,3
290000,307.848,3,3291.84,1,4
235000,268.224,2,1706.88,1,5
1650000,890.0160000000001,4,6217.92,2.25,4
409000,576.072,3,1981.2,2.5,3
273148,521.208,3,2197.608,1.75,4
570000,786.384,3,12311.481600000001,1.75,3
472500,502.92,3,1131.1128,2.5,3
355000,359.66400000000004,3,2308.2504,1,4
775000,798.576,3,73517.76000000001,2.5,4
400000,411.48,4,2211.324,2,4
499000,637.032,3,2592.324,2.5,3
994000,1298.448,5,2396.0328,3.25,3
996000,1103.376,3,2478.3288000000002,3.25,4
240000,371.856,3,5380.3296,2,4
1248000,704.0880000000001,2,1009.8024,2.5,3
275400,271.272,2,2493.264,1,3
335000,609.6,4,3319.2720000000004,1.75,4
380000,536.448,4,2225.04,1.75,3
420000,399.288,3,1207.9224000000002,1,5
1440000,734.568,4,1828.8000000000002,1.75,3
542500,832.104,5,12954,3.5,3
515700,664.464,3,2963.2656,2.5,3
605000,472.44,2,975.36,1,3
765000,972.312,3,98781.4128,2.25,3
669888,777.24,4,2313.7368,2.75,3
644500,911.3520000000001,4,1628.2416,2.5,3
290000,405.384,4,2494.4832,1,3
850000,853.44,5,3451.86,2.5,4
328000,448.05600000000004,3,2331.7200000000003,1.75,3
432000,585.216,3,2990.6976,2.5,3
373000,393.192,3,2735.2752,1,5
283000,649.224,3,2682.2400000000002,2.25,3
357500,304.8,3,1243.584,1,4
1320000,1862.3280000000002,4,3160.4712,5.25,3
475000,377.952,3,2663.3424,1.5,3
592000,475.488,3,2262.8352,1.75,5
250000,548.64,4,762,3,3
350000,667.5120000000001,4,1173.48,2.25,3
280000,286.512,3,2411.8824,1,3
320000,445.00800000000004,4,2194.56,1,4
456150,533.4,3,3781.9584,2.25,5
730000,1158.24,4,2927.9088,2.75,3
360000,609.6,4,1676.4,2.5,3
245000,615.696,4,2682.2400000000002,1.75,4
284850,484.632,3,2516.4288,1.5,3
735000,996.696,4,13879.6776,2.5,3
750000,957.072,4,3703.32,2.25,3
255000,481.584,3,2501.1888,1,3
397000,335.28000000000003,3,2793.492,2,4
305000,713.2320000000001,4,1600.2,2.25,5
910000,1088.136,4,8442.655200000001,3.5,3
419000,536.448,3,5004.2064,2.25,3
650000,899.1600000000001,4,1524,3,3
330000,621.792,3,4288.8408,2.5,3
442250,661.416,3,2489.9112,2.5,3
485000,829.056,4,15665.500800000002,2.75,4
640500,499.872,2,2057.4,1.75,4
415000,673.6080000000001,4,64924.8384,2.5,4
729950,1069.848,4,3051.0480000000002,3.5,3
490000,448.05600000000004,3,2971.8,1.75,4
370000,783.336,4,2363.1144,2.5,3
355000,359.66400000000004,3,1818.132,1,4
1250000,557.784,4,2194.56,2.25,3
249950,441.96000000000004,3,2095.5,1.5,4
232500,417.576,3,2974.848,2,4
275000,426.72,3,2971.8,1.5,4
375000,738.8352,3,1807.7688,2.5,3
889000,1194.816,4,2912.364,3.5,3
425000,585.216,4,2743.2000000000003,2.5,2
320000,432.81600000000003,3,523.0368,2,3
324900,633.984,3,2968.752,2.25,3
425000,762,5,2378.6592,2,3
541500,707.1360000000001,3,17022.1656,1.75,4
339000,350.52000000000004,3,760.7808,1,3
310000,313.944,2,692.2008000000001,2,3
190000,499.872,3,2356.1040000000003,2.25,4
1150000,1359.4080000000001,4,31510.8336,4,3
435000,783.336,3,71165.00880000001,2,4
386380,524.256,3,1097.28,2.5,3
410000,518.1600000000001,3,1295.4,2,3
196440,475.488,3,2240.8896,2,3
499950,722.3760000000001,3,3887.1144000000004,2.5,3
578000,957.072,4,2811.78,2.5,5
775000,957.072,4,3314.7000000000003,2,3
325000,670.5600000000001,3,2133.6,2.75,4
399888,554.736,4,2516.1240000000003,2.25,4
405000,463.29600000000005,3,379.476,2.25,3
241000,539.496,3,2133.6,2,3
659000,637.032,4,3291.84,2,4
319000,451.10400000000004,3,524.8656,1.5,3
347000,307.848,3,2194.56,1,3
490000,484.632,2,1371.6000000000001,1.5,4
390000,656.5392,4,1265.8344,2.5,3
879950,920.4960000000001,4,2195.4744,2.75,3
535000,835.152,3,7164.3240000000005,2,3
499950,569.976,3,1519.1232,1,3
270000,448.05600000000004,3,5098.6944,2.25,4
785000,384.048,2,1463.04,0.75,4
180000,509.016,3,2150.6688,2,4
495000,542.544,3,14471.904,2.5,3
235000,679.7040000000001,3,2488.0824000000002,1,3
425000,691.8960000000001,4,1341.1200000000001,2.5,3
395000,530.352,3,1895.856,1.75,4
400000,637.032,3,2326.8432000000003,3,3
295000,457.20000000000005,3,4646.9808,1.75,3
699000,816.864,3,1675.4856,2.5,3
310000,743.712,4,2161.9464000000003,2.5,3
362000,393.192,3,3086.1000000000004,1,4
949000,758.952,4,2387.8032000000003,1.75,4
445000,661.416,4,1602.3336000000002,2.5,3
435000,274.6248,2,379.476,1.5,3
739000,847.344,4,2053.4376,2.5,3
470000,844.296,3,16674.693600000002,2.75,3
245000,249.936,2,2278.38,1,3
549950,816.864,3,1786.1280000000002,2.5,3
268000,563.88,3,2034.8448,2.5,3
260000,460.24800000000005,3,1857.756,2.5,4
750000,920.4960000000001,4,3999.5856000000003,2.5,3
294950,530.352,4,2926.08,2.25,3
840000,762,5,3540.8616,1.75,4
1375000,1066.8,4,2902.6104,3.5,3
585000,441.96000000000004,3,1639.2144,1,3
436000,804.672,4,1188.4152000000001,2.5,3
659000,941.832,3,117236.44320000001,2.5,3
185000,332.232,3,2927.6040000000003,1.5,4
269950,594.36,3,2304.288,1.5,4
203000,417.576,3,2286,1.5,3
219000,295.656,3,2374.3920000000003,1,3
516000,710.1840000000001,3,2226.2592,3,3
425000,423.672,4,1371.6000000000001,2,5
572500,484.632,3,1402.0800000000002,1,4
355000,377.952,3,1645.92,1,4
402000,844.296,5,2322.576,2.75,3
455000,646.176,4,2877.9216,2,5
230000,463.29600000000005,3,4676.8512,1.75,3
325000,633.984,3,1997.6592,1.75,3
340000,457.20000000000005,2,1267.3584,1.75,4
1695000,1191.768,3,1630.68,4,5
500000,417.576,3,1066.8,1,3
915000,853.44,3,2971.8,2.75,5
338500,406.2984,3,448.05600000000004,2.25,3
284200,469.392,3,2021.4336,1.75,3
400000,445.00800000000004,3,402.0312,2.5,3
90000,237.744,1,1219.2,1,3
209950,697.9920000000001,3,2926.08,1.5,4
2500000,1060.704,4,4526.280000000001,3.75,3
715000,304.8,2,1070.7624,1,4
229050,128.01600000000002,1,1005.2304,1,4
945000,1335.0240000000001,5,4549.14,3.5,3
435000,359.66400000000004,3,375.2088,1.5,3
532000,554.736,3,1752.6000000000001,1,3
600000,947.928,4,3421.38,2.75,3
460000,893.0640000000001,3,8880.6528,2,3
537000,804.672,4,2682.2400000000002,2.25,3
579000,963.168,3,87227.9688,2.5,3
269000,627.888,4,1099.7184,2.5,3
279950,466.34400000000005,3,2682.2400000000002,1.75,4
488500,521.208,3,3340.3032000000003,2,4
335000,384.048,3,5181.6,1.75,3
590000,896.1120000000001,4,8843.162400000001,2.5,3
355900,637.032,3,1164.6408000000001,2.5,3
379900,457.20000000000005,4,3535.6800000000003,1.75,4
613000,448.05600000000004,3,1365.5040000000001,1.5,4
285000,332.232,3,2633.472,1,4
499000,637.032,3,13011.6072,2,3
740000,1759.9152000000001,5,9654.54,5,3
429000,585.216,3,4609.7952000000005,2.5,3
283200,604.1136,4,1952.5488,2.5,3
700000,1368.5520000000001,4,1554.1752000000001,3.5,3
723000,597.408,4,2645.664,2.25,4
725995,972.312,4,2398.4712,2.5,3
572000,557.784,3,2407.0056,2.25,4
1600000,1304.544,4,2920.8984,3.5,3
325000,411.48,3,3598.164,2,3
680000,536.448,3,2560.32,1.75,4
333000,582.168,4,2817.5712000000003,2.5,4
831500,1362.4560000000001,5,10705.7952,2.5,3
482000,521.208,3,6548.628000000001,2.25,3
378000,487.9848,3,759.2568,2.5,3
265950,454.15200000000004,3,1170.432,2.5,3
510000,1005.84,6,2279.904,4.5,3
447000,417.576,3,1829.1048,1,5
355000,292.608,2,1905,1,3
190000,335.28000000000003,2,529.4376,2.5,3
535000,576.072,4,1101.852,2.25,3
435000,426.72,3,1463.04,1,4
719000,558.6984,3,519.9888000000001,3,3
568000,530.352,3,389.8392,2.5,3
599000,804.672,4,2053.7424,2.5,4
400000,405.384,3,2786.7864,1.75,3
480000,313.944,2,932.6880000000001,1,4
427000,524.256,3,39034.516800000005,2,3
347500,774.192,3,1450.8480000000002,2.5,3
699000,777.24,4,2228.6976,2.5,3
580000,435.86400000000003,3,463.60080000000005,2.75,3
535000,600.456,4,1071.372,2,5
549900,1158.24,5,12897.9168,3,4
245000,472.44,3,2781.6048,1.5,5
355000,658.368,3,2466.1368,2,3
232000,393.192,3,2012.8992,1.75,3
450000,771.144,3,2473.7568,2.5,3
310000,219.45600000000002,2,1752.6000000000001,1,2
1443920,1133.856,4,1524,3,5
253000,313.944,3,1905,1,3
400000,957.072,4,3899.0016,2.5,4
190000,384.048,3,3322.32,1,4
314963,271.272,2,1935.48,1,3
744000,615.696,3,2289.6576,2.5,4
385000,405.384,3,2139.696,0.75,5
237000,387.096,3,2581.656,1.75,4
600000,826.008,3,1002.792,3.5,3
428950,536.448,2,1353.6168,1,3
555000,472.44,2,1402.0800000000002,1,4
535000,332.232,3,914.4000000000001,1,4
455000,637.032,3,2637.4344,2.5,3
925900,1213.104,4,2385.9744,3.75,3
252000,591.312,4,4075.1760000000004,1.75,4
467000,810.768,3,1679.7528,1.75,3
460000,819.912,4,11007.5472,2.25,4
743000,1039.3680000000002,4,1779.4224000000002,2.75,3
1060000,1261.872,4,4497.9336,5.25,3
299500,554.736,3,2686.2024,1.75,3
400000,320.04,3,1828.8000000000002,1,3
360000,646.176,5,731.52,2,4
762000,649.224,4,1676.4,2,5
257000,234.696,2,3378.4032,1,4
220000,374.904,3,2717.9016,1.75,4
491000,381,3,398.0688,2,3
680000,957.072,4,8545.6776,2.5,4
246000,301.752,3,2787.396,1,4
678500,368.808,3,1097.28,2.75,5
217500,316.992,3,2971.8,1,3
510000,527.304,3,1901.952,1.5,3
415250,426.72,3,2301.2400000000002,1.5,4
289000,454.15200000000004,3,2629.8144,2.5,3
313500,682.7520000000001,5,28943.808,3,3
235000,283.464,2,3201.924,1,3
425000,377.952,4,6458.712,2.25,3
425000,451.10400000000004,4,2536.2408,1,3
1065000,1210.056,3,80326.3824,2.5,3
407000,856.488,4,7132.320000000001,2.25,3
445000,606.552,3,2237.232,2.25,3
500000,536.448,3,1383.4872,2.25,3
499950,323.088,2,368.1984,2.25,3
300000,822.96,4,3296.1072000000004,2.5,4
259000,569.976,3,1801.0632,2,3
295950,362.71200000000005,2,1889.76,1,3
299000,502.92,3,1440.18,2.5,3
185000,460.24800000000005,3,5193.792,1,4
580000,640.08,3,2095.1952,1.75,3
210000,463.29600000000005,3,2621.28,1,3
431000,441.96000000000004,4,1097.28,2.5,3
375000,576.072,3,1197.864,2.75,3
525000,701.0400000000001,3,13277.088000000002,1.75,4
476500,323.088,3,2628.9,1,4
500000,475.488,3,23632.9728,2.75,3
306000,690.9816000000001,4,1090.2696,2.5,3
613000,597.408,3,3165.348,2.25,3
775000,1185.672,4,10519.5624,2.5,3
225000,329.184,3,4876.8,1,3
780000,795.528,3,1828.8000000000002,2,5
302000,1011.936,4,4114.8,3,3
700000,591.312,3,1371.6000000000001,2,3
502700,826.008,4,4272.0768,3.5,4
415000,496.824,3,2482.9008000000003,1,3
670000,1176.528,5,2926.08,3.5,4
372000,630.936,4,2638.9584,2.5,3
1122500,1447.8000000000002,4,19008.852000000003,3.25,3
282000,505.968,4,3268.98,1.75,3
540000,874.7760000000001,6,62933.275200000004,3,3
202000,204.216,2,2390.8512,1,3
235000,524.256,4,3089.7576000000004,1.75,3
585000,533.4,3,420.9288,2.5,3
570000,789.432,4,2410.9680000000003,2.5,3
759950,640.08,4,2304.288,3.5,5
365000,478.536,4,2926.08,2.5,3
1898000,862.5840000000001,3,1321.0032,2.5,3
299950,591.312,3,2728.2648,1.5,3
765000,618.744,4,677.2656000000001,2.25,3
439000,853.44,4,5266.6392000000005,2.5,3
260656,493.776,3,4207.1544,1,4
575000,466.34400000000005,3,731.52,1,4
625000,859.5360000000001,4,2562.7584,2.5,3
440000,341.37600000000003,2,312.1152,1.5,3
501000,630.936,4,2291.7912,1,3
533000,548.64,5,1152.144,2.75,3
598200,908.3040000000001,5,1412.748,3.75,3
385000,359.66400000000004,3,3212.8968,1.75,4
305000,484.632,2,809.5488,2.5,3
306000,237.744,2,4114.8,1,4
330000,673.6080000000001,3,2303.3736,2.5,3
373000,539.496,3,1743.4560000000001,1,4
473000,274.32,2,1554.48,1,4
595000,554.736,4,6099.352800000001,2.5,3
690000,981.456,4,10789.92,2.5,3
630000,521.208,3,2672.1816000000003,1.75,4
270000,505.968,4,2457.6024,2.5,4
745000,917.4480000000001,3,3789.2736,2.75,4
585000,566.928,4,2474.0616,2.5,4
653450,630.936,3,15135.7584,2.5,4
384500,487.68,3,795.528,2.5,3
185000,329.184,3,2823.0576,1.75,3
895000,521.208,4,1273.4544,2,4
230000,512.0640000000001,4,1829.7144,3,3
307700,603.504,5,4002.6336,2.25,4
885000,1246.632,4,3421.38,2.5,3
905000,1005.84,4,3124.2000000000003,2.5,3
267500,292.608,2,1569.72,1,5
500000,697.9920000000001,4,2808.732,1.75,5
747000,780.288,3,1463.04,1.75,3
750000,664.464,2,6520.2816,2,3
494950,676.6560000000001,2,10058.4,1.75,4
229900,335.28000000000003,3,2201.8752,1.75,3
430000,475.488,3,1592.5800000000002,1,3
813000,633.984,3,3616.7568,1.75,3
288790,423.672,4,227.07600000000002,2,3
998000,886.9680000000001,4,3105.6072000000004,2.25,3
1060000,822.96,3,6810.1464000000005,2.75,4
1010000,871.7280000000001,3,1769.364,2.5,3
210000,268.224,3,3291.84,1,3
484000,493.776,3,434.34000000000003,2.25,3
425000,505.968,3,1726.692,1.5,5
711777,676.6560000000001,4,2051.6088,1.75,4
1150000,1146.048,4,6281.6232,3.5,3
411000,582.168,2,33192.72,2.25,4
380000,655.32,4,11474.8056,2.5,3
2147500,1420.3680000000002,3,1676.4,3.5,5
252000,286.512,2,4709.16,1,4
337000,484.632,4,2675.8392000000003,2,3
479200,460.24800000000005,3,1143,2,4
440000,731.52,4,2449.9824000000003,2.5,3
265000,466.34400000000005,3,2286,1.5,3
685000,521.208,3,363.62640000000005,2.25,3
180000,307.848,3,2615.4888,1,4
726500,664.464,4,1186.5864000000001,2.5,3
664950,359.66400000000004,2,274.32,1.75,3
530000,920.4960000000001,5,1828.8000000000002,2,5
390000,591.312,4,1177.7472,2.5,3
780000,886.9680000000001,3,943.0512,2.75,5
495000,624.84,4,1219.2,2,5
390000,682.7520000000001,3,3291.84,2.5,3
218000,268.224,3,5548.884,1,4
357562,368.808,2,314.5536,1.75,3
200000,637.032,4,2020.824,2,3
576000,789.432,4,1754.4288000000001,2.5,3
264000,216.40800000000002,1,1440.18,1,3
451101,460.24800000000005,2,598.0176,1.5,4
401000,917.4480000000001,4,3817.0104,1.75,3
310000,320.04,2,822.6552,1,3
254500,350.52000000000004,2,3429,1,3
1557600,822.96,4,5441.5944,2.5,4
340000,350.52000000000004,3,213.36,2,3
623300,1271.016,4,1378.9152000000001,3.5,3
346950,557.784,3,3338.7792,1.75,3
300000,583.3872,4,997.3056,2.5,3
261000,482.8032,3,853.44,2.25,3
212000,515.1120000000001,3,2926.08,1.5,3
484950,304.8,2,1510.5888,1,4
262500,457.20000000000005,4,2144.5728,2.75,3
239900,451.10400000000004,4,2902.6104,1.75,3
350000,539.496,4,2370.7344000000003,2.25,3
310000,810.768,7,4605.8328,1.5,4
270000,551.688,4,1983.9432000000002,2.5,3
196000,630.936,3,3528.3648000000003,2.25,3
463000,381,2,1722.1200000000001,1,4
770126,728.472,4,2834.6400000000003,2.75,3
380000,448.05600000000004,3,504.7488,2,3
515000,1036.3200000000002,4,1591.6656,3.5,3
721000,816.864,3,3182.112,2.25,3
315000,295.656,2,5656.1736,1,3
478000,478.536,3,2895.6000000000004,2.25,4
259950,445.00800000000004,3,1775.46,1,5
549010,475.488,2,1262.1768,1.75,4
722000,679.7040000000001,3,1478.28,2.5,3
1093000,1197.864,4,6673.291200000001,2.5,3
279950,563.88,3,2279.904,2.25,3
890000,451.10400000000004,4,3404.9208000000003,2,4
609000,987.552,4,7275.576,2.5,3
325000,344.42400000000004,2,2105.5584,1,3
299900,527.304,3,3015.3864000000003,1.75,4
775000,1082.04,3,9999.5736,2.5,3
785000,978.408,4,7475.8296,2.5,3
248500,524.256,4,3053.4864000000002,1.75,5
489500,832.104,4,1739.4936,3.5,3
554990,640.08,3,1856.8416000000002,2.5,3
259900,454.15200000000004,3,2368.2960000000003,2,4
975000,1478.28,5,11109.960000000001,4,3
555000,716.2800000000001,4,2481.072,2.25,4
402000,469.392,3,556.8696,2,3
410000,481.584,4,2920.2888000000003,2,3
718500,365.76,3,1901.952,1.5,3
750000,920.4960000000001,4,2275.3320000000003,2.5,3
880000,804.672,6,1121.664,2.5,5
281000,396.24,3,1762.3536000000001,1,4
409000,499.872,2,648.6144,2.25,4
490000,765.048,4,1325.5752,2.5,3
520000,609.6,4,1944.624,2,4
300000,396.24,3,6343.497600000001,1,3
435000,219.45600000000002,2,1706.88,1,4
319500,762,4,1554.48,2.75,4
315450,344.42400000000004,3,2286,1.75,4
598555,926.5920000000001,3,2401.824,2.5,3
480000,746.76,3,8590.788,2.5,3
805000,1402.0800000000002,5,2380.4880000000003,4.5,3
565997,832.104,5,1773.9360000000001,2.75,3
410000,466.34400000000005,3,8120.4816,1.75,3
565000,1231.392,3,2637.4344,2.5,3
340500,286.512,2,1649.8824000000002,1,3
380000,649.224,4,1361.5416,2.5,3
269100,667.5120000000001,3,2409.1392,2.5,3
1475000,1191.768,3,2157.984,2.75,5
435000,832.104,4,2287.8288000000002,2.25,4
760000,819.912,4,1217.6760000000002,3.25,3
552775,579.12,3,5612.5872,2.5,3
580000,762,5,3627.1200000000003,2.5,3
310000,393.192,3,270.0528,2,3
420000,448.05600000000004,3,440.43600000000004,2.5,3
823000,890.0160000000001,6,1524,1.75,4
560000,566.928,3,4076.3952000000004,2,3
420000,451.10400000000004,2,417.2712,2.5,3
373500,243.84,2,1014.984,1,3
548000,643.128,3,1249.3752,2.5,3
407193,573.024,4,4466.2344,2,3
1070000,996.696,4,10803.636,2.5,3
325000,630.936,3,2541.1176,2.5,3
1815000,1182.624,5,3962.4,3,3
629800,728.472,3,604.7232,2.5,3
412000,1024.1280000000002,4,2976.9816,3.5,3
426500,822.96,4,1985.7720000000002,2.5,3
528000,615.696,3,1710.8424,2.5,3
306000,353.56800000000004,3,2199.7416000000003,2,3
340000,658.368,4,1662.6840000000002,2.5,3
279000,426.72,3,2880.36,1,4
445000,850.392,4,2472.2328,2.5,3
950000,710.1840000000001,6,1524,1,4
315000,368.808,3,2592.324,1,3
500000,405.384,4,1752.6000000000001,1.5,3
525000,390.144,5,1181.4048,1,3
590000,682.7520000000001,4,2860.5480000000002,2.5,3
420000,591.312,4,1650.1872,2.5,3
340000,652.272,4,3551.2248,1.75,3
469950,554.736,3,413.6136,2,3
449000,460.24800000000005,2,2088.4896,1.75,3
157000,265.176,1,8024.1648000000005,1,3
459800,515.1120000000001,3,4895.3928000000005,2,3
253000,393.192,3,2246.9856,2,5
834000,777.24,3,1246.3272000000002,2.25,3
260000,521.208,3,1950.72,1.75,4
299000,316.992,3,2899.8672,1,4
930000,1844.0400000000002,4,25890.321600000003,4,3
700000,862.5840000000001,5,7911.9984,2.5,5
265000,496.824,3,1828.4952,1.75,4
255000,481.584,4,2377.44,2.5,4
578550,646.176,3,2012.2896,2.5,4
179000,219.45600000000002,2,2716.9872,1,3
485000,1130.808,4,4856.988,2.5,3
250000,460.24800000000005,3,3165.0432,2.5,2
235000,762,5,2920.8984,2.5,3
551000,941.832,5,1506.6264,3.75,3
185000,286.512,3,2171.7000000000003,1,4
274000,518.1600000000001,2,2435.9616,2,4
667500,585.216,4,1219.2,3,4
608095,816.864,3,5397.0936,2.5,3
1270000,1682.496,4,2533.8024,3,3
235000,347.47200000000004,2,527.304,1,3
500000,493.776,3,1280.16,1.75,5
251750,402.336,3,2194.56,2,5
525000,719.3280000000001,4,1500.8352,2.75,3
332000,646.176,3,4546.092000000001,2.25,3
225000,417.576,3,2743.2000000000003,1.5,3
840000,954.024,4,6647.688,2.75,4
753000,658.368,4,12018.264000000001,1.75,4
402000,481.584,3,1867.5096,1.75,5
579950,432.81600000000003,3,370.9416,3.5,3
736000,603.504,3,906.7800000000001,2.5,3
800000,1402.0800000000002,4,98202.9024,2.75,3
749950,798.576,4,2533.4976,2.5,3
475000,499.872,3,1553.5656000000001,2.5,3
769000,917.4480000000001,4,1890.3696,3.5,3
185900,286.512,3,3319.2720000000004,1,4
365000,234.696,2,1731.2640000000001,1,4
601500,445.00800000000004,3,3087.0144,1.75,3
428000,396.24,4,2194.56,2,3
630000,609.6,4,1524,2,5
1698000,1203.96,4,1901.952,3.5,3
418000,838.2,4,2581.9608000000003,2.5,3
475000,387.096,3,1300.8864,1,3
435000,947.928,3,1828.8000000000002,2.5,3
800000,944.88,4,2379.5736,2.5,3
900000,1069.848,4,2055.876,2.5,3
585000,679.7040000000001,3,1828.8000000000002,1.5,3
575000,597.408,4,1412.748,2.75,4
593450,649.224,4,2186.0256,2.25,4
817500,886.9680000000001,4,10874.959200000001,2.5,4
400000,637.032,3,9972.4464,2.5,3
483500,835.152,4,13939.1136,2.5,3
224500,435.86400000000003,4,2546.6040000000003,1,4
239950,445.00800000000004,5,1838.5536000000002,1,4
289950,597.408,3,1060.704,2.5,3
308900,685.8000000000001,3,2223.2112,2.5,3
320000,335.28000000000003,2,2524.0488,1,4
386000,493.776,2,974.1408,2.5,3
900000,920.4960000000001,6,4201.0584,3,3
500000,621.792,4,2560.32,2.5,3
454000,600.456,3,6749.4912,1,4
365500,429.76800000000003,3,2926.08,2,4
274900,600.456,4,2011.68,2.5,3
437000,676.6560000000001,3,5354.7264000000005,1.75,4
369000,402.336,3,512.9784000000001,2.5,3
459000,451.10400000000004,2,245.0592,2,3
845000,896.1120000000001,4,2339.34,2.5,3
301000,856.488,4,1873.3008,2.5,3
275000,283.464,2,2157.984,1.75,3
325000,323.088,2,1738.2744,1,4
479990,612.648,3,727.2528000000001,2.5,3
327000,326.136,2,2971.8,1,3
316000,387.096,3,3076.0416,0.75,5
338800,548.64,4,838.8096,2.25,3
661000,533.4,2,14073.530400000001,1.5,4
374500,955.548,4,1771.1928,2.5,3
280000,731.52,6,2856.8904,3,3
545000,697.9920000000001,3,4445.508,2.25,3
400950,707.1360000000001,2,1905,1.75,3
920000,1057.656,4,3061.7160000000003,2.5,3
232000,292.608,2,2468.88,1,3
525000,771.144,4,5442.5088000000005,2.75,3
351358,368.808,2,362.40720000000005,1.75,3
550000,914.4000000000001,5,2887.3704000000002,2.75,3
495000,908.3040000000001,4,3680.46,2.5,3
337000,752.856,4,1554.48,2.5,3
527500,420.624,3,423.3672,2.5,3
935000,1252.728,4,4720.7424,3.25,3
205000,368.808,3,3104.3880000000004,1,3
1220000,804.672,3,2299.4112,2.25,3
150000,445.00800000000004,4,2211.0192,2,3
215500,420.624,3,2743.2000000000003,2,2
391500,441.96000000000004,3,2783.4336000000003,2,3
700000,511.7592,2,176054.00400000002,1.75,3
267500,332.232,3,6729.984,1,5
356500,478.536,4,2947.416,1.75,3
465000,423.672,2,372.4656,2.25,3
575950,499.872,3,3657.6000000000004,2.25,3
375000,298.704,2,1193.2920000000001,1,4
3567000,1478.28,5,3226.0032,4.5,3
510000,969.264,4,1647.4440000000002,2.5,3
440000,582.168,3,20181.112800000003,2.5,3
834950,984.504,5,1981.2,2.75,3
300000,448.05600000000004,3,5029.2,2,3
575000,536.448,3,707.1360000000001,2.5,3
495000,670.5600000000001,5,1506.3216,2.5,3
230000,457.20000000000005,3,2197.608,2.25,3
877500,932.6880000000001,4,2438.4,2,4
290000,573.024,3,2282.3424,2.25,3
525000,307.848,3,1072.896,1,3
625000,652.272,3,1097.28,2,3
150000,381,3,2197.608,1,4
205000,408.432,4,2414.016,1,4
563000,527.304,3,2898.3432000000003,1.5,3
414999,655.32,4,3077.8704000000002,2.5,3
460000,463.29600000000005,3,2346.96,1.75,3
1272500,621.792,4,1524,1.75,4
280000,265.176,2,1226.8200000000002,1,3
887250,1316.736,5,2286.6096000000002,3.5,3
602500,667.5120000000001,4,12496.800000000001,1.75,3
296000,417.576,2,2560.32,1,3
990000,1051.56,4,1505.712,3.75,3
425996,782.7264,4,1524,2.5,3
276000,417.576,3,2480.1576,2,4
605000,987.552,5,10518.648000000001,1.75,4
695000,347.47200000000004,2,1216.152,1,3
433000,560.832,4,1450.8480000000002,2,4
450000,527.304,2,1294.7904,2,3
156000,295.656,3,2615.184,1,3
1400000,777.24,3,2194.56,2.5,3
386591,515.1120000000001,3,491.6424,2.5,3
325000,301.752,3,2057.4,1,4
459000,493.776,3,2234.184,1.75,4
469000,289.56,3,1295.4,1,5
571500,396.24,3,2045.208,1,4
190000,533.4,5,3134.5632,2,4
227000,365.76,4,2194.56,1,3
1735000,926.5920000000001,4,1524,2.25,4
492500,783.336,5,3036.4176,2.5,3
516500,335.28000000000003,1,194.4624,1.25,3
410000,518.1600000000001,4,2743.2000000000003,2.5,5
339000,441.96000000000004,3,1142.3904,2.5,3
1500000,1344.1680000000001,4,3787.4448,3.5,3
785000,697.9920000000001,4,4089.1968,2.5,4
365000,829.056,4,2066.8488,3.5,3
460000,670.5600000000001,4,1950.72,2.5,3
720000,560.832,2,2743.2000000000003,1.5,3
200000,252.984,2,2438.4,1,3
425000,509.016,3,2895.6000000000004,2.25,3
425000,579.12,4,843.0768,2.5,3
375000,950.976,3,12876.885600000001,2,4
310000,353.56800000000004,2,762,1.75,3
641250,676.6560000000001,3,777.24,2.5,3
375000,307.848,2,1234.44,1,3
280000,384.048,2,1463.04,1,3
390000,262.128,2,548.64,1,3
552000,350.52000000000004,2,1524,1,4
400000,603.504,4,34653.016800000005,1.5,3
411500,737.616,5,2359.152,3,5
395000,649.224,4,3576.2184,2.5,5
300000,633.984,4,2346.96,2.25,3
399000,573.024,3,3801.7704000000003,2.25,3
170000,399.288,3,2904.4392000000003,1,3
622200,524.256,3,2194.56,1.75,3
530000,416.052,3,332.232,2.5,3
395000,765.048,3,1621.536,2.5,3
397000,521.208,3,40992.247200000005,2,5
290000,738.5304,4,2222.6016,2.5,3
419950,569.976,4,5044.135200000001,1.75,3
631000,509.016,3,425.5008,2.25,3
575000,533.4,3,1752.6000000000001,2,5
260000,438.91200000000003,3,3928.2624,1.75,3
283700,307.848,1,3322.32,1.75,4
620000,829.056,4,10514.9904,2.5,5
247000,554.736,3,2663.952,1.75,4
580000,499.872,3,2628.9,2.25,3
526000,495.6048,3,482.4984,2.5,3
370000,615.696,4,2468.88,2,4
780000,896.1120000000001,3,4838.7,2.5,3
252000,472.44,4,6035.04,1.5,4
293500,490.728,3,1531.3152,2.5,3
349000,484.632,3,2932.176,1.75,3
605000,853.44,4,3287.5728000000004,2.5,3
208950,292.608,3,1737.3600000000001,1,4
543500,777.24,4,1778.508,2.5,3
755000,920.4960000000001,3,3971.8488,2.25,3
995000,1210.056,5,2447.2392,3.25,3
688000,914.4000000000001,4,1219.2,3,3
297000,560.832,3,2509.7232,2.5,3
620000,444.39840000000004,3,261.5184,1.75,3
900000,749.808,4,13542.568800000001,2.25,4
451000,475.488,3,1234.1352000000002,1.75,3
375000,685.8000000000001,4,1617.2688,2.5,3
460000,829.056,3,12439.8024,2.5,3
450000,393.192,3,1658.112,1,4
830000,841.248,3,3440.2776000000003,2.5,3
2641100,1420.3680000000002,5,4937.76,4.25,3
1160000,874.7760000000001,5,2950.464,1.75,5
790000,591.312,2,1341.1200000000001,1.5,3
335620,548.64,3,4847.2344,2.25,3
308000,597.408,4,1719.6816000000001,2.5,3
705000,702.5640000000001,2,1700.784,2.5,3
675000,780.288,4,11155.9848,2.5,4
255000,518.1600000000001,3,2295.7536,1.75,3
359500,652.272,4,3144.3168,2.75,3
205000,262.128,3,2275.9416,1,3
175000,582.168,3,5182.5144,1.75,4
339950,576.072,5,1844.0400000000002,2,4
972000,1222.248,4,4205.3256,3.25,3
325000,384.048,3,1710.5376,2,4
600000,393.192,2,1413.0528000000002,1,3
289999,454.15200000000004,3,2830.068,2,3
317000,560.832,3,1527.3528000000001,2.5,3
639000,655.32,4,3666.1344000000004,2.5,4
272500,429.76800000000003,3,2323.1856000000002,2,4
1015000,1103.376,3,1219.2,3.25,3
576000,347.47200000000004,3,1644.3960000000002,1,4
219000,323.088,3,2926.08,1.5,4
332500,313.944,3,2488.3872,1,4
334950,734.568,4,2391.4608000000003,2.5,3
489000,460.24800000000005,3,914.4000000000001,2,4
880000,1237.488,4,16065.0936,3.25,4
356000,435.86400000000003,2,111527.5392,1,3
212000,448.05600000000004,3,2545.08,1.75,3
535000,542.544,2,68509.59120000001,1.75,4
699000,905.2560000000001,5,11221.821600000001,2.75,4
423000,527.304,4,2208.2760000000003,1.75,4
390000,783.336,4,79863.0864,3,3
300000,371.856,2,23102.0112,1,4
286950,633.984,4,3001.0608,2.5,3
670000,371.856,3,1243.584,1.5,5
553500,259.08000000000004,2,713.2320000000001,1,3
240000,463.29600000000005,3,2926.08,1.75,3
510000,612.648,4,2766.06,2.5,4
445000,649.224,4,2194.56,2.25,3
259950,490.728,4,2026.92,2,3
147000,451.10400000000004,3,2927.9088,1.5,4
178500,341.37600000000003,3,3185.1600000000003,1.75,3
960000,527.304,3,1250.2896,2.5,3
449950,1063.752,4,2560.32,2.25,4
430000,752.856,4,15277.4904,2.75,3
249950,286.512,2,2600.5536,1,4
384000,707.1360000000001,6,1372.2096000000001,3,4
1225000,615.696,4,1767.8400000000001,2.25,4
583000,588.264,3,3103.7784,1.75,4
242000,295.656,3,2926.08,1,3
1365000,1618.488,4,17479.0608,4.75,4
785000,1005.84,4,3204.6672000000003,2.5,3
536000,877.8240000000001,4,2692.2984,2.5,3
354000,286.512,3,3160.1664,1,3
475000,670.5600000000001,4,4964.5824,2.75,3
672500,566.928,2,1810.5120000000002,1.75,5
292000,649.224,4,3382.3656,1.75,3
384000,301.752,3,224.33280000000002,2.25,3
715000,585.216,5,1981.2,1.75,3
260000,594.36,3,2926.08,2.25,4
205000,538.5816,4,1371.6000000000001,2.5,3
300000,637.032,3,2932.176,2.75,3
295000,405.384,3,2194.56,2.25,3
399950,716.2800000000001,4,1554.48,2.5,3
523950,432.81600000000003,3,390.7536,2.25,3
273000,557.784,3,2332.0248,2.25,3
539000,518.1600000000001,5,3574.3896,1,4
410000,411.48,2,1196.6448,2,3
275000,411.48,3,2377.44,1.5,3
342888,240.792,2,1569.72,1,4
765000,701.0400000000001,3,2972.4096,2.5,3
706000,880.8720000000001,5,4843.5768,2.5,3
600000,1091.184,3,4333.341600000001,2.75,4
879950,1066.8,4,4229.1,2.25,4
561000,521.208,3,1261.872,2.25,3
549900,420.624,3,923.8488000000001,1.5,4
275000,761.0856,3,1341.1200000000001,2.5,3
717550,865.6320000000001,3,1361.8464000000001,3.5,3
270000,396.24,3,585.216,2,3
898000,1075.944,3,2972.7144000000003,2.5,3
400000,475.488,3,2577.3888,1.75,5
429900,787.6032,4,1525.5240000000001,3.5,3
1020000,829.056,4,1463.04,3,5
1156000,1301.496,4,3750.5640000000003,3.5,3
415000,298.704,2,1252.1184,1,3
719950,667.5120000000001,3,736.3968,2.25,3
800000,576.072,3,3137.0016,1.75,4
280000,365.76,3,2841.3456,1,4
325000,350.52000000000004,2,216.71280000000002,2.25,3
585000,762,4,2133.6,1.75,3
378000,649.224,3,2561.5392,2.5,3
621000,618.744,4,3019.0440000000003,2.5,4
361500,667.5120000000001,4,2054.3520000000003,2.75,3
465000,390.144,3,1438.6560000000002,1.5,4
827000,563.88,3,405.384,2.5,3
1050000,670.5600000000001,3,600.456,2.5,3
625000,487.68,4,1676.4,1,4
430000,426.72,3,2288.4384,2.5,4
335000,475.488,3,2926.08,1.5,4
179000,545.592,4,2186.94,1.75,3
318000,307.848,3,2194.56,1,5
350000,688.8480000000001,4,4192.524,2.5,4
256000,451.10400000000004,3,2194.56,2.5,5
202000,432.81600000000003,3,2767.8888,1.5,4
345000,408.432,3,2846.5272,1,5
180000,445.00800000000004,5,3574.0848,1,3
345950,408.432,5,3413.1504,1,3
248000,707.1360000000001,4,2670.0480000000002,2.25,4
228000,609.6,4,1865.3760000000002,1.75,3
475000,451.10400000000004,3,4101.6936000000005,1.5,3
425000,512.0640000000001,4,2909.3160000000003,2.75,4
1625000,1344.1680000000001,4,2472.5376,3.75,3
1295000,1051.56,3,1630.68,2.75,4
220000,256.03200000000004,2,2743.2000000000003,1,5
477000,384.048,3,914.4000000000001,2.25,3
403950,216.40800000000002,2,346.25280000000004,1,4
475000,765.048,5,2453.6400000000003,2.5,4
716000,505.968,3,563.5752,3,3
289950,457.20000000000005,4,2560.32,1.75,3
230000,460.24800000000005,3,3227.2224,1.5,3
333000,640.08,4,2245.1568,2.5,3
253000,615.696,3,2000.7072,2.5,3
294950,795.528,4,4365.040800000001,2,4
423000,554.736,3,1840.3824000000002,1.75,4
631000,691.8960000000001,5,731.52,2,3
685000,697.9920000000001,4,1828.8000000000002,2,5
594950,999.744,5,1997.3544000000002,2.5,3
375000,231.64800000000002,2,1828.8000000000002,1,3
795000,588.264,3,2926.08,1.75,3
628000,688.8480000000001,4,1828.8000000000002,2,3
268500,640.08,4,1291.4376,2.5,3
558000,627.888,4,3157.1184000000003,2.25,4
529000,935.7360000000001,3,6735.4704,2.5,3
430000,1176.528,5,13025.0184,2.5,4
330000,569.976,3,1419.4536,2.5,3
565000,694.9440000000001,4,1402.6896000000002,2.5,3
921800,899.1600000000001,4,2140.9152,2.5,3
235000,457.20000000000005,5,2829.1536,1,5
1050000,1167.384,4,2539.2888000000003,3.25,3
275000,451.10400000000004,4,4572,2,4
1320000,646.176,4,1097.28,3,4
585000,969.264,5,12480.3408,3.5,3
900000,475.488,3,1165.8600000000001,1,3
199000,402.336,3,5300.472000000001,1.75,4
265000,341.98560000000003,3,1997.6592,1,3
460000,573.024,2,12367.26,2.5,3
875000,990.6,3,1828.8000000000002,3.5,3
380000,280.416,3,1076.5536,1,3
369000,737.616,4,1979.6760000000002,2.75,3
272950,478.536,3,2772.4608000000003,2.25,4
540000,377.952,2,1255.776,1.75,4
530000,603.504,3,2060.4480000000003,1.75,4
455000,826.008,4,1998.8784,2.5,3
340000,445.00800000000004,3,1741.932,2,3
511000,381,2,1649.8824000000002,1,4
2466350,1947.672,5,4017.264,4.75,3
449000,716.2800000000001,4,16596.36,1.75,4
235000,630.936,4,2208.2760000000003,1.5,4
729000,810.768,4,1709.3184,2.5,3
390000,293.2176,2,607.1616,1,3
322000,594.36,4,1387.7544,2.5,3
615000,509.016,3,1554.48,1.75,5
545000,530.352,3,389.8392,2.5,3
452000,298.704,2,1524,1,3
610000,792.48,4,9003.4872,3,3
337000,681.2280000000001,3,13277.088000000002,2.5,5
283500,381,3,1638.3000000000002,1.75,3
254000,505.968,3,2495.7024,2.25,4
515000,295.656,2,1005.84,1,4
415000,762,6,1584.96,2,3
440000,405.384,2,1494.4344,1.75,3
873000,829.056,3,16596.36,2.25,3
1326000,902.2080000000001,3,2538.984,2.25,4
305000,381,3,7217.664000000001,1,5
572000,563.88,3,6939.381600000001,1.75,5
620000,649.224,4,2785.5672,2.5,3
355000,441.96000000000004,2,2788.92,1,4
959000,1011.936,3,3619.5,2.5,5
535900,573.024,3,3316.224,2.25,3
212625,292.608,2,1524,1,3
399900,384.048,3,3886.2000000000003,1.75,3
565000,615.696,4,1310.64,3,3
375000,390.144,3,527.304,3.25,3
700000,283.464,2,1524,1,3
379900,667.5120000000001,3,1545.6408000000001,2.5,3
234900,381,3,2438.4,1,3
157500,335.28000000000003,3,8232.038400000001,1,3
580000,594.36,3,3240.9384,1.75,3
299800,399.288,2,857.7072000000001,1,3
500000,509.016,3,784.86,2.5,3
330000,438.91200000000003,2,3643.5792,1.5,4
595000,655.32,3,9521.342400000001,2.75,3
757500,1042.416,4,2086.356,2.5,3
287500,615.696,5,20712.0744,2,4
660000,1097.28,3,11576.9136,3.5,4
600000,463.29600000000005,3,548.64,3,3
353000,777.24,3,1835.2008,2.5,3
360000,539.496,2,2318.6136,2,4
425000,374.904,3,7169.5056,2.5,4
635000,640.08,4,1158.24,3,3
345000,234.696,2,916.8384000000001,1,4
383000,563.88,4,2532.888,2.5,3
925000,490.728,3,3290.6208,1.75,3
648000,734.568,5,3657.6000000000004,2.25,4
275000,655.32,4,1134.1608,2.5,3
220000,426.72,4,2176.272,2,3
725000,838.2,4,4251.96,2.5,4
660000,1139.952,5,4545.4824,2.25,4
490000,432.81600000000003,3,3364.992,1,4
672500,807.72,4,3385.7184,2.5,3
525000,524.256,3,2194.56,1.75,3
913000,661.416,3,1219.2,1.75,4
385000,310.896,3,1813.5600000000002,1,3
500000,883.9200000000001,4,1755.6480000000001,2.5,4
280000,310.896,3,675.7416000000001,2.5,3
900000,1283.208,6,1860.804,3.75,3
840000,1051.56,4,13172.2368,2.5,3
450000,536.448,2,693.4200000000001,1.75,3
463828,990.6,5,4176.3696,1.75,3
653000,393.192,2,1566.9768000000001,1.5,4
299000,701.0400000000001,4,2468.88,2.5,4
513000,655.32,3,49257.8136,2.5,3
860000,829.056,4,1170.432,2.75,3
580000,603.504,3,570.8904,2.5,3
775000,774.192,3,2194.56,2,4
448500,633.984,3,1194.816,2.5,3
302000,664.464,5,2381.4024,2.25,3
357000,725.4240000000001,4,2153.7168,2.5,4
205000,432.81600000000003,3,1524,1.5,3
204750,268.224,2,2308.86,1,4
312000,454.15200000000004,3,296.8752,2.25,3
411000,762,4,1602.3336000000002,2.75,3
458000,652.272,1,3154.6800000000003,2.25,3
1325000,1027.1760000000002,4,2414.016,3,3
840000,926.5920000000001,4,853.44,2.75,3
151000,219.45600000000002,2,1286.8656,1,4
510000,621.792,4,2682.2400000000002,1.5,4
925000,819.912,3,2133.6,2.5,5
264000,448.05600000000004,3,4517.4408,1.5,4
740000,1216.152,5,5759.805600000001,3.75,3
919204,1146.048,4,1524,3.5,3
660000,815.34,3,12469.368,2.25,3
300000,630.936,4,2278.6848,2.5,3
1025000,804.672,3,2438.4,1.75,4
380000,512.0640000000001,4,3390.2904000000003,1.5,3
750000,838.2,5,2286,3.25,3
350000,701.0400000000001,4,1402.0800000000002,2.25,4
577000,536.448,3,3923.9952000000003,1.75,4
799000,871.7280000000001,3,1353.9216000000001,2.5,3
375000,731.52,4,1828.8000000000002,2,3
809000,789.432,3,2353.056,2.5,3
350000,420.624,3,1097.28,2,3
925000,957.072,4,3181.1976,2,4
482500,496.824,4,2324.4048000000003,3,5
735000,691.8960000000001,4,1555.0896,2.25,5
715000,807.72,4,9296.4,2.5,4
585000,691.8960000000001,3,30646.116,2.5,3
970000,932.6880000000001,3,3032.76,2.25,4
557500,579.12,3,3403.092,1.75,4
594000,829.056,4,1406.0424,2.75,3
800000,530.352,2,1743.1512,1,3
1145000,758.952,3,1219.2,2.5,5
170000,246.888,2,2567.6352,1,4
453000,701.0400000000001,4,11440.0584,2.75,5
500000,438.91200000000003,4,2164.08,1,3
650000,320.04,2,774.8016,1,3
328950,777.24,4,2735.8848000000003,1.75,5
265000,591.312,4,2490.2160000000003,3,4
545000,408.432,3,2194.56,2,4
340000,595.5792,4,1464.564,2.5,3
198000,633.984,4,2194.56,1.75,4
290000,438.91200000000003,3,3429,1,3
345000,621.792,4,1683.4104,2.5,3
382500,362.71200000000005,2,1353.3120000000001,1,3
1195000,1207.008,4,2028.1392,3.5,3
201500,402.336,3,1524,1,3
309000,603.504,3,2668.5240000000003,2.25,4
260000,454.15200000000004,3,2469.4896000000003,2.5,4
162950,289.56,2,848.5632,1,4
580000,621.792,3,1463.04,2,4
275000,813.816,4,3063.2400000000002,2.25,4
595000,411.48,4,2472.8424,1.5,4
249900,633.984,3,3816.7056000000002,1.75,5
796000,1118.616,4,1511.808,3.5,3
760000,429.76800000000003,2,1097.28,1,4
398000,624.84,4,4487.8752,2.5,3
425000,646.176,4,4852.416,1.75,4
190000,411.48,3,2246.376,1.75,4
583000,548.64,3,3063.2400000000002,1.5,3
442000,414.528,4,1862.3280000000002,1.5,3
269000,368.808,3,2175.0528,2,3
310000,597.408,3,714.7560000000001,2.25,3
211000,429.76800000000003,3,14604.7968,1,3
267000,536.448,3,1974.1896000000002,2.5,4
720001,435.86400000000003,3,670.5600000000001,2.5,4
292000,475.488,3,835.152,2.5,3
199950,319.4304,1,1463.04,1.5,3
274000,441.96000000000004,3,1430.7312000000002,1.5,3
425000,402.336,3,2156.7648,1,4
540000,963.168,5,3065.9832,2.75,3
980000,728.472,3,1399.0320000000002,2.25,3
950000,850.392,4,4771.0344000000005,2.5,4
4500000,2023.872,5,12196.2672,5.5,3
720000,646.176,3,2833.7256,2.25,4
768000,981.456,3,16507.968,2.5,4
240000,408.432,3,2133.6,1,4
260000,451.10400000000004,3,2276.5512000000003,1,3
610000,627.888,3,2710.5864,2.5,3
412000,304.8,3,1171.6512,1,5
530000,819.912,4,14206.423200000001,2.5,3
335000,768.096,4,2196.0840000000003,2.5,3
1650000,1306.068,4,2916.0216,3.5,5
699000,835.152,3,5625.084,2.5,4
207000,463.29600000000005,3,777.24,2.5,3
787500,728.472,2,2111.6544,2.5,4
294900,566.928,3,1531.6200000000001,2.5,3
374000,347.47200000000004,2,1722.1200000000001,1,3
334000,704.0880000000001,4,1889.76,2.5,3
622500,697.9920000000001,3,4381.1952,2.5,3
420000,438.91200000000003,3,1713.8904,1,4
575000,627.888,4,3704.844,2.25,4
525000,530.352,3,716.2800000000001,2.5,3
333000,573.024,4,3011.424,1.75,4
430000,792.48,3,3919.728,2.75,3
719000,947.928,5,1868.7288,2,5
300000,836.3712,6,3025.4448,3,3
445000,816.864,4,5161.483200000001,2.75,4
325000,676.6560000000001,3,4882.896000000001,2.25,4
650000,768.096,3,1822.7040000000002,2,3
1112500,1097.28,6,1897.0752,4,3
289000,563.88,3,2910.84,2,3
722000,972.312,4,1648.3584,2.75,3
585000,691.8960000000001,4,8266.785600000001,1.75,5
330000,484.632,3,2870.3016000000002,1.75,4
430000,316.992,2,462.07680000000005,2.25,3
1275000,1133.856,4,2574.9504,1.75,4
700000,493.776,2,3003.804,1,3
270000,374.904,3,2286,1.5,3
2230000,1146.048,3,1717.2432000000001,3.5,3
500000,758.952,4,7156.0944,2.25,3
257000,530.352,3,1134.1608,2.5,3
325000,295.656,2,1524,2,3
318888,707.1360000000001,4,3657.6000000000004,1.75,4
705000,627.888,4,1828.8000000000002,2,4
439888,396.24,2,1985.7720000000002,2,3
266950,585.216,3,1463.9544,2.5,3
433000,521.208,4,2133.6,1,3
345000,353.56800000000004,2,2592.0192,1,4
350000,762,4,1827.276,2.75,3
650000,582.168,5,1422.5016,2,3
372500,472.44,3,3948.9888,1.75,3
315000,408.432,3,3901.44,1.75,3
279950,408.432,3,2195.1696,2.25,4
1100000,737.616,3,2194.56,2.25,3
359950,697.9920000000001,4,1458.468,3.25,3
790000,865.6320000000001,3,63066.168000000005,3,3
340000,615.696,4,9970.008,2.5,3
685000,713.2320000000001,4,1828.8000000000002,2,5
280000,624.84,4,2260.3968,2.5,3
546000,505.0536,2,1533.4488000000001,1,3
280000,399.288,3,6904.3296,1,3
365000,301.752,2,2811.1704,1,3
339950,813.816,4,2755.3920000000003,2.25,3
208000,368.808,3,2208.8856,1.5,4
437718,548.64,3,995.172,2.5,3
305000,686.1048000000001,4,3880.4088,1.75,4
700000,713.2320000000001,4,2773.6800000000003,1.75,3
326000,786.384,6,2457.9072,3,3
920000,789.432,3,67978.6296,2.75,3
315000,896.1120000000001,6,2240.28,2.75,3
950000,896.1120000000001,5,1676.4,2,4
419500,426.72,3,332.5368,1.5,3
425000,466.34400000000005,3,2987.04,1.75,5
759000,499.872,3,570.8904,2.25,3
1010000,1069.848,5,3331.464,3.25,3
440000,1124.712,5,10983.7728,1.75,3
535000,563.88,3,456.89520000000005,2.5,3
835000,902.2080000000001,3,2089.7088,2.5,3
250750,652.272,5,3675.2784,1.75,4
1475000,1121.664,5,3139.44,3.25,4
357000,838.2,5,3764.28,2.5,3
460000,423.672,2,1267.968,1.75,5
265000,496.824,3,3343.3512,2.25,3
550000,463.29600000000005,3,1712.3664,1.75,3
430000,612.648,4,4882.896000000001,2.5,5
425000,252.984,2,1837.9440000000002,1,4
255000,359.66400000000004,3,4160.52,1,4
228900,478.536,4,2674.6200000000003,1.5,3
675000,896.1120000000001,4,4288.8408,2.5,3
500000,512.0640000000001,4,1162.2024000000001,2,4
274000,557.784,3,767.1816,2.5,3
523000,810.768,4,19915.632,2.5,3
275000,393.192,3,3429,1,3
415000,460.24800000000005,2,2074.7736,1,3
226500,475.488,3,2133.6,2,4
190000,499.872,3,2468.88,1,3
469000,451.10400000000004,3,243.84,1.75,3
333500,371.856,3,2966.3136,1.75,3
555000,890.0160000000001,3,7036.308,3,3
291000,451.10400000000004,3,2194.56,2.25,3
575000,551.688,4,1341.1200000000001,2,3
875000,829.056,2,1497.4824,2.5,4
160000,408.432,3,5654.649600000001,1,4
635000,859.5360000000001,4,1219.2,1.5,3
316000,454.15200000000004,3,1242.9744,2.5,3
455000,271.272,3,1158.24,1.75,3
340000,1075.0296,4,2194.56,2.75,3
385000,530.352,3,1263.396,2.5,3
299000,353.56800000000004,2,1169.8224,1.5,3
215000,448.05600000000004,4,2133.6,2,4
440000,865.6320000000001,3,5136.1848,1.75,3
599380,387.096,3,2240.28,1.75,4
593500,1310.64,5,15363.444000000001,3.25,3
502500,740.664,5,1880.0064,2.5,3
850000,950.976,3,3781.3488,2.5,3
640000,530.352,3,601.98,3.5,3
258000,228.60000000000002,2,1997.3544000000002,2,3
260000,350.52000000000004,3,941.832,1,3
308000,615.696,4,2218.0296000000003,2.5,3
447500,359.66400000000004,2,637.032,2.25,3
305000,277.368,3,2440.8384,1,3
311850,576.072,4,1267.3584,2.5,3
820000,963.168,5,2438.4,2.5,4
616300,518.1600000000001,3,2560.32,2,3
399950,490.728,3,402.336,2.5,3
580000,262.128,2,1223.1624000000002,1,3
447000,548.64,3,936.9552,2.5,3
801501,685.8000000000001,4,4114.8,2.25,4
500000,1039.3680000000002,3,2852.9280000000003,2.75,4
472500,438.91200000000003,4,2601.7728,1.75,4
425000,576.072,3,2560.32,2.25,3
725000,1143,4,66600.6288,2.5,3
300000,402.336,3,2194.56,1,4
624000,1088.136,5,4464.7104,3.75,3
257000,469.392,3,2506.3704000000002,1.75,4
652000,518.1600000000001,3,1243.584,2,4
313100,810.768,4,2752.344,2.5,4
550000,298.704,2,938.784,1,3
540000,387.096,3,1170.432,1,3
441000,350.52000000000004,2,914.4000000000001,1,3
280000,240.792,2,4014.2160000000003,1,3
670000,685.8000000000001,4,1280.16,2,3
410988,304.8,3,4285.7928,1.75,4
545000,713.2320000000001,2,4078.224,1.5,4
850000,935.7360000000001,4,2179.32,3,3
1130000,722.3760000000001,4,2560.32,1.75,5
1565000,1636.776,4,98515.932,3.5,3
635000,798.576,3,2085.4416,2.5,3
865000,451.10400000000004,3,2488.0824000000002,1.75,3
430000,632.46,3,12055.7544,2.5,3
1255000,1069.848,4,3992.88,2.5,4
343000,673.6080000000001,3,2414.016,1.75,3
532000,688.8480000000001,3,624.84,3.75,3
779000,862.5840000000001,5,2358.5424000000003,2.25,4
407500,234.696,2,1833.9816,1,3
460000,569.976,4,2640.4824000000003,1.75,5
283000,557.784,3,2316.48,1.75,3
695000,792.48,3,67147.44,2.25,5
542500,533.4,4,3096.768,2.25,3
413100,545.592,3,70501.1544,2.25,3
515000,813.816,5,3584.7528,3,3
359500,972.312,6,1432.5600000000002,3.75,3
374950,774.192,4,2682.2400000000002,3,3
731500,807.72,4,1415.4912000000002,2.5,3
670000,783.336,3,3071.7744000000002,2,3
248000,667.5120000000001,5,5116.9824,1.75,3
399000,338.32800000000003,2,352.04400000000004,2,3
885000,877.8240000000001,3,3487.8264000000004,2.5,4
450000,225.55200000000002,2,1554.48,1,4
420000,402.336,4,1517.2944,1.75,4
360000,804.672,4,2251.8624,2.5,3
330000,640.08,5,2239.3656,1.75,3
570000,588.264,3,3331.1592,2,3
342000,588.264,3,3641.4456,2,4
367500,947.928,4,2204.0088,3,3
310000,307.848,3,3031.2360000000003,1,4
369950,463.29600000000005,3,1219.2,2,5
2900000,1539.24,4,6126.4800000000005,3.25,3
605000,505.968,3,515.7216000000001,2.5,3
416286,429.15840000000003,3,301.4472,2.5,3
650000,658.368,3,2743.2000000000003,1.5,4
256900,524.256,3,1204.2648000000002,2.5,3
495000,524.256,4,1649.8824000000002,2,3
555500,280.416,2,3048,1,4
610950,512.0640000000001,3,478.536,3,3
295000,463.29600000000005,3,1999.1832000000002,1.75,4
1350000,609.6,4,1136.2944,1.75,4
900000,1258.824,5,68907.9648,3.75,3
360000,612.648,4,3714.9024000000004,1.75,4
134000,298.704,2,1524,1.5,3
1157200,1786.1280000000002,4,16120.567200000001,4.25,4
589500,438.91200000000003,4,975.36,1.5,4
491300,533.4,3,3456.4320000000002,1.75,4
265000,591.312,4,2905.6584000000003,1,3
464950,716.2800000000001,4,11008.1568,2.25,4
575000,454.15200000000004,2,1828.8000000000002,1,3
620000,816.864,4,2799.588,2.5,3
592500,682.7520000000001,4,3667.3536000000004,2.5,3
245000,466.34400000000005,4,2194.56,1,3
297000,600.456,5,2622.804,2.5,4
480000,624.84,4,1207.008,2.75,4
655000,716.2800000000001,4,4084.9296000000004,3.5,3
432000,670.5600000000001,3,4549.14,2.75,3
325000,585.216,3,2091.5376,1,3
1680000,1702.0032,4,20804.7336,4.25,3
630000,835.152,4,13137.1848,2.5,3
384950,566.928,3,1124.712,2.5,3
365000,524.256,3,30454.396800000002,2.5,4
449950,661.416,3,1497.1776,2.5,3
310000,668.1216000000001,4,3696.6144000000004,2.25,3
610000,557.784,4,8872.728000000001,1.75,3
372500,359.66400000000004,3,3756.3552,1.5,3
399950,216.40800000000002,2,352.65360000000004,1,4
349000,435.86400000000003,3,305.4096,2.5,3
875000,1057.656,4,9786.8232,2.5,3
1485000,1228.344,4,3291.84,3.75,3
470000,460.24800000000005,3,2438.4,1.5,4
493000,618.744,4,5576.316000000001,1.75,4
250000,331.6224,2,414.528,1.5,3
499500,905.2560000000001,3,6677.2536,2.5,3
435000,399.288,3,2458.212,1.75,4
320000,1063.752,4,1524,2.5,3
245000,115.82400000000001,1,4572,0.75,3
489000,646.176,4,3498.7992000000004,2,4
440000,475.488,3,2196.6936,1.75,3
425000,268.224,2,1954.6824000000001,1,3
633634,902.2080000000001,4,1828.8000000000002,3.5,3
336500,451.10400000000004,3,2220.1632,1,3
240000,451.40880000000004,3,859.5360000000001,2.25,3
645000,563.88,3,5169.408,2.75,4
254000,633.984,5,4912.4616000000005,2,5
150000,399.288,3,2929.7376,1,3
652500,774.192,4,11788.749600000001,2.5,3
392000,1139.952,5,9900.2088,2.25,3
337000,445.00800000000004,3,286.8168,2.25,3
496000,274.32,2,2822.4480000000003,1,3
265000,310.896,3,2624.328,1,5
775000,1249.68,4,73554.9456,3.25,3
489900,637.032,4,1278.9408,2.5,3
480000,1103.376,4,4876.8,2.5,3
312000,883.9200000000001,5,2980.6392,4,4
465000,713.2320000000001,4,4079.1384000000003,2.25,3
449950,944.88,4,3048,2.5,3
265000,475.488,3,3197.0472,1.5,5
481000,697.9920000000001,3,4514.088000000001,2.75,5
775000,630.936,4,2582.5704,2.5,4
473000,576.072,3,3729.5328000000004,2.25,3
360000,673.6080000000001,4,5399.532,2.5,3
462000,865.6320000000001,5,3115.056,1.75,4
358000,381,3,2192.7312,1.5,4
458000,478.536,3,3717.3408000000004,1.5,4
412500,466.34400000000005,3,1920.24,1.75,3
969000,746.76,4,1524,2,5
230950,283.464,2,3878.2752,1,4
1776000,984.504,3,2377.44,3.25,3
679950,1097.28,5,2876.3976000000002,2.75,3
500000,911.3520000000001,3,65854.17360000001,2.25,3
540000,563.88,4,2392.6800000000003,2.5,3
800000,588.264,5,152819.40480000002,1.75,3
249950,402.336,3,3186.3792000000003,1.75,4
400000,716.2800000000001,6,1997.6592,2,3
311000,359.66400000000004,2,16861.8408,1.75,3
760000,1420.3680000000002,4,2181.4536000000003,2.5,3
419000,448.05600000000004,2,619.9632,2.5,4
635000,819.912,4,2194.56,3.25,3
417000,478.536,3,1501.4448,2.5,3
375000,710.1840000000001,4,3474.7200000000003,2.25,4
449950,853.44,4,2126.5896000000002,3,3
3168750,1319.784,5,3651.1992,3.5,3
524500,481.584,3,966.8256,1.5,4
825000,1252.728,4,4333.9512,3.25,4
480000,691.8960000000001,3,1367.9424000000001,2.5,3
735000,640.08,4,2426.208,1.75,3
1308000,975.36,5,2396.6424,2.5,5
1195000,1578.864,5,5975.9088,3.25,3
710500,621.792,3,1257.3,1.75,4
110000,195.072,1,3133.344,1,2
1769000,1658.112,4,11856.720000000001,3.5,3
517000,499.872,3,1412.748,2.25,3
505000,716.2800000000001,4,3822.192,2.25,3
315000,594.36,3,2931.5664,2.5,3
240000,463.29600000000005,3,3006.5472,2.5,3
450000,798.576,3,4296.4608,2.5,4
424000,347.47200000000004,3,1034.796,1.75,5
569000,655.32,3,2456.688,2.5,3
703011,417.576,2,1805.0256000000002,1,3
299900,368.808,3,623.6208,2.5,3
340000,819.912,3,2614.2696,2.5,3
440000,451.10400000000004,4,2304.288,1,3
375000,535.5336,4,5903.976000000001,2,5
795000,880.8720000000001,4,4997.805600000001,2.75,3
363500,664.464,4,2957.1696,1.75,5
355000,365.76,3,4876.8,1,3
575000,548.64,3,1524,2,5
677500,713.2320000000001,5,1441.7040000000002,1,3
268000,560.832,4,2289.0480000000002,3,5
360000,460.24800000000005,3,1828.8000000000002,1.75,3
817000,704.0880000000001,3,1024.1280000000002,1.5,3
476000,496.824,3,935.7360000000001,2.25,3
350000,728.472,4,3963.0096000000003,2.25,3
549000,685.8000000000001,3,2814.828,2.5,3
240000,749.808,5,4876.8,1.75,3
630000,981.456,4,4408.3224,2.5,3
650000,579.12,2,1356.3600000000001,1.5,5
395000,594.36,4,3114.7512,1.75,3
480000,664.464,4,3223.26,2,2
512500,688.8480000000001,3,731.52,3,3
520000,789.432,3,2823.3624,2.25,5
799000,765.048,4,3531.108,2.25,4
399000,240.792,2,1219.2,1,3
206990,405.384,3,2932.176,1,5
703770,777.24,4,3937.4064000000003,2.25,3
488000,762,4,3319.2720000000004,2.25,5
440000,716.2800000000001,4,2195.4744,2.5,3
751000,1030.2240000000002,3,2904.1344000000004,2.5,3
530000,682.7520000000001,4,2553.0048,2.25,3
740000,826.008,3,5632.704000000001,2.5,3
440000,490.728,3,1676.4,1,3
418395,885.7488000000001,4,1796.1864,2.5,3
475999,573.024,4,1272.54,1.75,3
272000,740.664,3,3200.4,3,4
290000,536.448,3,2011.68,2,3
560000,466.34400000000005,3,544.3728,3.25,3
903000,347.47200000000004,2,2377.44,1.5,4
250000,448.05600000000004,3,847.6488,2,3
258000,316.992,3,1722.1200000000001,1.75,5
690000,835.152,4,2474.976,2.5,3
326995,566.928,3,1621.8408000000002,2.5,3
2750000,1258.824,4,1699.26,4,4
725786,935.7360000000001,4,1756.2576000000001,2.5,3
368500,771.144,5,2316.7848,2.75,3
654000,783.336,3,1676.4,2.5,4
365000,885.4440000000001,4,1485.5952,2.5,3
410000,740.664,4,2207.6664,3,3
216000,307.848,3,2414.016,1,3
338000,731.52,3,2503.9320000000002,1.5,3
430000,192.024,1,415.1376,1,3
525000,621.792,3,132770.88,2.25,4
199999,292.608,3,3296.4120000000003,1,5
705000,886.9680000000001,4,6384.3408,2.5,4
865950,1490.472,5,3669.4872,3.5,3
960000,1133.856,4,2360.9808000000003,4.5,3
608000,731.52,4,2340.864,3,3
344000,231.64800000000002,1,237.4392,1.5,3
626000,783.336,4,2200.9608000000003,2.5,4
350000,621.792,3,4142.232,2.5,3
425000,307.848,3,1787.3472000000002,1,3
666000,652.272,3,874.1664000000001,2.5,3
239950,325.5264,2,442.56960000000004,1.5,3
1905000,1283.208,4,5658.3072,3.5,3
338000,448.05600000000004,2,1696.5168,1,4
630000,883.9200000000001,3,14206.423200000001,2.5,3
329999,1024.1280000000002,3,12573,2.75,4
380000,512.0640000000001,5,987.552,2,3
970000,1444.7520000000002,4,23234.904000000002,3.25,3
1965000,1200.912,5,4187.3424,3.75,4
515000,505.968,3,1554.48,1.5,4
259950,326.136,2,197.8152,2,3
622000,472.44,3,584.9112,2.25,3
451000,384.048,4,2209.8,1.75,3
967000,566.928,4,1327.7088,3.25,3
568000,835.152,3,6857.6952,2.5,3
284950,609.6,4,2065.9344,1.5,4
537100,746.76,3,2149.1448,2.5,3
798500,594.36,3,558.6984,3,3
1070000,1085.088,6,6522.72,3.25,4
399950,978.408,4,12706.807200000001,2.75,4
667750,435.86400000000003,4,1243.584,1,3
651100,704.0880000000001,4,1684.3248,2.5,3
427200,313.944,3,2560.32,1,4
480000,710.1840000000001,4,4325.112,2.25,3
1206500,960.12,3,1682.496,2.75,4
315000,192.024,2,1996.44,1,3
425000,384.048,4,2330.196,1,3
359900,792.48,4,1581.3024,2.5,3
510000,792.48,4,36169.3968,2.5,3
435000,582.168,4,2560.32,2.25,3
449000,475.488,4,1591.056,2,3
520000,460.24800000000005,3,1146.048,2,5
1200000,1197.864,4,13277.088000000002,3.5,3
260000,430.68240000000003,3,1037.2344,2.25,3
365000,341.37600000000003,3,2573.4264000000003,1,3
186375,304.8,3,2327.4528,1,2
640000,704.0880000000001,4,9707.880000000001,2,4
431000,496.824,3,2743.2000000000003,1.75,4
478000,926.5920000000001,3,1382.268,2.5,3
750000,731.52,3,2360.676,2.5,3
475000,249.936,2,829.9704,1,3
295000,670.5600000000001,2,27218.0304,1.75,3
215000,353.56800000000004,3,3165.0432,1,4
270000,307.848,3,2899.8672,1,3
619000,829.056,3,1962.6072000000001,2.5,3
256500,341.37600000000003,2,3021.1776,1,4
555000,929.6400000000001,3,48328.4784,2.5,4
405000,603.504,3,2468.88,1.75,4
266200,435.86400000000003,3,2926.08,1.5,4
1989000,877.8240000000001,3,4114.8,2.5,5
330000,435.86400000000003,3,2702.052,1.75,3
455000,399.288,2,3717.3408000000004,1.5,3
750000,1033.2720000000002,3,3071.7744000000002,3.5,3
325000,256.03200000000004,2,1292.0472,1,3
874150,1075.944,4,4390.9488,3.5,3
615000,649.224,5,1274.064,2,5
899000,451.10400000000004,3,2126.8944,1,4
405000,429.76800000000003,3,2454.5544,1,4
235000,478.536,4,2869.692,2,4
320000,609.6,4,3063.5448,2.5,3
289659,688.8480000000001,4,2194.56,2.25,4
528000,256.03200000000004,2,12387.6816,0.75,4
765000,874.7760000000001,5,1737.3600000000001,3,3
963000,1075.944,4,2617.9272,3.25,3
525000,353.56800000000004,2,444.39840000000004,2.5,3
600000,765.048,2,4534.8144,2.5,3
411000,722.3760000000001,4,23367.492000000002,2,4
475000,621.792,4,2212.848,2.5,4
570000,499.872,3,855.8784,2,4
245000,792.48,4,1947.672,2.25,3
440000,441.96000000000004,3,2081.4792,1.75,3
575000,856.488,4,2176.272,1.5,3
675000,652.272,2,1524,1.75,3
561600,716.2800000000001,4,2018.9952,2.5,3
805000,472.44,2,1828.8000000000002,1.75,3
335000,627.888,3,14422.5264,2.25,4
748000,966.216,4,1517.5992,2.5,4
430000,301.752,2,1499.616,1,3
1085500,917.4480000000001,4,3300.9840000000004,2.75,4
555700,551.688,3,3785.616,2,4
451000,624.84,3,1486.2048,2.5,3
210000,362.71200000000005,2,2307.3360000000002,2,3
445000,597.408,4,2194.56,3.25,3
469950,536.448,3,541.9344,3.25,3
535000,505.968,3,1554.48,1,3
317500,655.32,4,2743.2000000000003,2.5,4
290000,327.9648,2,323.088,1.5,3
225000,414.528,2,820.8264,2.5,3
385000,658.368,3,1787.0424,1.75,4
800000,320.04,2,2667,1,4
260000,408.432,3,2438.4,1.75,3
738950,688.8480000000001,4,3659.1240000000003,2.75,4
585000,780.288,5,4409.5416000000005,2,3
299500,612.648,4,3683.5080000000003,2.5,3
513000,457.20000000000005,3,399.8976,2.25,3
349500,384.048,3,2172.6144,1.75,4
237000,548.64,3,2809.0368000000003,1.5,4
230000,268.224,3,2286,1,3
800000,841.248,3,2886.7608,2.5,3
338150,822.96,4,2615.184,2.25,3
434900,463.29600000000005,3,1536.192,2,3
250000,347.47200000000004,3,3401.8728,2,4
154000,316.992,2,6255.715200000001,1,3
260000,402.336,3,2971.8,1.5,3
309950,460.24800000000005,2,3000.1464,1.5,4
420000,402.336,3,1676.4,1,3
325000,637.032,4,2816.3520000000003,2.75,4
180000,405.384,3,4876.8,1.75,3
229950,609.6,5,1793.748,2.75,3
160000,463.29600000000005,4,2224.4304,1,3
390000,783.336,4,6771.1320000000005,2.5,5
1260000,905.2560000000001,4,1645.92,2,4
1258000,1328.928,4,1828.8000000000002,3.25,3
535000,597.408,3,14339.0112,2.5,4
213000,228.60000000000002,2,1855.9272,1,3
270000,823.2648,4,1774.2408,2.5,3
424000,481.584,3,4240.3776,1,4
255000,579.12,3,4912.4616000000005,2.75,4
700000,353.56800000000004,2,5375.148,1,3
410000,505.968,3,1824.8376,1.75,3
480000,536.448,5,6572.0976,2,3
319950,460.24800000000005,3,379.476,3.25,3
240000,411.48,3,2304.288,1,4
936000,1554.48,7,6645.2496,3.75,3
943500,722.3760000000001,3,3319.2720000000004,2.25,4
568000,707.1360000000001,3,17392.8024,2.5,4
598500,475.488,3,637.3368,3,3
305000,594.36,4,2346.96,2.25,3
950000,1228.344,4,1280.16,3.5,3
235000,505.968,3,2663.3424,1.5,4
329000,286.512,2,2346.96,1,4
490000,911.3520000000001,5,2194.56,2.75,3
488000,664.464,3,4490.9232,1.75,3
645000,844.296,2,3622.2432000000003,2.25,4
387500,972.312,4,3004.1088,2.5,3
650000,655.32,3,6472.428,2.25,4
320000,451.10400000000004,3,363.32160000000005,3.25,3
565000,780.288,3,2450.592,2.25,3
869950,957.072,4,2416.4544,2.75,3
250000,505.968,3,2331.7200000000003,1,3
557000,810.768,4,3448.8120000000004,1.75,4
677000,859.5360000000001,4,1272.2352,2.5,3
895000,1060.704,4,11882.628,2.5,3
309000,554.736,3,2481.6816000000003,1,3
350000,454.15200000000004,3,3152.8512,1.75,3
209000,326.136,2,1865.3760000000002,1,3
825000,978.408,4,5761.0248,2.5,3
349950,320.04,2,1925.4216000000001,1,4
185000,204.216,2,2057.4,1,4
271900,441.96000000000004,3,2673.4008000000003,2,4
239975,554.736,3,2207.3616,2.5,3
429000,307.848,2,1524,1,2
485000,807.72,3,3764.28,2.75,4
293467,484.632,4,287.1216,2,3
200000,585.216,4,1469.7456,2,2
532500,249.936,2,914.4000000000001,1,4
510000,512.0640000000001,3,2462.784,2,3
280500,493.776,3,2306.1168000000002,2.25,3
649950,743.712,4,918.0576000000001,3.5,3
285000,600.456,4,2194.56,2.25,3
455000,460.24800000000005,5,914.4000000000001,2,3
207000,359.66400000000004,3,6484.62,1.75,4
1770000,786.384,3,4450.9944000000005,2.5,4
453000,487.68,3,2204.3136,1.75,3
910000,1075.944,4,15002.865600000001,2.5,4
500000,646.176,4,2379.2688000000003,2,4
450000,908.3040000000001,4,4041.648,2.75,4
625000,728.472,4,2127.1992,2.75,3
603500,652.272,3,2218.944,1.75,3
580000,600.456,3,1554.48,1.75,3
692000,716.2800000000001,4,2980.6392,2.5,3
240000,387.096,3,3881.0184000000004,1,3
325000,527.304,5,3210.1536,2,4
483000,640.08,3,13277.088000000002,2.25,4
289000,626.6688,2,15951.0984,1.75,4
720000,859.5360000000001,3,4343.400000000001,2.5,3
386000,856.488,4,2609.088,2.25,3
660000,969.264,4,4161.4344,2.25,3
1211000,1045.464,4,10704.576000000001,2.5,3
1199500,987.552,4,3975.8112,2.5,4
427000,445.00800000000004,4,2971.8,1.75,4
320000,597.408,3,3636.5688,1.75,3
212000,307.848,3,3048,1.5,4
195000,365.76,3,2377.44,1.5,4
640000,691.8960000000001,3,1577.3400000000001,3,3
382000,265.176,2,3197.9616,1,3
402000,597.408,3,2438.4,2.5,4
316000,646.176,4,14073.530400000001,1.5,3
1346400,1030.2240000000002,5,6102.4008,1.75,4
394475,252.984,2,1219.2,1,3
363750,526.0848,3,60144.9648,1.75,4
494000,637.032,4,1310.64,1.75,4
625000,627.888,3,3827.6784000000002,1.75,4
347000,813.816,4,3055.9248000000002,1.5,3
735000,865.6320000000001,4,1255.776,3,4
538888,633.984,5,4020.0072,2.75,3
589500,801.624,4,1928.1648,2.5,3
270000,579.12,4,2621.28,2.25,4
1339000,1295.4,4,5909.1576000000005,2.5,4
489950,554.736,3,2232.9648,2.25,3
205000,292.608,3,2229.3072,1,5
395000,457.20000000000005,3,1219.2,1,3
780000,1191.768,4,18246.2424,3.5,4
483000,377.952,2,914.4000000000001,1.75,3
400000,664.464,3,2288.4384,2.5,4
710000,743.712,3,1265.8344,2.5,3
952500,777.24,4,1540.7640000000001,1.5,4
185000,484.632,5,2042.16,1,3
512031,469.392,3,914.4000000000001,1.75,3
3300000,2444.496,5,6625.7424,6.25,3
835000,1502.664,4,7837.627200000001,4.25,3
330000,676.6560000000001,3,1237.488,2.25,3
300000,554.736,4,1528.5720000000001,1.75,4
710000,874.7760000000001,4,2741.676,2.5,5
958000,548.64,4,1950.72,3.5,3
2920000,1394.46,4,7341.108,4.75,5
500000,536.448,3,3641.1408,2.25,3
430000,411.48,2,1220.1144000000002,1.75,3
334999,502.92,3,4211.1168,2.5,3
1085000,780.288,3,1219.2,1.5,5
403504,323.088,4,1752.6000000000001,1,3
335000,505.968,2,3485.9976,1.75,3
518000,780.288,4,1728.8256000000001,2.5,3
775000,835.152,4,1889.76,2.75,4
269950,530.352,3,2909.9256,1.5,4
580000,947.928,5,4810.6584,2.5,3
401500,459.94320000000005,3,339.54720000000003,2.5,3
569950,984.504,4,1798.0152,2.5,3
300000,399.288,3,3003.804,2,3
535000,405.384,3,12270.943200000002,1,4
624000,469.392,4,1261.872,3,5
455000,1057.656,5,8599.017600000001,2.25,4
357000,749.808,3,16423.2336,2,3
310000,313.944,4,1752.6000000000001,1,3
207000,445.00800000000004,3,3383.28,1.5,3
420000,374.904,3,3049.5240000000003,1.75,4
465000,929.6400000000001,4,9890.76,2.5,4
690000,600.456,4,1399.0320000000002,1.5,3
750000,640.08,4,2015.6424000000002,1.75,3
315000,313.944,2,2613.9648,1,5
368000,762,4,11247.12,2,3
395000,597.408,4,2421.636,1.75,4
962000,1018.032,4,1737.3600000000001,2.75,3
118000,204.216,1,2425.2936,1,4
497000,441.96000000000004,3,422.7576,2.25,3
299000,716.2800000000001,4,2120.7984,2.5,3
397380,313.944,2,1545.9456,1,3
134000,387.096,3,2593.2384,1,4
225000,286.512,2,4572,1,3
415000,822.96,4,4498.848,1.5,5
580500,707.1360000000001,3,1213.104,2.5,3
380000,341.37600000000003,2,237.744,2,3
1150000,1444.7520000000002,4,14962.936800000001,3.25,3
402300,451.10400000000004,3,1234.44,1.75,3
349950,432.81600000000003,4,2048.2560000000003,1.5,3
790000,969.264,4,3678.936,3,4
417000,609.6,3,1371.6000000000001,2.5,3
230000,457.20000000000005,3,3540.5568000000003,1.5,3
1565000,1591.056,5,20518.8312,4.5,3
580000,454.15200000000004,3,261.2136,3.25,3
440000,438.91200000000003,3,1656.2832,2.5,3
331000,396.24,3,2767.2792,1.75,3
525000,252.984,1,975.36,1,3
575000,691.8960000000001,3,3089.4528,1.75,3
465000,551.688,4,6598.92,1.75,4
315000,451.10400000000004,3,299.6184,3.25,3
409950,545.592,5,3139.44,2.25,3
862500,981.456,4,1341.1200000000001,2.5,3
543000,286.512,2,1177.7472,1,4
353750,521.208,4,2282.952,2,3
334950,667.5120000000001,4,2133.6,2.5,3
650000,1216.152,5,3084.576,3.5,3
510000,563.88,3,2926.08,2,3
365000,580.3392,4,2499.36,2.5,5
682000,1097.28,4,62003.94,2.5,3
338500,219.45600000000002,2,1844.0400000000002,1,2
220000,435.86400000000003,3,2756.6112000000003,2.5,3
340000,969.264,3,8408.212800000001,1,3
315000,368.808,4,1295.4,2,4
265000,481.584,5,1613.0016,1.75,3
285000,560.832,3,1894.0272,2.25,4
883000,853.44,4,2095.1952,2.5,3
1000000,969.264,4,3818.5344,3.5,4
353000,670.5600000000001,4,81786.6792,2.75,3
462000,627.888,4,2120.7984,2.5,3
300000,880.8720000000001,4,5287.9752,2.5,3
433000,387.096,3,323.6976,2.5,3
475000,548.64,4,2194.56,2.25,3
715000,844.296,3,12048.4392,2.5,3
525000,755.904,5,3132.4296,3.25,5
370350,408.432,3,356.00640000000004,3.5,3
525000,667.5120000000001,3,10524.1344,2.5,3
729999,1097.28,6,1862.3280000000002,4.5,3
325000,509.016,2,3268.98,1.75,3
360000,451.10400000000004,3,1173.7848000000001,2.5,3
525000,798.576,4,30138.9288,2.25,3
545000,664.464,4,2584.704,2.75,4
687015,448.05600000000004,3,266.0904,1.75,3
282000,473.0496,3,1097.28,2.25,3
490000,865.6320000000001,3,32661.4536,2.25,4
329950,347.47200000000004,2,1600.2,1,4
295000,618.744,3,1483.4616,2.5,3
415000,530.352,3,2757.2208,1.5,3
382000,429.76800000000003,3,381.9144,3.25,3
674725,822.96,4,3096.768,2.5,3
966000,1161.288,5,2444.1912,4.5,3
335000,655.32,3,9289.0848,2.25,3
1170000,880.8720000000001,3,3697.224,2.75,4
648475,685.8000000000001,4,1737.3600000000001,2.75,3
453500,609.6,4,1838.5536000000002,1.75,3
764000,850.392,4,2419.5024000000003,2.5,3
545500,475.488,3,2853.2328,2.5,4
415000,387.096,3,1463.04,1.75,3
335000,618.744,4,31599.2256,2,4
703000,414.528,3,1822.7040000000002,2,3
620000,1097.28,6,2095.5,3.5,3
517000,585.216,2,1038.7584000000002,1.5,4
470000,725.4240000000001,4,5242.2552000000005,2.25,3
364500,323.088,3,2897.4288,1,3
375000,463.29600000000005,3,3291.2304000000004,1,3
498000,755.904,3,1260.6528,2.5,3
503000,640.08,4,2240.28,2.75,5
715000,722.3760000000001,4,3048,2.5,5
3100000,1551.432,5,7214.3112,5.25,3
265000,560.832,3,2057.4,2.25,4
605000,563.88,3,2689.2504000000004,1.75,4
370000,667.5120000000001,4,5364.4800000000005,2.5,4
375000,707.1360000000001,3,1755.6480000000001,2.5,3
221000,435.86400000000003,3,1828.4952,2.25,3
675000,685.8000000000001,3,1260.0432,2.5,3
688000,1219.2,4,2837.3832,4,3
439950,368.808,2,914.4000000000001,1.75,5
420000,615.696,3,6403.848,2.25,3
310000,722.3760000000001,3,2058.0096000000003,2.5,3
537000,475.488,4,2165.2992,2,3
450000,664.464,3,1288.0848,2.5,3
240000,621.792,4,3609.1368,2.5,3
255000,600.456,5,2720.34,1.75,5
1025000,1539.24,5,5029.2,3.5,3
850000,426.72,3,3017.52,1.75,3
989990,1167.384,4,2179.32,3.5,3
735000,725.4240000000001,4,1737.3600000000001,1.75,4
500000,326.136,3,1402.0800000000002,1,3
600000,637.032,4,13940.9424,2.25,3
203000,329.184,2,2763.6216,1,3
379500,338.32800000000003,3,2172.6144,1,3
495000,551.688,5,3415.284,1,3
600000,911.3520000000001,4,1561.1856,2.5,3
400375,515.1120000000001,4,2340.864,1.75,5
536000,768.096,4,1472.4888,2.5,3
436000,760.476,4,1752.9048,2.5,3
510000,627.888,3,17782.3368,1.75,3
371000,490.728,4,3445.764,1.75,3
324900,612.648,4,2218.944,2.25,4
535000,643.128,3,2488.3872,2.5,3
160000,469.392,4,2240.28,1,4
729000,934.2120000000001,4,1658.112,3.5,3
252000,466.34400000000005,3,2884.9320000000002,1,4
340000,807.72,3,2248.8144,1.75,3
592000,701.0400000000001,4,3403.092,2.5,4
485000,594.36,3,3072.384,1.75,4
610000,368.808,2,225.55200000000002,2,3
815000,1039.3680000000002,5,10831.372800000001,2.25,3
286300,609.6,3,1952.2440000000001,2.75,3
243000,451.10400000000004,3,4698.7968,1,4
411500,344.42400000000004,3,2486.8632000000002,1,4
477500,566.928,4,2854.1472000000003,1.75,3
570000,518.1600000000001,3,1447.8000000000002,1,4
622000,502.92,3,960.12,1.5,4
629950,512.0640000000001,3,493.776,2.5,3
235000,414.528,4,2173.8336,1,3
852000,676.6560000000001,4,1093.6224,1,4
486000,688.8480000000001,4,2236.0128,3,4
239950,438.91200000000003,3,2194.56,1.75,3
312500,658.368,4,2668.5240000000003,2.5,3
330000,381,3,2468.88,1.75,3
419600,512.0640000000001,3,2578.608,1.75,3
400000,633.984,3,2400.9096,2.5,3
688000,685.8000000000001,5,4122.7248,1.75,3
990000,801.624,3,3931.6152,2.25,4
653000,853.44,3,5273.04,2.25,4
1135000,1027.1760000000002,4,2469.7944,2.75,3
136500,432.81600000000003,3,2615.184,1.5,3
230000,423.672,3,4876.8,1,4
530000,633.984,2,3439.668,2.25,4
1185000,841.248,3,12480.3408,2.25,5
1550000,1359.4080000000001,3,7933.029600000001,2.5,3
550000,420.624,3,1036.9296000000002,1.75,3
640000,652.272,3,2720.34,2.5,3
480000,454.15200000000004,2,2063.496,2.25,3
561500,597.408,3,1944.624,1.75,4
699900,667.5120000000001,4,3505.2000000000003,2.5,4
1636000,947.928,3,2061.972,2.5,4
498000,493.776,3,2560.32,2,3
675000,883.9200000000001,4,1677.924,2.5,3
1600000,966.216,3,1524,2.25,5
640000,762,4,2260.7016000000003,2.5,3
280000,417.576,3,3368.04,1,3
258000,423.672,3,2194.56,2,3
499900,664.464,4,3717.3408000000004,3,4
580000,978.408,4,2080.26,2.75,5
215000,359.66400000000004,3,2743.2000000000003,1,4
364500,530.352,3,2567.6352,1.75,5
320000,335.28000000000003,4,3603.9552000000003,1.5,4
1400000,1231.392,4,2935.224,2.5,4
250000,237.744,1,314.8584,1,3
885000,400.2024,2,1097.28,2,3
335000,658.368,4,2687.4216,2.25,3
399963,798.576,4,1234.44,2.5,3
686000,841.248,4,1962.912,2.5,3
630000,414.528,3,3962.4,1,5
812500,838.2,4,3096.4632,2.5,3
279000,466.34400000000005,3,4869.18,1,3
312000,576.072,4,2548.7376,2,3
2900000,1395.9840000000002,4,1474.6224,3.25,4
722500,792.48,4,1554.48,3.5,3
565000,573.024,3,3769.7664,2.5,4
392000,713.2320000000001,5,1728.2160000000001,2.5,3
704000,765.048,4,3810,2.75,5
1928000,1304.544,4,6186.2208,3.25,4
310000,204.216,1,1499.616,1,3
300000,527.304,3,3057.1440000000002,2.25,4
546200,816.2544,3,2013.8136000000002,2.5,3
465000,484.632,3,402.9456,1.75,3
473600,542.544,4,2560.32,1.5,3
310000,316.992,2,25359.055200000003,1.5,4
720000,481.584,2,670.2552000000001,1,3
260000,557.784,4,1638.3000000000002,1.75,2
555000,524.256,4,701.0400000000001,2.25,3
353000,649.224,5,1524,2.75,5
258950,438.91200000000003,3,2453.6400000000003,1.75,3
261950,573.024,3,1524,2.5,3
195000,326.136,3,6854.6472,1,3
248500,414.528,3,2222.9064000000003,2.5,3
580000,445.00800000000004,3,853.44,1.75,3
1680000,1758.6960000000001,6,5104.4856,4.75,3
800000,1505.712,4,3059.2776000000003,2.5,3
530000,472.44,3,375.8184,3.5,3
196000,304.8,3,5659.526400000001,1.5,3
1389000,954.024,4,1188.72,3.5,3
531000,582.168,3,2557.272,2.25,3
862000,676.6560000000001,4,1280.16,2.25,5
450000,539.496,3,5244.9984,1.5,3
600000,719.3280000000001,4,1592.8848,2.5,3
1220000,1072.896,4,1202.1312,3.75,5
359950,426.72,3,1517.904,1,3
1875000,1770.8880000000001,4,2267.712,5,3
1040000,1453.8960000000002,5,15268.6512,3.25,4
465000,335.28000000000003,3,44345.352,1,4
470000,768.096,4,2951.6832,2.5,3
232000,423.672,3,3456.4320000000002,1.5,4
285000,655.32,4,2514.6,2.25,4
392440,776.3256,4,1463.04,2.5,3
419950,655.32,3,1207.6176,3,3
420000,633.984,3,1524,1.5,3
925500,600.456,3,1584.96,2.75,3
303000,408.432,3,266.0904,2.25,3
310000,377.952,3,2192.7312,1,3
358500,609.6,3,2455.7736,2.5,3
925000,1149.096,4,3980.0784000000003,4.25,4
526000,472.44,2,731.52,2,4
306000,371.856,3,331.0128,1.5,3
420000,554.736,3,6803.136,1.75,3
435000,603.504,3,815.0352,2,3
322500,554.736,4,2058.3144,2.5,3
875000,548.64,4,989.076,1.5,4
790000,722.3760000000001,3,3136.0872,2.25,4
579000,484.632,3,1645.92,1,3
360000,670.5600000000001,3,2438.4,2.25,3
2575000,999.744,4,1158.24,3.5,3
2400000,1112.52,4,2546.2992,2.5,3
310000,262.128,2,3706.3680000000004,1,4
373000,911.3520000000001,3,2063.8008,2.5,3
762500,1002.792,5,1792.2240000000002,3.5,3
565000,618.744,4,2240.28,1.75,3
202500,460.24800000000005,3,3016.9104,1.5,3
716500,1002.792,4,1970.5320000000002,2.5,3
842500,658.368,4,1614.8304,2.5,4
542000,579.12,4,2514.6,1.75,4
400000,688.8480000000001,3,3445.764,2,3
570000,886.9680000000001,3,11418.1128,1.75,4
470000,694.9440000000001,3,1869.6432000000002,2.5,3
498688,582.168,3,1706.88,2.5,3
595000,1027.1760000000002,3,4389.729600000001,2.5,3
439108,344.42400000000004,2,408.432,1.5,3
220000,536.448,5,3108.96,2.5,3
315000,481.584,4,1149.096,2.75,3
270000,487.68,4,3023.9208000000003,2.5,3
590000,911.3520000000001,4,3953.2560000000003,2,4
239950,390.144,2,1676.4,1,3
1125000,938.784,5,4082.4912000000004,3.25,4
284000,557.784,4,1938.528,2.5,3
569000,685.8000000000001,4,12706.502400000001,2.25,3
445000,502.92,4,1828.8000000000002,2,5
380000,237.744,2,1191.768,1,3
255500,438.91200000000003,2,13277.088000000002,1,4
346290,819.912,4,2816.3520000000003,2.75,3
278000,731.52,4,2358.5424000000003,2.25,3
525000,377.952,3,1463.04,1,3
496000,941.832,3,8411.8704,3.5,4
550000,518.1600000000001,3,451.40880000000004,2.25,3
556000,679.7040000000001,4,2194.56,2.5,4
244000,411.48,3,2617.3176000000003,2,3
356000,752.856,4,1546.5552,2.5,3
375000,673.6080000000001,4,2873.3496,2.5,3
585000,865.6320000000001,4,3366.2112,2.5,3
737500,707.1360000000001,3,3322.32,1.75,3
635000,752.856,4,23637.24,2.5,4
375500,701.3448000000001,4,1966.5696,2.5,3
210000,463.29600000000005,2,1432.5600000000002,1,4
1250000,1524,5,10030.6632,5,3
765000,661.416,2,2057.4,2.5,3
730000,566.928,2,1036.3200000000002,1,3
330000,682.7520000000001,4,2313.1272,2.5,3
222900,338.32800000000003,2,1954.0728000000001,1,3
550285,512.0640000000001,2,1371.6000000000001,1.75,3
165000,237.744,2,1944.624,1,3
1310000,1203.96,2,1200.3024,2.25,3
440000,664.464,4,3108.96,1.75,3
762500,954.024,4,12613.233600000001,2.25,3
756000,1085.088,3,2528.9256,2.5,4
542000,469.392,4,1524,1,4
750000,859.5360000000001,4,2926.6896,2.25,3
490000,536.448,2,1600.2,1,4
587500,762,4,6360.566400000001,1.75,3
335000,963.168,4,6018.276000000001,1.5,4
280000,518.1600000000001,3,2197.608,2.25,4
295000,502.92,4,2194.56,2,3
680000,743.712,5,4820.412,3.25,3
135000,445.00800000000004,4,5668.9752,1,3
780000,591.312,5,1463.04,1.5,3
845000,1021.08,4,5939.6376,3.5,3
464000,957.072,4,3837.7368,2.5,3
425000,548.64,3,4278.1728,2.5,3
420200,402.336,3,2218.944,1.75,3
658000,393.192,3,3659.1240000000003,1,4
505000,304.8,2,1414.2720000000002,1,3
725000,795.528,4,777.8496,3.25,3
850000,835.152,3,31068.264000000003,2,3
272000,344.42400000000004,3,2468.88,1,3
405000,353.56800000000004,2,327.0504,3,3
907500,868.6800000000001,3,1914.4488000000001,2.25,4
701000,1018.032,4,1619.7072,2.5,3
372977,515.1120000000001,3,493.1664,2.5,3
430000,981.456,4,2723.6928000000003,3,3
380000,374.904,2,300.8376,2.5,3
255000,292.608,3,2468.88,1,3
875000,694.9440000000001,3,1304.544,2.75,5
210000,365.76,4,2340.864,1.75,3
378000,841.248,5,2442.972,2.5,4
936000,902.2080000000001,3,3785.616,1.75,4
400000,652.272,3,3433.8768,2.25,3
536751,588.264,3,1938.528,1.75,3
289000,600.456,3,2928.2136,2.5,3
270000,509.016,3,2549.3472,2.5,4
191000,274.32,2,1036.3200000000002,1,5
410000,307.848,1,1752.6000000000001,1.5,3
351999,722.3760000000001,3,1280.16,2.5,3
870000,926.5920000000001,4,11047.7808,3,3
250000,307.848,3,2655.1128000000003,1,5
607500,548.64,3,1432.5600000000002,1.5,3
568000,588.264,3,64924.8384,1.75,3
239950,445.00800000000004,4,1828.8000000000002,1,4
552500,822.96,3,1226.8200000000002,2.25,4
355000,286.512,3,2594.4576,1,4
1160000,1176.528,4,3158.0328,2.5,4
1350000,1249.68,4,18720.5112,3.75,3
772000,911.3520000000001,4,2939.1864,2.5,3
499990,798.576,4,2133.9048000000003,2.75,3
338000,722.3760000000001,4,3240.3288000000002,2.5,3
257500,396.24,3,2845.0032,2,5
710000,826.008,4,12743.9928,2.75,4
740000,624.84,4,1341.1200000000001,2,4
323500,682.7520000000001,3,3516.1728000000003,3,3
775000,932.6880000000001,4,1393.8504,3.5,3
469950,371.856,5,1280.16,2,4
450000,734.568,3,1308.5064,2.5,3
1169000,856.488,5,1828.8000000000002,2.5,3
524500,1045.464,3,80724.45120000001,1.5,3
308500,256.03200000000004,2,4439.1072,2,5
465000,435.86400000000003,3,4343.400000000001,2,3
415000,472.44,2,1297.5336,1.75,3
407500,463.90560000000005,3,446.53200000000004,3.5,3
415000,737.616,3,3271.4184,2.5,3
1050000,1063.752,3,1371.6000000000001,3,3
457000,627.888,2,2192.1216,1.75,3
326000,697.9920000000001,4,2249.424,1.75,3
485000,997.6104,4,1559.0520000000001,3.5,3
520000,758.952,4,10651.8456,2.5,3
851500,975.36,3,5542.483200000001,2,5
252500,350.52000000000004,3,1828.8000000000002,2,5
1799000,1197.864,4,11917.0704,3.5,3
379000,810.768,3,5441.2896,3.25,3
1700000,1502.664,5,4465.0152,5,3
443000,542.544,3,846.7344,2.5,3
713000,865.6320000000001,4,16581.120000000003,3.25,4
465000,827.2272,3,5466.8928000000005,2.5,3
889950,1127.76,5,2150.364,3.5,3
572500,758.952,3,2313.1272,2.5,3
199000,390.144,4,3206.8008,1,3
708000,941.832,4,1706.88,2.5,3
590000,896.1120000000001,4,3840.48,2.5,4
329950,530.352,4,2196.9984,1.75,3
497000,801.624,3,1405.4328,2.5,3
480000,621.792,5,2925.1656000000003,2.5,4
315000,566.928,3,2934.9192000000003,1.75,4
535000,710.1840000000001,2,2218.944,1.75,3
254999,481.584,3,2304.288,1,4
375000,624.84,3,2196.0840000000003,2.5,3
492000,1007.364,4,4926.787200000001,2.5,5
782000,862.5840000000001,4,6201.156,2.5,3
3650000,1530.096,5,2649.9312,3.75,3
285000,246.888,1,978.7128,1.5,4
416000,338.32800000000003,3,2975.4576,1.5,4
438000,502.92,3,3944.112,1.75,4
270000,396.24,3,1257.9096,1.75,4
119500,356.61600000000004,3,3352.8,1,2
507000,539.496,4,2857.5,1.75,4
280000,307.848,2,914.4000000000001,1,4
194000,320.04,3,2309.4696,1,3
339000,752.856,4,1548.384,2,3
402000,188.976,2,754.38,1,5
314500,518.1600000000001,3,5289.804,1.75,3
800000,1167.384,3,67447.3632,3.5,3
307000,350.52000000000004,3,1828.8000000000002,1,3
355000,527.304,3,2260.3968,1.75,3
810000,886.9680000000001,4,1997.9640000000002,2.5,3
705000,664.464,3,3115.3608000000004,1.75,4
590000,658.368,4,1281.684,2.75,3
456500,393.192,3,1182.624,1,4
690000,646.176,4,2574.9504,2.5,4
461000,384.048,4,2592.324,1,5
381000,512.0640000000001,3,2726.7408,2,3
420000,701.0400000000001,3,2438.4,2.75,3
530000,612.648,3,3601.8216,2.25,4
675000,576.072,4,1581.3024,2,4
335000,582.168,4,3108.96,2,4
892500,646.176,3,17127.3216,1.75,3
380000,469.392,3,2560.32,1.5,5
395000,627.888,4,2407.92,1.75,4
1230000,1338.0720000000001,5,2028.7488,4,3
364500,487.68,3,1368.2472,1,3
381500,658.368,2,10723.778400000001,2,3
772500,984.504,4,1307.592,2.5,3
570000,713.2320000000001,4,1548.384,1.75,5
572000,844.296,4,1174.0896,2.75,3
535000,585.216,4,1975.104,1,3
485000,560.832,3,2514.6,2.5,3
605000,879.3480000000001,4,10262.9208,3.25,4
475000,676.6560000000001,3,18587.9232,2.5,4
350000,286.512,2,1524,1,3
430000,618.744,3,2368.2960000000003,2.5,3
350000,530.352,3,9021.1656,1.75,4
406000,417.576,3,2393.5944,1.5,4
312500,268.224,2,1933.9560000000001,1,3
452000,505.968,4,1874.52,2,3
576000,591.312,3,2743.2000000000003,2.5,4
318000,859.5360000000001,5,3034.5888,2.5,4
556000,838.2,3,10802.112000000001,2.5,3
507250,691.8960000000001,3,1687.3728,2.5,3
409950,740.664,4,2183.2824,3,3
574800,496.824,3,897.9408000000001,1.5,4
560000,655.32,4,2607.5640000000003,1.75,4
603500,810.768,6,2560.32,2.75,5
279000,457.20000000000005,3,2240.28,2.5,2
289500,646.176,3,1036.3200000000002,2.25,3
370000,835.152,5,1664.208,2.5,3
339000,603.1992,3,2581.656,2,4
780000,688.8480000000001,4,4934.102400000001,2.25,3
255000,667.5120000000001,3,1828.8000000000002,1.75,4
700000,819.912,4,4572,2.25,3
698000,670.5600000000001,4,3429,2.25,5
890000,1328.928,4,64085.419200000004,3.25,3
770000,524.256,3,1524,1.75,3
650000,673.6080000000001,4,1481.6328,2.5,3
800000,816.864,4,2194.56,2.5,3
405000,377.952,3,4390.3392,2,3
695000,902.5128000000001,4,3702.1008,2.5,3
626000,740.664,3,1524,1.75,4
380000,448.05600000000004,2,24695.200800000002,1,4
514000,493.776,3,1524,1.75,3
391000,271.272,2,1652.9304000000002,1,3
310000,484.632,3,1023.8232,2.5,3
365000,289.56,3,2575.56,1,3
212500,387.096,3,2172.6144,1.5,4
240000,573.024,4,2926.08,1.75,5
400000,716.2800000000001,4,1189.9392,2.5,3
305000,341.37600000000003,2,231.03840000000002,1.75,3
309900,640.08,5,5433.06,2.5,4
880000,786.384,4,1047.2928,2.5,3
495000,390.144,2,1219.2,1.75,4
925000,999.744,3,3218.0784000000003,2.75,4
1505000,1005.84,5,10202.8752,3,3
380500,579.12,3,2243.6328000000003,2.5,3
251000,365.76,3,3112.6176,2,5
257000,304.8,2,1127.76,1,3
286000,512.0640000000001,3,1288.0848,2.5,3
290000,277.368,3,2322.576,1,3
1127500,1179.576,6,7528.56,3.25,3
475000,323.088,2,281.94,2.25,3
574000,908.3040000000001,4,3102.5592,2.5,3
308000,512.0640000000001,2,2819.4,1,3
304000,521.208,3,2064.4104,2.5,3
502000,621.792,4,1711.7568,2.5,3
430000,1185.672,3,2176.272,3.75,3
250000,299.3136,2,257.86080000000004,1.5,3
650000,652.272,3,2890.7232000000004,1.75,3
738500,701.0400000000001,3,1831.5432,2.5,3
1190000,1014.984,5,5829.6048,3,4
390000,438.91200000000003,1,1499.616,1.75,3
552250,786.384,4,1774.8504,2.5,3
765000,743.712,5,4615.5864,1.75,4
281000,536.448,3,2316.7848,2.5,3
405000,484.632,3,2214.9816,2.25,4
362500,292.608,3,1653.2352,1,3
525000,499.872,3,4650.6384,2,3
395000,457.20000000000005,3,763.8288,2,3
475000,643.128,4,2304.288,2.25,4
194990,475.488,6,2177.4912,2.5,3
235000,387.096,2,2798.6736,1,3
1339000,649.224,4,10573.2072,3.75,3
382495,536.448,3,1642.872,2.5,3
475000,448.05600000000004,3,2971.8,1,3
449888,768.096,3,23898.758400000002,2.25,3
598800,332.232,1,9756.648000000001,1,4
510000,399.288,2,1219.2,1,3
299999,603.8088,4,1471.5744,2.5,3
820000,844.296,4,2453.3352,3.5,3
330000,381,4,2560.32,1.5,3
342000,505.968,3,4960.62,1.75,3
935000,822.96,5,1524.3048000000001,3,3
539950,509.016,2,1068.9336,2,3
686500,423.672,2,1531.6200000000001,1.75,4
246900,417.576,3,2987.04,1.5,5
365000,493.776,4,66916.4016,2.5,3
250000,426.72,2,5964.936000000001,1,3
605000,749.808,3,42088.308000000005,2.5,4
175000,326.136,3,1878.7872,1,3
481000,755.904,4,3008.0712000000003,2.5,4
965000,999.744,5,3862.7304000000004,2.75,4
292000,527.304,3,6456.5784,1,3
500000,783.336,4,2774.8992000000003,3,3
540000,792.48,3,7120.4328000000005,2.5,3
220000,713.2320000000001,4,3202.5336,2,4
789888,1005.84,5,2395.728,3.5,3
350500,633.984,3,1584.96,1.75,3
199950,417.576,3,3144.6216,1.5,3
217000,222.50400000000002,2,731.52,1,3
580000,478.536,3,792.48,1.75,4
750000,493.776,2,1865.3760000000002,1,3
750000,816.864,4,1386.2304000000001,2.5,3
663000,1088.136,4,1903.7808,2.5,3
273500,396.24,4,2937.6624,2.75,2
208000,301.752,3,2261.616,1,5
339950,496.824,3,3747.516,2.25,4
553650,414.528,2,411.1752,2.5,3
215000,377.952,2,2194.56,1,3
250000,374.904,3,3154.6800000000003,1,4
500000,368.808,3,365.76,2.5,3
415000,600.456,3,724.5096000000001,2.25,3
480000,350.52000000000004,3,1507.236,1,3
642000,780.288,4,2676.1440000000002,2.5,3
315000,637.032,5,1431.9504000000002,2.5,3
250000,484.632,3,2304.288,1.75,3
265000,579.12,4,3227.2224,1.75,5
690000,487.68,2,1219.2,1.75,5
560000,713.2320000000001,3,1059.7896,2,5
265000,624.84,4,2164.08,1.5,3
600000,688.8480000000001,3,3094.6344000000004,2.5,3
995000,1335.0240000000001,3,14339.0112,4.5,3
430000,320.04,2,783.336,1,5
502000,487.68,3,13902.842400000001,2.25,4
515000,320.04,2,1524,1,5
1029280,1097.28,4,5682.996,3.25,3
235000,204.216,2,1706.88,1,3
679000,432.81600000000003,4,1500.5304,1.5,4
645000,630.936,3,1676.4,1.75,4
294000,420.624,2,270.9672,2.5,3
1300000,1237.488,4,1676.4,1.75,5
535000,826.008,4,14009.5224,2.75,3
439990,713.2320000000001,3,1576.1208000000001,2.5,3
160000,490.728,3,2253.0816,1.75,4
650000,560.832,3,704.0880000000001,1.75,4
460000,417.576,3,2580.7416000000003,1.75,4
650000,640.08,4,762,2.25,3
229000,365.76,3,1524,1.5,3
475000,658.368,3,10945.9776,2.5,3
495000,835.152,4,856.7928,3,3
661000,384.048,2,1767.8400000000001,1,4
442000,624.84,3,1945.8432,1.5,3
497000,685.8000000000001,4,1055.5224,2.25,4
374000,405.384,3,3243.072,1.5,3
800000,649.224,4,853.44,2,5
514000,539.496,3,2194.56,2,4
700000,792.48,3,2337.2064,1.75,4
450000,1198.1688000000001,5,2894.6856000000002,3.5,3
495000,615.696,4,2194.56,2.5,5
635000,896.1120000000001,3,1828.8000000000002,1.75,4
427000,624.84,3,980.8464,2.5,3
1038000,1392.9360000000001,3,3235.452,2.5,3
677900,743.712,3,1398.1176,2.5,3
430000,438.91200000000003,3,1226.8200000000002,1.75,4
415500,377.952,3,3779.52,1.5,3
295000,256.03200000000004,2,3189.732,1,3
175000,225.55200000000002,2,1046.6832,1,5
355000,621.792,4,4572,1.75,4
696950,746.76,4,1638.6048,2.75,4
491000,505.968,3,1545.336,2,3
175000,292.608,2,1678.8384,1,3
689000,633.984,3,2929.7376,2.5,4
399000,798.576,5,2142.744,2,3
269900,432.81600000000003,3,6736.08,1.5,5
355000,536.448,2,1402.0800000000002,1.75,4
195000,374.904,3,2510.0280000000002,2,3
523000,969.264,4,6361.176,2.5,3
336500,762,4,1604.4672,2.5,3
400000,682.7520000000001,4,2144.268,3,3
349000,381,2,368.1984,1.75,3
1450000,1310.64,4,33182.052,3.5,3
757000,795.528,3,3441.192,2.75,3
420000,774.192,5,8231.7336,2.75,3
450000,350.52000000000004,3,1371.6000000000001,2,3
403000,219.45600000000002,2,992.124,1,4
174950,222.50400000000002,2,1828.8000000000002,1,3
740000,932.6880000000001,4,1456.0296,3.5,3
500000,710.1840000000001,4,2370.7344000000003,2,3
1650000,1194.816,4,268728.13920000003,3.25,3
317500,527.304,4,2346.96,1.5,4
550000,551.688,3,658.0632,2,3
359000,554.736,4,3451.86,2.5,3
170000,377.952,2,3017.52,1,3
196000,460.24800000000005,3,2926.08,2.25,1
357000,603.504,4,2973.9336000000003,2.5,5
255000,778.764,3,1743.4560000000001,2.5,3
310000,612.648,4,2263.4448,3,5
260000,551.688,4,2279.904,1.75,3
249950,341.37600000000003,3,4636.008,1.75,5
539000,649.224,3,426.72,2.75,3
482000,899.1600000000001,3,1994.9160000000002,2.5,3
641500,304.8,1,2768.8032000000003,1,3
970000,1097.28,4,1536.192,2.75,3
314000,493.776,3,2926.08,1.75,4
237500,320.04,3,2393.8992000000003,1.75,4
240000,432.81600000000003,3,2128.7232,1.75,4
552000,963.168,4,2569.1592,2.75,4
415000,775.4112,4,1240.8408000000002,2.5,3
510000,722.3760000000001,3,11777.1672,2.25,3
355200,341.37600000000003,3,2231.136,1,4
600000,966.216,7,11089.843200000001,2.25,3
574000,335.28000000000003,2,339.54720000000003,2.25,3
752000,1161.288,6,2030.8824000000002,3.75,4
265000,408.432,3,2067.4584,2,4
403000,272.4912,2,473.0496,1,3
2408000,1402.0800000000002,5,7086.6,2.5,3
554000,585.216,2,1842.516,2,3
491500,667.5120000000001,4,38237.7696,1.75,3
190000,579.12,4,3005.6328000000003,1.75,4
1750000,1069.848,6,1755.6480000000001,3,4
360000,551.688,3,2194.56,1.75,5
495000,731.52,4,3547.8720000000003,2.5,5
282613,252.984,2,1833.9816,1,4
380000,515.1120000000001,3,447.44640000000004,1.75,3
540000,396.24,3,18985.992000000002,1.75,3
505000,509.016,3,486.4608,2.25,3
260000,496.824,3,2443.8864000000003,2,3
640000,722.3760000000001,3,3405.2256,2.5,3
648000,1002.792,4,1890.6744,2.5,3
1150000,868.6800000000001,3,3192.4752000000003,2.5,4
659000,765.048,3,1926.336,2.5,3
822000,817.7784,4,12309.6528,2.5,4
305000,368.808,3,1597.152,1.5,4
465000,813.816,3,2286,2.25,4
490000,448.05600000000004,3,762,2.25,3
200000,362.71200000000005,3,2082.6984,2,3
492650,646.176,4,2982.7728,1.75,3
695000,798.576,3,15652.699200000001,2.5,3
732000,813.816,3,1986.3816000000002,3.75,4
550000,655.32,4,2743.2000000000003,1.75,4
505000,377.952,2,17373.600000000002,1,3
400000,816.864,4,4169.664,2,4
460000,490.728,3,770.2296,2.5,3
237000,353.56800000000004,3,1869.0336000000002,1,4
750000,813.816,4,1905,1.75,4
690000,774.192,3,2901.6960000000004,1.5,3
189900,304.8,2,1273.7592,1,5
790000,804.672,4,2743.2000000000003,2.75,3
335000,619.0488,3,2347.5696000000003,3,3
572000,719.3280000000001,3,3029.1024,2.5,3
425000,298.704,3,1463.04,1,3
799990,947.928,4,1844.0400000000002,2.75,3
415000,490.728,3,1097.28,2.5,3
220000,326.136,3,2844.0888,1.5,3
631750,719.3280000000001,3,1238.4024000000002,1.75,5
475000,533.4,3,3850.2336,1.5,4
282000,384.048,3,278.892,2.25,3
1100000,917.4480000000001,3,1524,2,5
570000,603.504,3,3109.8744,1.5,4
695000,725.4240000000001,3,1097.28,3.75,3
199500,533.4,4,2473.7568,2,4
835000,478.536,3,1409.7,2,5
588000,542.544,3,1280.16,1.5,4
730000,1146.048,5,1480.4136,3.5,3
230000,499.872,3,2190.5976,1,3
550000,719.3280000000001,3,1243.584,2.5,3
725000,1088.136,3,10750.6008,2.5,3
467500,688.8480000000001,3,2594.4576,1.75,3
2450000,1423.4160000000002,7,7045.452,4.25,3
585000,530.352,3,716.2800000000001,2.5,3
325000,903.1224000000001,4,1766.9256,2.5,3
289950,332.232,3,2523.744,1,3
1175000,1264.92,4,15088.5144,3.5,3
780000,1124.712,4,4148.0232000000005,2.5,3
328500,697.9920000000001,4,2514.6,3,3
355000,615.696,2,2048.2560000000003,1,3
495000,542.544,3,2453.6400000000003,2.25,4
110000,231.64800000000002,2,1446.5808000000002,1,3
447000,438.91200000000003,3,1422.5016,2.25,3
550000,502.92,4,2194.56,2.25,3
300000,682.7520000000001,3,1125.0168,2.5,3
360000,728.472,4,2168.652,2.5,3
375000,429.76800000000003,3,3071.7744000000002,2,4
425000,603.504,4,2560.32,1.75,3
225000,530.352,3,3063.2400000000002,2.5,3
620000,786.384,4,2275.3320000000003,2.5,3
300000,609.6,3,2304.288,2.25,3
479950,414.528,2,407.2128,2.25,3
900000,1176.528,4,1994.3064000000002,3.5,3
550000,847.344,5,2826.1056000000003,2.5,3
559000,685.8000000000001,4,2577.9984,1.75,3
374500,405.384,3,2632.2528,1.5,4
290000,554.736,4,6718.7064,1.75,4
379880,502.92,3,4283.6592,2.5,4
435000,701.0400000000001,3,2902.0008000000003,2.5,3
378000,576.072,4,3729.5328000000004,2.5,3
723000,740.664,4,1447.1904000000002,2.25,3
320000,475.488,3,2301.8496,1,4
1160000,1277.112,4,4792.675200000001,3.5,3
397500,396.24,3,2584.704,1.75,3
350500,539.496,2,1508.76,2.5,3
399950,347.47200000000004,2,360.88320000000004,2.25,3
755000,737.616,3,2699.3088000000002,2.5,3
700000,679.7040000000001,4,1412.748,2,5
490000,539.496,3,2288.4384,1.75,3
521500,441.96000000000004,3,493.4712,2.25,3
565000,591.312,5,1045.464,1.5,4
1600000,1990.344,4,265541.76,5.5,3
438000,594.36,2,8944.965600000001,2.25,3
432000,600.456,3,1230.1728,2.5,4
425000,350.52000000000004,2,2083.308,1,3
510000,832.104,4,2777.3376000000003,2.75,3
235000,387.096,3,2180.2344000000003,1,5
405000,435.86400000000003,3,3108.96,2.5,3
3070000,1197.864,3,17028.2616,2.5,4
287000,219.45600000000002,2,1324.6608,1.5,4
241500,426.72,3,3177.54,1,4
469500,588.264,4,3974.8968,2.75,4
775900,822.96,3,1756.8672000000001,2.5,3
538000,426.72,3,1165.8600000000001,1.75,4
302000,274.32,2,129185.8224,1,5
332544,521.208,2,1276.1976,1.75,3
457000,420.624,2,405.0792,2.5,3
335000,569.976,3,1791.0048000000002,2.25,3
550000,524.256,3,2926.08,2.25,4
255000,557.784,3,2368.2960000000003,2.25,4
352800,548.64,4,838.8096,2.25,3
471000,612.648,3,1237.1832000000002,2.5,3
450000,469.392,3,20652.0288,2,3
399995,347.47200000000004,3,325.8312,1.5,3
605000,393.192,3,762,2.25,4
375000,594.36,3,2094.2808,2.5,3
293000,338.32800000000003,1,1652.3208000000002,1,3
460000,679.7040000000001,4,33192.72,3,3
546000,466.34400000000005,2,403.5552,2.25,3
295000,609.6,3,2304.288,1.75,4
215000,390.144,3,2131.7712,2,3
895000,868.6800000000001,4,2598.7248,2.5,3
183750,502.92,5,1662.0744000000002,2.75,3
321000,923.5440000000001,5,2133.6,2.75,4
435000,691.8960000000001,4,2208.2760000000003,3,3
225000,505.968,3,2197.608,1,3
665000,338.32800000000003,2,975.36,1,3
464000,515.1120000000001,3,1492.9104,2.5,3
238000,377.952,3,1737.3600000000001,1,5
915000,838.2,5,1703.5272,2.5,5
575000,801.624,4,1904.0856,2.5,3
349500,618.744,4,1400.8608000000002,2.5,3
610000,359.66400000000004,3,1036.3200000000002,1,3
305000,542.544,4,1537.1064000000001,2,3
1875000,1252.728,5,2414.016,3.25,3
420000,768.096,3,8212.2264,2.25,3
713000,704.0880000000001,3,563.88,2.75,3
533000,862.5840000000001,4,1992.1728,2.5,3
1185000,868.6800000000001,4,914.4000000000001,2.75,3
399950,460.24800000000005,3,2225.04,2.5,3
386180,292.608,2,557.4792,1.5,3
522500,722.3760000000001,3,2400.3,2.5,3
350000,390.144,2,286.512,2.5,3
630000,539.496,4,3742.3344,1.75,3
535000,719.3280000000001,4,4602.4800000000005,2.75,3
600000,792.48,4,1992.1728,2.5,3
315500,353.56800000000004,3,3200.4,1,4
521000,569.976,3,1662.6840000000002,2,5
201000,505.968,5,23898.758400000002,1.75,3
322500,591.312,4,2166.2136,2.5,3
276000,760.476,3,1341.1200000000001,2.5,3
459000,719.3280000000001,4,2157.984,2,5
335000,548.64,2,2712.7200000000003,1,3
562000,573.024,3,1822.0944000000002,1.75,5
615000,719.3280000000001,3,2222.2968,1.75,4
225000,307.848,2,1648.3584,1,4
585000,914.4000000000001,4,12862.560000000001,1.75,3
475000,420.624,3,341.68080000000003,3.25,3
1185000,728.472,3,2400.3,2.25,3
328000,563.88,4,1642.2624,2.5,3
580000,923.5440000000001,5,2258.568,3.25,3
465000,652.272,4,2347.2648,2.25,4
540000,826.008,4,2818.7904000000003,2.5,3
542000,615.696,4,1048.512,2.5,4
1562000,1191.768,5,4937.76,3,4
390000,262.128,2,1572.768,1,4
465000,697.9920000000001,3,4754.88,3,3
189000,365.76,2,3002.28,1,4
125000,374.904,3,1463.04,1,1
250000,542.544,3,10739.0184,1.75,4
1425000,865.6320000000001,5,1901.952,3,5
475000,585.216,3,1381.9632000000001,2.5,3
320000,591.312,4,2145.792,2.5,3
314950,484.632,3,2581.656,1,4
380000,505.968,3,2524.0488,2,3
590000,719.3280000000001,4,17530.267200000002,4.25,4
700000,633.984,3,1182.624,2,5
625000,682.7520000000001,3,1844.0400000000002,1.75,4
270000,304.8,2,3145.536,1,3
251000,256.03200000000004,2,2398.7760000000003,1,3
522000,350.52000000000004,3,2157.984,1,3
455000,411.48,2,1306.3728,1.75,3
1300000,947.928,4,3614.0136,2.5,3
630000,448.05600000000004,3,1828.8000000000002,2,3
305000,722.3760000000001,4,3090.672,1.75,3
302000,545.592,4,3108.96,1.5,4
1575000,1039.3680000000002,4,3086.1000000000004,3.25,3
380000,353.56800000000004,3,2857.5,1,3
370000,390.144,2,638.8608,1.5,3
503000,789.432,3,33192.72,2,3
743000,643.128,3,3429,1.75,4
925000,1581.912,5,3851.7576000000004,5.5,3
810000,463.29600000000005,3,2755.6968,1.5,4
210000,426.72,3,2225.04,1.75,3
185000,219.45600000000002,1,1524,1,4
340000,627.888,4,2560.32,2.25,3
496000,664.464,3,1381.6584,2.5,3
408500,829.056,4,2146.7064,2.5,3
645000,847.344,4,3530.4984000000004,2,3
259000,384.048,3,1098.4992,1.75,3
575000,426.72,2,1770.8880000000001,1.5,3
270000,716.2800000000001,4,1778.508,2.5,3
290000,292.608,3,1389.8880000000001,1,4
550000,959.5104,4,2929.7376,2.5,3
571000,652.272,3,873.8616000000001,2.5,3
374990,396.24,3,3195.5232,2.5,3
937500,954.024,4,6431.280000000001,2.5,3
528000,847.344,5,2373.1728000000003,1.75,3
675000,606.552,3,3127.248,2.25,4
690000,822.96,4,2685.288,2.5,3
537000,472.44,3,3938.016,2.5,5
345000,606.552,3,1722.1200000000001,1.75,3
448000,765.048,4,2088.7944,2.5,3
535000,710.1840000000001,3,3700.5768000000003,1.75,3
1238000,1423.4160000000002,4,1828.8000000000002,3.5,3
319950,390.144,2,249.6312,2.5,3
603000,813.816,4,1796.796,2.5,3
335500,384.048,3,2586.8376000000003,1.75,3
834950,1106.424,5,1496.8728,3.5,3
765000,646.176,3,1524,1.75,3
279000,612.648,3,3541.1664,2.5,3
239000,368.808,2,2857.5,1,4
379950,786.384,4,1468.5264,2.5,3
602000,448.05600000000004,2,1950.1104,1,4
275000,158.496,1,1463.04,1,3
225000,304.8,3,2833.116,1,3
450000,466.34400000000005,2,308.4576,1.5,3
339950,670.5600000000001,4,2179.32,2.25,4
657500,1261.872,4,7373.112,2.75,3
620000,734.568,3,10739.9328,1.75,3
227490,554.736,3,2192.7312,1.75,4
448000,679.7040000000001,4,1524,2.5,3
435000,588.264,3,1764.7920000000001,2.5,4
349950,478.536,2,619.0488,3.25,3
257000,579.12,4,6978.7008000000005,1.75,3
313300,295.656,2,1463.04,1,3
1615000,1295.4,4,3743.2488000000003,3.25,3
275000,530.352,3,1754.7336,2.75,3
475000,1139.952,4,2651.76,2.5,3
520000,734.568,4,1962.912,2.5,3
349000,777.24,3,2349.7032,2.5,3
540000,496.824,3,427.9392,1.75,3
235000,509.016,3,2318.3088000000002,2.25,3
615000,569.976,3,1491.6912,2.25,4
190000,316.992,3,2715.768,1,3
470000,704.0880000000001,4,2240.28,2.75,3
1580000,883.9200000000001,4,3200.4,2.5,5
830000,1014.984,4,2380.1832,3.25,3
316500,445.00800000000004,3,1938.528,1.75,3
431000,926.5920000000001,4,1828.8000000000002,2.5,3
552500,435.86400000000003,3,1524,1,3
420000,725.4240000000001,4,4670.7552000000005,1.75,3
577500,499.872,2,1680.972,1,4
570000,582.168,3,1506.0168,2.5,3
411605,810.1584,4,1207.008,2.5,3
285500,597.408,4,2423.1600000000003,1.75,4
554000,569.976,5,3478.0728000000004,2.25,4
311000,579.12,3,914.4000000000001,1.75,5
439000,783.336,4,2896.5144,2.25,3
579000,618.744,4,2671.2672000000002,2.25,4
298000,564.4896,3,1219.2,2.5,3
529000,402.336,2,425.196,2.5,3
375000,569.976,3,2338.1208,1,4
400000,765.048,5,2293.62,2.5,4
330000,472.44,4,15268.6512,1.75,4
445000,752.856,3,1391.412,2.5,3
590000,816.864,3,12573,2.25,3
860000,765.048,5,1828.8000000000002,1.75,5
2135000,1176.528,4,5431.536,3.25,4
1675000,1459.992,4,7745.5776000000005,4.75,3
580000,566.928,3,2191.512,1.5,5
455000,743.712,4,1524.3048000000001,2.5,3
376000,670.5600000000001,4,2057.4,2.25,5
1100000,886.9680000000001,4,2706.9288,2.5,3
600000,600.456,4,2171.7000000000003,2.25,3
329950,633.984,3,1819.3512,1.75,3
775000,1072.896,3,3764.28,1.75,4
369000,722.3760000000001,4,1998.5736000000002,2.5,3
485000,509.016,3,1014.984,2.75,4
600000,841.248,5,1935.48,2.25,3
605000,999.744,4,10716.768,1.75,3
720000,1027.1760000000002,4,2326.8432000000003,2.75,5
349950,852.2208,4,1072.896,3.5,3
347950,518.1600000000001,5,4114.8,2.25,4
855000,588.264,5,1371.6000000000001,1.5,3
415000,460.24800000000005,3,5120.64,1.5,5
260000,585.216,3,2260.092,2.5,3
667000,417.576,3,585.5208,1.75,3
499950,975.36,5,13277.088000000002,3.5,3
259000,472.44,3,1087.8312,2.5,3
525000,838.2,5,1158.24,3,5
343000,630.936,4,1371.6000000000001,2.5,3
433000,569.976,3,2191.2072000000003,1.75,3
650000,420.624,3,1371.6000000000001,1.5,5
432000,667.5120000000001,3,4167.530400000001,2,4
452000,691.8960000000001,3,45407.58,2,4
477590,688.8480000000001,3,2347.2648,3.25,3
277500,384.048,3,6736.08,2,4
429900,1008.888,4,2711.8056,3.25,3
207000,329.184,3,3108.96,1,4
289000,384.048,3,2560.32,1.75,3
225000,545.592,3,1865.3760000000002,1,3
612500,515.1120000000001,4,10773.4608,2,3
935000,960.12,5,10754.2584,2.5,3
1149000,969.264,4,3014.1672000000003,3.75,3
770000,679.7040000000001,3,975.36,1,3
2385000,1929.384,4,4052.6208,4,3
152000,332.232,3,994.8672,1,4
550000,740.664,3,1645.92,2.5,3
572800,1008.888,3,1427.0736000000002,2.5,3
249950,472.44,3,4584.192,2,4
240000,365.76,4,661.7208,1,3
86500,256.03200000000004,3,2889.5040000000004,1,3
565000,518.1600000000001,3,2197.608,2.5,5
780000,1188.72,4,12485.2176,3.25,3
298800,262.128,2,2496.0072,1,3
730000,658.368,3,2684.9832,2.5,3
1325000,694.9440000000001,3,1524,2.5,4
567500,411.48,2,1399.6416000000002,1.5,3
319900,621.792,3,2310.384,2.5,3
490000,621.792,3,2932.7856,2.5,3
372500,268.224,2,3337.56,1,4
512000,387.096,2,1182.9288000000001,2,4
380000,435.86400000000003,3,3405.5304,1.5,1
255000,246.888,2,2432.304,1,1
1575000,1112.52,5,6141.72,2.75,4
398000,179.83200000000002,2,3336.036,1,3
255000,454.15200000000004,3,2551.4808000000003,2,3
795000,880.8720000000001,4,2376.8304000000003,2.5,3
1360000,1655.064,4,33192.72,3,4
360000,588.264,3,4736.592000000001,2,3
674000,585.216,3,1104.5952,2.5,3
399950,414.528,3,317.2968,2.25,3
655000,780.288,5,14260.372800000001,2.5,3
260000,509.016,3,2594.1528000000003,1.75,3
3300000,1889.76,5,4228.490400000001,4.75,4
405000,597.408,3,2132.6856000000002,2.5,3
315000,512.0640000000001,3,2209.8,1.75,3
550000,579.12,1,12374.880000000001,1.5,5
343000,316.992,2,2598.7248,1.5,5
414250,499.872,4,4134.9168,1.75,4
1115000,1380.7440000000001,3,6971.6904,2.5,5
660000,326.136,2,1524,1,3
850000,969.264,3,1121.664,2.75,4
325000,307.848,2,1883.664,1,3
550000,591.312,4,3200.4,2.5,4
350000,621.792,4,6904.6344,2.5,3
670000,390.144,3,654.4056,1.75,4
616950,1085.088,5,1526.4384,3.5,3
1265000,1109.472,4,1098.4992,3.25,5
334000,789.432,5,2048.2560000000003,1.75,4
425000,493.776,4,2400.3,1.5,3
245000,204.216,2,510.54,1,5
399000,853.44,4,1428.5976,2.5,3
500000,502.92,3,1416.7104000000002,2.5,3
780000,969.264,4,2926.9944,2.5,3
689900,835.152,4,2214.6768,3.25,3
995000,847.344,4,2910.84,3.5,5
770000,853.44,4,2781.9096,3,3
687500,972.312,4,3343.656,2.75,3
560000,865.6320000000001,3,65987.0664,2.5,3
998800,685.8000000000001,3,2438.4,2,4
195000,329.184,2,1188.4152000000001,1,4
233500,481.584,3,3205.5816,1.5,4
617000,573.024,3,1676.4,2.5,4
478000,597.408,2,1828.8000000000002,1.75,4
813000,1011.936,4,16065.0936,2.5,3
335000,451.10400000000004,4,954.6336,2,5
700000,667.5120000000001,3,3371.088,2.75,4
320000,512.0640000000001,3,1397.2032000000002,2.5,3
344000,381,3,314.8584,2.25,3
1085000,966.216,3,10622.28,2.75,5
230000,569.976,4,4481.4744,1,3
305000,393.192,2,1031.1384,1,3
2750000,1920.24,5,4896.612,4,3
335000,731.52,4,2618.8416,2.25,3
616750,652.272,3,14552.066400000002,1.5,3
360000,786.384,4,2054.3520000000003,3,3
510000,576.072,3,1807.1592,2.5,3
405000,405.384,3,3810,1.5,3
425000,646.176,3,1826.3616000000002,1.75,3
255000,457.20000000000005,3,2674.6200000000003,2,3
330000,463.29600000000005,4,4394.3016,1.75,4
330000,347.47200000000004,3,2229.9168,1,3
575000,496.824,4,1752.6000000000001,1.75,3
412500,505.968,3,3266.2368,1.75,3
480000,792.48,4,2373.4776,2.5,3
316500,539.496,3,1180.4904000000001,2.5,3
194000,536.448,4,2346.96,2,4
245000,585.5208,4,1489.8624,2.5,3
495000,481.584,2,1585.8744000000002,2,3
600000,996.696,4,4620.768,3.5,3
374950,637.032,4,1151.2296000000001,2.5,3
237950,399.288,3,2229.3072,1.75,5
492000,268.224,2,905.2560000000001,1,3
459950,713.2320000000001,3,1302.4104,2.5,3
445000,289.56,2,1463.04,1,3
466750,527.304,4,2785.5672,2,3
1290000,1246.632,5,88690.704,3.5,3
480000,445.00800000000004,3,2395.728,2,5
234975,502.92,3,2460.6504,1.75,3
448500,557.784,3,2421.0264,2.25,3
405000,749.808,3,3840.48,2.5,4
300000,441.96000000000004,3,2322.576,1.75,4
736000,752.856,3,3536.5944000000004,2.25,3
325000,609.6,3,2196.0840000000003,2.5,3
653000,844.296,3,17600.676,2.25,3
731000,1118.616,5,2731.0080000000003,2.5,3
1250000,1197.864,5,3876.7512,3.25,4
378500,557.784,4,1828.8000000000002,2,5
781000,591.312,3,2660.5992,1.75,3
920000,429.76800000000003,3,2943.1488,1,3
268000,527.304,5,3160.1664,1.75,5
265500,441.96000000000004,3,2736.1896,2.5,3
324800,356.61600000000004,2,1537.1064000000001,1,3
660000,728.472,3,4775.9112000000005,2.5,3
1321500,679.7040000000001,3,3952.6464,3,3
400000,539.496,4,3924.3,1.75,3
746500,1054.608,4,2956.2552,2.5,3
250000,457.20000000000005,3,1584.96,2,3
1075000,859.5360000000001,4,1524,2.25,4
590000,566.928,3,1097.28,2,3
440000,765.048,6,1618.488,3,4
535000,566.928,4,1147.8768,2.25,3
445000,414.528,3,1523.3904,1.75,3
1265000,954.024,4,806.5008,3,5
385000,686.7144000000001,4,2346.96,3,3
1215000,783.336,4,2926.08,2.25,4
270000,432.81600000000003,3,2377.44,2.25,4
700000,649.224,3,1310.3352,2,4
380000,524.256,4,2926.08,1.75,4
1582500,1213.104,4,4969.4592,2.5,3
1348000,1414.2720000000002,4,2995.2696,3.5,3
650000,682.7520000000001,4,3027.8832,2.5,4
390000,437.38800000000003,3,2731.0080000000003,1.75,4
648000,490.728,3,3117.7992000000004,1.75,5
777700,688.8480000000001,3,76645.008,2.5,3
452000,478.536,4,2520.0864,1.75,3
593777,460.24800000000005,3,3185.1600000000003,1.75,4
720000,478.536,2,337.71840000000003,1.75,3
600000,509.016,3,12081.967200000001,1.75,4
780000,832.104,4,3133.6488,2.5,3
595000,765.048,4,2739.8472,1.75,4
865000,1124.712,4,3015.0816,3,3
378000,396.24,4,1851.66,1,5
327500,682.7520000000001,4,2926.08,2.25,3
325900,707.1360000000001,4,1911.096,2.5,3
245000,277.368,3,2020.824,1,4
365000,670.5600000000001,3,1235.0496,2.5,3
455000,1024.1280000000002,4,2342.388,2.5,3
359000,417.576,2,347.47200000000004,2.75,3
467000,505.968,3,2006.1936,1,5
400000,496.824,3,3140.6592,1,5
370000,826.008,4,1792.2240000000002,2.5,3
415000,755.904,3,2542.6416,2.5,3
333000,481.584,4,2377.44,2,2
373000,509.016,3,1086.612,2.5,3
426000,853.44,4,2588.9712,2.5,3
423000,591.312,4,2105.8632000000002,1.75,4
970000,850.392,4,1652.016,3.25,3
850000,941.832,4,2055.5712000000003,3.25,3
475000,554.736,3,2440.8384,2.25,3
274950,509.016,3,2260.092,1.75,3
751750,573.024,2,1645.92,2,3
330000,377.952,2,471.2208,2.5,3
250000,228.60000000000002,1,1219.2,1,3
1965220,1331.976,4,2593.848,3.5,3
1250000,963.168,5,4034.9424000000004,3.25,5
274950,441.96000000000004,3,2688.3360000000002,1,3
500000,890.0160000000001,5,3486.9120000000003,3,3
450000,609.6,4,1425.2448000000002,1,3
445000,448.05600000000004,4,2558.7960000000003,2,4
160000,368.808,3,31466.637600000002,1,2
837219,923.5440000000001,5,2340.5592,2.75,3
649950,716.2800000000001,4,19251.7776,2.5,4
475000,603.504,4,3487.8264000000004,2.75,5
860000,1207.008,4,2137.2576,3.25,3
789500,917.4480000000001,4,1859.2800000000002,2.5,3
499950,557.784,3,914.4000000000001,1,3
235000,268.224,2,550.164,1.5,3
518000,530.352,4,2286,2.5,4
470000,536.448,3,2049.1704,1.5,3
675000,835.152,6,1938.528,1.75,3
449950,752.856,4,1161.5928000000001,2.5,3
379900,853.44,5,2240.28,3.5,3
350000,493.776,2,2805.684,1,5
1068000,1216.152,5,3029.1024,3.5,3
450000,435.86400000000003,3,1060.704,2,3
632500,637.032,4,3141.2688000000003,2.5,3
950000,929.6400000000001,3,5758.2816,3.25,4
299995,323.088,2,2194.56,1,4
3400000,1594.104,3,5433.3648,4.5,3
745641,743.712,4,1478.28,2.5,3
380000,566.928,3,4742.3832,2.25,4
563500,426.72,3,399.8976,2.5,3
575000,518.1600000000001,3,1015.8984,2.25,3
565000,509.016,2,1221.6384,1.75,3
255950,524.256,3,1120.4448,2.5,3
1340000,972.312,4,1536.192,3.5,3
224000,487.68,4,2831.2872,1.5,4
1025000,1011.936,4,6050.280000000001,3.5,4
390000,417.576,3,278.2824,3.25,3
672500,731.52,3,1615.44,2.25,4
339900,365.76,3,2769.7176,1,5
540000,664.464,4,3090.672,2.5,4
250000,365.76,3,7560.564,1.75,3
720000,1082.04,4,3757.2696,3,4
519995,789.432,4,1877.568,3,3
474000,466.34400000000005,3,2438.4,1.75,3
450000,606.552,3,3899.3064000000004,2.5,3
570000,576.072,3,1014.984,1,4
148000,192.024,2,1280.16,1,3
400000,536.448,3,2095.5,2,4
692500,1130.808,4,2433.5232,2.75,3
639000,560.832,4,1651.7112000000002,2,4
1250000,1054.608,3,1631.5944000000002,3,3
320900,539.496,3,2210.1048,2,4
482000,867.4608000000001,4,26022.909600000003,2.5,3
1105000,935.7360000000001,5,1524,3.25,3
115000,167.64000000000001,2,2432.304,0.75,3
907687,1085.088,4,2068.3728,2.5,3
220000,426.72,3,2196.0840000000003,2.25,3
255000,377.952,3,2599.3344,1.5,4
605000,710.1840000000001,3,1828.8000000000002,1.75,4
470000,1191.768,5,2157.0696000000003,3.25,3
778000,560.832,3,1828.8000000000002,2,5
813500,771.144,4,4730.496,2,5
449950,466.34400000000005,3,1170.432,2.5,3
672000,743.712,4,3062.9352000000003,2.5,4
665000,955.8528,3,16596.36,2.5,5
430000,411.48,4,2743.2000000000003,1,4
625000,533.4,4,2743.2000000000003,2.5,3
205000,670.5600000000001,4,4059.936,2,3
415000,396.24,3,2430.78,1,4
850000,746.76,3,2622.1944000000003,1.75,5
705000,847.344,4,1891.8936,2.75,3
379000,688.8480000000001,4,1775.1552000000001,2.5,3
445000,801.624,4,2773.3752,2,3
400000,387.096,2,2267.712,1,4
558000,981.456,4,1560.576,2.5,3
630000,582.168,4,457.80960000000005,2.5,3
445000,679.7040000000001,3,2418.2832000000003,2.5,3
385000,548.64,4,3319.2720000000004,1.75,4
367500,908.3040000000001,5,3067.5072,3,3
775000,1033.2720000000002,4,1207.008,3.5,3
1280000,1112.52,9,1524,4.5,3
444000,853.44,4,2193.9504,3,3
372500,585.216,4,2944.368,2.25,4
485000,344.42400000000004,2,1158.24,1,4
785000,1008.888,4,1478.28,3.5,3
540000,688.8480000000001,4,5943.6,1.75,3
490000,454.15200000000004,3,3462.5280000000002,1.75,3
190000,256.03200000000004,2,3734.4096000000004,1,3
442500,469.392,4,1804.4160000000002,2,5
410000,451.10400000000004,2,1243.584,1,3
454000,268.224,2,2051.6088,1,4
532170,414.528,3,941.832,2,3
265000,402.336,3,2730.7032,2,3
424240,633.984,3,3686.2512,2,4
397450,807.72,4,2880.6648,2.5,4
364250,694.9440000000001,3,65190.319200000005,2.5,3
179900,307.848,3,3023.616,1,3
317750,603.504,3,1371.6000000000001,2.5,3
749500,758.952,4,1170.432,2.75,4
333800,603.504,5,1178.9664,3,3
328000,615.696,3,2553.9192000000003,2.25,3
150000,441.96000000000004,3,2065.3248000000003,1,3
802000,649.224,4,2662.1232,2.25,4
383000,557.784,4,3380.232,1.75,3
649000,551.688,3,5183.428800000001,2,3
401500,545.592,4,2560.32,1,4
990000,551.688,3,7493.812800000001,1.75,4
384000,981.456,5,2487.168,2.75,3
450000,850.392,3,14933.371200000001,2.5,4
550000,396.24,2,905.2560000000001,1.5,3
375000,539.496,4,2026.92,1.5,3
338500,828.1416,4,1375.5624,2.5,3
369946,737.616,3,1440.18,2.5,3
530000,384.048,2,399.8976,2.25,3
401000,411.48,3,865.3272000000001,2.25,3
475000,701.0400000000001,5,8680.704,2.5,3
1200000,871.7280000000001,5,1219.2,2.5,4
981000,643.128,4,3078.48,2.5,3
1220000,941.832,4,2476.5,2,5
1185000,765.048,3,1402.0800000000002,2.5,3
425000,356.61600000000004,2,1524,1,4
299000,463.29600000000005,3,2535.936,1,3
569000,862.5840000000001,4,3338.7792,2.5,3
207000,603.504,3,5708.904,1,4
318000,381,3,6108.192,1,3
775000,969.264,4,4681.1184,2.5,3
695000,850.392,4,1993.392,2.5,3
89000,274.32,3,1447.8000000000002,1,4
413107,432.81600000000003,3,2292.096,1.5,4
329000,298.704,2,310.896,2.5,3
460000,417.576,3,363.93120000000005,3.25,3
305000,243.84,2,652.8816,1.5,3
749000,621.792,4,3611.88,2,3
493000,582.168,4,875.9952000000001,2,3
215000,536.448,3,2829.1536,2,5
521450,393.192,3,1737.3600000000001,2,5
355000,435.86400000000003,3,1456.0296,2.25,3
527000,883.9200000000001,4,2053.1328000000003,2.5,3
798000,868.3752000000001,3,2922.4224,2.5,3
520000,618.744,3,4937.76,2.25,3
675000,954.024,4,3798.7224,2.5,4
278000,826.008,3,2770.0224000000003,1.75,4
331500,624.84,4,3130.6008,2.5,3
815000,426.72,4,1463.04,2,3
96500,256.03200000000004,3,3685.3368,1,3
329922,432.81600000000003,3,1916.8872000000001,1.75,3
289950,231.64800000000002,2,1828.8000000000002,1,4
1450000,941.832,5,6054.852,2.75,4
249950,527.304,5,2247.9,2,4
500000,917.4480000000001,4,1536.192,2.5,3
986000,865.6320000000001,4,1798.3200000000002,3.5,3
560000,694.9440000000001,3,3809.3904,2.5,4
199950,408.432,3,2212.848,1,3
685000,451.10400000000004,3,2133.6,1.75,3
590000,725.4240000000001,4,1508.76,2.5,3
555565,509.016,3,3455.5176,2,4
915000,1069.848,4,8550.249600000001,2.5,3
750000,704.0880000000001,4,3118.7136,2.75,5
495000,1033.2720000000002,4,2398.7760000000003,2.5,3
1600000,1027.1760000000002,3,7030.212,2.25,3
3850000,1758.6960000000001,4,6492.240000000001,4.25,4
645500,728.472,4,2937.6624,2.5,3
625000,423.672,2,279.1968,2.25,3
262500,347.47200000000004,2,4380.8904,1.5,3
390000,780.288,4,13277.088000000002,2.5,3
569000,606.552,3,914.4000000000001,2,3
435000,533.4,3,5104.7904,1.75,3
575000,490.728,4,3414.0648,2.75,5
443000,344.42400000000004,2,1649.8824000000002,1,3
446950,685.8000000000001,5,2421.636,2.5,4
210000,438.91200000000003,3,3081.8328,2,3
392000,792.48,4,2719.1208,2.5,3
427500,579.12,3,13163.0928,1.5,4
695000,719.3280000000001,4,762,2.25,3
290000,408.432,2,2999.232,1,3
275000,515.1120000000001,4,1828.8000000000002,1.75,3
323000,582.168,3,2538.6792,1.75,3
370000,771.4488,4,2085.7464,2.5,3
670000,487.68,3,5141.3664,1,3
1245000,1027.1760000000002,5,2472.8424,2.5,3
292000,691.8960000000001,3,2181.1488,1.75,3
299500,362.71200000000005,3,2926.08,1,3
880000,874.7760000000001,3,1573.6824000000001,2.5,3
258500,548.64,3,2743.2000000000003,2.5,3
311000,362.71200000000005,3,2389.632,2,4
260000,682.7520000000001,4,2194.56,2.75,3
337500,396.24,2,2051.6088,1,3
319000,490.728,3,2604.2112,2.5,5
485000,512.0640000000001,3,2250.9480000000003,2.5,3
524000,417.576,3,306.9336,2.25,3
441000,835.152,3,2414.9304,2.5,3
220000,332.232,3,1926.336,1,3
278226,728.472,4,1413.9672,2.5,3
585000,1179.576,6,13346.277600000001,3,3
537000,481.584,4,1107.948,1.75,4
563250,417.576,3,853.44,1.75,5
264500,502.92,3,4937.76,1.75,3
356000,512.0640000000001,3,2655.4176,1.5,3
425000,353.56800000000004,2,1535.5824,1,5
335000,688.8480000000001,3,2450.592,2.5,3
294900,457.20000000000005,3,2468.88,2.25,3
275000,256.03200000000004,2,1219.2,1,3
325500,697.9920000000001,4,2481.6816000000003,1.75,4
945000,886.9680000000001,4,1426.4640000000002,2.5,5
236775,557.784,3,2551.7856,2.5,3
246000,496.824,3,3108.96,1.5,4
400000,213.36,2,2474.976,1,3
545000,621.792,4,16330.574400000001,1.75,5
229950,313.944,3,3870.96,0.75,4
470000,579.12,5,1828.8000000000002,2,4
575000,381,2,1316.736,1,4
552500,621.792,3,1760.22,1.75,3
190000,387.096,3,2400.3,1.75,4
299900,710.1840000000001,4,2194.56,2.75,4
172000,411.48,3,2950.464,1,4
290000,475.488,4,2682.2400000000002,2,5
448175,417.576,2,408.1272,2,4
640000,493.776,3,419.7096,2.5,3
339000,530.352,4,1828.8000000000002,2.5,4
505000,384.048,3,1664.208,2,3
810000,627.888,3,1005.84,1.75,4
635000,783.336,4,8525.865600000001,2.5,3
345000,323.088,3,1706.88,1,4
436000,829.056,5,3004.1088,3,4
1125000,1185.672,4,128654.86080000001,3.25,3
510000,326.136,2,1609.344,1,3
490000,469.392,3,2743.2000000000003,1.75,3
874000,411.48,3,286.8168,2.5,3
597500,655.32,3,1645.92,2,4
349950,685.8000000000001,5,2187.2448,2.5,3
285000,301.752,2,420.624,1.5,3
705000,835.152,4,1627.3272000000002,3.25,3
392500,505.968,3,2694.1272000000004,1,4
626000,551.688,3,1556.6136000000001,2.25,3
315000,673.6080000000001,4,1277.4168,3,3
422250,390.144,2,382.8288,1.5,3
950000,524.256,3,2996.184,1,4
700000,710.1840000000001,3,3482.0352000000003,2.25,4
641000,1042.416,5,1951.6344000000001,3.5,3
412000,740.664,4,2207.3616,3,3
636000,652.272,3,844.296,2.5,3
541900,573.024,3,930.8592000000001,2.5,3
379600,387.096,3,3785.616,1.75,4
266000,213.36,2,1694.3832,1,5
268000,432.81600000000003,3,1828.8000000000002,1,3
348000,527.304,3,1220.4192,2.5,3
265000,542.544,3,3107.7408,1.5,4
739999,1021.08,4,1981.2,2.75,3
1350000,1594.104,4,27218.0304,4.75,3
650000,710.1840000000001,3,2194.56,1.75,4
957000,871.7280000000001,4,3518.916,2.25,4
412450,582.168,3,4116.3240000000005,2,3
280000,600.456,3,2568.2448,2.5,3
320900,670.5600000000001,5,2590.8,2.5,4
825000,765.048,3,3175.4064000000003,2.25,3
402500,658.368,3,2907.7920000000004,2.25,3
310000,323.088,3,2119.5792,1.5,4
238000,331.6224,2,2576.4744,1,3
335000,481.584,3,4942.332,2.25,4
440000,243.84,2,1478.28,1,4
482000,826.008,4,10932.5664,2.5,3
608500,868.6800000000001,4,1699.8696,3.5,3
750000,682.7520000000001,3,3224.1744000000003,1.75,5
285000,637.032,3,3302.2032000000004,2.5,4
530000,896.1120000000001,4,10971.5808,2.5,3
418000,429.76800000000003,3,1837.9440000000002,2,4
406100,429.76800000000003,3,405.9936,2.25,3
184000,454.15200000000004,3,3086.1000000000004,1.75,4
715000,521.208,4,1844.0400000000002,1,3
506000,353.56800000000004,3,1865.3760000000002,2,3
353500,615.696,3,1476.756,2.5,3
476900,377.952,3,1755.0384000000001,1,4
652500,954.024,4,5563.5144,1.75,3
450000,877.8240000000001,3,129982.5696,2.5,3
226500,499.872,3,3280.2576000000004,1.75,3
301500,252.984,2,406.2984,1.5,3
235000,246.888,1,747.0648,1,5
1033890,996.696,4,1580.9976000000001,3.25,3
225000,594.36,4,3827.9832,1.5,3
356000,640.08,3,3774.6432,3.5,3
257200,563.88,3,2514.6,2,4
316000,612.648,4,2202.4848,2.5,3
238000,310.896,3,366.9792,2,3
210000,329.184,3,6413.906400000001,1,3
230000,588.264,5,1865.3760000000002,2,3
360000,259.08000000000004,2,2350.0080000000003,0.75,5
749000,893.0640000000001,4,5547.055200000001,2.5,3
1075000,1097.28,4,2804.1600000000003,3,4
132500,329.184,3,3200.4,1,3
661254,697.9920000000001,4,1905,4,5
488000,484.632,3,777.24,2.5,3
326000,524.256,3,8534.4,2.75,4
240000,405.384,3,1828.8000000000002,2,4
843500,801.624,4,5021.58,2,4
550000,551.688,3,1238.7072,2,3
455000,347.47200000000004,2,1743.4560000000001,1,3
713250,624.84,3,2743.2000000000003,2,4
415000,609.6,4,1817.2176000000002,2.5,3
525000,469.392,3,2377.44,2,3
1800000,1341.1200000000001,5,4748.784000000001,4.5,3
510000,402.336,4,4343.400000000001,1.5,4
255000,365.76,2,2743.2000000000003,1,5
225000,536.448,3,7941.564,1.75,3
740000,758.952,4,5435.4984,2.75,3
495000,539.1912,3,2834.6400000000003,2,4
349950,323.088,3,2903.2200000000003,1,3
459950,563.88,3,2093.6712,1.75,5
496752,603.504,2,1524,1,4
749995,1045.464,4,3008.376,3.25,3
342000,225.55200000000002,2,1883.664,1,3
206000,554.736,2,2702.6616000000004,1.5,3
415000,661.416,4,2596.2864,2.5,3
360000,524.256,4,1955.9016000000001,1.5,3
225000,481.584,3,2688.3360000000002,1.75,4
210000,295.656,2,1676.4,1,3
998000,737.616,4,3108.96,2.25,4
300000,655.32,3,2135.7336,1,3
425000,707.1360000000001,3,690.9816000000001,2.5,3
775000,868.6800000000001,3,4511.04,2.75,4
1050000,1051.56,4,2387.1936,3.5,3
459000,771.144,4,3048,3,3
350000,710.1840000000001,5,4365.345600000001,1.75,4
385000,396.24,3,2142.744,1.75,3
235000,274.32,2,8778.24,1,1
345000,295.656,2,1752.6000000000001,1,4
425000,396.24,3,5840.8824,1.5,3
540000,402.336,3,548.64,2.25,3
435000,579.12,3,2433.5232,2.5,3
700000,758.952,3,7281.9768,2.5,3
394500,915.0096000000001,4,1841.6016000000002,2.5,3
1150000,1091.184,5,2719.1208,2.5,3
685000,618.744,3,3374.136,3.25,4
1450000,1149.096,4,1250.5944,3.25,5
460000,798.576,4,2539.2888000000003,2.5,3
600000,734.568,2,31201.1568,2.5,4
410000,448.05600000000004,3,1981.2,1,4
814842,972.312,3,2102.8152,2.5,3
933399,1200.912,3,3157.728,2.5,3
650000,774.192,3,2460.6504,2.5,4
1260500,1136.904,4,5166.360000000001,2.5,3
510000,969.264,4,4068.4704,2.75,3
545000,810.768,3,6208.4712,2.5,3
379950,621.792,3,3677.4120000000003,1.75,3
480000,591.312,3,3058.668,2.5,4
667400,810.768,4,12287.097600000001,2.5,4
279000,475.488,4,2307.0312,2,4
265000,670.5600000000001,3,2194.56,1.75,3
420000,694.9440000000001,4,3145.2312,2,4
2250000,1569.72,3,2377.44,4.25,3
314950,566.928,2,1938.2232000000001,2.5,3
940000,963.168,4,12179.808,2.5,3
452000,557.784,5,14604.7968,1.75,3
589000,707.1360000000001,3,1726.0824,2.5,3
725000,667.5120000000001,4,2865.1200000000003,1.75,4
220000,615.696,4,2389.632,1.75,3
555000,755.904,3,2644.4448,2.5,4
415000,768.096,4,1280.16,2.25,4
1578000,1423.4160000000002,4,15799.6128,3.25,4
225000,411.48,3,2984.9064000000003,1.75,4
400000,729.3864,3,1459.3824,2.5,3
465000,1024.1280000000002,4,3294.8880000000004,2.25,4
368000,533.4,3,4389.12,1.75,4
475000,420.624,3,1412.748,1,4
900000,1124.712,4,3495.4464000000003,2.5,3
1180000,783.336,4,1219.2,3,3
400000,530.352,3,3364.992,2.25,3
429000,768.096,3,1537.1064000000001,1.75,3
375000,630.936,4,2993.7456,2,5
619000,780.288,3,13291.718400000002,2.5,3
174000,182.88,2,1479.4992,1,5
420000,755.904,4,2629.2048,2.5,3
735000,902.2080000000001,3,11999.976,3.25,3
365000,853.44,4,2078.7360000000003,2.5,4
935000,1069.848,4,3413.76,3.5,3
1054710,1283.208,4,1975.4088000000002,3.5,3
170000,146.304,1,1389.8880000000001,1,3
303700,603.8088,3,1737.3600000000001,2.5,3
245000,667.5120000000001,4,2777.6424,2.25,3
343000,341.37600000000003,3,2209.8,1,4
920000,957.072,4,2769.108,2.75,5
437000,667.5120000000001,5,2534.7168,2,3
1104500,1149.096,4,2712.4152,4,3
425000,743.712,4,1550.8224,2.5,3
499950,402.336,2,352.65360000000004,2.5,3
680000,441.96000000000004,2,301.4472,2,3
510000,701.0400000000001,3,8402.1168,2.5,3
400000,323.088,3,3867.9120000000003,1,3
435000,582.168,2,3700.8816,1.75,3
615000,899.1600000000001,5,2432.304,3.5,3
270000,420.624,2,63995.50320000001,1.5,1
250000,411.48,3,2605.4304,1.75,3
185000,402.336,3,2180.844,1,4
540000,694.9440000000001,3,5081.3208,1.75,4
210500,621.792,2,2621.28,1.75,4
360000,374.904,2,337.41360000000003,1.75,3
322000,670.5600000000001,3,3728.0088,1.75,4
511100,475.488,4,3724.6560000000004,2.5,4
770000,993.648,7,2482.596,2.25,5
540000,560.832,4,1304.544,1.75,4
1150000,1325.88,5,1895.2464,3.5,3
379900,347.47200000000004,2,2322.576,1.5,4
430000,490.728,3,2407.92,1.75,4
1780000,1490.472,4,4084.9296000000004,3.25,3
1260000,981.456,3,1207.008,3.5,3
419354,826.008,5,1371.6000000000001,2.75,3
509250,451.10400000000004,2,950.976,1.5,3
245000,384.048,3,2625.5472,1.75,4
228950,658.368,4,1584.96,3,3
238000,682.7520000000001,5,2941.9296,2.25,3
845000,963.168,4,2177.1864,2.75,3
270000,475.488,3,2698.3944,2,3
317000,615.696,3,2212.848,2,3
376950,805.5864,4,1752.6000000000001,2.5,3
447000,259.08000000000004,2,822.96,1,5
525000,475.488,3,1828.8000000000002,1.75,3
337500,630.936,5,1431.9504000000002,2.5,3
275000,554.736,3,2976.6768,2.25,4
246950,545.592,3,512.6736000000001,3.5,3
580000,548.64,3,1905,1.5,3
730000,569.976,4,1521.5616,1,4
399000,530.352,3,1124.712,2.5,3
151100,256.03200000000004,3,1370.076,1,3
616000,530.352,3,2999.232,1.5,4
485000,883.9200000000001,3,10751.2104,2.25,3
275000,402.336,3,3380.232,1,3
325000,240.792,2,1828.8000000000002,1,3
460000,268.224,2,1005.84,1,4
1535000,1758.6960000000001,4,3063.2400000000002,4.5,5
740000,780.288,4,2103.12,2.75,3
252000,469.392,3,2197.608,2,4
550000,573.024,3,13940.9424,1.75,4
506400,640.08,3,2755.3920000000003,2.5,3
250000,432.81600000000003,2,6448.9584,1,3
1335000,1539.24,4,61738.459200000005,4,3
299500,487.68,4,4667.0976,2.25,4
630500,581.8632,3,396.24,2.5,3
475000,445.00800000000004,3,1512.1128,2.5,4
720000,664.464,3,1524,1.5,4
350000,478.536,4,152269.2408,2.25,4
560000,551.688,4,1036.3200000000002,1.5,3
492500,487.68,2,24505.920000000002,2.25,4
405000,243.84,2,1833.6768000000002,1,3
355000,597.408,3,2133.6,2.25,3
377000,304.8,2,381.3048,1.5,3
242000,533.4,4,3474.7200000000003,2.5,4
453000,573.024,4,1554.48,2,3
820000,1133.856,4,2631.3384,2.5,3
221000,298.704,3,2318.3088000000002,1,3
810000,1261.872,4,14073.530400000001,3.25,3
360000,728.472,4,2150.6688,2.5,3
1225000,792.48,4,3518.0016,2.5,4
287000,396.24,4,3063.2400000000002,1.5,3
1620500,1063.752,3,2853.5376,2.5,5
270000,554.736,3,2362.2000000000003,2,3
290000,624.84,4,2747.772,2.5,4
1175000,1432.5600000000002,4,15135.7584,2.5,3
170000,417.576,3,3285.744,1.75,3
400000,280.416,2,1560.576,1,5
1490000,737.616,4,5632.704000000001,2.5,4
1165000,938.784,4,3196.4376,2.25,4
825750,899.1600000000001,4,1139.0376,3.5,3
802500,594.36,4,2133.6,2.25,3
213500,627.888,2,2350.9224,1.5,4
325000,749.808,4,2322.576,2.25,3
347500,679.7040000000001,5,1996.7448000000002,3,3
440000,536.448,3,2446.02,1.75,4
395000,298.704,2,1554.48,1,4
635000,368.808,3,1341.1200000000001,1.75,4
564000,874.7760000000001,4,2029.3584,2.5,3
632500,539.496,4,1524,2,4
475000,774.192,3,5760.72,3,3
530000,829.056,5,2682.2400000000002,2.25,4
425000,451.10400000000004,3,422.4528,2.5,3
399950,475.488,3,3656.6856000000002,2.25,3
690000,710.1840000000001,3,4968.240000000001,1.75,3
280000,426.72,3,4259.58,1,4
480000,597.408,3,13409.676000000001,1.75,3
320000,292.608,3,1883.664,1,4
595000,777.24,3,2035.1496000000002,2.5,3
537000,606.552,4,810.768,2.5,3
225800,335.28000000000003,4,2167.128,1,4
507950,801.624,4,1915.0584000000001,2.5,3
395000,289.56,3,2118.6648,1,4
710000,829.056,4,2438.4,2.5,4
299000,216.40800000000002,2,2051.9136000000003,1,5
1135000,1170.432,4,3049.2192,2.75,4
275000,512.0640000000001,4,5914.644,1.75,4
685000,844.296,4,1828.8000000000002,2.5,3
370000,451.10400000000004,3,2354.58,1.75,4
830000,856.488,5,4330.2936,2.5,3
275000,676.6560000000001,4,2508.1992,2,4
1387000,1222.248,4,3316.224,3.5,4
455000,252.984,2,1219.2,1,4
421500,851.3064,4,1738.2744,3,3
589999,652.272,3,1105.8144,2.5,3
650000,786.384,5,2397.252,2.75,4
459000,743.712,3,632.7648,3,3
535000,972.312,5,1883.0544,2.5,3
380000,643.128,4,1617.2688,2.5,3
742500,615.696,2,1524,3,3
465000,710.1840000000001,5,1965.96,1.75,3
265000,393.192,2,861.9744000000001,1,3
729500,505.968,3,332.5368,2.5,3
322500,411.48,3,4328.16,2,3
450000,886.9680000000001,3,5234.0256,2.5,3
360000,615.696,4,2221.6872000000003,2.5,3
695000,1389.8880000000001,3,5371.185600000001,2.5,4
413500,234.696,2,1219.2,1,5
475000,545.592,4,685.8000000000001,2,4
224000,475.488,3,2225.04,1.5,4
665000,667.5120000000001,3,3160.7760000000003,2.5,3
335000,774.192,4,2197.608,2.75,4
279950,533.4,3,2971.8,2,3
489000,457.20000000000005,3,380.6952,3.5,3
234999,405.384,3,2716.3776000000003,1,3
250000,768.096,5,1753.5144,1.5,4
269950,576.072,3,1474.6224,2.5,3
565000,954.024,4,42486.6816,2.75,4
407450,704.0880000000001,4,20977.555200000003,1.5,4
480000,633.984,4,1676.4,1,3
1157400,835.152,3,1805.94,2.5,3
505000,499.872,3,3259.8360000000002,1.75,3
575000,1124.712,5,15151.3032,3,3
1388000,1231.392,4,6096.3048,3,3
280000,210.312,1,594.36,1,3
248000,289.56,3,2865.1200000000003,1,4
445800,630.936,4,12023.140800000001,2.25,3
530000,603.504,4,4598.2128,2.25,3
725000,566.928,3,1828.8000000000002,1.75,4
1054690,1033.2720000000002,4,1212.7992000000002,3.5,3
525000,466.34400000000005,2,1067.7144,1.75,4
267000,530.352,3,3314.7000000000003,1,4
1049000,1444.7520000000002,4,38636.1432,3.75,4
675000,585.216,3,1371.6000000000001,1.75,5
885250,1118.616,4,15135.7584,2.5,3
360000,463.29600000000005,3,3743.5536,1.75,3
430000,493.776,4,11300.460000000001,1,3
350000,530.352,2,2017.776,1.75,3
485000,350.52000000000004,4,780.288,1,3
775000,880.8720000000001,3,2581.656,2.5,3
291750,399.288,3,3909.0600000000004,2.25,3
372500,426.72,2,901.5984000000001,2.5,3
255000,536.448,4,2810.8656,2.75,3
575000,816.864,3,30537.3024,2.25,4
625000,429.76800000000003,4,1365.5040000000001,2,3
435000,743.712,4,1630.68,2.5,3
203000,496.824,3,2787.396,2.25,3
410000,886.9680000000001,5,1768.4496000000001,2.75,3
468000,496.824,3,758.952,2.25,3
569000,731.52,4,6460.540800000001,1.75,5
374150,423.672,3,2921.5080000000003,1.75,4
500000,789.432,4,2851.0992,2.5,4
1052500,1203.96,4,3913.632,2.75,5
550000,734.568,4,2574.6456000000003,1.75,4
330000,158.496,2,2091.5376,0.75,4
450000,697.9920000000001,4,1680.972,2.5,3
415000,326.136,2,1371.6000000000001,1,3
275000,664.464,4,3393.0336,2.5,4
370000,438.91200000000003,3,2525.8776000000003,1,4
270000,457.20000000000005,3,1708.404,1,5
305000,502.92,3,2889.5040000000004,1.75,3
325000,228.60000000000002,2,1686.7632,1,3
259900,475.488,4,2688.3360000000002,2.75,3
180000,256.03200000000004,3,1737.3600000000001,1,4
370000,502.92,3,1481.0232,2.25,3
429000,560.832,4,1399.9464,2.5,3
1000000,1021.08,5,2880.36,3,5
779000,707.1360000000001,3,1950.72,1.75,4
420000,539.496,3,1828.8000000000002,1.75,3
230000,341.37600000000003,3,2286,1,3
230000,399.288,3,2234.7936,2,3
526000,905.2560000000001,4,16596.36,2.25,3
227000,341.37600000000003,4,2670.9624000000003,1,3
335000,387.096,3,1463.04,1.75,3
665000,633.984,4,2468.88,2.5,5
1160000,850.392,4,1661.16,2.5,3
345000,377.952,3,11611.356,1.75,3
566000,579.12,4,3138.5256,1.75,4
354900,524.256,3,5045.0496,1,4
180000,390.144,3,1485.9,1,5
421200,438.91200000000003,3,932.6880000000001,2.5,3
760000,810.768,5,3242.1576,1.75,5
898000,752.856,2,2334.1584000000003,2.25,4
240000,335.28000000000003,3,1938.528,2,3
469000,362.71200000000005,3,393.192,2.5,3
767250,661.416,4,762,3,3
495000,353.56800000000004,2,307.848,2.25,3
240000,377.952,3,3339.3888,1.75,3
509000,792.48,4,2851.404,2.5,3
540000,868.6800000000001,4,2271.6744000000003,2.25,3
325250,649.224,4,2846.5272,2.75,3
259000,484.632,3,2178.7104,1.75,3
315000,393.192,2,742.4928,2.25,3
510000,566.928,3,1114.9584,2.5,3
322000,420.624,3,373.38,3.25,3
260000,362.71200000000005,3,3389.376,1,3
210000,374.904,3,3718.8648000000003,1,3
445000,640.08,4,1341.1200000000001,1.75,5
380000,298.704,2,1036.3200000000002,1,3
572115,984.504,4,1474.6224,3.25,3
510000,423.672,2,1689.8112,1,3
341500,344.42400000000004,3,2201.5704,1.5,4
276000,441.96000000000004,3,2721.2544000000003,2,3
410000,579.12,4,1554.48,2,3
674250,847.344,4,10668,2.5,4
209000,381,3,2464.0032,1.75,4
360000,594.36,4,1661.4648000000002,2.5,3
489950,481.584,3,1222.248,2,4
405000,417.576,2,1250.2896,1.5,4
1210000,996.696,4,1828.8000000000002,2.25,5
550000,502.92,3,1204.5696,2,3
445000,819.912,3,6669.9384,2.5,3
330000,908.3040000000001,4,1729.4352000000001,2.5,3
585000,697.9920000000001,3,1551.1272000000001,2.5,3
456500,609.6,4,703.7832000000001,3.5,3
828200,1036.3200000000002,4,2158.2888000000003,2.75,3
490000,630.936,3,3055.0104,2,3
610000,1100.328,6,3667.6584000000003,2.5,3
705000,445.00800000000004,3,1905,2,4
1272000,920.4960000000001,4,1219.2,3.25,5
1135000,1399.0320000000002,4,5370.8808,4.25,3
680000,969.264,6,2857.5,2.5,4
360000,758.952,4,1448.1048,2.5,3
425000,426.72,3,2124.456,2.25,3
509000,496.824,4,525.4752,2,3
825000,588.264,3,2573.1216,1.75,4
1629000,941.832,5,5054.4984,2.5,4
419000,655.32,4,7183.526400000001,1.5,4
375000,435.86400000000003,3,2563.9776,1.75,4
552500,993.648,4,2103.7296,2.5,3
864000,932.6880000000001,3,4131.2592,2.75,3
282510,441.96000000000004,4,9824.923200000001,1,4
276000,682.7520000000001,3,2804.1600000000003,1.75,4
222000,252.984,2,2100.9864000000002,1,3
405000,509.016,3,2048.2560000000003,1.75,3
454000,926.5920000000001,4,3816.7056000000002,2.5,3
576750,676.6560000000001,3,1524,2,4
250000,496.2144,3,87281.004,1.75,3
407000,347.47200000000004,3,2372.868,1,3
450000,310.896,2,319.7352,1.5,3
253750,420.624,4,2167.128,1,3
1450000,871.7280000000001,4,670.2552000000001,3.5,3
339950,655.32,4,1219.2,2.5,3
470000,603.504,3,2964.1800000000003,2.5,3
230000,438.91200000000003,4,3291.84,2,4
425000,387.096,2,1828.8000000000002,1,3
717000,847.344,4,2433.828,2.5,4
180000,271.272,2,1828.8000000000002,1,2
688888,786.384,3,2994.6600000000003,3.25,4
503000,384.048,3,762,2,4
539950,405.384,3,665.3784,2.5,3
490000,783.336,4,1876.6536,2.5,3
650000,801.624,4,8625.2304,2.5,3
271950,371.856,3,2560.32,1.5,4
439000,466.34400000000005,3,5793.3336,1,4
370228,624.84,4,1219.2,3,3
215000,307.848,3,3086.1000000000004,1,4
352000,377.952,3,2194.56,0.75,3
352500,566.928,3,2402.1288,1.75,3
500000,624.84,3,3491.1792,2,3
462500,504.7488,3,33192.72,2.5,4
468000,460.24800000000005,2,1371.6000000000001,1.75,3
325000,316.992,3,2298.4968,1,3
365000,618.744,4,2197.608,2.5,5
367999,1045.464,4,2438.4,2.75,4
595000,298.704,2,1097.28,1,3
455000,332.232,2,2057.4,1.5,3
162248,243.84,2,2731.0080000000003,1,4
1175000,789.432,4,2200.656,2,4
805000,826.008,3,1371.6000000000001,2,4
487585,612.648,4,2807.5128,1.75,3
160000,316.992,2,3992.88,1,5
410000,362.71200000000005,3,1609.344,1,4
660000,402.336,3,1752.6000000000001,1.75,5
110000,381,3,16197.986400000002,1,5
490000,353.56800000000004,2,1524,1,4
366500,630.936,4,2834.6400000000003,2.75,5
461000,323.088,2,2192.4264000000003,1,3
387000,374.904,2,390.144,2.25,3
290000,390.144,3,3266.2368,1.75,4
120750,347.47200000000004,3,2934.6144,1.75,4
300000,841.248,5,1828.8000000000002,2.5,3
354800,417.576,3,23898.758400000002,2,5
275000,588.264,4,4733.848800000001,1.5,3
1149000,1810.5120000000002,4,3515.2584,3,3
475000,469.392,2,16596.36,2,3
700000,704.0880000000001,4,1088.136,2.5,3
720000,874.7760000000001,4,3855.1104,2.5,4
465000,466.34400000000005,3,379.476,2.25,3
852500,801.624,3,3078.48,2.5,4
369990,597.408,4,2174.1384000000003,2.5,3
371000,271.272,3,2194.56,1,3
465000,448.05600000000004,4,1630.68,1.75,3
835000,850.392,3,3817.0104,3,4
822500,707.1360000000001,5,1511.808,3.5,5
385000,484.632,3,3021.1776,2,3
554000,1030.2240000000002,3,33192.72,3.5,3
240000,204.216,2,3328.416,1,3
362500,548.64,3,822.96,2.5,3
806000,762,4,62933.275200000004,2.5,3
1010000,445.00800000000004,2,2759.0496000000003,2,5
804100,935.7360000000001,4,2464.6128000000003,2.5,3
518500,484.632,3,335.88960000000003,3.5,3
285000,277.368,2,2485.6440000000002,1,4
260000,213.36,2,1463.04,1,3
230000,582.168,2,1029.0048000000002,1.75,3
1020000,1149.096,4,2591.1048,3.5,3
542500,621.792,3,3074.2128000000002,2.5,3
623000,624.84,3,4972.2024,1.75,2
840000,848.2584,3,3406.7496,2,3
499950,463.29600000000005,4,2346.96,1.75,4
250000,313.944,2,2677.9728,1,3
483000,743.712,3,4736.592000000001,3,3
279000,435.86400000000003,3,11935.968,1.75,3
560000,597.408,3,2952.2928,2.5,3
580000,1082.04,5,2926.08,2.75,3
356200,515.1120000000001,3,3066.8976000000002,2,5
825000,1136.904,3,10942.32,3,3
255500,417.576,4,12555.9312,1,5
630000,682.7520000000001,4,1226.8200000000002,2.5,3
341000,533.4,3,2712.7200000000003,2.25,4
515000,478.536,3,3334.2072000000003,1.75,3
385000,548.64,3,5486.400000000001,1.75,3
206325,524.256,5,3109.5696000000003,2.5,3
299000,292.608,3,2468.88,1,3
225000,350.52000000000004,4,1828.8000000000002,1,3
342000,530.352,3,678.4848000000001,2.5,3
710000,862.5840000000001,3,2950.464,2.5,3
250000,289.56,2,3607.308,1,3
410000,460.24800000000005,3,2010.7656000000002,1.75,4
530000,460.24800000000005,3,342.90000000000003,3.25,3
459000,807.72,5,3958.4376,2.5,4
620000,509.016,3,3017.52,1.75,4
595000,466.34400000000005,3,2064.4104,2,4
1698000,1097.28,4,2952.5976,3,4
297950,423.672,3,1562.7096000000001,2,3
268000,573.024,3,546.5064,2.75,3
322500,353.56800000000004,3,2971.8,1,3
381000,408.432,2,1355.4456,2,3
235000,420.624,3,2548.7376,1.75,3
272500,469.392,3,3840.48,1.75,4
285000,280.416,2,1783.0800000000002,1,4
550000,938.784,4,2051.6088,2.75,3
355000,597.408,3,2348.484,1.75,4
280000,801.624,3,1981.2,1.75,3
272000,630.936,4,1882.14,2.5,3
384950,725.4240000000001,4,1497.4824,2.5,3
179000,301.752,2,2670.0480000000002,1,3
240000,557.784,4,2320.7472000000002,2.25,3
440000,716.2800000000001,3,2328.9768,1.75,3
226950,283.464,2,2011.68,1,3
287000,682.7520000000001,4,1416.7104000000002,2.5,3
453500,521.208,2,1276.8072,1.5,5
7700000,3672.84,6,8412.48,8,4
511200,451.10400000000004,4,2400.3,1.75,3
625000,585.216,4,2517.3432000000003,2.25,4
610000,633.984,3,50983.896,2.5,3
640000,865.6320000000001,6,69704.712,2,3
621000,408.432,3,1219.2,1,4
513000,637.032,4,1219.2,2,3
217000,295.656,2,1706.88,1,3
575000,813.816,7,3429,1.5,4
556000,484.632,3,762,1.75,4
445000,533.4,3,2194.56,1.75,3
310000,683.3616000000001,3,1750.7712000000001,2.5,3
875000,725.4240000000001,4,1486.2048,2.25,4
505000,737.616,4,1525.8288,2.5,3
672000,371.856,3,2613.0504,1,4
925000,1078.992,4,5537.606400000001,2.5,3
990000,847.344,4,3194.304,2.5,3
283000,640.08,4,2487.168,2,3
278000,563.88,4,1840.0776,2.5,3
148900,518.1600000000001,4,1828.8000000000002,1.75,3
1028950,816.864,5,917.7528000000001,3.25,3
585000,740.664,4,2062.2768,2.5,3
319990,646.176,4,1613.3064000000002,2.5,3
305000,490.728,2,599.8464,2.25,5
255000,225.55200000000002,2,1524,1,4
279000,505.968,3,2251.8624,2.5,3
651000,576.072,3,1341.1200000000001,1.5,5
289950,569.976,3,437.69280000000003,2.5,3
490000,1106.424,4,2556.3576000000003,2.5,3
700000,637.032,3,2267.712,3,5
265000,460.24800000000005,3,1850.4408,2.25,4
3300000,1286.256,3,12588.24,3.25,4
406500,560.832,3,20872.3992,2.75,3
345000,813.816,3,11304.727200000001,2.25,3
1100000,877.8240000000001,4,1676.4,3,4
774000,862.5840000000001,4,3121.152,2.75,4
329000,374.904,3,3268.98,1.75,3
362000,271.272,1,64488.3648,1,3
249500,646.176,4,2607.2592,1.5,4
257000,405.384,3,11136.4776,1.75,4
260000,453.84720000000004,3,853.44,2.25,3
335000,350.52000000000004,3,208.1784,2.5,3
875000,664.464,4,2964.4848,1.75,4
336500,536.448,4,2215.2864,1.75,4
679950,868.6800000000001,4,1726.3872000000001,2.5,3
261500,429.76800000000003,3,2491.4352000000003,1,3
427500,435.86400000000003,3,4937.76,1.75,4
295000,591.312,3,3154.6800000000003,2.5,3
664000,524.256,2,1763.268,1.75,3
240000,542.544,3,1524,1.75,3
498000,524.256,3,2002.536,1.5,4
275000,353.56800000000004,2,336.19440000000003,1.5,3
489000,661.416,4,1398.1176,2.5,3
1302000,1094.232,4,1625.8032,3.5,3
307000,728.472,4,7306.6656,2,3
617450,481.584,3,4388.5104,2,3
325000,576.072,4,1876.3488,2.5,3
197000,515.1120000000001,3,2357.628,1.75,4
565000,752.856,4,2269.8456,2.25,3
304950,411.48,3,2743.2000000000003,1.75,3
855000,579.12,3,1219.2,1.75,3
585000,509.016,3,1393.5456000000001,2,3
501000,307.848,2,1316.736,1,5
370000,542.544,3,1234.44,2.5,3
840000,1042.416,4,2561.844,2.5,3
560000,609.6,3,3103.4736000000003,1.75,5
430000,545.592,4,2195.4744,2.25,4
565000,807.72,5,3491.4840000000004,2.5,3
395000,445.00800000000004,3,6904.0248,1.75,4
307550,603.504,4,1801.0632,2.5,3
268000,420.624,2,1524,1,3
696000,701.0400000000001,3,932.6880000000001,2.5,3
232500,402.336,3,2575.56,1,3
265950,350.52000000000004,3,2575.56,1.5,4
354950,771.144,4,2240.28,2.75,5
480000,457.20000000000005,2,1042.416,1,3
174000,274.32,2,4124.2488,1,3
306000,441.96000000000004,3,2194.56,1,3
720000,1018.032,4,2721.864,2.5,3
356250,627.888,3,1559.0520000000001,2.5,3
386500,899.1600000000001,3,2449.3728,2.25,3
327200,438.91200000000003,2,2567.94,2,4
349950,728.472,3,1963.2168000000001,2.5,3
438000,463.29600000000005,3,397.4592,2.5,3
245000,417.576,3,1828.8000000000002,1,3
205950,454.15200000000004,3,2511.2472000000002,1,4
839990,1115.568,4,1718.1576,2.75,3
235000,368.808,3,1828.8000000000002,1,3
625000,481.584,3,6275.222400000001,1.75,3
585000,722.3760000000001,4,4632.96,2.5,3
384205,551.688,3,1003.4016,2.75,3
6885000,3014.472,6,9562.7952,7.75,3
282150,213.36,2,1810.5120000000002,1,3
335000,656.5392,4,1844.0400000000002,2.5,3
1690000,1612.392,3,68409.9216,3.25,4
629000,579.12,4,3404.9208000000003,2.25,3
970000,1170.432,3,16366.5408,3.5,3
715500,734.568,3,2946.8064,2.25,4
347500,600.456,4,2163.4704,2.5,3
425000,438.91200000000003,2,2035.1496000000002,2,3
865000,1036.3200000000002,4,30227.016000000003,3.25,4
200000,277.368,2,820.8264,1.75,3
813000,1045.464,4,2288.4384,2.5,3
432000,734.568,4,2560.32,1.75,3
579100,326.136,2,839.4192,1,3
290000,637.032,4,3886.2000000000003,1.75,3
383000,557.784,4,6456.5784,2,4
1150000,984.504,3,23130.967200000003,2.75,3
279000,441.96000000000004,3,1251.5088,2.5,3
305000,304.8,2,2503.0176,1,4
490000,853.44,8,786.384,5,3
340768,460.24800000000005,3,3413.76,1.5,4
637500,707.1360000000001,4,1361.8464000000001,3,3
826000,576.072,3,1524,1.5,3
528000,856.488,3,1503.2736,2.5,3
325000,682.7520000000001,4,1556.0040000000001,2.5,4
560000,938.784,4,2926.3848000000003,3,3
312000,527.304,4,2653.5888,1,4
725000,643.128,4,1261.872,2,3
530000,646.176,2,2340.864,1.75,5
280000,243.84,2,364.5408,1.5,3
535000,758.952,3,1097.28,2.75,3
411753,521.208,3,1156.7160000000001,2.5,3
191950,423.672,2,396.8496,2.5,3
265000,438.91200000000003,2,6730.2888,1.5,3
200000,289.56,2,2468.88,1,3
420000,640.08,5,4387.5960000000005,2.5,3
500000,469.392,3,1097.28,2,3
740000,1216.152,5,1524,3.5,3
450000,591.312,3,2533.4976,2.25,4
329999,350.52000000000004,3,2105.5584,1,3
517500,463.29600000000005,4,1027.1760000000002,2.5,3
1050000,768.096,5,5676.900000000001,2.75,3
627500,774.192,4,3505.2000000000003,2.5,4
499922,445.00800000000004,3,914.4000000000001,2,4
501000,816.864,4,1657.8072000000002,2.25,3
670000,868.6800000000001,4,7922.6664,2.5,4
259500,396.24,4,2194.56,1.5,4
765000,850.392,4,3297.6312000000003,2.75,3
315275,438.91200000000003,3,2450.592,1.75,3
425000,1027.1760000000002,3,4245.559200000001,2.75,3
306000,569.976,3,1790.3952000000002,2.5,3
994000,765.048,3,1932.1272000000001,2.25,5
615000,536.448,3,349.30080000000004,2.25,3
770000,740.664,3,16477.1832,2.5,3
353500,536.448,4,2926.6896,2.25,3
515000,414.528,3,432.51120000000003,3.5,3
687000,722.3760000000001,4,3073.2984,2.5,5
875000,981.456,4,6884.8224,2.5,3
762500,795.528,4,2670.0480000000002,2.75,4
330000,926.5920000000001,6,8697.468,2.25,3
720000,734.568,4,2560.32,2.25,5
291000,390.144,3,3200.4,1,4
335000,426.72,3,2414.016,1.75,3
272925,390.144,2,1745.8944000000001,1,5
865000,548.64,4,1274.064,1.75,4
300000,384.048,3,1175.0040000000001,2.5,3
2395000,1158.24,4,6034.4304,3.25,3
968060,798.576,4,4937.76,2.5,4
935000,1130.808,3,11737.5432,3.25,3
728000,1063.752,4,26669.085600000002,3.5,3
415000,682.7520000000001,4,3855.7200000000003,2.25,4
693000,749.808,4,1348.74,2.5,3
375000,405.384,3,324.3072,2.5,3
274000,438.91200000000003,3,2193.9504,1.75,3
470101,707.1360000000001,4,2377.44,2.5,3
1289000,978.408,5,1237.488,3.5,3
555000,1146.048,3,57534.048,3,4
512500,469.392,4,2533.1928000000003,1.75,4
330000,563.88,3,1760.22,1,3
343500,579.12,3,1583.1312,2.5,3
217000,566.928,3,2592.324,1.5,4
355000,341.37600000000003,3,2359.152,1.75,4
275000,524.256,4,1667.8656,2,3
479000,521.208,3,2742.5904,2.5,3
799000,777.24,3,1461.2112,2,3
425000,359.66400000000004,3,2194.56,1,4
445000,563.88,3,2150.6688,1.75,4
383000,786.384,4,5976.2136,1.75,4
229950,655.32,4,2337.8160000000003,2.5,5
280000,413.9184,3,347.77680000000004,2.25,3
550000,472.44,3,332.8416,2.5,3
753000,697.9920000000001,3,2757.5256,2.25,4
574000,627.888,3,2133.6,2,4
174900,335.28000000000003,3,1828.8000000000002,1,2
701000,886.9680000000001,4,2602.992,3,3
510000,417.576,3,2042.16,1.75,3
310000,347.47200000000004,3,2518.5624000000003,1.75,5
352000,637.032,3,915.0096000000001,2.5,3
890000,1027.1760000000002,4,2194.56,2.5,3
388000,417.576,3,278.892,3.25,3
375000,304.8,3,2117.4456,1,4
495000,390.144,3,462.38160000000005,2.25,3
933000,569.976,3,1005.84,1.5,3
358000,728.472,5,2674.6200000000003,2.5,4
635000,682.7520000000001,3,1615.44,1.5,5
575000,560.832,2,1242.3648,1.75,3
538000,798.576,3,3089.7576000000004,3.5,3
388500,576.072,4,1644.3960000000002,2.5,3
436000,350.52000000000004,3,363.62640000000005,2.5,3
150000,265.176,2,1737.3600000000001,1,4
550700,362.71200000000005,2,456.89520000000005,2.25,3
355500,341.37600000000003,3,3057.7536,1,3
336000,377.952,3,1524,1.5,3
546000,640.08,4,425.8056,2.5,3
708000,341.37600000000003,2,1600.2,1,3
379950,515.1120000000001,3,2787.0912000000003,1.5,4
335000,795.528,4,1457.2488,2.5,3
405000,499.872,3,2194.8648000000003,2,3
975000,798.576,5,1669.3896,3,3
500000,1133.856,4,4586.6304,3,3
259950,480.9744,3,2237.232,2.5,3
302000,338.32800000000003,3,2133.6,1,4
291500,539.496,4,1524,2.5,3
250000,228.60000000000002,2,1935.48,1,3
430000,838.2,4,2194.56,2.5,3
800000,1011.936,5,2750.5152000000003,2.5,3
525000,771.144,4,3520.1352,2.75,3
465000,585.216,3,2225.04,2.25,3
922755,1085.088,4,1509.0648,3.5,3
315000,518.1600000000001,3,2458.8216,1.5,3
616950,758.952,3,829.6656,3.5,3
375000,670.5600000000001,3,2926.08,2.75,4
279000,664.464,4,2583.1800000000003,2.75,4
352000,381.6096,4,7620.609600000001,2.5,3
367000,861.9744000000001,3,1234.44,2.5,3
752875,853.44,4,22039.7832,2.5,3
445000,841.248,4,2608.4784,2.5,3
939000,682.7520000000001,4,2951.6832,2.25,4
333700,679.7040000000001,3,1539.24,2.5,3
588000,618.744,3,2240.28,2.25,4
1570000,935.7360000000001,4,1783.0800000000002,3.75,5
490000,527.304,3,896.1120000000001,3,3
575000,460.24800000000005,2,1228.9536,1,3
605000,896.1120000000001,4,14870.582400000001,2.25,5
1910000,1359.4080000000001,4,2082.6984,3,3
327000,579.12,4,2743.2000000000003,1,4
1340000,841.248,4,1495.044,3,4
190500,423.672,3,3095.244,2,3
450000,509.016,3,789.1272,2.5,3
477000,292.608,3,1097.28,1,4
765000,810.768,4,1537.1064000000001,2.5,3
832500,1051.56,4,10698.480000000001,2.5,3
790000,926.5920000000001,3,10567.416000000001,2.5,4
485000,780.288,4,13409.676000000001,1.75,4
206000,246.888,2,2181.7584,1,5
270000,542.544,2,24695.200800000002,1,4
540000,792.48,4,3028.188,2.5,3
769995,1024.1280000000002,5,3681.9840000000004,2.75,3
350000,326.136,2,285.5976,1.5,3
230000,362.71200000000005,3,2768.4984,1,3
562500,890.0160000000001,5,1928.4696000000001,2.75,3
640000,896.1120000000001,4,1756.5624,3,5
443750,445.00800000000004,3,295.0464,2.25,3
450000,350.52000000000004,3,10794.492,1,4
325000,569.976,3,1060.704,2.5,3
1452000,630.936,2,953.4144,3.25,3
720000,417.576,2,2883.4080000000004,1,3
530000,377.952,3,1243.584,1.5,3
565000,621.792,4,2524.0488,2,3
815000,1063.1424,4,2930.3472,2.75,3
252000,509.016,3,2402.1288,2.25,4
589950,850.392,5,5925.0072,3,5
179000,280.416,3,1584.96,1,4
359000,670.5600000000001,3,3511.2960000000003,1.75,4
885000,789.432,3,1143,2,5
546500,649.224,3,2194.2552,2.5,3
500000,536.448,2,3657.6000000000004,1.5,4
182500,277.368,3,2192.7312,1,4
720000,966.216,3,2190.5976,2.5,3
291500,268.224,3,2815.7424,1,5
419000,460.24800000000005,2,1517.904,1.75,3
500000,954.024,5,3684.1176,3.25,3
344200,758.952,4,1771.4976000000001,2.5,3
329000,603.504,3,2133.6,1.75,4
499000,402.336,2,352.65360000000004,2.5,3
345000,292.608,3,1171.6512,1,3
488000,304.8,2,1562.1000000000001,1.5,3
405000,530.352,3,5486.400000000001,2,3
240000,472.44,3,3861.8160000000003,1,4
300000,384.048,3,777.24,2,3
291850,323.088,3,2959.9128,1.5,3
723000,850.392,4,2680.1064,2,4
900000,798.576,6,1325.88,3,3
383150,673.6080000000001,3,1946.7576000000001,2,3
398500,496.824,3,600.7608,2.5,3
364000,432.81600000000003,3,2011.68,2.25,3
292000,332.232,3,1371.6000000000001,1.75,5
615000,941.832,5,2154.6312000000003,3.25,3
802945,1219.2,5,2814.5232,3.5,3
740000,496.824,3,1243.584,1.5,4
700000,588.264,4,1645.3104,2,3
234000,292.608,3,2933.3952,1,3
369950,387.096,3,402.336,2,3
284000,609.6,4,1642.872,2.5,3
830000,926.5920000000001,5,2926.3848000000003,3,5
839000,374.904,3,3750.5640000000003,1,3
250000,356.61600000000004,3,2212.2384,2,3
830000,563.88,4,15441.777600000001,2.5,3
445830,569.976,3,1660.8552000000002,2.5,3
535000,414.528,3,309.6768,2.5,3
212500,313.944,2,6617.8176,2,4
895000,777.24,5,6362.700000000001,2.5,4
310000,542.544,3,2063.8008,2.5,3
558000,664.464,4,1179.576,2,3
547500,502.92,3,689.4576000000001,3.5,3
240000,414.528,3,2974.848,1.5,5
498500,911.3520000000001,5,2261.616,2.75,3
192500,329.184,3,2615.184,1,3
507000,646.176,3,2194.8648000000003,2.5,3
681500,993.648,5,3566.1600000000003,2.75,3
440000,609.6,3,3017.52,1.75,4
450000,704.0880000000001,4,1722.1200000000001,2.75,3
635000,1021.08,3,1221.3336000000002,2.5,3
875000,554.736,3,3866.6928000000003,1.5,4
410000,627.888,4,2219.8584,2.25,3
359000,472.44,3,1517.904,1.5,3
1160000,1292.352,4,13409.676000000001,2.5,3
340000,548.64,4,1588.008,1.75,5
785000,883.9200000000001,4,5303.52,2.75,4
335000,435.86400000000003,3,380.6952,3,3
379500,557.784,3,7815.3768,2.25,3
1050000,838.2,4,3032.4552000000003,2.5,3
385000,621.792,4,3269.2848000000004,1.5,3
240000,673.6080000000001,6,2619.4512,1.75,3
365000,387.096,2,2286,1.75,4
252500,274.32,2,2286,1,4
790000,865.6320000000001,4,3627.1200000000003,2.75,4
2160000,938.784,3,1979.6760000000002,3.5,3
969950,862.5840000000001,3,1143,2.5,3
370000,758.952,3,1293.5712,2.5,3
605000,612.648,3,1117.7016,2.5,3
325000,426.72,4,2860.2432000000003,1,4
307000,429.76800000000003,3,4908.804,1.75,3
214000,310.896,3,2788.0056,1,4
395950,834.5424,5,1838.2488,3.5,3
699000,612.648,3,1316.736,2,3
220000,649.224,4,2773.6800000000003,2.5,3
325000,573.024,3,2078.1264,2.5,3
420000,728.472,3,3426.5616,1.75,3
925850,957.072,6,4548.530400000001,3.25,3
688500,536.448,3,1257.3,1.75,4
550000,743.712,3,2194.56,1.5,3
975000,954.024,4,15947.7456,3.5,3
1800000,1316.736,5,11915.851200000001,3.75,3
300000,310.896,3,478.536,2.5,3
350000,536.448,3,2932.4808000000003,2.25,3
165000,295.656,3,2286.9144,1,4
190000,390.144,3,1554.48,1,3
1688000,1524,4,3944.4168000000004,4,3
212000,579.12,3,5486.400000000001,2.25,4
834000,722.3760000000001,4,1219.2,2.5,5
3065000,1264.92,5,2286,3,5
169317,240.792,2,1219.2,1,3
234000,451.10400000000004,3,2583.1800000000003,1.75,4
775000,621.792,4,1524,2.5,5
460000,368.808,3,2286,1.75,3
273950,478.536,3,947.6232,2.25,3
292000,542.544,3,2962.656,2.25,3
327000,643.128,4,1165.8600000000001,2.5,3
2048000,1429.5120000000002,5,2501.7984,4,3
227000,316.992,2,2773.6800000000003,1,4
817250,908.3040000000001,3,2195.1696,2.5,3
860000,573.024,3,2588.9712,2,4
740000,923.5440000000001,4,2540.5080000000003,2.5,3
1525000,1438.6560000000002,4,6400.8,4.25,5
255544,414.528,3,1885.4928,1,4
278000,374.904,3,2877.3120000000004,1,3
499000,944.88,4,1737.3600000000001,2.5,3
339900,478.536,4,2807.208,1.5,3
418000,316.992,2,2103.12,1,4
513000,521.208,3,1524,1.75,4
595000,615.696,4,868.3752000000001,2,3
840000,661.416,4,2985.8208,2.5,4
550000,326.136,2,914.4000000000001,1,4
375000,240.792,2,1560.576,1,3
248000,384.048,3,1828.8000000000002,1,4
485000,484.632,3,3420.4656,2,4
780000,713.2320000000001,3,3198.876,1.75,4
275000,451.10400000000004,3,4766.7672,2.5,3
210000,585.216,4,3170.8344,1.5,3
1070000,896.1120000000001,3,1408.7856000000002,3,4
520000,633.984,4,1066.8,1,5
330000,326.136,3,352.04400000000004,2.5,3
285000,560.832,3,2621.5848,1.75,3
450000,1082.04,6,3590.5440000000003,2.25,4
150000,374.904,3,2455.4688,1.5,4
550000,682.7520000000001,3,23842.98,1.75,5
345000,512.0640000000001,3,679.3992000000001,2.5,3
205425,268.224,2,2066.5440000000003,1,4
578000,630.936,4,1650.4920000000002,2.5,3
815000,798.576,4,1445.6664,2.75,4
378500,871.7280000000001,3,13356.640800000001,2.5,4
569000,676.6560000000001,3,2507.5896000000002,3.25,5
645000,710.1840000000001,4,1193.9016000000001,2.75,3
128750,268.224,3,2134.8192,1,3
665000,792.48,2,1524,2.5,5
229900,307.848,3,2696.8704000000002,1,4
535000,780.288,2,1524,3.5,4
1100000,1008.888,4,2602.992,2.25,4
620000,505.968,3,1060.0944,2.25,4
539900,502.92,3,3093.7200000000003,1.75,3
507000,673.6080000000001,3,3531.108,2.25,4
200000,307.848,3,2471.3184,1,3
566950,527.304,3,579.7296,3,3
550000,633.984,3,2361.8952,2.5,3
535000,731.52,3,3824.0208000000002,2.5,3
475000,499.872,3,829.056,1.5,3
455000,387.096,3,2346.96,1.75,4
343000,374.904,2,2304.288,1,3
391265,438.91200000000003,3,1188.72,2,3
559630,1027.1760000000002,4,1503.8832,2.5,3
653500,512.0640000000001,2,377.952,2.5,3
290000,167.64000000000001,1,1737.3600000000001,1,2
260000,563.88,3,2400.3,2.5,3
762000,655.32,3,770.2296,1.75,4
700000,814.4256,4,1309.7256,2.5,3
278000,432.81600000000003,2,679.3992000000001,2.5,3
1250000,1255.776,4,3810,2.75,4
248000,659.2824,4,1793.1384,3,3
184900,374.904,2,1524,1,5
1350000,923.5440000000001,4,1573.9872,3.25,5
1028000,853.44,3,1767.8400000000001,3,3
1075000,1578.864,5,5428.7928,4.75,3
697000,859.5360000000001,4,868.6800000000001,3,5
1227500,969.264,4,3145.2312,2.5,4
356999,307.848,3,471.2208,1.5,3
428000,679.7040000000001,3,9954.768,2.5,4
475000,576.072,3,2304.288,1.75,3
380000,548.64,2,2191.8168,1.75,4
570000,609.6,4,14295.7296,2,3
1340000,902.2080000000001,3,1676.4,3,3
724500,987.552,3,1275.588,3.25,3
530000,515.1120000000001,3,2496.3120000000004,1.75,4
1600000,963.168,3,3908.7552,2.5,4
607000,374.904,3,2473.1472000000003,1,4
967500,990.6,3,1766.9256,3.75,4
225000,512.0640000000001,3,2058.924,2.5,3
375000,353.56800000000004,3,6848.856000000001,1.75,4
215000,597.408,4,3535.6800000000003,2.5,5
461000,1097.28,3,2641.3968,1.75,4
250000,438.91200000000003,3,1663.2936000000002,2,3
1225000,1039.3680000000002,4,29076.700800000002,2.75,4
435000,722.3760000000001,3,1853.7936000000002,2.5,3
715000,749.808,4,12385.548,2.25,5
289275,871.7280000000001,3,7329.2208,2,3
169500,323.088,3,3055.0104,1,3
315000,633.984,4,1722.1200000000001,2.5,3
470000,618.744,5,3761.8416,1.75,4
570000,566.928,4,2346.96,1.75,4
400000,551.688,4,1527.6576,3,4
325088,426.72,4,2054.0472,1,3
411000,329.184,1,1524,1,3
1650000,1008.888,5,2560.32,4,3
347500,359.66400000000004,3,2545.9944,1.5,3
407000,408.432,2,304.4952,2.5,3
3000000,1399.0320000000002,5,3433.572,3.75,4
299000,387.096,2,2377.44,1.75,4
342000,597.408,3,1078.992,2.5,3
440000,381,3,2563.9776,1,4
399950,395.0208,3,320.3448,3,3
799000,1066.8,4,2605.1256000000003,3.5,3
305100,484.632,3,10969.1424,2,4
680000,573.024,4,1889.76,1.5,5
410000,826.008,3,5791.200000000001,1,4
925000,1173.48,5,2882.4936000000002,3,4
192950,356.61600000000004,3,1014.984,1,4
433200,632.46,3,4937.76,2.5,3
726000,621.792,3,3058.0584000000003,2.5,4
923990,1097.28,4,1845.564,2.5,3
782500,893.0640000000001,4,2379.2688000000003,2.5,3
660000,533.4,3,1584.96,1.75,4
740000,902.2080000000001,3,2849.88,2.5,4
643000,618.744,3,2346.96,2.75,5
240000,487.68,3,3830.1168000000002,1,4
625000,734.568,4,2063.496,1.75,4
425000,228.60000000000002,2,1219.2,1,2
400000,487.68,3,727.8624000000001,2.5,3
1000000,623.0112,3,1709.928,2.5,4
520000,518.1600000000001,3,994.8672,2.75,3
435000,691.8960000000001,6,3648.456,2.5,3
699999,377.952,3,1219.2,0.75,4
286000,627.888,4,4876.8,2.5,3
645000,624.84,3,1828.8000000000002,3.75,5
324950,500.7864,2,4454.9568,1.5,4
517500,435.86400000000003,3,1584.96,1.5,4
399500,429.76800000000003,3,2346.96,1.75,4
325000,499.872,4,1171.6512,1,4
650000,810.768,3,78600.3,2,4
750000,987.552,5,3035.808,2.5,3
378000,396.24,2,1173.48,2,3
550000,530.352,3,939.3936,2.5,3
360000,707.1360000000001,2,3429,1,4
364808,707.1360000000001,3,2400.3,1.75,3
789800,794.004,3,675.4368000000001,2.5,3
305000,417.576,3,2011.68,2.25,4
670000,883.9200000000001,5,1571.2440000000001,2.75,3
358800,656.844,4,2481.072,2.5,3
249000,359.66400000000004,3,3529.2792000000004,1.5,4
690000,521.208,3,5397.0936,1.5,4
407500,579.12,4,2766.06,2.5,3
884250,1170.432,4,3703.6248,2.5,3
642450,557.784,3,1267.968,1.75,3
481000,475.488,3,914.4000000000001,1.75,4
394950,624.84,3,2490.8256,2.5,3
550000,347.47200000000004,3,2493.264,1,3
449999,594.36,4,1507.8456,2.5,3
650000,554.736,4,1524,2,3
626700,429.76800000000003,3,1097.28,1.5,3
850000,694.9440000000001,3,1402.0800000000002,1,3
579950,749.808,4,2634.3864000000003,2.75,3
205000,490.728,3,2614.8792000000003,1,4
273000,664.464,4,6970.776000000001,1.5,4
525000,737.616,4,2338.4256,1.75,3
210000,664.464,4,8750.808,1.75,3
395000,685.8000000000001,3,1145.1336000000001,2.5,3
199950,307.848,3,2208.2760000000003,1,3
540000,542.544,4,1270.7112,2.5,3
417000,280.416,2,2011.68,1,3
831000,618.744,4,1190.2440000000001,2.5,4
403000,335.28000000000003,2,1096.6704,1,4
307000,350.52000000000004,4,2494.4832,1,3
999000,853.44,4,5842.4064,2.75,3
415000,490.728,4,2926.08,2,5
1240000,1164.336,4,4030.6752,3.5,3
600000,316.992,2,1097.28,1,4
575000,1408.1760000000002,4,6337.7064,2.5,4
870000,865.6320000000001,4,1219.2,2.75,5
1165000,1155.192,3,1524.3048000000001,3,3
660000,783.336,3,8686.800000000001,2,3
350000,356.61600000000004,4,2483.2056000000002,1,3
152000,280.416,3,1485.9,1,4
242000,682.7520000000001,4,2322.576,1,3
443000,566.928,4,3717.6456000000003,1.5,3
359900,752.856,4,2346.3504000000003,2.25,3
1476000,1362.4560000000001,3,6863.486400000001,2.25,3
485000,737.616,4,3231.7944,2.5,5
360000,237.744,2,1280.16,1,3
275000,675.7416000000001,3,2444.1912,2.5,3
402000,740.664,4,1670.6088,1.75,3
432000,859.5360000000001,4,3980.3832,3.25,4
300000,405.384,3,365.76,2.5,3
375000,441.96000000000004,4,2078.7360000000003,1,3
630000,697.9920000000001,4,8144.256,2.5,3
994000,1057.656,4,6231.636,2.5,4
968000,801.624,4,2939.7960000000003,1.75,4
971000,1338.0720000000001,5,3090.672,3.5,3
327000,496.824,4,1634.0328000000002,2.5,3
380000,701.0400000000001,4,2349.0936,2.5,3
534950,649.224,3,3744.7728,2.25,3
213950,435.86400000000003,3,2133.6,1,3
428040,655.32,3,2824.2768,2.5,3
203700,234.696,2,762,1,3
589000,1197.864,5,3093.7200000000003,2,4
727000,960.12,4,2957.4744,3,3
998000,1258.824,5,3171.1392,4.5,3
254000,277.368,2,1828.8000000000002,1,3
250000,475.488,3,4675.6320000000005,2.25,3
401000,539.496,3,602.5896,3.25,3
490000,740.664,4,12998.5008,2.5,3
890000,1249.68,5,2309.7744000000002,3.25,3
265000,527.304,4,2214.0672,3,3
355000,440.43600000000004,3,331.3176,2.25,3
437500,640.08,3,62667.794400000006,2.25,3
295000,320.04,2,1981.2,1.75,4
730000,621.792,3,39831.264,2.25,3
1865000,1359.4080000000001,6,2118.9696,2.75,4
1206690,1264.92,5,3662.172,4.25,3
460000,426.72,3,610.5144,1.75,4
299950,356.61600000000004,4,1645.92,1,5
232000,438.91200000000003,4,1801.6728,2,5
360000,408.432,3,338.32800000000003,1.5,3
242500,539.496,3,3048,2.25,3
364000,390.144,2,784.5552,2.25,3
259900,515.1120000000001,3,2424.0744,1.75,3
650000,676.6560000000001,3,1944.624,2.5,4
575000,646.176,3,1456.944,2.5,3
366000,545.592,3,1239.0120000000002,2.5,3
800000,2279.904,7,12699.1872,6.75,3
350500,441.96000000000004,2,1944.624,1,3
446800,734.568,4,2655.4176,2,3
447450,478.536,3,2194.56,2.25,3
600000,704.0880000000001,4,1178.3568,2.5,3
495000,539.496,3,3072.384,1.75,3
620000,301.752,2,1320.3936,1,3
450000,746.76,4,6202.0704000000005,2.5,3
159075,481.584,4,1889.76,1.5,3
473000,390.144,3,3048,1,4
395000,542.544,3,2948.0256,2.25,3
520000,435.86400000000003,3,16345.814400000001,1.75,3
630000,640.08,4,2682.2400000000002,2.5,4
431750,426.72,2,3063.8496,2,3
390000,582.168,3,3528.3648000000003,2,3
390000,320.04,2,284.6832,1.5,3
515000,649.224,3,67049.2944,2.5,3
292000,604.7232,4,1359.4080000000001,3,3
750000,1002.792,4,2297.5824000000002,2.5,3
490000,569.976,4,2895.6000000000004,1.75,4
292000,502.92,3,4460.1384,1.75,4
475000,816.864,4,1424.3304,2.25,3
336500,557.784,3,3929.1768,2,3
362950,652.272,4,48726.852,1.75,4
595000,1121.664,4,10892.3328,3,4
314000,579.12,3,2499.36,2.75,4
865000,1030.2240000000002,4,3435.096,3.5,3
245000,210.312,2,322.4784,1.5,3
759000,1063.752,5,2508.504,2.75,3
450000,597.408,4,1526.4384,2,3
475000,758.952,3,2197.608,1.75,3
350000,832.104,3,2246.9856,2.5,3
300000,527.304,3,2103.12,1.75,4
340000,518.1600000000001,2,2047.6464,1,3
178000,606.552,5,5547.360000000001,1.5,3
1100000,1301.496,4,12221.5656,3.5,4
475000,621.792,4,4937.76,2.5,3
226800,377.952,2,3472.5864,1,4
394000,441.96000000000004,3,2417.0640000000003,1,4
399500,505.968,4,2016.8616000000002,1.5,5
2903000,1143,5,27944.3688,2.5,3
585000,411.48,3,1463.04,1,3
962000,1011.936,4,6126.4800000000005,2.25,4
444900,950.976,4,2270.1504,2.5,3
375000,679.7040000000001,5,2304.288,1.75,3
248500,268.224,2,456.59040000000005,1.5,3
850000,673.6080000000001,2,1524,1.5,3
550000,509.016,4,1559.3568,2.5,3
455000,405.384,2,28279.9536,1,2
840000,615.696,3,1463.04,1.75,4
240000,536.448,3,1981.2,1.75,3
899000,1243.584,4,3137.916,2.5,3
555000,746.76,4,1548.0792000000001,2.5,3
480000,335.28000000000003,3,1737.3600000000001,1,3
500000,390.144,2,1645.92,1,3
1240000,917.4480000000001,4,1871.1672,3,5
514700,399.288,3,326.7456,3.25,3
364950,630.936,4,911.9616000000001,2.5,3
433190,502.92,3,849.4776,2.5,3
476500,365.76,3,1865.3760000000002,1,4
280000,490.728,3,3054.7056000000002,2.5,3
469500,563.88,3,3657.6000000000004,2.25,4
805000,743.712,4,3014.1672000000003,2.25,3
250000,201.168,1,792.48,1,3
497000,371.856,3,449.58000000000004,2.5,3
1100000,667.5120000000001,4,1920.24,2.5,3
1220000,1207.008,3,1869.0336000000002,3.25,3
525000,935.7360000000001,4,2194.56,2.5,3
712198,746.76,4,1294.4856,2.5,3
475000,356.61600000000004,2,381,1.5,3
279900,481.584,3,2484.4248000000002,1.75,4
240000,585.216,4,2430.1704,1.5,3
934550,707.1360000000001,4,1798.3200000000002,3.25,4
314950,316.992,3,5177.3328,1,4
287000,454.15200000000004,3,2926.08,2.25,4
725000,603.504,4,1783.0800000000002,1.75,4
280000,524.256,3,583.9968,2.5,3
524950,576.072,3,1165.8600000000001,1.75,3
587000,722.3760000000001,3,66385.44,2.25,3
739000,856.488,3,1645.92,2.5,3
525000,886.9680000000001,4,2325.9288,2.5,3
355000,502.92,2,1219.2,1.75,4
375000,670.5600000000001,4,2278.38,1.75,5
440000,682.7520000000001,3,2485.0344,1.75,3
1030000,838.2,4,1463.04,2.5,3
374000,786.384,4,1908.048,2.5,3
430000,289.56,2,1409.7,1.5,4
330000,713.2320000000001,4,3591.7632000000003,2.5,3
1110000,1021.08,5,1219.2,3.25,4
1640000,957.072,3,1659.6360000000002,3.25,4
340000,646.176,3,3989.8320000000003,2.25,3
480000,777.24,5,2354.58,2.75,5
427500,411.48,3,2159.5080000000003,1,5
361600,231.64800000000002,2,1944.624,1,3
150000,259.08000000000004,2,16459.2,1,1
295000,252.984,3,1032.0528000000002,1,3
200000,326.136,4,2275.9416,1,3
325000,594.36,4,3810,1.75,3
360000,496.824,3,3268.3704000000002,2,5
960000,859.5360000000001,4,1808.6832000000002,2.5,5
710000,893.0640000000001,3,66518.028,2.75,3
1750000,1054.608,4,2361.8952,3.25,3
360000,359.66400000000004,2,975.36,2,4
849000,1222.248,4,26686.764000000003,2.75,3
445000,661.416,4,1828.8000000000002,2.5,3
1350000,1636.776,4,6214.2624000000005,3.25,4
415000,768.096,4,2438.4,2.25,3
616200,1194.816,5,1472.7936,3.25,3
450000,986.3328,4,2928.5184,2.5,3
550000,316.992,2,1219.2,0.75,3
400000,548.64,2,68509.59120000001,1.75,3
260000,502.92,4,2217.7248,1.75,3
533600,588.264,3,1548.384,2.5,4
225000,274.32,3,1858.9752,1,3
142000,88.39200000000001,0,6362.700000000001,0,1
525000,463.29600000000005,3,2400.3,1.75,5
170000,265.176,2,1992.4776000000002,1,3
344950,448.05600000000004,3,2118.36,2,5
2720000,1216.152,4,5521.452,3.25,4
540000,591.312,5,3109.5696000000003,1.5,4
439000,682.7520000000001,4,2529.84,2.25,3
710000,847.344,4,2126.8944,2.75,3
394000,1103.376,5,1417.3200000000002,3.25,3
200000,292.608,3,2286,1,3
525000,521.208,3,2240.28,1.75,3
205000,234.696,3,2133.6,0.75,3
350000,252.984,2,1554.48,1,4
740000,1048.512,3,13525.1952,2.25,4
545000,859.5360000000001,4,7923.276000000001,2.5,3
525000,609.6,3,6858,1,3
390000,762,3,6638.544000000001,2.5,3
304500,545.592,3,2112.264,2.25,3
1250000,1517.904,4,3962.4,4.25,3
978000,728.472,3,1219.2,1.5,3
645000,999.744,3,24164.2392,2.25,3
690500,954.024,4,2718.8160000000003,2.75,3
523000,914.4000000000001,3,1649.8824000000002,1.75,4
288000,850.392,5,1465.1736,2.75,4
760000,621.792,4,2534.4120000000003,2.25,4
465000,557.784,5,2743.2000000000003,1.5,3
545000,505.968,2,1701.0888,1.75,3
229950,478.536,4,2047.3416000000002,1.5,5
360000,579.12,4,1794.9672,2.5,3
472000,670.5600000000001,3,6672.072,2,3
575000,612.648,3,1158.24,1.75,2
255000,414.528,2,1655.9784000000002,2,3
590000,1060.704,5,2019.3000000000002,3,3
550000,505.968,4,3772.5096000000003,2,3
638000,661.416,3,1524,2.5,3
936000,1014.984,4,2711.8056,2.5,3
394000,533.4,2,832.4088,2,3
275000,783.336,5,5252.9232,2.5,3
460000,832.104,2,6058.5096,1.5,4
456000,509.016,4,3013.2528,1.75,5
440000,320.04,3,2286,1,3
350000,424.2816,2,13322.808,0.75,4
400000,445.00800000000004,3,13106.400000000001,1,3
1760000,1845.564,4,6592.8240000000005,5,4
231500,633.984,4,2293.9248000000002,2.25,4
310000,484.632,3,931.4688000000001,2.25,3
879000,923.5440000000001,3,1571.5488,3,4
366000,615.696,4,2466.7464,2.75,5
640000,981.456,4,1749.8568,3.5,3
330000,664.464,4,2197.608,2.5,3
322000,591.312,4,3108.96,2.25,3
321500,588.264,4,1898.2944,2.5,3
625000,838.2,3,10668,2.5,3
309000,396.24,3,2194.56,1,4
799200,880.8720000000001,6,722.3760000000001,3,3
467000,387.096,3,369.7224,2.25,3
470000,655.32,3,2505.7608,2.5,3
487000,774.192,4,1524.3048000000001,2.5,3
875000,902.2080000000001,5,4618.3296,3,3
585000,957.072,4,3815.7912,1.75,3
325000,710.1840000000001,3,2629.5096000000003,2.5,4
267000,438.91200000000003,3,3328.416,1.75,4
1250000,1005.84,4,4686.3,2.25,3
530000,463.29600000000005,3,2927.6040000000003,1.75,3
515055,731.52,4,2535.936,2.5,3
428750,493.776,3,9368.3328,1,4
696000,1112.52,4,11748.820800000001,3.5,3
1285000,1243.584,4,4404.360000000001,3.5,3
387500,566.928,3,676.0464000000001,3.25,3
985000,792.48,3,3633.2160000000003,3.5,5
479000,691.8960000000001,4,2884.6272000000004,2.25,4
542500,710.1840000000001,4,4355.287200000001,2.5,4
180000,265.176,3,1624.584,1,3
799500,841.248,4,1752.6000000000001,2.5,3
398000,399.288,3,913.1808000000001,1.5,3
1075000,911.3520000000001,4,2252.1672000000003,2.75,4
1565000,667.5120000000001,3,2590.8,1.75,4
110000,243.84,2,4572,1,3
485000,435.86400000000003,2,281.3304,2.5,3
450000,710.1840000000001,3,3578.3520000000003,1.5,3
385000,719.3280000000001,4,2322.576,1.75,4
442000,301.752,2,1314.6024,1,4
268500,432.81600000000003,4,2286,1.75,4
219000,591.312,3,1981.2,2.25,3
680000,505.968,4,1851.66,1,5
310000,832.104,5,2238.4512,2,5
433000,694.9440000000001,4,2306.7264,2.5,4
360000,975.36,4,2219.5536,2.5,3
397000,262.128,3,1944.624,1,4
725000,637.032,3,3001.3656,2.5,3
549950,679.7040000000001,4,4478.7312,2.5,4
193000,277.368,2,777.24,1.75,3
330000,597.408,3,605.028,2.25,3
645000,530.352,3,4191,2.5,4
1100000,893.0640000000001,4,975.36,3.75,5
1415000,1423.4160000000002,4,13395.960000000001,5.25,3
475000,694.9440000000001,3,1752.6000000000001,2.25,4
1384000,1307.592,4,3688.9944,3.25,3
479000,643.128,3,3450.0312000000004,2.25,4
660000,377.952,3,1066.8,1,4
168000,417.576,3,2267.4072,1.5,4
442000,1270.4064,4,2586.228,4,3
390000,871.7280000000001,4,1744.6752000000001,3,3
478000,365.76,2,569.0616,2,3
223000,414.528,3,3222.6504,1.75,4
315000,445.00800000000004,3,2403.0432,1.75,3
2300000,1027.1760000000002,4,2560.9296,2.5,5
297262,527.304,3,2461.5648,2.5,3
290000,377.952,3,2834.6400000000003,1,3
535000,490.728,4,908.9136000000001,1,4
535000,713.2320000000001,4,1706.88,2.5,3
650000,777.24,5,1536.192,2.75,5
270000,457.20000000000005,3,4114.8,1,4
380000,774.192,4,1940.0520000000001,2.5,3
670000,871.7280000000001,5,20884.591200000003,2.5,5
657500,707.1360000000001,3,3340.608,2,3
472000,1158.24,3,31997.5992,2.5,3
499000,445.00800000000004,3,491.9472,2.5,3
657500,298.704,3,1829.4096000000002,1.75,4
305000,262.128,2,2209.8,1,3
425000,545.592,3,1828.8000000000002,1,2
472000,1325.88,4,2161.032,3.25,3
515000,822.96,4,1569.72,2.75,3
257100,457.20000000000005,3,3117.1896,1.5,4
822600,917.4480000000001,4,2926.08,2.5,3
429900,554.736,4,5461.4064,1.5,4
234300,347.47200000000004,3,2980.6392,1,3
150000,377.952,3,1584.96,1,3
658600,426.72,4,1429.5120000000002,2,4
705380,758.952,3,1323.7464,2.5,3
350000,277.368,2,1371.6000000000001,1,4
718000,313.944,3,1511.1984,1,5
840000,755.904,4,3355.848,1.75,4
582000,725.4240000000001,3,6053.328,2.5,4
555000,542.544,2,1447.8000000000002,1.5,4
836500,679.7040000000001,3,2194.56,2.5,3
624500,923.5440000000001,6,9729.216,3,4
380000,643.128,2,34785.9096,2.5,4
282000,737.616,3,2300.6304,2.25,4
145000,243.84,2,2476.5,1,3
959750,932.6880000000001,4,15240.609600000002,3,4
462500,469.392,2,2221.992,2,3
323000,576.072,3,1999.488,2.5,3
518000,387.096,3,2015.3376,1,3
675000,445.00800000000004,3,1975.104,1.5,4
1886700,1274.064,5,5466.588000000001,3.5,3
367300,667.5120000000001,4,4552.7976,2.75,3
250000,426.72,3,1162.5072,2.25,3
250000,353.56800000000004,3,1869.6432000000002,1.75,3
880000,981.456,4,1338.6816000000001,2.75,4
431000,719.3280000000001,3,4556.76,2.25,4
345000,487.68,3,573.6336,3.25,3
740000,661.416,2,2645.0544,2.5,3
419000,1322.832,7,2597.2008,3.25,3
858000,1331.976,4,128920.3416,3.5,4
1395000,1072.896,4,39167.4096,3,4
519500,728.472,3,5929.5792,3,3
294400,544.9824,4,3103.7784,2.5,4
372000,795.528,4,2733.1416,2.75,4
279800,429.76800000000003,3,625.4496,1.75,3
350000,600.456,3,1114.044,2.5,3
940000,740.664,4,1097.28,1.5,3
1550000,1075.944,3,1499.616,3.25,3
679990,1011.936,4,2637.4344,2.75,3
420000,926.5920000000001,4,7352.6904,2.5,3
1255000,975.36,4,2296.668,2.5,3
1003000,697.9920000000001,4,1865.3760000000002,2.75,4
545000,551.688,3,914.4000000000001,1.75,4
713400,551.688,3,3000.7560000000003,2.25,4
447000,298.704,2,487.68,1,3
917000,1066.8,4,3319.5768000000003,2.5,3
235000,405.384,3,13940.9424,1,2
650000,408.432,3,829.056,2,3
666500,871.7280000000001,4,2011.68,2.5,3
304950,204.216,2,2048.2560000000003,1,5
1155000,499.872,3,3189.4272,1.75,4
930000,880.8720000000001,3,1524,2.25,3
274000,249.936,2,1889.76,1,4
244900,414.528,3,3041.904,1.5,4
600000,429.76800000000003,3,1243.584,1.75,4
350000,289.56,3,2880.6648,1,4
919000,1103.376,4,5222.1384,2.5,3
760000,950.976,4,2679.8016000000002,2.5,4
463000,484.632,3,1526.7432000000001,2,4
520000,408.432,2,1944.624,1,3
280000,484.632,3,8290.560000000001,1.75,4
697000,1112.52,4,14737.384800000002,2.75,4
905000,1066.8,5,3095.244,3.5,3
307000,522.4272,4,938.784,2.5,3
815000,1066.8,5,3290.0112000000004,3.5,3
760000,890.0160000000001,4,2408.2248,2.5,3
680000,771.144,8,1463.04,2.75,4
325000,274.32,2,2552.3952,1,3
588000,588.264,4,2208.2760000000003,1.75,4
536000,481.584,3,1147.2672,1.75,3
238000,502.92,4,2103.12,1.75,3
310000,460.24800000000005,3,1828.8000000000002,1,3
300000,277.368,3,2346.96,1,4
253779,618.744,4,2926.08,2,3
102500,249.936,2,1316.736,1,3
590000,429.76800000000003,3,1954.6824000000001,2,4
500000,438.91200000000003,2,2173.224,1,3
335000,332.232,3,347.16720000000004,2.5,3
600000,865.6320000000001,4,9668.256000000001,2.25,3
1289990,1328.928,5,2447.5440000000003,4,3
940000,941.832,4,2815.7424,2.5,4
870000,1370.076,5,3072.0792,3.5,3
229999,399.288,3,2121.408,1.75,4
670000,697.9920000000001,5,11887.2,2.25,3
310000,381,3,3268.3704000000002,1,4
640000,536.448,2,1341.1200000000001,1.75,4
544000,618.744,4,1211.2752,2.5,3
275000,234.696,2,1475.232,1,4
1297000,801.624,6,2871.2160000000003,2.75,5
799950,926.5920000000001,6,11192.560800000001,2.75,4
150000,402.336,3,7523.6832,1,3
429000,673.6080000000001,3,1097.28,3.25,3
368000,795.528,4,2873.0448,2.75,3
323000,640.08,3,4526.280000000001,1.75,4
715000,993.648,4,33704.4792,3.5,3
925000,496.824,3,975.36,1,4
418000,466.34400000000005,3,2206.1424,1.75,3
675000,377.952,3,4227.2712,1.75,4
220000,594.36,4,2218.944,2.25,4
2400000,1246.632,4,7566.660000000001,3.75,4
325000,734.568,4,2125.98,1,3
825000,1243.584,5,2286,3,4
360000,382.524,3,339.24240000000003,1.75,3
583500,466.34400000000005,4,1188.72,1,4
530000,356.61600000000004,2,297.4848,1.75,3
387500,265.176,2,1867.2048000000002,1,4
530000,984.504,5,4136.7456,2.75,3
725000,755.904,6,3657.6000000000004,3,3
443000,466.34400000000005,3,2446.9344,1.75,3
575000,832.104,4,10690.86,2.75,3
682000,271.272,2,1524,1,3
600000,801.624,3,23765.8656,2.5,3
695000,762,3,1243.584,2,5
635000,1042.416,4,2058.0096000000003,3.25,3
360000,649.224,3,2580.4368,2.25,3
324950,679.3992000000001,4,1744.3704,2.5,3
810000,917.4480000000001,4,3185.1600000000003,2.75,3
595000,810.768,3,3242.1576,2.5,3
260000,365.76,3,1399.6416000000002,1,3
499000,384.048,3,955.548,1.5,4
379000,481.584,3,937.26,2.5,3
249900,457.20000000000005,4,2393.8992000000003,2,3
527500,771.144,5,2514.6,2.25,4
561000,521.208,3,1524,1.75,4
645000,847.344,4,1280.16,2.5,3
465000,920.4960000000001,5,3051.0480000000002,2.25,3
420000,545.592,3,2150.364,1,5
480000,560.832,4,2819.4,1.75,4
350000,975.36,3,10906.3536,3,3
317000,545.592,3,2507.8944,2,3
325000,542.544,3,3382.0608,1.75,3
612000,710.1840000000001,3,3147.6696,3,3
550000,478.536,3,1981.2,1.75,3
250000,213.36,2,5129.1744,0.75,4
280000,350.52000000000004,2,3920.0328000000004,1,3
355000,981.456,5,1769.6688000000001,2.5,3
285000,725.4240000000001,3,1828.8000000000002,1.75,3
410000,505.968,3,1905,1.75,3
439000,381,3,2142.744,1.75,3
324950,316.992,3,2221.3824,1,3
383000,804.672,4,2455.164,2.5,3
353000,701.0400000000001,4,1295.0952,2.5,3
380000,448.05600000000004,0,298.3992,0,3
798750,658.368,2,785.7744,2.25,3
535950,722.3760000000001,3,1628.8512,2.5,3
395000,426.72,3,2633.472,1.75,3
1650000,1280.16,4,64128.0912,3.25,4
244500,368.808,3,2701.7472000000002,1.75,3
565000,277.368,3,1588.6176,1,3
361000,335.28000000000003,3,1233.2208,1,4
223000,277.368,2,3008.0712000000003,1,3
506000,478.536,2,2502.408,1,4
414000,928.1160000000001,5,1533.144,3,3
215000,469.392,4,2308.86,2,4
592500,569.976,2,1448.1048,2,3
690000,536.448,4,2377.44,2,3
260000,533.4,3,3407.664,1.75,3
539000,716.2800000000001,3,63730.0224,2,3
577000,530.352,3,1676.4,1.75,5
521000,560.832,3,1828.8000000000002,2,4
1045000,899.1600000000001,4,1389.8880000000001,2.75,5
496600,615.696,4,2560.32,2.25,4
495000,1103.376,4,123045.62640000001,3,3
310000,588.264,4,2137.8672,2.5,3
910000,1143,5,2523.4392000000003,2.75,3
299000,731.52,4,1852.5744000000002,2.5,3
1010000,1066.8,4,1243.584,3.5,3
715000,606.552,3,1516.9896,2.25,3
306000,445.00800000000004,5,51647.750400000004,2,3
365000,548.64,3,2746.248,2.25,3
871000,719.3280000000001,5,1874.52,1.75,5
246500,387.096,3,3535.6800000000003,1.5,4
365250,454.15200000000004,3,1378.3056000000001,2.25,3
222400,365.76,3,2915.7168,2,3
469900,911.3520000000001,4,2716.6824,2.5,4
590000,807.72,3,2859.0240000000003,2.5,5
256703,509.016,3,1353.6168,2,3
350500,569.976,3,2194.56,2.25,3
458500,353.56800000000004,2,2081.1744,1.75,3
778000,688.8480000000001,3,10082.784,2.25,5
435000,265.176,2,1219.2,1,3
594950,779.3736,4,2889.5040000000004,3.25,3
325000,399.288,3,913.7904000000001,1.5,3
725000,926.5920000000001,4,10729.2648,2.5,4
225000,429.76800000000003,3,2346.96,1,3
533000,390.144,3,330.708,3,3
559000,947.928,3,66385.44,2.5,3
480000,682.7520000000001,5,4704.588000000001,3,5
375000,557.784,3,3975.2016000000003,2.5,3
739000,1219.2,6,2286,4.5,3
502000,487.68,3,936.6504,2.5,3
385000,643.128,3,2438.4,2.25,3
227000,460.24800000000005,3,2998.3176000000003,1.75,3
345000,216.40800000000002,3,1539.24,1.75,4
484000,1097.28,5,6096.3048,2.5,4
606000,670.5600000000001,3,1830.324,2.5,3
1580000,950.976,4,6105.4488,2.75,4
480000,664.464,4,3005.6328000000003,2.5,3
510500,387.096,3,2438.4,1,4
320000,615.696,4,2582.8752,1.5,5
585000,914.4000000000001,4,2100.6816,2.5,3
387000,536.448,3,13756.538400000001,2.25,3
343500,505.968,3,2288.7432,2,3
432000,292.608,2,986.028,1,4
282000,509.016,3,1584.96,1,5
300000,713.2320000000001,3,3743.5536,2.75,3
418000,509.016,3,3680.46,1.75,3
359000,606.552,3,1320.0888,2.25,3
336000,545.592,3,4069.0800000000004,3,3
765000,387.096,3,1981.2,1,4
511000,944.88,4,2316.48,3.5,3
450000,490.728,3,1330.1472,2,3
1465000,755.904,3,3017.52,1.5,3
637000,667.5120000000001,4,873.8616000000001,2.75,5
175000,512.0640000000001,5,2560.32,1.75,4
277500,362.71200000000005,2,376.7328,1.5,3
249500,359.66400000000004,3,2194.56,1,4
220000,445.00800000000004,3,2202.4848,1.75,3
295000,384.048,4,2377.44,1,3
397000,313.944,2,3764.28,1,3
379950,796.1376,4,1783.0800000000002,2.5,3
425000,819.6072,4,2038.5024,2.5,3
305000,522.4272,4,990.6,2.5,3
640000,673.6080000000001,4,2353.6656000000003,2.5,3
175000,405.384,2,8616.696,1,3
236000,332.232,3,2330.8056,1.75,3
288000,396.24,3,2229.0024000000003,1.5,4
1350000,682.7520000000001,4,3138.2208,2,5
525000,478.536,4,5089.2456,1.75,3
265000,487.68,4,3096.768,2,4
700000,603.504,4,1389.8880000000001,1,3
440000,438.91200000000003,4,2035.4544,1,3
455000,573.024,4,3474.7200000000003,1.5,3
751000,865.6320000000001,3,2089.0992,2.5,3
355000,542.544,4,4572,2.5,2
469000,396.24,3,6890.004,2,3
485000,1018.032,3,21375.9288,2.5,3
912000,1228.344,4,3318.6624,2.75,3
540000,609.6,3,66385.44,2.25,3
374000,665.988,3,1841.6016000000002,2.5,3
95000,292.608,2,2133.6,1,3
300000,396.24,2,1865.3760000000002,1.5,3
986000,725.4240000000001,3,4901.184,2.5,4
705000,762,3,3157.4232,2.5,3
625000,664.464,4,1350.5688,1.75,3
500000,1106.424,4,2280.5136,2.5,3
346500,615.696,5,2514.6,2.5,4
305000,786.384,4,2688.3360000000002,2.25,4
1960000,1350.2640000000001,4,9556.394400000001,4,3
1025000,847.344,3,1219.2,2.75,5
442000,780.288,5,1659.6360000000002,3,4
1000000,460.24800000000005,5,1737.3600000000001,2.75,4
305000,522.4272,3,987.552,2.5,3
439950,667.5120000000001,5,2286,1.75,3
299000,479.1456,3,1219.2,2.5,3
470000,835.152,5,2926.08,1.75,4
1388000,896.1120000000001,4,6213.0432,2.25,4
1085000,865.6320000000001,3,2286,2.5,3
310000,509.016,3,1765.0968,2.5,3
729953,984.504,5,1574.9016000000001,3,4
1050000,1133.856,4,1752.6000000000001,4.25,3
685000,1082.04,4,3343.0464,2.5,3
900000,405.384,3,23765.8656,1,3
740000,612.648,4,1097.28,1.75,3
627000,606.552,4,2350.6176,2.25,3
1800000,1368.5520000000001,5,3133.0392,5,3
227500,350.52000000000004,3,2696.8704000000002,1,3
550000,789.432,4,11050.828800000001,2.25,3
675000,512.0640000000001,3,3200.4,1.75,4
365000,597.408,3,605.028,2.25,3
980000,963.168,5,3496.056,2.5,4
860000,597.408,5,2618.8416,2.25,4
410000,670.5600000000001,3,5157.5208,2.25,3
675000,1039.3680000000002,5,2926.08,3,4
900000,469.392,3,2560.32,1.75,3
330000,356.61600000000004,3,1508.76,1.5,4
290000,646.176,5,2346.96,1.5,5
299900,829.056,3,1833.0672000000002,2.5,3
275000,356.61600000000004,1,4312.6152,0.75,5
950000,1036.3200000000002,5,2271.3696,3.25,3
515000,512.0640000000001,2,1981.2,1,4
465425,740.664,4,6315.456,2.75,3
415000,594.36,3,2702.9664000000002,2.25,3
1310000,1143,4,1524,2.25,5
438750,490.728,3,1975.104,1.75,4
515000,816.864,4,2187.8544,2.5,3
400000,509.016,4,3674.6688000000004,2,3
170000,457.20000000000005,2,5650.992,1,3
445000,713.2320000000001,4,1153.3632,2.5,3
648000,725.4240000000001,4,4094.9880000000003,2.5,3
315000,451.10400000000004,3,484.632,2.5,3
425000,277.368,2,1412.748,1,4
471000,710.1840000000001,4,3026.0544,2.5,3
695000,1069.848,4,2854.1472000000003,3.5,3
700000,762,3,2248.8144,2.75,5
742000,856.488,4,3348.5328,2.5,3
531000,646.176,3,2967.5328,2.5,3
405000,405.384,3,4778.6544,1,3
472000,359.66400000000004,3,384.6576,2.5,3
435000,374.904,2,1158.24,1,3
365000,804.672,3,2046.7320000000002,2.5,3
4489000,1959.864,4,8387.1816,3,3
775000,917.4480000000001,4,4874.3616,2.75,3
359900,697.9920000000001,5,2261.616,2.25,3
1325000,874.7760000000001,4,1914.144,2.25,4
1190000,963.168,4,4021.5312000000004,2.5,5
1200000,1216.152,4,4105.656,1.75,3
435000,643.128,4,2667.3048000000003,2.75,3
585000,813.816,5,5113.6296,2.5,4
475000,518.1600000000001,3,2773.6800000000003,2.5,3
250000,438.91200000000003,3,2810.2560000000003,2,3
545000,466.34400000000005,3,978.408,2.5,5
530000,1115.568,3,12032.894400000001,2.5,4
332888,320.04,2,313.6392,2.5,3
495000,810.768,3,58551.775200000004,2,4
463000,603.504,4,2029.968,2.5,4
215000,566.928,4,1536.192,1.5,5
615000,582.168,3,1044.5496,2.5,3
440000,472.44,3,731.8248,2,3
380000,566.928,4,2432.304,2.25,4
450000,469.392,3,2790.1392,1.75,3
374950,850.392,4,1417.3200000000002,2.5,3
150000,414.528,2,589.4832,1.5,4
588000,786.384,4,2238.4512,2.25,3
690000,396.24,3,1569.72,2.5,4
1350000,1463.04,5,4567.1232,3.5,3
250000,466.34400000000005,3,880.8720000000001,2.5,3
575000,987.552,3,10259.872800000001,2.5,3
595000,941.832,4,26554.176000000003,2,4
237502,298.704,3,2304.288,1,3
385000,637.032,4,1555.0896,3,3
690000,978.408,4,2150.0592,3.75,4
995500,1304.544,5,2580.132,4.5,3
176000,234.696,2,1584.96,1,5
1445000,975.36,4,1097.28,2.5,4
511000,1024.4328,5,2128.4184,2.5,3
466950,414.528,3,1182.624,1,3
449000,637.032,4,4310.1768,2.75,4
676000,853.44,4,1636.1664,2.5,3
1205000,981.456,5,2438.4,3.5,3
423500,576.072,3,2285.3904,2.25,3
790000,819.912,4,2449.3728,2.5,4
1500000,1996.44,4,66255.5952,5.5,3
165000,341.37600000000003,3,1524,1,3
462500,716.2800000000001,3,15666.720000000001,2.25,3
205000,548.64,3,3480.5112000000004,2,3
962800,1152.144,4,7200.290400000001,2.5,3
420000,249.936,2,1226.8200000000002,1,5
435000,341.37600000000003,2,26922.069600000003,1,4
682000,923.5440000000001,4,9144,2.5,4
500000,612.648,3,2269.8456,2.25,3
665000,658.368,4,1341.1200000000001,3,5
320000,338.32800000000003,2,365.76,1.5,3
300000,307.848,3,1920.24,1,3
210000,365.76,3,2194.56,1,3
550000,679.7040000000001,3,4389.12,2.75,4
1140000,938.784,4,1981.2,1.75,4
711000,638.556,4,1341.1200000000001,2.5,5
525000,487.68,3,5038.344,2,5
450000,460.24800000000005,2,1495.9584,2,3
366000,512.0640000000001,3,1861.7184000000002,1.75,3
241500,762,4,2942.5392,2.5,3
1057000,1374.6480000000001,4,1524,2.75,3
260000,661.416,3,3053.4864000000002,1.75,4
678000,844.296,3,3048,2.75,5
382500,350.52000000000004,3,1904.6952,2,3
280000,524.256,3,2927.6040000000003,1,3
212000,335.28000000000003,3,2971.8,1.75,4
369950,414.528,3,1133.2464,2.5,3
598500,768.096,3,3657.6000000000004,2.25,3
610000,707.1360000000001,3,11639.0928,2.25,3
636100,307.848,3,1828.8000000000002,1,3
375000,344.42400000000004,2,277.9776,1.5,3
525000,646.176,3,2787.7008,1.75,3
285000,569.976,3,12822.936000000002,1.5,3
760750,972.312,3,14976.957600000002,2.5,3
499950,877.8240000000001,3,2194.56,2.25,3
850000,582.168,3,1463.04,3,3
690000,1027.1760000000002,5,2229.0024000000003,3.25,4
1197350,844.296,4,2377.44,2.5,3
1855000,1697.736,5,2926.08,3.25,5
765000,371.856,3,2311.908,1,4
375000,911.3520000000001,4,1872.996,2.5,3
275000,429.76800000000003,3,2743.2000000000003,1.5,3
360000,798.576,4,2468.88,2.25,4
495000,1237.488,4,2605.1256000000003,2.5,3
650000,1100.328,10,3631.3872,2,4
488500,554.736,3,2892.552,2.75,3
1400000,938.784,4,3215.6400000000003,4.5,3
495000,502.92,3,480.6696,3.5,3
555000,637.032,5,2655.4176,2.5,3
354000,920.4960000000001,6,1371.6000000000001,3.5,3
857326,1200.912,3,3545.4336000000003,3.5,3
218000,298.704,3,3905.0976,1,3
1324050,1048.512,3,1243.584,3.25,3
396500,521.208,3,1557.528,1,3
565000,594.36,2,748.8936,2.5,3
905000,893.0640000000001,3,2828.5440000000003,2.5,4
1388000,731.52,3,2027.8344000000002,1.25,3
560000,637.032,3,4812.792,2,3
735000,499.872,4,1828.8000000000002,2,4
200000,451.10400000000004,3,1706.88,1,4
390000,819.912,4,14206.423200000001,1.75,3
302500,606.552,4,1679.7528,2.5,3
637850,1018.032,5,1493.52,3.25,3
335000,710.1840000000001,4,2148.84,2.5,3
571500,585.216,4,2272.284,1.75,4
299000,746.76,3,2152.4976,2.5,3
306000,381,3,2651.76,1.5,4
1500000,1176.528,4,2194.2552,3.25,3
942990,1088.136,4,1895.2464,2.5,3
499900,740.664,3,2688.3360000000002,1.75,3
630000,883.9200000000001,4,2950.464,2.25,3
480000,530.352,3,2599.3344,1.75,4
465000,487.68,3,399.5928,2.5,3
340500,539.496,3,3797.1984,1,3
344000,731.52,4,1477.6704,2.5,3
565000,417.576,1,1905,1,4
2500000,1712.976,5,3862.4256,3.25,4
355000,679.7040000000001,4,3516.1728000000003,1.5,4
230000,551.688,6,1474.6224,1.5,4
689000,990.6,4,3048,2.75,3
850000,1185.672,4,6705.6,3.75,3
490000,643.128,4,4937.76,2.25,3
790000,393.192,3,1944.624,1,3
329000,585.216,3,2346.96,2.75,4
554000,652.272,3,1257.6048,2.5,3
286000,667.5120000000001,4,2560.32,1.75,2
359000,826.008,4,6967.728,2.25,4
805500,438.91200000000003,3,3148.5840000000003,1,4
208000,310.896,3,1865.3760000000002,1,4
305000,368.808,2,2176.272,1,3
898000,1127.76,4,19504.4568,2.5,3
300000,505.968,4,975.36,2.25,3
363000,728.472,3,2438.4,2.5,3
415000,545.592,3,4615.2816,1.75,3
638000,524.256,3,483.7176,3.25,3
400000,335.28000000000003,3,1554.48,1,4
534000,621.792,4,838.2,1.75,4
2945000,1322.832,5,1744.0656000000001,4.5,3
263300,274.32,2,1371.6000000000001,1,3
249000,518.1600000000001,3,2513.6856000000002,1.5,3
580000,1096.0608,6,4175.76,2.5,5
612000,1170.432,6,4279.392,3,3
447500,359.66400000000004,2,1554.48,1,3
225500,335.28000000000003,3,1584.96,1,4
400000,954.024,4,1597.152,2.5,3
648000,661.416,4,2511.552,2.25,4
440000,405.384,2,4838.0904,1.5,3
500000,768.096,4,1250.8992,3,3
600000,515.1120000000001,3,448.97040000000004,3.25,3
1295000,935.7360000000001,4,1219.2,2.5,4
434500,502.92,3,2427.732,1.75,4
547500,524.256,3,602.5896,3.25,3
525000,524.256,3,2423.1600000000003,2.5,4
250000,356.61600000000004,3,3001.6704,1.5,3
272000,465.73440000000005,3,2321.3568,2.5,3
390000,377.952,3,1097.28,1,3
487500,362.71200000000005,2,1524,1,3
650000,448.05600000000004,2,210.312,2.5,3
568000,530.352,3,398.6784,2.5,3
229500,542.544,3,2276.856,1,3
243950,341.37600000000003,2,10820.400000000001,1,5
430000,566.928,3,2286,2,3
299500,225.55200000000002,2,1920.24,1,3
175000,188.976,1,2647.188,1,4
689500,624.84,4,844.9056,2.5,3
440000,832.104,4,1379.5248000000001,2.5,3
418000,451.10400000000004,2,411.1752,1.5,3
315000,234.696,2,2051.6088,1,4
550000,886.9680000000001,3,10728.960000000001,1.75,3
190000,216.40800000000002,2,355029.2112,1,2
358000,557.784,4,2227.4784,2.5,3
645000,713.2320000000001,4,1935.48,2.75,4
400000,643.128,2,2901.3912,1.75,2
218000,563.88,3,2342.0832,1.75,3
612500,627.888,4,1524,2,3
320000,585.216,4,2218.0296000000003,2.5,4
650000,1060.704,5,11160.252,3.5,4
606000,643.128,4,4221.4800000000005,2.5,3
780000,755.904,4,2802.636,1.75,3
441750,310.896,2,323.088,1.5,3
424500,445.00800000000004,3,2346.96,1.75,3
201500,353.56800000000004,3,2535.936,1,4
463000,350.52000000000004,2,1341.1200000000001,1,4
650000,969.264,4,1657.5024,2.5,3
334000,271.272,2,1828.8000000000002,1,3
325000,356.61600000000004,2,499.2624,2.5,3
625000,551.688,3,562.6608,3.5,4
194000,249.936,1,323.088,1,3
180000,530.352,4,2222.6016,1.5,3
180000,426.72,2,1371.6000000000001,1,3
412000,594.36,3,15927.6288,1.75,4
525000,801.624,5,2809.0368000000003,2.5,3
355000,228.60000000000002,1,6199.327200000001,1.75,4
250600,588.264,4,2639.568,2.5,3
279950,655.32,5,2185.7208,1.75,4
405000,384.048,2,1334.1096,1,4
378750,658.368,3,914.4000000000001,2.5,3
1027000,740.664,3,3200.4,2.5,3
177000,350.52000000000004,3,2462.4792,1.75,4
200000,262.128,2,2011.68,1,5
605000,798.576,4,2302.1544,2.5,3
850000,1194.816,4,11314.785600000001,3.5,3
502000,396.24,3,4373.88,2,3
396500,789.432,3,5785.104,2.5,4
400000,905.2560000000001,3,7040.88,2.5,3
348500,414.528,3,3269.2848000000004,1.5,4
755000,993.648,5,7406.64,2.5,4
670000,1234.44,6,11024.9208,3,4
336000,841.248,3,3096.768,2.25,3
975000,1310.64,5,3733.8,4.5,3
320000,676.6560000000001,4,2075.9928,1.5,4
448000,338.32800000000003,2,1649.8824000000002,1,3
340000,307.848,3,2286,1,4
1488000,1578.864,4,3985.8696,4.25,3
255000,466.34400000000005,3,340.15680000000003,2.5,3
300000,591.312,5,2705.1000000000004,1,3
450000,536.448,3,3051.9624000000003,2.25,4
340000,691.8960000000001,3,2413.1016,2.5,3
286308,371.856,2,315.7728,1.5,3
167000,390.144,3,1690.7256,1.5,4
580000,710.1840000000001,4,2043.0744000000002,2.75,3
396400,646.176,4,65588.6928,2.5,2
1130000,810.768,4,3413.76,2.5,3
699000,1018.032,5,7545.3240000000005,2.5,3
226500,396.24,3,2246.376,1.5,4
525000,762,4,3148.5840000000003,2.75,4
430000,472.44,3,440.13120000000004,3.25,3
495000,801.624,5,3098.2920000000004,2.75,4
402000,499.872,4,3200.4,1.75,4
960000,749.808,3,1463.04,1.75,4
465000,371.856,2,341.37600000000003,1.5,3
829000,1008.888,4,1371.6000000000001,3,5
475000,612.648,5,1097.28,2.5,3
344000,381,3,265.4808,2.25,3
429000,518.1600000000001,3,16101.364800000001,2,3
375000,374.904,3,3010.5096000000003,1,3
299999,499.872,4,2194.56,2,5
480000,539.496,4,2133.6,2.25,5
358000,283.464,2,1547.4696000000001,1,3
263500,228.60000000000002,2,1376.172,1,3
226000,295.656,3,1524,1,3
345000,365.76,3,2020.2144,1,4
252000,478.536,3,2563.368,2.25,3
380000,341.37600000000003,2,2304.288,1,3
216000,262.128,2,2743.2000000000003,1,4
1475000,929.6400000000001,4,1883.3592,3,4
572000,670.5600000000001,3,1184.1480000000001,2.75,3
640000,850.392,3,9692.0304,2.5,5
390000,387.096,2,2488.3872,1,4
339950,911.3520000000001,5,2222.6016,2.5,4
330000,243.84,2,1381.6584,1,3
779000,606.552,3,1706.88,1.75,3
449000,515.1120000000001,3,1166.4696000000001,2.5,3
505000,557.784,3,66385.44,1.5,3
1046250,710.1840000000001,2,1097.28,3,5
500000,865.6320000000001,4,5486.7048,2.5,3
865000,768.096,4,1508.76,2.5,3
570000,826.008,4,66385.44,3,3
739000,704.0880000000001,3,2239.6704,2.5,3
421000,426.72,2,3427.476,1.5,5
428000,411.48,2,1287.78,2,3
688000,536.448,3,1487.424,1.5,3
715000,605.3328,4,1828.8000000000002,3,4
675000,765.048,3,1097.28,1.5,4
407000,225.55200000000002,2,1944.624,1,3
490000,914.4000000000001,4,2634.996,2.5,3
385000,432.81600000000003,3,3346.704,1,4
555000,640.08,3,755.5992,3.5,3
330000,353.56800000000004,2,9830.104800000001,1,3
627500,475.488,4,1243.584,1,3
265000,426.72,3,1026.5664000000002,2.5,3
263000,557.784,4,2229.612,2.75,5
295000,521.208,4,2686.5072,2,5
410000,566.928,3,4711.2936,2.5,3
491000,611.124,3,2133.6,2,3
939000,746.76,3,2818.7904000000003,3.5,3
459000,850.392,4,2011.68,2.75,3
510000,562.356,3,1554.48,3,5
475000,734.568,4,2524.9632,3,5
575000,521.208,3,1097.28,2.75,3
475000,1115.568,4,4389.4248,3.5,3
393500,487.68,3,2485.9488,1.75,5
338000,228.60000000000002,2,1962.6072000000001,1,4
260000,655.32,4,1134.1608,2.5,3
311300,304.8,2,2203.0944,1,4
429950,435.86400000000003,3,2971.8,1.75,5
230000,353.56800000000004,3,357.83520000000004,2,3
135000,371.856,2,2209.8,1,4
350000,664.464,3,4719.5232000000005,2.5,3
230000,310.896,3,3745.6872000000003,1,4
449500,694.9440000000001,6,1607.8200000000002,4,3
302000,487.68,3,594.36,1,2
300000,295.656,3,3749.04,1,3
447000,463.29600000000005,3,4291.584,2.25,3
870000,585.216,4,1097.28,1.75,4
799000,460.24800000000005,3,1273.4544,1,3
245000,441.96000000000004,2,1907.4384,1.5,4
299000,252.984,2,388.9248,1.5,3
403000,377.952,2,335.58480000000003,1.5,3
311000,426.72,3,2401.824,2.75,3
594000,402.336,3,1524,1,4
450000,359.66400000000004,2,1828.8000000000002,1,3
515000,551.688,3,1747.4184,1.75,4
481000,493.776,2,1182.624,1,4
905000,1027.1760000000002,4,14617.9032,3,4
215000,384.048,3,2407.0056,1,3
775000,637.032,4,1539.24,1.75,4
345000,423.672,3,804.672,1,3
420000,640.08,2,1365.5040000000001,1,5
375000,320.04,2,318.8208,1.5,3
738000,463.29600000000005,3,1676.4,1.75,5
685000,844.296,4,3063.5448,2.5,3
734000,771.144,4,1524,2.25,4
312000,353.56800000000004,2,2286,1,4
315000,271.272,3,1584.96,1,3
535000,765.048,3,1689.8112,2.5,3
315000,451.10400000000004,3,2286,1.75,4
375000,384.048,3,2304.288,2,5
427500,612.648,4,1918.4112,2.5,3
275000,475.488,3,1293.5712,2.5,3
620000,612.648,3,2284.476,2.25,4
1120280,771.144,4,540.7152,4,3
225000,661.416,3,3579.876,2.5,4
720000,998.5248,4,3292.1448,3.25,3
315000,542.544,3,4606.7472,2.75,3
1063000,1469.136,5,4012.692,4.5,4
367000,554.736,4,1676.4,1,3
1500000,1072.896,5,1645.92,3.5,3
210500,371.856,3,2926.08,1,5
390000,499.872,3,2130.8568,2.5,3
625000,697.9920000000001,4,6548.9328000000005,2.75,5
660000,710.1840000000001,3,1217.6760000000002,2.5,3
292500,490.728,4,1392.3264000000001,2.5,3
680000,914.4000000000001,6,1926.336,3.5,3
340000,347.47200000000004,4,4096.512000000001,1,2
935000,1088.136,3,4618.0248,2.5,4
342000,740.664,3,1741.932,2.5,3
270000,542.544,3,1528.5720000000001,2.5,3
315000,356.61600000000004,3,18985.992000000002,1,3
375000,484.632,3,4500.6768,1.75,3
262000,600.456,3,2659.9896000000003,2.5,3
345000,667.5120000000001,3,2212.2384,2.75,3
440000,621.792,3,2318.004,2.5,3
600000,445.00800000000004,3,853.44,2,4
513000,810.768,4,2708.7576,2.5,4
990000,774.192,4,1807.4640000000002,2.5,3
395350,323.088,2,1753.8192000000001,1,4
750000,560.832,3,861.0600000000001,2,3
775000,816.864,2,2253.0816,2.5,3
219000,274.32,2,1572.768,1,3
225000,609.6,3,2804.7696,2.5,4
287600,594.36,3,2514.9048000000003,2.5,3
204700,509.016,4,3044.0376,2,3
804995,1024.1280000000002,5,1646.5296,1.5,3
289000,637.032,3,1432.5600000000002,2.5,3
324000,533.4,3,2196.9984,2.5,3
235750,225.55200000000002,2,3429,1,2
840500,768.096,3,1645.92,2,4
820000,765.048,3,1677.3144,2.5,3
231000,466.34400000000005,4,1943.1000000000001,2,3
485000,487.68,4,1310.64,1,4
2750000,1350.2640000000001,4,6400.8,3.25,3
837500,822.96,4,2840.7360000000003,2.5,4
1270000,975.36,5,5243.7792,2.5,3
700000,582.168,3,1463.04,1.75,3
571000,792.48,3,2275.3320000000003,2.5,3
345000,548.64,2,8112.252,1.5,5
798800,813.816,3,1139.3424,2.75,3
575000,646.176,4,2926.9944,2.5,3
421000,880.8720000000001,3,6638.544000000001,2.5,3
559000,377.952,2,1950.72,1,4
410000,600.456,4,3200.4,2,3
819000,649.224,3,1874.52,3.5,5
735000,454.15200000000004,3,369.4176,2.25,3
760000,1005.84,4,50452.934400000006,2.5,3
491950,637.032,3,3271.4184,2.25,3
860000,573.024,4,1133.856,1.75,4
341000,423.672,3,1467.3072,1,3
412000,573.024,3,1753.2096000000001,1.75,4
160000,411.48,3,2651.76,1,3
263000,481.584,3,2800.1976,1.75,3
740000,557.784,3,1219.2,1.5,4
308000,710.1840000000001,4,1403.9088000000002,2.5,3
318500,542.544,4,2240.28,2,5
1000000,795.528,4,998.8296,2.5,5
279000,402.336,3,1752.6000000000001,1,3
587100,362.71200000000005,2,2123.5416,1,3
725000,743.712,4,2146.4016,2.75,4
470000,676.6560000000001,3,2987.04,2.25,3
725500,850.392,4,22706.076,2.5,3
317000,466.34400000000005,3,2331.7200000000003,1.75,4
404500,243.84,2,1548.384,1,3
1325000,868.6800000000001,4,1463.04,3.25,5
390000,545.592,4,14401.800000000001,2.75,3
402500,301.752,3,3277.2096,1,4
595000,265.176,2,1463.04,1.5,3
295000,563.88,4,2030.8824000000002,2.5,3
215000,496.824,4,2438.4,1.75,3
269000,234.696,2,2624.9376,1,3
655000,1042.416,4,10090.7088,3.5,3
371000,597.408,4,28811.22,1,3
687500,746.76,3,2858.1096000000002,1.75,4
509950,600.456,3,2789.8344,2.5,3
160000,505.968,2,688.2384000000001,2.5,3
95000,326.136,2,6233.160000000001,1,2
290000,579.12,4,3337.56,2.25,4
202200,405.384,2,658.0632,1.75,4
625000,667.5120000000001,4,4163.568,1.5,3
440000,832.104,5,1828.8000000000002,3,3
439000,240.792,1,731.52,1,3
369000,408.432,3,451.10400000000004,2,3
1031000,1252.728,3,10893.856800000001,2.5,3
283000,530.352,3,1599.2856000000002,1,3
265000,326.136,3,1463.04,1,3
299000,624.84,4,7924.8,2.25,4
290000,457.20000000000005,3,2280.5136,2.25,4
555000,929.6400000000001,4,25226.467200000003,1.5,3
539950,886.9680000000001,4,2743.2000000000003,2.75,4
448000,780.288,4,2520.696,1.75,3
615000,762,4,3066.8976000000002,2.25,3
645000,377.952,2,1524,1,3
669950,710.1840000000001,3,592.5312,3,3
1850000,1121.664,5,1847.0880000000002,3.25,5
650000,588.264,4,1211.8848,2,4
901000,923.5440000000001,4,5608.320000000001,2.75,3
455000,359.66400000000004,3,284.0736,2.5,3
1055000,911.3520000000001,3,57866.8896,3.25,4
395000,448.05600000000004,3,3086.1000000000004,2,4
425000,326.136,2,2019.3000000000002,1,3
375000,316.992,3,2987.04,1,4
279500,491.6424,4,1322.2224,2.5,3
205000,569.976,3,950.3664,2.5,3
950000,762,4,6096,2.75,4
180250,274.32,2,2926.08,0.75,3
255000,408.432,3,1865.3760000000002,1,4
525000,451.10400000000004,2,13302.996000000001,1.5,3
510000,249.936,2,1281.9888,1,3
510000,731.52,3,3131.82,1.5,4
682000,859.5360000000001,4,2441.1432,2.75,3
1275000,1781.2512000000002,4,3281.4768000000004,3.5,3
500000,475.488,3,352.34880000000004,2,3
325000,585.216,4,3536.5944000000004,2.25,4
485000,640.08,4,2708.4528,2.5,4
238000,228.60000000000002,2,1975.104,1,3
273500,609.6,3,4652.772,1.5,3
395000,542.544,4,3275.9904,2.25,4
760000,694.9440000000001,3,3884.9808000000003,2.5,4
333500,669.3408000000001,3,2278.38,2.5,3
429500,502.92,3,2216.5056,2.75,4
782000,1069.848,4,7499.2992,2.5,3
251000,502.92,3,2417.0640000000003,2,4
625700,783.336,3,48726.852,2,5
610000,1063.752,5,7132.320000000001,3.25,4
1700000,1167.384,4,2731.9224,3.5,3
300000,390.144,3,3894.1248,1.75,4
334950,679.7040000000001,4,1676.4,2.5,3
290000,670.5600000000001,3,1292.352,2.5,3
248000,359.66400000000004,3,2117.4456,1,4
761000,624.84,3,615.696,3.5,3
455000,381,3,2439.6192,1.5,3
319502,490.728,3,11797.893600000001,1.75,3
345000,435.86400000000003,3,1280.16,2,4
310000,463.29600000000005,3,1981.2,1,3
220000,249.936,3,1584.96,1,4
563500,667.5120000000001,4,1506.9312,2.5,3
855000,880.8720000000001,4,1801.6728,3.5,3
218000,347.47200000000004,3,1485.9,1.5,5
275000,502.92,3,2346.96,1.75,4
825000,1194.816,4,3379.0128,3.5,3
515000,405.384,2,380.6952,2.5,3
480000,679.7040000000001,4,3413.76,2.25,4
255000,576.072,3,2229.3072,2.25,3
950968,981.456,5,1548.6888000000001,3.5,3
975000,1014.984,4,5344.0584,3.25,3
750000,1014.984,5,3781.9584,2.75,3
635000,423.672,2,345.03360000000004,2.5,3
605000,536.448,3,644.3472,3,3
650000,451.10400000000004,3,658.0632,2.5,3
625500,658.368,2,2267.4072,1,4
1037000,1392.9360000000001,5,3107.1312000000003,3.75,3
920000,679.7040000000001,5,1341.1200000000001,3,3
889000,1240.536,4,3345.4848,3.5,3
1000000,877.8240000000001,3,1143,3,3
875000,768.096,3,1143,2.5,4
1110000,1267.968,3,9691.4208,4,3
280000,411.48,3,2302.1544,1,3
464950,499.872,4,1828.8000000000002,2.5,3
490000,292.608,3,1752.6000000000001,1,3
763000,563.88,4,1337.4624000000001,1.75,5
1250000,1069.848,5,1462.4304,3.5,3
435000,441.96000000000004,4,2682.2400000000002,1,4
436110,539.496,3,376.428,2.5,3
369000,932.6880000000001,4,8306.104800000001,2.5,3
366750,478.8408,3,614.7816,3,3
639500,612.648,3,2460.3456,1.75,4
455000,542.544,4,911.9616000000001,2.5,3
352000,499.872,3,3368.04,2.25,4
851000,1085.088,3,32701.992000000002,2.5,3
435000,228.60000000000002,2,4974.6408,0.75,3
602500,941.832,2,14339.0112,2.5,4
248000,563.88,4,1986.9912000000002,3.5,3
810000,1060.704,4,18056.961600000002,2.5,3
556000,615.696,3,1097.28,2.25,3
512500,579.12,3,2317.6992,2.5,3
430000,463.29600000000005,2,484.0224,2.5,3
610000,1216.152,5,1170.1272000000001,2.5,4
1298000,850.392,4,3086.1000000000004,3.5,5
299950,475.488,4,9539.9352,1.75,4
530000,472.44,3,1121.664,1.75,3
785000,1371.6000000000001,3,6665.976000000001,3.5,3
1125000,917.4480000000001,6,1328.928,3.75,3
332000,292.608,1,804.672,1,3
371025,466.34400000000005,3,2720.34,2,3
294999,505.968,4,2974.848,2.5,3
269900,466.34400000000005,4,2667,1.75,4
420000,694.9440000000001,5,3145.2312,2.75,3
950000,1024.1280000000002,4,3519.8304000000003,2.5,3
585000,880.8720000000001,4,2080.26,2.75,3
815000,691.8960000000001,3,3654.2472000000002,2,4
490000,710.1840000000001,4,1065.8856,3,3
1080000,1185.672,3,2199.4368,2.75,3
2288000,1243.584,4,5596.7376,2.5,4
1087500,719.3280000000001,2,3456.4320000000002,2,3
228950,365.76,3,2769.108,1.75,4
299950,487.68,3,2996.184,2.5,4
336000,673.6080000000001,4,3566.1600000000003,2.25,4
397000,490.728,2,1250.8992,1.75,3
269950,463.29600000000005,3,2657.856,2.5,3
210000,280.416,3,2015.3376,1,3
430000,438.91200000000003,3,2231.136,2.5,5
440000,594.36,3,6018.8856000000005,1.75,3
269900,530.352,3,2948.0256,2.25,4
319950,621.1824,4,2329.5864,2.5,3
219950,301.752,2,1965.3504,1,3
430000,481.584,3,1524,1.5,3
658500,429.76800000000003,2,1554.7848000000001,1,3
968933,1255.776,4,2226.2592,3.5,3
487500,856.488,4,1919.0208,2.5,3
615000,646.176,4,1133.856,2.5,3
435000,438.91200000000003,3,411.48,3,3
835000,996.696,4,1837.0296,3.25,3
540000,722.3760000000001,3,5015.484,2.5,5
2300000,1618.488,7,2687.1168000000002,4.75,3
590000,713.2320000000001,4,2734.3608,2.5,3
870000,978.408,3,2630.424,2.5,4
425000,408.432,3,3053.4864000000002,2.5,4
1038000,1149.096,4,3320.1864,2.5,3
460000,502.92,3,2229.0024000000003,2.25,3
320000,624.84,4,2567.6352,2.5,4
615750,652.272,4,1938.528,2,3
320000,554.736,3,5364.4800000000005,2,5
348140,627.888,2,3316.224,1.5,3
636230,865.6320000000001,4,1915.3632,2.5,3
405000,536.448,3,1632.2040000000002,1.75,3
760000,911.3520000000001,4,1609.344,2.5,3
360000,649.224,5,2167.4328,2.5,3
349000,408.432,3,350.82480000000004,3.25,3
359950,746.76,5,2874.8736000000004,2.25,3
320000,460.24800000000005,3,9200.388,1.75,3
415000,268.224,2,1389.2784000000001,1,3
618000,384.048,4,1243.584,1,4
434000,505.968,3,2530.1448,1.75,5
400000,432.81600000000003,4,1485.9,1,3
505000,435.86400000000003,2,366.0648,2.5,3
459000,688.8480000000001,4,2957.4744,1.75,2
240000,432.81600000000003,4,1640.4336,1.75,5
775000,969.264,4,2331.7200000000003,4,3
353500,243.84,2,2674.6200000000003,1,3
209950,335.28000000000003,3,1684.02,1.75,5
740000,670.5600000000001,3,914.4000000000001,2.5,3
815000,554.736,4,1371.6000000000001,1.75,3
231200,426.72,3,2688.6408,2,3
268950,402.336,3,2468.88,1,3
543000,627.888,4,2575.8648000000003,2.5,3
390000,502.92,3,2644.4448,1.5,4
407185,566.928,3,14653.5648,1.75,4
490000,505.968,3,2501.7984,1.75,4
359950,603.504,3,2377.44,2.5,3
345000,313.944,3,2124.1512000000002,1.5,4
589000,423.672,3,1536.192,1.5,3
230000,384.048,2,3108.96,2,3
365000,280.416,2,2011.68,1,4
208417,256.03200000000004,2,1280.16,1,3
375000,524.256,4,734.568,2,3
291000,481.584,4,2021.7384000000002,2.5,4
348500,569.976,4,2308.86,1.75,3
608000,524.256,3,1595.3232,2.25,3
676000,816.864,3,12741.8592,2.25,3
1250000,630.936,3,1506.9312,2.5,3
432500,728.472,3,1961.3880000000001,2.5,3
830000,771.144,6,2743.2000000000003,3,3
288000,429.76800000000003,3,12344.400000000001,1,4
952000,841.248,3,1371.6000000000001,3.5,3
950000,1158.24,4,3718.5600000000004,2.75,4
250000,326.7456,3,1322.5272,1.5,3
215000,579.12,4,2926.08,2.25,4
485000,996.696,5,1868.1192,2.5,3
380000,688.8480000000001,4,2194.56,1.75,5
398000,859.5360000000001,4,1679.448,2.5,3
990400,640.08,3,1248.7656,2.5,3
1265000,682.7520000000001,3,1724.2536,1.75,4
340000,573.024,5,1150.3152,1,3
438000,542.544,3,2944.368,1.75,3
230000,420.624,3,3082.1376,1,4
445000,530.352,3,6732.7272,2.5,4
447000,426.72,3,2057.4,1.75,3
579000,755.904,4,1828.8000000000002,1.5,3
390000,658.368,3,30006.036,1.75,3
210000,316.992,3,2734.056,1,4
378000,298.704,2,259.99440000000004,1.5,3
1260000,822.96,2,2202.1800000000003,1.5,3
700000,844.296,4,27218.0304,2.5,3
245500,435.86400000000003,2,2981.5536,1.5,3
1595000,1415.796,4,2364.3336,4.25,3
135000,252.984,3,2926.08,1,3
287500,536.448,3,2178.4056,2,4
499900,719.3280000000001,4,2331.7200000000003,2.25,3
380500,429.76800000000003,3,2393.8992000000003,1,4
525000,731.52,4,3069.3360000000002,2.5,3
707000,929.6400000000001,5,4027.0176,2.5,4
430000,551.688,4,2194.56,1.5,3
875000,515.1120000000001,3,3228.4416,2.5,3
355000,493.776,2,1109.472,1.75,3
270000,344.42400000000004,3,2414.016,1,3
415000,414.528,3,547.116,1.5,3
290000,493.776,3,2368.9056,2.25,4
543200,859.5360000000001,6,4754.88,2.25,5
251000,371.856,3,2209.8,1.75,3
751000,871.7280000000001,5,1609.344,2.75,3
1216000,972.312,4,2646.8832,2.5,5
449950,475.488,3,1243.584,2,3
1710000,1399.0320000000002,5,4475.988,4.5,3
290000,633.984,3,1471.5744,2.5,3
850000,417.576,3,1173.48,1.75,5
1184000,975.36,4,2286,2.5,5
547000,524.256,4,853.44,1,4
120000,301.752,2,12181.0272,1,2
329900,683.3616000000001,3,1522.476,2.5,3
599990,816.864,3,2792.5776,2.25,3
417000,701.0400000000001,4,2346.96,2.25,3
540000,624.84,3,2919.984,1.75,3
808000,762,4,2702.3568,2.25,4
274500,441.96000000000004,3,1234.44,2.25,3
861990,1095.756,5,1718.7672,2.75,3
673000,862.5840000000001,3,1065.5808,2.75,3
329950,585.216,4,1402.0800000000002,2.5,3
270000,563.88,4,2240.28,1.75,3
193000,292.608,3,3279.9528,1,4
435000,502.92,2,1556.3088,1,3
495000,682.7520000000001,3,4050.1824,1.5,3
432500,966.8256,4,1534.0584000000001,2.5,3
480000,484.632,3,436.16880000000003,2.5,3
1650000,972.312,4,4542.7392,2.75,4
780500,536.448,5,1299.6672,1,3
787500,481.584,4,2859.6336,1.75,3
785000,911.3520000000001,4,2857.1952,2.5,3
353500,624.84,4,1219.2,3,3
258000,691.8960000000001,3,2743.2000000000003,1.75,4
639950,542.544,2,1377.6960000000001,1.75,5
455000,487.68,3,2386.2792,2.5,3
213000,365.76,3,16861.8408,1.75,5
487000,448.05600000000004,2,772.0584,2.5,3
610000,640.08,4,2682.2400000000002,2.5,5
370000,469.392,4,2908.0968000000003,1,4
380000,585.216,3,2674.6200000000003,1.75,3
1135000,1027.1760000000002,4,3231.4896000000003,2.5,3
525000,874.7760000000001,3,8077.200000000001,1.75,3
578000,646.176,3,3314.7000000000003,1.75,3
215000,350.52000000000004,3,2304.288,1,4
1315000,969.264,4,1860.804,2.25,3
550000,1274.064,4,10719.5112,3,3
1600000,1121.664,4,1524,2.75,3
1300000,1057.656,4,1267.968,2.5,3
780000,1313.688,6,3048,4.25,3
199000,438.91200000000003,4,2888.5896000000002,2,3
1045000,801.624,4,1219.2,2.25,5
532500,405.384,3,1524,1.75,4
492000,515.1120000000001,3,450.79920000000004,2.5,3
404500,387.096,2,1127.76,1,3
700000,743.712,4,2880.36,2.25,3
415000,521.208,3,1499.616,2.5,3
865000,929.6400000000001,3,3827.6784000000002,2.5,3
1095000,1246.632,5,3916.6800000000003,3,4
727500,377.952,2,2779.4712,2,4
249900,170.68800000000002,2,2304.288,1,3
245000,612.648,4,2304.5928,1.5,4
693000,646.176,3,4158.6912,2.25,4
570000,725.4240000000001,4,11108.740800000001,2.25,4
304500,618.744,4,1585.5696,2.5,3
302495,670.5600000000001,3,2194.8648000000003,2.5,3
360000,445.00800000000004,4,1170.432,1,3
1755000,1176.528,4,20712.0744,4,4
804000,798.576,4,1542.288,2.5,3
680000,822.96,4,11408.9688,2.5,4
430000,478.536,4,2331.7200000000003,1.75,3
279000,630.936,3,2377.44,2.25,3
499900,640.08,3,1558.1376,2.5,3
588000,661.416,4,1752.6000000000001,1.75,3
765000,457.20000000000005,3,1557.8328000000001,1.5,5
722080,1121.664,3,2331.7200000000003,3.25,3
334998,548.64,2,1579.4736,1,3
645000,646.176,3,60044.076,2.5,3
685000,679.7040000000001,3,2608.4784,1.5,3
1400000,1432.5600000000002,5,6804.964800000001,4,3
289571,408.432,3,7668.768,1.5,3
545000,576.072,4,2197.608,2.25,3
505000,451.10400000000004,4,3863.34,1,4
909950,929.6400000000001,5,2734.6656000000003,3.75,3
480000,822.96,4,2956.56,2.5,3
252000,396.24,3,2494.4832,1,3
792000,685.8000000000001,3,5873.496,2.5,3
402000,368.808,2,1706.88,1,3
323000,679.7040000000001,4,15268.6512,2.75,4
950000,518.1600000000001,3,2453.6400000000003,1.5,3
861111,1112.52,4,2161.032,2.5,3
500000,902.2080000000001,4,1532.2296000000001,2.5,3
810000,993.648,4,1709.3184,2.5,3
397000,438.91200000000003,4,2340.864,2,3
417250,489.5088,3,442.56960000000004,2.25,3
350000,307.848,3,2852.9280000000003,1,3
435000,652.272,4,1937.0040000000001,2.25,3
530000,746.76,4,4572.609600000001,2.75,5
315000,396.24,3,1137.2088,2,3
499000,515.1120000000001,3,436.47360000000003,3.5,3
585000,740.664,4,1446.8856,2.5,3
7062500,3060.192,5,11376.66,4.5,3
235000,560.832,3,2955.6456000000003,1.75,4
249000,304.8,3,5853.3792,1,3
821000,841.248,3,2583.4848,2.75,4
527000,914.4000000000001,6,2560.6248,3.5,3
504058,886.9680000000001,4,2275.9416,2.75,3
1079000,1463.04,4,3879.1896,3.25,3
615000,448.05600000000004,3,351.12960000000004,3.25,3
294000,259.08000000000004,2,1600.2,1,4
499100,493.776,3,1556.9184,1.5,3
430000,515.1120000000001,3,2958.9984,1.5,5
290000,341.37600000000003,2,66385.44,1,3
370500,545.592,4,1865.3760000000002,2.5,3
330000,646.176,6,2100.9864000000002,3.25,4
925000,1109.472,4,18314.2128,3.25,3
673200,1274.064,5,2609.3928,3,3
888000,381,3,2654.808,1.5,4
530000,646.176,3,12349.886400000001,2.25,3
339950,408.432,3,3108.96,2,3
437500,384.048,3,342.90000000000003,2.5,3
236000,396.24,3,1797.7104000000002,1,3
359999,981.456,4,2346.96,2.25,4
196500,399.288,3,2133.6,2,4
615000,579.12,3,1153.0584000000001,1.75,5
733000,938.784,4,1820.8752000000002,3.5,3
750000,640.08,4,1036.3200000000002,1.75,5
775000,819.912,3,31865.0112,3.5,3
314000,219.45600000000002,2,1499.616,1,3
1250000,847.344,3,1467.612,2.75,3
277500,505.968,4,2189.6832,2.25,3
465000,460.24800000000005,3,563.88,3.25,3
450000,682.7520000000001,3,1024.1280000000002,2.75,3
330000,722.3760000000001,3,2774.2896,2.5,3
337000,426.72,3,1828.8000000000002,1.75,4
95000,243.84,2,2606.04,1,3
520000,551.688,3,5633.6184,1.5,3
419900,441.96000000000004,3,2133.6,1.5,3
383000,624.84,4,1509.6744,2.5,3
919990,1207.008,5,1936.0896,3.25,3
1031000,643.128,4,2044.5984,1.75,3
1580000,1146.048,4,3328.416,3.25,5
350000,499.872,3,3177.2352,2.5,3
500000,362.71200000000005,3,1447.8000000000002,1.5,3
326000,588.264,3,1055.2176,2.25,3
699188,990.6,4,1669.6944,3.25,3
740000,829.056,5,3491.1792,3.5,3
385000,554.736,4,2164.6896,2,3
419000,1008.888,3,6430.0608,2.5,3
321000,740.664,4,1635.5568,2.5,3
557500,1021.08,3,1531.6200000000001,3.5,3
249000,496.824,4,2563.368,1.75,5
399950,426.72,3,1341.1200000000001,2.5,3
517500,551.688,3,1320.3936,2.5,3
730000,1115.568,4,45805.9536,2.75,3
589950,509.016,3,411.48,2.75,3
330000,725.4240000000001,4,37197.182400000005,2.25,4
154200,399.288,4,2633.472,1,3
415000,475.488,3,1371.6000000000001,1,3
230000,347.47200000000004,3,2937.9672,1,4
349000,667.5120000000001,4,2223.2112,2.5,3
328000,722.3760000000001,4,1981.2,2.5,3
533000,509.016,3,1243.584,1,3
1230000,926.5920000000001,4,2133.6,2.5,3
899000,722.3760000000001,4,1828.8000000000002,2.25,3
315000,670.5600000000001,4,2615.184,2.75,3
325000,320.04,2,1463.04,1,4
269950,505.968,3,2134.5144,2.25,3
545000,633.984,4,2592.0192,2.5,3
280000,573.024,4,1916.5824,1,3
635000,734.568,4,2154.6312000000003,2.5,3
555000,716.2800000000001,4,1889.76,1.75,4
795000,554.736,3,2291.1816,2.75,3
345000,670.5600000000001,4,4114.1904,2.75,3
335000,731.52,5,1386.2304000000001,2.5,3
246000,542.544,3,7260.0312,1.5,3
399000,286.512,2,1463.04,1,4
400000,722.3760000000001,4,1125.3216,3.5,3
780000,780.288,2,762,2.5,5
380000,377.952,3,2624.6328000000003,1.75,4
508000,249.936,2,1536.192,1,3
750000,499.872,3,1986.0768,1,4
555000,716.2800000000001,4,1812.3408000000002,1.75,3
717000,774.192,4,1292.6568,2.5,3
470000,707.1360000000001,4,3670.4016,2.5,4
370000,676.6560000000001,5,1580.3880000000001,3,3
250000,286.512,1,26554.176000000003,0.75,3
2480000,1618.488,4,5153.863200000001,5,3
625000,673.6080000000001,3,4937.76,1.75,3
550000,502.92,3,975.36,1.75,3
680000,960.12,4,1882.14,3,3
1125000,944.88,6,2858.4144,4.25,3
400000,417.576,3,2950.464,1.75,4
427500,740.664,4,990.2952,2.5,3
515000,499.872,2,1584.96,1,4
240000,362.71200000000005,3,3139.1352,2,3
515000,853.44,4,6513.576,2.5,3
332500,487.68,3,2436.876,2,3
269950,683.9712000000001,3,1243.2792000000002,2.5,3
602000,740.664,4,4267.2,1.75,4
413000,694.9440000000001,3,42486.6816,1.75,3
655000,868.6800000000001,6,2011.68,5,3
605000,984.504,3,2918.7648,2.75,4
437000,646.176,5,41929.812000000005,2,3
449000,505.968,3,2955.6456000000003,1.75,4
308000,496.824,3,3497.5800000000004,1.75,4
554000,582.168,3,2743.5048,2,4
810000,856.488,4,3234.8424,2.5,3
1387800,755.904,3,1676.4,3,3
575000,743.712,4,2468.88,1.75,4
275000,484.632,3,2362.2000000000003,3,3
245000,652.272,4,2682.2400000000002,2.25,4
340000,481.584,3,2532.2784,1,3
345000,381,3,2197.608,1,4
322000,292.608,3,3103.1688000000004,1,3
348000,454.15200000000004,3,755.2944,2.5,3
400000,359.66400000000004,3,2297.2776,1,3
137000,396.24,3,3086.1000000000004,1,4
335750,731.52,3,2212.848,3,3
525000,835.152,4,3689.9088,2.5,3
930000,749.808,3,1292.352,1.75,4
259875,670.5600000000001,5,1905,2.5,3
265000,576.072,3,1855.6224000000002,2.5,3
670000,527.304,3,1036.3200000000002,1.75,5
704300,545.592,4,1243.584,1.5,5
387000,762,4,2343.9120000000003,1.75,3
672000,542.544,3,502.0056,2.5,3
650000,993.648,4,1626.1080000000002,2.75,3
352499,377.952,2,214.88400000000001,2.25,3
753000,935.7360000000001,3,68111.5224,2.5,3
370000,228.60000000000002,2,615.696,1,3
330000,472.44,2,132770.88,2,2
1039000,1039.3680000000002,4,1524,1,5
552500,746.76,3,1091.7936,2.5,3
2400000,1261.872,4,6319.7232,3.25,3
960000,926.5920000000001,5,3126.3336,2.75,3
850830,630.936,3,4035.8568,2.5,5
418000,371.856,4,3224.784,1.5,3
659500,798.576,4,5596.7376,3,4
279000,670.5600000000001,4,2346.96,2,3
330000,743.712,4,2240.28,1.75,3
425000,594.36,3,1734.0072,2.5,3
305000,481.584,3,2262.8352,1,3
510000,432.81600000000003,3,377.0376,2.5,3
594950,829.056,4,3049.8288000000002,2.5,3
659950,1069.848,4,2865.1200000000003,2.75,3
282500,438.91200000000003,2,3416.808,1.75,4
891000,710.1840000000001,4,1524,2,5
494500,1146.048,4,2683.4592000000002,3,3
425000,627.888,4,2602.992,2.25,4
152000,274.9296,3,3189.4272,1,3
169500,240.792,2,2270.76,1,4
1450000,944.88,4,1188.72,3.25,5
265000,426.72,5,2615.184,4,5
465000,978.408,5,2194.56,4,3
340000,323.088,2,14719.401600000001,0.75,5
350000,743.712,3,5691.8352,2.5,4
665000,384.048,3,7482.84,1,4
617000,582.168,3,1367.9424000000001,2.5,3
998500,478.536,2,1341.1200000000001,1,4
529900,923.5440000000001,5,2874.264,2.25,4
969500,633.984,3,922.0200000000001,3.25,4
665000,954.024,4,2310.9936000000002,2.5,3
780000,505.968,5,1219.2,2.5,5
470000,557.784,3,11937.492,2.25,5
570000,545.592,2,1146.048,1,4
560000,414.528,4,1772.1072000000001,1,2
359950,774.8016,4,1865.3760000000002,2.5,3
339300,295.656,3,3048,2,5
445000,460.24800000000005,2,609.9048,1.5,4
258900,426.72,3,3180.8928,2.25,4
325000,576.072,3,2331.7200000000003,1.5,5
327500,637.032,3,3665.8296,2.5,3
495000,588.264,4,2048.2560000000003,1.75,3
750000,1045.464,4,4238.8536,2.75,3
185000,344.42400000000004,3,2133.6,1.75,3
3200000,1389.8880000000001,3,4073.0424000000003,3.25,3
200000,426.72,2,2926.08,1,4
1285000,743.712,3,2804.1600000000003,2.25,4
240000,496.824,3,2880.36,1.75,4
600000,682.7520000000001,3,2838.9072,2.25,3
518000,740.664,4,3557.016,3,4
197000,414.528,4,3406.1400000000003,1,3
325000,374.904,2,322.4784,2.25,3
235000,399.288,3,4578.7056,1,3
273000,374.904,3,3535.9848,2.25,4
196000,371.856,3,2047.9512000000002,1,3
685000,579.12,5,2390.5464,2.5,5
400000,676.6560000000001,3,1524,2.75,3
1700000,1161.288,5,2852.9280000000003,2.75,3
205000,530.352,2,1554.48,1.75,3
1165000,1194.816,4,1371.6000000000001,3.75,3
322000,374.904,3,2944.368,1,3
970000,1350.2640000000001,4,22664.3184,2.75,3
625000,984.504,4,3028.188,2.25,3
790000,1636.776,4,21289.670400000003,3,3
396000,192.024,1,1569.72,1,4
285000,402.336,3,291.084,2.5,3
865000,1085.088,4,4261.4088,2.5,3
675000,579.12,4,2682.2400000000002,1.75,3
445000,911.3520000000001,4,1945.5384000000001,2.5,3
725000,856.488,3,1920.24,2.5,3
600000,399.288,3,1524,1,3
276200,417.576,2,1370.076,1.75,4
605000,688.8480000000001,3,5216.3472,2.25,3
428000,411.48,2,1188.72,2,3
580000,865.6320000000001,4,1910.4864,2.5,3
566000,505.968,3,3090.672,2.25,4
155000,277.368,2,1899.5136,1,3
200000,320.04,3,1524,1,4
498000,347.47200000000004,2,2524.3536,2,3
585000,563.88,3,2357.628,1.75,4
124740,408.432,3,4754.88,1,4
193000,359.66400000000004,3,2757.8304000000003,1.5,3
492000,856.488,4,3304.032,3.75,4
4668000,2938.272,5,3983.1264,6.75,3
425000,545.592,3,3111.7032000000004,2.25,3
620000,746.76,4,16881.9576,2.5,3
309620,566.928,3,1136.904,2.5,3
675750,844.296,4,3131.5152000000003,2.5,3
602000,737.616,4,11521.44,1.75,4
638150,661.416,4,2217.42,2.5,3
310000,475.488,3,25093.5744,1.75,3
450000,466.34400000000005,3,232.25760000000002,2.5,3
242000,481.584,3,1858.9752,1.75,5
297000,441.96000000000004,3,2304.8976000000002,2.25,3
760000,865.6320000000001,4,4131.2592,3,4
1288000,1127.76,4,4015.7400000000002,3.5,4
205500,274.32,2,1950.72,1,5
335000,313.944,2,324.9168,1.75,3
738515,1024.1280000000002,5,2804.1600000000003,2.75,3
169950,359.66400000000004,3,2996.7936,1,3
825000,697.9920000000001,4,1920.24,1,4
450000,505.968,3,3123.2856,2.25,5
845000,524.256,5,3039.4656,2,4
1060000,1173.48,4,2468.88,3.5,3
155000,295.656,3,2560.32,1.5,3
540000,914.4000000000001,4,1667.5608,2.5,3
483000,371.856,4,1152.144,1.5,3
1419000,1225.296,5,1371.6000000000001,3.25,3
550000,777.24,4,12027.408000000001,1.75,3
315000,256.03200000000004,2,1550.5176000000001,1,3
234950,460.24800000000005,3,2789.8344,2,4
158000,301.752,3,2720.34,1.5,4
305000,640.08,3,2080.26,2.5,3
355000,161.544,1,10143.1344,0.75,4
367777,652.272,5,1809.5976,3,3
661000,591.312,3,2498.1408,2.5,3
680000,627.888,3,777.5448,2.5,3
345000,585.216,3,2948.0256,2.25,4
244000,457.20000000000005,3,2278.38,1.75,4
370000,719.3280000000001,2,32263.08,1,2
210750,560.832,4,2156.7648,1.5,3
775000,445.00800000000004,3,1889.1504,1,4
387000,307.848,2,288.9504,1.5,3
230000,268.224,3,2753.868,1,4
499000,515.1120000000001,3,1478.5848,2.5,3
277500,518.1600000000001,4,3672.2304000000004,2,3
402500,393.192,3,1219.2,1,3
716528,533.4,3,1645.92,1.5,4
350000,707.1360000000001,5,2560.32,3,3
562000,851.916,5,4602.7848,3,3
3075000,1386.8400000000001,4,5681.776800000001,5,3
223000,338.32800000000003,3,2204.0088,2,4
709050,829.056,4,2743.2000000000003,3.5,3
475000,755.904,3,1609.344,1.5,5
445000,719.3280000000001,4,24960.6816,2.5,3
640000,627.888,4,2995.5744,1.75,4
248000,240.792,1,3657.6000000000004,1,3
246000,524.256,4,2272.284,1.75,4
274000,426.72,3,2549.3472,1.75,4
425000,490.728,3,44079.8712,1.75,3
432500,448.05600000000004,3,2240.28,1.75,3
3278000,2084.832,2,3048,1.75,3
720000,417.576,3,606.552,1.75,3
558000,963.168,4,2705.4048000000003,3.25,3
474950,618.744,4,4693.92,1.75,3
275000,539.496,4,2238.7560000000003,1,3
564000,652.272,5,2651.76,2.25,3
815000,905.2560000000001,4,4535.424,1.75,5
1425000,676.6560000000001,2,1219.2,2.5,3
259500,502.92,3,3763.9752000000003,1.75,3
635000,938.784,4,10799.064,2.5,3
368500,856.488,5,2852.9280000000003,1.75,4
340000,469.392,3,3169.92,1.75,3
577000,493.776,2,1487.1192,1.75,3
308130,701.0400000000001,4,2286,2.5,2
245000,441.96000000000004,3,2844.6984,2,4
253000,481.584,3,2511.552,1,4
313000,472.44,3,2212.848,1.5,2
200000,582.168,4,2197.608,2.75,4
462000,804.672,4,14471.904,2.5,4
285000,350.52000000000004,3,1957.7304000000001,1.75,3
260250,454.15200000000004,3,2547.2136,1.75,4
952990,1082.04,4,1998.8784,2.75,3
1835000,1484.376,4,11945.112000000001,3.5,3
361000,365.76,3,2205.5328,1.5,3
1050000,993.648,4,1820.8752000000002,2.5,3
680200,597.408,2,1828.8000000000002,1.5,3
650000,646.176,3,2574.9504,1.5,3
379900,969.5688,4,1777.2888,2.5,3
312500,694.9440000000001,4,2389.632,1.75,3
500000,673.6080000000001,3,2340.864,2.25,3
895000,1033.2720000000002,4,1889.76,1.5,4
1325000,661.416,4,1119.2256,3.5,3
400000,371.856,2,1920.24,1,3
290000,496.824,4,2321.9664000000002,2,3
525000,499.872,3,1883.664,1,4
209950,320.04,2,1905,1,4
282000,365.76,4,3386.6328000000003,1,3
700000,1091.184,4,13134.7464,3.25,4
567500,633.984,3,1388.6688000000001,2.5,3
459000,615.696,4,2920.8984,1.5,4
710000,749.808,4,1097.28,2.75,3
479000,530.6568,2,438.60720000000003,2.5,3
607000,582.168,5,1654.4544,1.75,3
309000,594.36,3,1165.8600000000001,2.5,3
1350000,1685.544,5,11831.1168,3,3
329900,420.624,3,1584.3504,2,4
807500,972.312,4,7367.0160000000005,2.5,3
863500,990.6,4,841.248,3,3
365000,670.5600000000001,3,2240.28,2.5,5
454280,448.05600000000004,3,530.6568,2.5,3
435000,560.832,5,2816.3520000000003,2,4
399000,661.416,3,22438.1568,1.75,3
300000,871.7280000000001,6,1731.8736000000001,5.25,3
288400,569.976,3,984.504,2.25,3
370000,941.832,4,5682.996,2.5,3
264950,524.256,4,2972.7144000000003,2.25,4
930000,670.5600000000001,4,1219.2,2.5,5
129000,198.12,1,4682.9472000000005,1,4
530000,1267.968,4,10867.3392,3.25,3
546000,466.34400000000005,3,1055.8272,2.5,3
368000,521.208,3,3291.84,1.75,4
400000,771.144,4,2305.2024,2.5,3
652500,822.96,4,2780.3856,2.5,3
285000,368.808,3,1442.0088,1,3
639500,710.1840000000001,4,2741.3712,2.25,3
345000,347.47200000000004,3,1280.16,1,4
310000,774.192,3,1455.42,2.5,3
389800,573.024,3,3907.8408000000004,1.75,3
925000,1091.184,4,10747.552800000001,3,3
288000,463.29600000000005,3,1095.1464,2.5,3
315000,329.184,2,815.0352,1,4
657000,804.672,4,7631.5824,2.5,4
378800,835.152,5,1645.92,2.5,3
326250,323.088,3,2945.2824,1,3
303000,563.88,3,2688.3360000000002,2.75,4
610360,795.528,4,1695.2976,2.5,3
455000,637.032,4,1341.1200000000001,2.5,3
247500,697.9920000000001,4,2366.772,1.75,3
300000,597.408,3,483.108,2.25,3
384000,435.86400000000003,3,243.84,2.25,3
457000,859.5360000000001,4,2128.4184,2.5,3
200000,304.8,2,1897.9896,1,3
596000,691.8960000000001,4,3048,2.25,5
475000,844.296,3,30138.9288,2.5,3
625000,377.952,3,1243.584,1,3
614306,673.6080000000001,2,1676.4,2.25,4
375000,551.688,2,2599.0296000000003,1,4
350000,835.152,4,3074.2128000000002,1.75,3
504500,554.736,3,470.916,2.5,3
374000,335.28000000000003,2,516.6360000000001,2.25,3
350000,722.3760000000001,3,1411.8336000000002,2.75,3
450000,438.91200000000003,3,2959.9128,1.5,3
900000,1103.376,4,12978.384,2.5,3
650000,697.9920000000001,4,3104.6928000000003,2.5,3
296000,475.488,3,1781.556,2.5,3
352500,701.0400000000001,4,66783.50880000001,2.5,4
860000,1231.392,4,2560.32,4.5,3
360000,600.456,3,24296.8272,2,3
716500,1106.424,5,11722.9128,2.75,3
469950,704.0880000000001,5,2530.7544000000003,2.5,3
262500,344.42400000000004,3,2194.56,2,4
425000,1121.664,4,8005.8768,2.25,4
225000,548.64,4,2849.88,2.25,3
320000,554.736,4,950.976,3,3
1125000,1124.712,5,3127.248,3,4
769950,667.5120000000001,3,1645.92,2,5
750000,978.408,4,2724.3024,2.5,3
1050000,902.2080000000001,5,2340.864,2.25,5
450000,521.208,4,2133.6,2.25,4
401000,256.03200000000004,2,2468.88,1,4
655000,554.736,3,1365.5040000000001,2,5
425000,384.048,3,914.4000000000001,2.25,3
409000,271.272,2,997.0008,1,4
875000,371.856,3,2474.6712,1,4
265500,566.928,3,2811.78,1,3
475000,621.792,5,1883.664,2,4
193000,207.264,2,2633.472,1,4
228000,304.8,3,4991.4048,1,3
490000,460.24800000000005,3,2570.3784,1.75,4
242550,627.888,4,2353.056,2.5,3
353000,557.784,4,1624.8888000000002,2.5,3
405300,728.472,3,2419.8072,2.75,5
335000,341.37600000000003,3,2766.06,1,3
449000,597.408,3,13604.443200000002,2.25,3
726000,576.072,3,1182.624,2.5,4
649950,737.616,3,2286,2.5,4
188000,347.47200000000004,3,2590.8,1.5,4
540400,512.0640000000001,4,2059.8384,1.75,3
1050000,405.384,4,2965.3992000000003,1,3
548050,588.264,2,1669.9992,2,3
394900,435.86400000000003,3,4075.1760000000004,1,3
327000,493.776,4,32528.8656,2.25,3
542000,548.64,2,859.2312000000001,2.25,4
345000,292.608,2,822.96,1,3
235000,320.04,3,2337.8160000000003,1,5
700000,947.928,3,37706.808000000005,2.5,3
124500,256.03200000000004,2,1975.104,1,4
200000,365.76,3,3262.2744000000002,1,2
520000,289.56,2,1182.624,1,4
312500,762,4,3652.4184,2.5,3
242000,515.1120000000001,3,2222.6016,2.25,3
477000,530.352,3,1511.808,2.5,3
485000,593.1408,4,5421.1728,3.25,4
938000,941.832,3,3334.512,2.5,3
2000000,1063.752,3,6420.3072,2.5,3
755000,661.416,2,1938.8328000000001,2.5,3
389000,390.144,3,2935.224,1,3
305000,292.608,2,2522.5248,1,3
455000,673.6080000000001,4,15049.5,2.5,3
309950,704.0880000000001,4,1524,2.75,3
979000,819.912,3,1233.5256000000002,2.5,3
1532500,1301.496,5,2461.5648,4.5,3
240000,426.72,3,1889.76,2,3
353250,323.088,2,487.68,1,3
160000,359.66400000000004,2,2849.88,1,3
595000,451.10400000000004,3,1524,2,4
687000,1341.1200000000001,4,56950.660800000005,3.25,4
566000,743.712,4,1524,1.75,3
685000,865.6320000000001,4,1413.3576,3.5,3
765000,478.536,3,2133.6,2,4
362500,286.512,2,538.8864,1.5,3
562100,438.91200000000003,2,1127.76,0.75,3
302000,466.34400000000005,4,5383.9872000000005,1.75,3
530000,256.03200000000004,2,1036.3200000000002,1,4
170000,365.76,2,7556.6016,1,2
255000,472.44,3,2962.656,1.75,3
215000,365.76,3,2218.944,1,4
185000,606.552,5,8476.488000000001,1.75,3
450000,579.12,2,2359.152,2,4
665000,527.304,3,914.4000000000001,2.5,3
350000,725.4240000000001,4,1866.5952000000002,2.5,3
549900,347.47200000000004,2,285.2928,1.75,3
365000,207.264,2,777.24,1,4
375000,338.32800000000003,3,1676.4,1.5,3
963990,1167.384,4,2061.972,3.25,3
470000,816.864,4,2457.2976000000003,2.5,4
750000,902.2080000000001,3,21138.184800000003,2.5,4
424950,841.248,5,1172.2608,3.5,3
185000,274.32,2,2438.4,1,4
345000,307.848,3,932.6880000000001,1,3
250000,225.55200000000002,2,2084.832,1,5
535000,850.392,3,5939.028,2.5,3
461000,432.81600000000003,3,1575.816,1.75,4
515000,499.872,3,2560.32,2.25,4
589000,685.8000000000001,3,1321.9176,2.5,3
306000,277.368,3,2638.9584,1,3
765000,768.096,4,1676.4,1,5
213500,350.52000000000004,3,3526.8408000000004,1.5,3
350000,768.096,5,1676.4,3,3
279000,469.392,3,2218.944,2.5,3
149000,332.232,3,853.44,1,3
815241,627.888,5,1463.04,2.25,3
280000,633.984,3,26819.6568,1.75,3
397500,411.48,3,298.704,2.25,3
392800,225.55200000000002,2,1303.02,1,5
297000,408.432,3,5486.400000000001,1,4
262500,448.05600000000004,3,3166.8720000000003,1.75,3
315000,176.78400000000002,1,2194.56,1,3
900000,1225.296,8,2286,4,3
395000,542.544,4,2483.8152,2,4
445000,521.208,3,597.408,3.25,3
299000,362.71200000000005,3,2784.348,1.5,4
825000,999.744,3,8050.682400000001,2.5,3
330000,298.704,3,2133.6,1,3
749950,722.3760000000001,4,905.5608000000001,2.5,3
350000,755.904,3,2714.5488,1,3
1000750,935.7360000000001,3,3273.2472000000002,2.75,3
273000,421.8432,2,555.3456,2,3
965000,1088.136,4,5306.8728,2.5,3
655500,1030.2240000000002,4,2538.984,3.5,3
300000,448.05600000000004,3,376.428,3.25,3
451000,509.016,4,1010.412,2.5,3
554000,569.976,2,1700.784,2,3
680000,923.5440000000001,4,3983.1264,2.5,3
426950,716.2800000000001,4,1703.5272,2.75,3
352500,640.08,4,3276.6000000000004,2.5,4
875000,353.56800000000004,3,3271.1136,1,3
260000,466.34400000000005,4,2531.6688,3,3
775000,618.744,3,1243.584,1,4
875000,612.648,3,1219.2,2,5
615000,368.808,2,1524,1.5,5
470450,307.848,2,1036.3200000000002,1,3
354000,423.672,2,2359.152,1,4
306950,222.50400000000002,1,1525.5240000000001,1,4
180000,350.52000000000004,2,1735.836,1,4
245000,569.976,4,2667,2,3
620000,774.192,5,3481.4256,3,3
299999,411.48,3,376.1232,2.25,3
630000,899.1600000000001,4,2750.82,1.75,4
195000,420.624,3,2240.28,1.75,3
400000,161.544,1,4169.3592,1,4
665000,737.616,4,2164.6896,2.75,5
238000,502.92,3,855.5736,2.5,3
340000,210.312,2,1584.96,1,3
500000,624.84,4,2194.8648000000003,2.25,3
550000,688.8480000000001,3,1269.492,2.5,3
692000,1063.752,3,8599.322400000001,2.5,3
650000,643.128,4,2078.7360000000003,2.5,5
310000,228.60000000000002,2,1639.5192000000002,1,3
370000,316.992,2,1271.6256,1,3
400000,356.61600000000004,3,1178.9664,2,4
175000,188.976,2,2011.68,1,3
344950,405.384,3,2261.3112,2,3
1105000,1005.84,5,2304.288,2.75,3
2125000,1646.8344000000002,3,7336.2312,2.5,4
347000,405.384,3,2392.0704,1.75,3
176250,438.91200000000003,4,2042.7696,2,4
359950,554.736,4,1188.4152000000001,2.5,3
490000,585.216,3,1647.4440000000002,1.75,4
659500,554.736,3,1676.4,1.75,4
299000,359.66400000000004,3,4244.9496,1.75,5
550000,1264.92,4,4936.845600000001,3.5,3
150000,365.76,3,2903.8296,1,3
208000,249.936,2,1737.3600000000001,1,5
800000,496.824,3,804.672,2.5,5
409000,594.36,3,2213.7624,2.5,3
369160,646.176,4,2950.464,2.25,4
390000,569.976,2,3950.208,1.5,4
355000,658.368,4,2260.7016000000003,1.75,4
565000,832.104,4,2089.7088,2.75,3
200000,332.232,3,3186.3792000000003,1.5,3
221000,381,3,2218.944,1,3
1288000,987.552,3,3848.1000000000004,2.5,3
432250,438.91200000000003,3,1899.5136,2.25,3
289999,664.464,5,2511.552,2.5,4
364950,588.264,4,2120.4936000000002,2.5,3
710000,868.6800000000001,4,886.9680000000001,3.5,3
550000,579.12,3,1524,1.5,3
580000,658.368,4,2923.9464000000003,2.25,3
399950,783.336,3,3179.3688,2.5,3
447000,530.352,3,927.5064000000001,2.5,3
275000,304.8,3,2443.8864000000003,1,3
319000,292.608,2,1341.1200000000001,1,4
890000,981.456,4,4714.341600000001,2.75,3
402000,524.256,3,2348.1792,2,4
150000,219.45600000000002,2,64659.3576,1,3
500000,579.12,4,1524.3048000000001,2.5,3
348500,472.44,2,555.9552,2.25,3
542300,481.584,3,453.23760000000004,2.25,3
259250,286.512,3,1799.5392000000002,1,3
725000,969.264,4,2926.08,2.25,3
240000,374.904,3,717.1944000000001,1,4
415000,539.496,3,3204.3624,1.75,4
438000,298.704,2,359.35920000000004,1,3
235000,219.45600000000002,2,1475.232,1,4
446000,417.576,2,372.1608,1.5,3
435000,518.1600000000001,4,1944.624,2.5,4
210000,353.56800000000004,3,1584.96,1.5,5
690000,859.5360000000001,3,1524.3048000000001,2.5,3
632925,911.3520000000001,3,9826.4472,2.5,4
210000,295.656,2,2704.7952,1,3
353000,582.7776,4,1524,2.5,3
420000,655.32,5,1864.4616,3,3
615000,810.768,3,2377.44,1.75,4
1400000,954.024,3,5952.744000000001,2.75,3
1200000,1304.544,4,3900.2208,2.5,3
340000,600.456,3,1132.6368,2.25,3
267500,484.632,3,3631.3872,1.75,3
568000,643.128,4,80990.2368,1.75,4
418000,457.20000000000005,2,1099.7184,2.5,3
1040890,1274.064,5,2204.3136,4,3
255000,338.32800000000003,3,3138.2208,1.5,5
380000,426.72,3,2654.808,1,4
900000,2170.176,5,12437.668800000001,6,3
369000,554.736,3,30404.409600000003,2.25,4
480500,664.464,4,3413.76,2.5,4
2150000,1542.288,4,3145.536,5.5,3
345000,746.76,5,2131.7712,2.5,3
990000,740.664,4,1927.8600000000001,2.5,4
234000,307.848,3,2714.5488,1,5
357000,381,3,5331.8664,1.75,3
320000,600.456,4,1389.2784000000001,2.5,3
419995,557.784,3,2286,2.25,4
1465000,1502.664,4,6733.946400000001,4,3
249000,313.944,3,7543.8,1,3
374950,505.968,4,2487.168,1.75,3
1500000,582.168,3,6514.7952000000005,1.5,1
461000,387.096,3,431.59680000000003,1.5,3
239950,475.488,3,1463.04,2.5,4
600000,737.616,4,2360.3712,2.5,3
410000,1011.936,4,1534.3632,2.5,4
460000,533.4,4,1676.4,1.75,5
385500,469.392,3,2422.2456,2,3
320000,466.34400000000005,3,488.2896,3.25,3
363000,503.2248,3,542.2392,3.25,3
100000,283.464,2,2323.4904,1,2
410000,441.96000000000004,3,5853.9888,2.25,3
529950,469.392,3,2560.32,2,3
340000,344.42400000000004,3,3011.1192,2,3
650000,740.664,3,3961.4856,2.5,3
269950,505.968,3,2633.7768,2,4
290000,234.696,2,259.08000000000004,1.5,3
180000,307.848,3,3113.532,1,3
688000,1036.3200000000002,4,89221.9704,3,3
479000,789.432,4,1871.1672,2.5,3
625000,335.28000000000003,2,1267.968,1,3
419000,518.1600000000001,3,2331.7200000000003,2.25,4
1500000,1216.152,3,2592.324,3.25,3
241000,307.848,3,2929.4328,1,4
110000,182.88,2,1865.3760000000002,1,3
400000,381,2,2340.864,1.75,3
221900,359.66400000000004,3,1722.1200000000001,1,3
1850000,1060.704,4,1828.8000000000002,3.25,3
899000,1078.992,4,2849.5752,2.5,3
445000,737.616,5,3429,3,3
157500,204.216,2,1371.6000000000001,1,3
245000,420.624,3,3009.9,1,3
345000,646.176,3,4572.914400000001,2.25,3
310000,371.856,4,2926.08,1.5,3
389000,737.616,4,2788.0056,2.5,3
830000,560.832,3,3086.1000000000004,1.5,4
250000,359.66400000000004,1,514.5024000000001,1.5,3
175000,396.24,2,13542.568800000001,1,5
835000,899.1600000000001,4,14737.384800000002,2.5,3
607500,749.808,4,13940.9424,2.5,4
265000,600.456,4,2557.272,1.75,3
480000,307.2384,2,8073.2376,1.5,4
335000,323.088,3,3063.2400000000002,1,4
429000,411.48,2,1924.8120000000001,1.75,3
298000,594.36,3,1097.28,2.5,3
400000,441.96000000000004,3,1434.3888000000002,2.25,3
725000,490.728,3,2625.2424,1.75,5
210000,326.136,3,2492.9592000000002,1,3
339000,637.032,3,3084.576,2.25,4
359950,774.192,3,2622.4992,2.75,3
235000,277.368,2,2321.6616,1,3
673000,789.432,4,2496.3120000000004,2.25,4
305000,393.192,3,338.93760000000003,3,3
190000,365.76,3,3187.5984000000003,1,4
520000,466.34400000000005,2,299.0088,2.25,3
379400,646.176,4,2340.864,1.75,4
1265000,874.7760000000001,4,1828.8000000000002,2.25,5
233000,259.08000000000004,2,504.7488,2.25,3
469950,829.056,4,1958.9496000000001,2.75,3
623500,472.44,4,1021.08,3,3
442500,341.37600000000003,3,2499.36,1,4
992000,899.1600000000001,3,4635.0936,2.25,4
397500,716.2800000000001,4,3033.3696,3,3
752500,829.056,5,1426.4640000000002,2.75,4
677000,664.464,4,1828.8000000000002,2,3
597500,576.072,4,10753.344000000001,3,3
675000,859.5360000000001,5,20579.4864,2.5,3
600000,749.808,3,33192.72,2.5,4
305000,353.56800000000004,3,3589.3248000000003,1,3
3710000,1691.64,4,8558.1744,3.5,4
795000,737.616,3,5443.4232,2,5
770000,978.408,4,4544.568,2.5,3
1600000,859.5360000000001,3,2194.56,4.25,4
554729,615.696,4,1325.88,2.5,5
183500,316.992,3,2710.2816000000003,1,4
1650000,1231.392,8,6298.9968,2.75,4
325000,746.76,3,15135.7584,2.25,3
182568,457.20000000000005,4,641.9088,1.5,3
367400,390.144,4,2255.52,1.5,3
671500,658.368,5,1219.2,2.75,5
580000,530.352,3,376.7328,2.5,3
325000,371.856,1,3787.4448,1,4
265000,701.0400000000001,4,2773.6800000000003,2.25,3
575000,660.8064,3,1219.2,2,3
520000,560.832,2,1165.8600000000001,1.5,3
452000,481.584,4,2240.28,1.5,4
245000,487.68,3,1301.8008,2.5,3
490000,390.144,3,463.29600000000005,2.25,3
350000,579.12,3,3116.5800000000004,1.75,4
299000,554.736,4,2308.86,2.5,3
575000,762,4,1507.236,2.5,3
1200000,1173.48,4,6047.841600000001,3.25,3
470000,752.856,4,2601.7728,2.5,3
817500,1097.28,5,2838.2976000000003,3.5,3
660000,292.608,2,1908.9624000000001,1,4
551500,899.1600000000001,4,3048.9144,2.5,3
410000,454.15200000000004,4,4186.7328,2,4
440000,633.984,4,4800.6,2.25,3
716000,432.81600000000003,3,1097.28,2,4
590000,664.464,3,1865.3760000000002,1.75,3
646000,749.808,3,1954.6824000000001,2.75,3
601000,405.384,3,2055.2664,1.75,3
576000,1018.032,4,2110.4352,2.5,3
525000,313.944,1,1805.3304,1.5,3
1450000,1210.056,3,7595.616,4.5,3
387000,374.904,3,2916.3264,1,5
409500,652.272,4,3962.4,2.75,3
263000,484.632,3,2361.5904,2.25,4
465000,1295.4,6,7109.7648,3.25,3
262500,353.56800000000004,3,2714.5488,1.5,3
447500,707.1360000000001,3,4579.3152,2.5,3
416500,335.28000000000003,3,1275.2832,1,4
540000,420.624,3,311.2008,2.5,3
870000,737.616,3,1524,1.5,4
540000,496.824,4,1865.3760000000002,1.75,5
390000,560.832,3,5125.212,2,5
464050,237.744,2,838.2,1,4
2193000,1024.1280000000002,3,2166.5184,2.25,3
389700,524.256,3,1091.4888,2.5,3
950000,670.5600000000001,2,622.7064,2.25,3
495000,463.29600000000005,3,1243.584,3,5
604000,987.552,3,10104.4248,2.5,3
762300,1182.624,4,4434.84,2.5,3
800000,518.1600000000001,3,1341.1200000000001,1,4
332500,548.64,3,3200.4,2.25,3
565000,728.472,3,3037.6368,2.75,5
930000,1002.792,3,2081.784,2.5,3
523460,576.072,5,1524,1.75,3
212000,316.992,3,2072.6400000000003,1,5
207000,262.128,3,2359.152,1,3
359950,377.952,2,2313.4320000000002,1,4
817500,984.504,3,2328.3672,3.25,3
431000,304.8,2,1981.2,1,4
865000,1066.8,6,1569.72,2.75,5
756450,978.408,4,2560.32,2,5
276000,554.736,3,2667,1.5,4
315001,457.20000000000005,3,3118.1040000000003,1.75,2
270000,411.48,3,362.40720000000005,2.5,3
395000,630.936,5,2926.08,2.5,3
354901,454.15200000000004,3,520.9032,2.5,3
285000,877.8240000000001,3,5576.620800000001,1.75,3
345500,411.48,3,2615.4888,1,5
279000,310.896,2,14339.0112,1,5
452000,466.34400000000005,3,1533.7536,2.5,3
315000,417.576,3,467.25840000000005,2.25,3
565000,908.3040000000001,4,3187.9032,2.5,3
295000,640.08,5,1556.6136000000001,3.5,3
775000,877.8240000000001,4,2560.32,2.5,3
1899000,1124.712,2,9767.0112,2.75,3
459950,853.44,4,2001.6216000000002,2.5,3
790000,728.472,3,4597.6032000000005,2.5,3
625000,640.08,3,994.8672,1.75,5
358000,292.608,2,551.0784,1.5,3
490000,576.072,3,3105.9120000000003,2.5,3
1900000,960.12,3,2606.04,3.75,3
588000,667.5120000000001,5,1493.52,3,5
339950,402.336,3,3492.0936,1,3
550000,268.224,3,2031.1872,1,3
810000,1172.5656000000001,5,5380.939200000001,2.75,5
229000,484.632,3,1901.952,1,3
750000,1066.8,5,30935.3712,3.75,3
179500,274.32,3,2468.88,1,4
526750,691.8960000000001,5,3261.36,2.5,4
410000,886.9680000000001,5,5001.768,2.75,4
661000,509.016,4,4000.5,1.75,5
369500,337.71840000000003,3,343.81440000000003,2,3
745000,606.552,4,2712.7200000000003,1.75,4
999999,640.08,3,1248.7656,2.5,3
900000,935.7360000000001,4,1353.3120000000001,3.5,3
485000,536.448,3,943.9656,2.5,3
750000,536.448,3,1672.7424,2,3
385000,365.76,3,2243.328,1.75,4
352500,600.456,4,2271.0648,2,3
110000,252.3744,2,1378.9152000000001,1,3
684000,762,4,2570.6832,2.5,4
588000,765.048,4,5958.84,2.25,4
223000,371.856,3,21699.0168,1,3
300000,442.26480000000004,3,2182.0632,2,3
380000,472.44,3,452.62800000000004,2.25,3
427500,377.952,3,2194.56,1.75,5
790000,554.736,4,1870.5576,1.75,4
219950,365.76,3,2355.1896,1,4
252000,426.72,3,2092.452,1.5,4
710000,646.176,4,1645.92,1.75,4
469900,691.8960000000001,3,1340.8152,2.5,3
414000,243.84,2,1524,1,3
579950,877.8240000000001,4,65057.7312,2.5,5
462550,326.136,2,388.9248,1.75,3
382000,533.4,3,4732.9344,2.25,3
3650000,1670.304,6,5913.424800000001,4.75,5
915000,1600.2,4,14737.689600000002,4.5,3
783350,1002.792,4,10668.3048,2.5,3
315000,563.88,5,4511.04,1.75,3
712000,957.072,4,9856.0128,2.5,3
270000,469.392,3,2358.8472,2.5,4
335000,411.48,2,780.288,2,3
468000,755.904,4,53772.2064,2.5,5
345000,591.312,5,1274.6736,2.75,3
323000,609.6,4,2768.4984,2.75,4
1250000,1164.336,4,7365.7968,3.25,4
405000,664.464,4,4123.6392000000005,1.75,3
230000,198.12,2,1633.728,0.75,4
925000,667.5120000000001,4,2240.28,2.5,5
1190000,682.7520000000001,4,1828.8000000000002,3,4
1405000,1039.3680000000002,4,3282.3912,3.5,3
572500,618.744,3,2984.2968,2.25,4
300000,597.408,4,3016.9104,2.5,3
540000,597.408,4,1086.612,4.25,3
600000,481.584,3,2260.3968,1.75,3
450000,682.7520000000001,4,2354.58,2,5
260000,320.04,3,1783.0800000000002,1.75,3
391000,429.76800000000003,3,393.192,2.25,3
1126000,1182.624,5,4232.148,3.5,4
530000,673.6080000000001,4,2336.292,2.25,4
1635000,1286.256,5,8163.7632,3.5,3
360000,496.824,4,3162.3,2,5
870000,1018.032,4,3733.1904000000004,2.5,3
400000,320.04,3,1874.52,1.75,4
264950,551.688,4,2286,1,2
339990,783.336,3,1402.0800000000002,2.5,3
660000,923.5440000000001,4,2826.4104,3.25,5
275000,329.184,3,1828.8000000000002,1,4
450000,658.368,4,1320.6984,1.75,4
1080000,1216.152,4,1605.3816000000002,3.5,3
349810,292.608,3,2699.0040000000004,1,4
2065000,1325.88,4,2427.732,3.75,3
443000,502.92,5,914.4000000000001,1.75,3
458400,582.168,4,3139.44,2.5,3
1037000,1353.3120000000001,4,3249.168,3.5,3
245000,490.728,3,2201.5704,2.5,3
620000,673.6080000000001,4,3059.8872,2.25,4
235000,338.32800000000003,3,2659.0752,2,4
525000,643.128,3,868.6800000000001,2.25,3
730000,835.152,4,3649.98,2.5,4
1665000,1051.56,4,2558.7960000000003,3.75,4
337000,448.05600000000004,3,1211.8848,2.5,3
590000,737.616,3,63597.1296,2,3
423800,591.312,3,2260.092,2.5,3
760000,356.61600000000004,3,2330.196,1.5,4
405000,332.232,2,3194.6088,1,2
280000,591.312,4,1946.4528,1.5,3
739000,865.6320000000001,5,1524,2.5,4
525000,524.256,4,1858.9752,2,4
387865,722.3760000000001,3,1280.16,2.5,3
1400000,1240.536,4,2377.44,2.5,4
544500,515.1120000000001,5,987.552,1,3
300000,402.336,3,796.7472,2.5,3
665000,710.1840000000001,3,4735.3728,2.5,3
727000,664.464,3,1280.16,2.25,5
515000,618.744,4,11902.1352,2.5,4
290000,518.1600000000001,3,1980.5904,2,3
234950,435.86400000000003,3,3307.0800000000004,2,3
3800000,1679.448,3,10668,4.25,3
559000,612.648,3,1584.96,2.5,3
354000,883.9200000000001,4,1451.4576000000002,2.5,3
395000,582.168,4,2474.0616,1.75,3
587500,542.544,4,1865.3760000000002,2.25,3
410000,505.968,2,1219.2,1.5,3
812000,691.8960000000001,4,1524,2.5,3
386000,835.152,5,3783.4824000000003,2.5,3
1415000,1097.28,4,11587.276800000001,3.25,3
1399000,780.288,3,1097.28,2.5,3
360000,353.56800000000004,3,3349.1424,1,3
250000,566.928,4,2240.28,1.75,4
285000,542.544,3,3728.0088,1.5,4
390000,685.8000000000001,3,2461.5648,2.5,3
599000,755.904,4,1524,2.5,3
285000,844.296,4,3201.924,3.5,3
695000,810.768,4,2252.1672000000003,2.75,3
220000,374.904,3,2194.56,1.75,3
1515000,1371.6000000000001,4,3595.116,4,3
320000,341.37600000000003,2,1624.2792000000002,1,3
544300,475.488,4,2743.2000000000003,1.75,5
450000,606.552,3,1060.0944,2.5,3
614000,877.8240000000001,4,3046.7808,2.25,4
438200,487.68,2,1719.9864,2,3
399000,301.752,3,1295.4,1,4
530000,789.432,4,2405.1768,2.5,3
409500,408.432,3,1255.776,1,4
315000,274.32,2,2607.8688,1,3
399950,374.904,3,281.0256,2.5,3
322500,627.888,4,2029.6632000000002,2.75,3
849000,746.76,5,1991.5632,3.25,3
689000,1368.5520000000001,4,1769.364,3.5,3
230000,219.45600000000002,2,1802.2824,1,3
250000,463.29600000000005,3,2377.44,1,4
660000,890.0160000000001,10,1141.476,3,4
147500,374.904,3,3086.1000000000004,1.5,3
1015000,1100.328,3,2591.4096,1.75,3
200000,524.256,4,2632.8624,2.5,3
352500,298.704,2,307.848,2.5,3
380000,640.08,4,1785.2136,2.5,3
422250,502.92,3,2177.7960000000003,1.75,5
410000,438.91200000000003,3,2609.088,1.75,4
469000,630.936,3,3034.8936000000003,2.25,3
330950,496.824,3,866.8512000000001,2.5,3
370000,512.0640000000001,3,1534.9728,2,4
186000,365.76,3,3072.384,1,4
199000,533.4,3,2049.78,2.5,3
295000,457.20000000000005,3,932.6880000000001,2.5,3
250000,344.42400000000004,3,2377.44,1,3
1740000,1197.864,5,1676.4,3.25,3
225000,377.952,3,1678.2288,1.5,4
925000,643.128,4,1943.1000000000001,2.25,4
397950,719.3280000000001,4,2473.7568,1.75,4
771000,676.6560000000001,4,1146.048,2,4
330000,505.968,3,880.8720000000001,2.5,3
530000,734.568,4,4567.428,2.25,4
536650,637.032,3,2715.768,1.75,3
644000,1008.888,4,1474.9272,2.5,3
285750,597.408,3,5220.004800000001,2.25,3
893880,859.5360000000001,6,2621.28,2.5,5
450000,649.224,2,2003.7552,1.75,3
675000,1027.1760000000002,3,1630.68,2.75,4
515000,515.1120000000001,5,732.1296,2.5,3
545000,472.44,3,1219.2,2,3
776500,697.9920000000001,4,3161.3856,1.5,3
325000,246.888,2,2080.8696,1,3
420000,609.6,3,2447.5440000000003,2.25,4
290000,487.68,3,2087.2704,2.5,3
345000,332.232,3,2194.56,1.75,3
757000,972.312,3,1610.2584000000002,3.25,3
525000,876.6048000000001,3,1550.2128,3.5,3
215000,490.728,2,621.792,2.25,4
450000,627.888,3,13675.1568,1.5,3
268500,240.792,2,2567.6352,1,4
550000,746.76,5,2891.9424000000004,2,4
471000,923.5440000000001,4,2952.5976,2.5,3
364950,704.0880000000001,4,2447.5440000000003,2.5,3
1017100,1237.488,4,5879.592000000001,3.75,3
554000,536.448,3,3285.744,1.75,3
899900,786.384,4,1191.4632000000001,2.5,3
475000,481.584,3,3711.5496000000003,2.25,3
1095000,1075.944,4,2560.32,4,5
170000,585.216,4,4202.2776,1,4
1399950,1179.576,4,3062.0208000000002,2.75,3
869000,1139.952,4,9413.4432,3,3
594000,387.096,3,428.5488,2.25,3
405000,676.6560000000001,4,1417.9296000000002,2.5,3
371500,502.92,3,1950.72,1,4
335500,417.576,3,2066.5440000000003,1,3
1062500,1621.536,4,6108.4968,4,3
200000,307.848,1,352.65360000000004,1.5,3
659950,1082.04,4,2865.1200000000003,2.75,3
538000,993.648,4,3057.7536,2.5,3
699000,786.384,3,2485.3392000000003,2.5,3
835100,725.4240000000001,4,3832.2504000000004,2.5,4
344000,323.088,2,1013.46,1,4
256000,268.224,3,1638.3000000000002,1,4
415000,448.05600000000004,3,1219.2,1.75,3
379500,630.936,3,4326.9408,2.25,3
595000,954.024,3,8534.7048,3.25,3
375000,841.248,3,1956.816,3.25,3
1395710,1207.008,4,2633.472,2.25,3
457000,624.84,3,1735.5312000000001,2.5,3
201000,307.848,3,7704.4296,1,5
230000,316.992,3,385.2672,1.5,3
339989,627.888,3,1280.16,2.5,3
475000,402.336,3,399.288,2.5,3
624000,826.008,4,2809.0368000000003,1.75,3
195000,396.24,3,2926.08,1,4
770000,832.104,3,3468.6240000000003,2.5,3
450000,414.528,3,1659.6360000000002,1.75,4
459000,475.488,4,1170.432,2,4
245000,606.552,3,2926.08,3,3
998000,923.5440000000001,4,2078.7360000000003,2.5,3
230000,585.216,5,5803.392000000001,1,3
295000,381,3,2891.3328,1.75,4
620000,560.832,4,67149.8784,2.5,3
242500,286.512,3,2249.424,1,3
650000,582.168,4,1560.576,2.25,3
342500,286.512,3,3200.4,1,4
780000,743.712,4,1097.28,3,5
1280000,993.648,4,1371.6000000000001,3,3
499000,533.4,3,655.32,2.5,3
569000,374.904,4,2404.8720000000003,1.75,4
475500,457.20000000000005,3,2869.9968000000003,1,4
349000,499.872,3,2213.1528000000003,2.25,3
187000,262.128,2,1645.92,1,4
370000,466.34400000000005,3,3139.44,1.75,4
300499,655.32,4,2421.3312,2.5,3
380000,490.728,3,541.9344,2.5,3
399950,746.76,3,4572.3048,1.75,3
640000,615.696,5,2001.0120000000002,1.75,3
465000,222.50400000000002,2,792.48,1,4
922000,798.576,4,4305.6048,2.5,4
276693,362.71200000000005,4,2705.1000000000004,1,4
474950,466.34400000000005,3,477.9264,3,3
481000,585.216,4,2895.6000000000004,1.75,4
665000,710.1840000000001,5,2438.4,2.75,4
275000,490.728,4,2110.1304,1.5,3
607000,752.856,3,2812.0848,2.5,3
277700,377.952,2,321.564,1.5,3
980000,917.4480000000001,4,2987.04,2.25,4
250000,448.05600000000004,3,3686.8608000000004,2,4
865000,466.34400000000005,3,3300.0696000000003,1.5,4
438950,752.856,4,117502.22880000001,2.5,3
340000,1036.3200000000002,3,14137.233600000001,1.75,3
190000,268.224,2,2103.12,1,3
589450,972.312,4,2420.4168,2.5,3
469000,798.576,3,3248.8632000000002,2.25,3
2200000,1078.992,4,3382.6704,3,3
270000,548.64,3,2366.1624,1.75,3
597500,618.744,3,9925.812,1.75,3
365000,365.76,2,1944.624,1.5,3
802541,911.3520000000001,5,2062.8864000000003,2.75,3
563000,527.304,6,841.248,1,3
505000,399.288,2,1163.1168,1.75,2
339900,792.48,4,5499.2016,1.75,4
385000,713.2320000000001,4,2961.4368,2,3
577000,722.3760000000001,3,2401.2144000000003,2.25,3
935000,1728.2160000000001,4,25684.5816,4.5,3
510000,594.36,3,3849.6240000000003,2.75,4
524950,822.96,3,7479.4872000000005,1.5,3
252000,438.91200000000003,3,5126.4312,1.75,4
550000,902.2080000000001,5,3010.5096000000003,2.5,4
543000,326.136,2,1432.5600000000002,1,5
430000,469.392,3,2468.88,1.75,4
725000,554.736,3,1927.5552,2,5
348000,557.784,3,736.7016,1.75,3
1175000,1152.144,4,3078.1752,3.25,3
1120000,914.4000000000001,3,1752.6000000000001,1.5,5
654300,758.952,3,2615.7936,2.5,3
380000,649.224,5,2568.8544,2.5,3
244000,609.6,3,4846.320000000001,1,3
803000,850.392,4,2338.7304,2.5,3
525000,816.864,4,4315.0536,2,3
1062000,829.056,4,1219.2,2.75,5
590000,441.96000000000004,2,390.4488,2.5,3
875000,923.5440000000001,4,4876.8,2.5,3
260000,365.76,3,2016.2520000000002,1,4
585000,740.664,4,2303.9832,1.75,4
700000,758.952,4,2345.1312000000003,2.5,3
199000,618.744,4,2474.976,2,3
665000,792.48,4,5299.8624,2.5,3
375000,438.91200000000003,3,2674.6200000000003,1.75,3
441000,362.71200000000005,2,1036.3200000000002,1.5,3
1300000,719.3280000000001,4,1219.2,2.25,3
468000,557.784,3,3001.6704,1.5,5
535000,868.6800000000001,5,1387.1448,3.25,3
492000,393.192,2,1911.7056,1,4
289000,307.848,2,398.9832,1.5,3
340000,429.76800000000003,3,3052.572,2,3
635000,1182.624,6,1737.3600000000001,2.5,3
985000,1228.344,4,11205.0576,3.25,3
651000,688.8480000000001,3,559.0032,3,3
535000,298.704,2,1255.776,1,3
5570000,2804.1600000000003,5,10689.031200000001,5.75,3
265000,624.84,3,3206.1912,1.75,3
552500,707.1360000000001,5,2203.3992000000003,3,4
274000,512.0640000000001,5,2859.9384,1,3
319000,588.264,4,2540.8128,2.5,3
392500,487.68,3,392.8872,3.25,3
598000,618.744,4,2994.6600000000003,2.5,3
440000,542.544,4,1219.2,1,3
270000,569.976,3,1524,2.5,3
275000,454.15200000000004,3,2438.4,1.75,3
300000,557.784,3,15799.6128,1.75,4
900000,908.3040000000001,3,3840.48,2.75,3
390000,390.144,4,1475.232,1,3
425000,329.184,4,1857.756,1,4
550000,658.368,3,4681.728,2.25,3
360000,597.408,3,2696.2608,2,4
619950,463.29600000000005,2,1645.92,1,3
208000,551.688,4,2644.7496,2.75,3
805000,886.9680000000001,4,2743.2000000000003,2.5,3
455000,569.976,3,2256.4344,2.25,3
350000,496.824,3,1827.5808000000002,2.5,3
700000,731.52,5,950.3664,3.25,4
465000,670.5600000000001,4,957.3768,2.5,3
430000,716.2800000000001,3,3803.904,2,3
460000,637.032,4,12319.7112,2,4
250000,323.088,3,15932.5056,1,3
780000,505.968,3,1341.1200000000001,1,3
439950,374.904,3,491.6424,2,3
475000,487.68,3,2182.6728000000003,1,3
245000,433.42560000000003,3,1120.7496,2.25,3
633000,1106.424,5,9317.736,2.75,3
140000,304.8,3,3218.688,1,3
466200,408.432,3,2699.3088000000002,1.5,4
250000,661.416,4,1647.1392,2,5
260000,582.168,3,2654.808,1,3
235000,396.24,3,2316.48,1.5,4
425000,396.24,2,3377.184,1,4
410000,615.696,2,2298.192,1,3
925000,972.312,4,3058.3632000000002,2.5,3
295000,563.88,3,2377.44,2.25,3
783000,633.984,4,1524,2.75,5
844000,1021.08,4,1935.48,3.5,3
419000,667.5120000000001,5,2941.9296,3,3
495000,755.904,4,28014.472800000003,2.5,4
1027500,1078.992,4,3109.5696000000003,3,3
580000,402.336,3,381,1.5,3
380000,728.472,3,2469.4896000000003,2.5,4
216600,670.5600000000001,3,2346.96,1.75,3
479000,451.10400000000004,3,3076.6512000000002,1,4
475000,1057.656,6,35848.1376,3,3
330000,591.312,4,1153.3632,2.5,3
451555,402.336,2,1377.6960000000001,1,3
285000,633.984,4,4154.1192,1.75,4
309000,332.8416,3,2286,1,3
240000,405.384,2,2194.56,1.75,3
955000,920.4960000000001,3,13277.088000000002,2.25,3
510000,451.10400000000004,3,2145.792,1.75,3
364900,762,3,2531.0592,3,3
910000,716.2800000000001,5,1219.2,2.5,3
650000,402.336,3,2473.1472000000003,1.5,3
720000,743.712,4,10451.592,2.5,3
1150000,643.128,3,5734.812,2,5
350000,542.544,3,4965.192,2.25,4
308000,307.848,3,2682.2400000000002,1,4
810000,609.6,4,1215.5424,1.75,4
303000,780.288,4,2720.9496,2.25,3
490000,588.264,3,2214.6768,2.5,3
495000,841.248,5,5520.537600000001,1.75,3
325000,551.688,3,2453.0304,1.75,4
286000,356.61600000000004,2,1994.3064000000002,1,3
446000,591.312,4,1935.48,2,4
285650,316.992,3,2499.0552000000002,1,3
680000,554.736,1,916.8384000000001,2.5,3
279000,542.544,3,4876.8,1.5,2
1050000,1036.3200000000002,3,1560.2712000000001,2.5,3
475000,569.976,3,7667.8536,1.75,3
460000,633.984,3,15534.132000000001,2.25,3
805000,1011.936,4,11592.153600000001,2.5,4
332220,786.384,3,14471.904,1.5,3
440000,362.71200000000005,2,1036.3200000000002,1,4
169575,396.24,3,2524.9632,1,3
712500,694.9440000000001,5,1645.92,2,4
510000,1075.944,4,3332.9880000000003,4,3
414950,670.5600000000001,4,2604.516,1.75,4
346500,478.536,3,624.2304,3.25,3
675000,844.296,3,4842.0528,2.25,3
810000,1002.792,5,1957.4256,3.25,3
397500,451.10400000000004,3,1554.48,1,3
202950,323.088,2,1567.8912,1,5
608000,536.448,3,448.66560000000004,2.5,3
369950,841.248,4,2296.0584,2.75,3
1300000,1036.3200000000002,3,1822.3992,3.25,4
940000,652.272,3,1097.28,1.5,3
635500,505.968,3,1097.28,2,3
643500,1097.28,6,1207.008,5.25,3
317625,844.296,3,1160.9832000000001,2.75,5
530000,609.6,4,1432.5600000000002,2.5,4
622100,694.9440000000001,4,4355.592000000001,2.5,4
358000,271.272,3,3008.376,1,4
385000,618.744,4,3467.1000000000004,2.5,3
330000,510.8448,3,5723.5344000000005,2.5,3
535000,463.29600000000005,2,1024.1280000000002,1,4
220000,579.12,3,2340.864,1.75,3
272000,316.992,1,1839.1632000000002,0.75,3
600000,399.288,3,1524,1.75,4
248000,307.848,4,2290.572,1,4
442515,893.0640000000001,4,1485.9,2.5,3
391000,667.5120000000001,4,1173.48,2.25,3
342000,685.8000000000001,3,2364.3336,2,3
515000,920.4960000000001,3,3713.6832000000004,2.5,3
425590,591.312,3,941.2224,2.75,3
370000,552.2976,4,1531.9248,2.5,3
315000,643.128,5,3281.4768000000004,3,3
1242500,816.864,4,2590.8,2.75,4
325000,326.136,2,2667,1,3
733000,877.8240000000001,5,1348.74,2.75,3
435000,396.24,3,1020.4704,1.5,3
240000,326.136,3,2708.4528,1.5,4
710200,509.016,4,805.2816,3,3
529000,469.392,2,2960.8272,2,3
350000,652.272,4,1511.5032,1.75,3
475000,481.584,4,3127.248,1.5,4
899000,758.952,4,1676.4,3.5,3
201000,445.00800000000004,3,2971.8,1,4
174950,323.088,3,1584.96,1,5
250000,579.12,3,2029.968,2,5
565000,643.128,4,3260.7504000000004,2.25,4
950000,1624.584,5,1828.8000000000002,3.75,3
213000,603.504,4,2743.2000000000003,1.75,2
210000,512.0640000000001,2,1754.4288000000001,2,4
326000,313.944,3,2997.4032,1,3
683500,554.736,3,1754.4288000000001,1.5,3
262000,569.976,5,2377.44,1,3
555000,478.536,3,4724.400000000001,1.75,4
898500,880.8720000000001,4,1524,2.75,3
198000,240.792,2,4328.16,1,3
355000,417.576,2,347.47200000000004,2.5,3
449950,448.05600000000004,3,2313.4320000000002,1.75,3
350000,310.896,3,1517.904,1,4
262000,512.0640000000001,3,3139.44,2.5,4
752500,719.3280000000001,4,2626.1568,2.25,4
460000,347.47200000000004,3,1402.0800000000002,1,3
540000,768.096,3,1524,2.5,3
229000,536.448,3,3017.52,2,4
690000,588.264,4,1645.92,3.5,3
225000,676.6560000000001,4,4303.776,2,3
330000,1096.3656,5,1515.4656,2.5,3
182000,323.088,3,2240.28,1,4
348000,719.3280000000001,3,1872.996,2,3
476100,563.88,4,559.6128,2.5,3
605000,573.024,4,1066.8,1.5,4
622000,515.1120000000001,3,537.972,3.5,3
387000,356.61600000000004,2,424.8912,2.5,3
820000,911.3520000000001,3,3264.7128000000002,2.5,3
235000,515.1120000000001,4,3369.2592,1.5,4
774000,612.648,4,2133.6,2.75,5
530000,618.744,3,3339.9984,2.5,3
715000,932.6880000000001,3,2759.964,3.25,3
335000,454.15200000000004,3,2696.5656000000004,2,4
635000,1100.328,3,8034.2232,2.5,3
320000,527.304,4,2901.6960000000004,1.75,4
450000,771.144,3,8298.7896,2.25,3
276000,451.10400000000004,2,1851.66,2,5
676000,682.7520000000001,3,1165.8600000000001,2.5,3
269950,728.472,4,2227.7832000000003,3,4
565000,697.9920000000001,3,2880.36,2,3
795000,890.0160000000001,4,4331.2080000000005,2.5,4
420000,643.128,4,2994.6600000000003,2.5,3
294000,509.016,3,1255.776,3,3
729000,1005.84,3,93902.784,4.25,4
480000,789.432,5,2624.328,2,4
364900,758.952,4,2848.6608,2.5,3
189000,420.624,3,2219.5536,1,5
341780,688.8480000000001,4,1353.3120000000001,2.75,3
325000,560.832,3,5268.772800000001,1.75,4
675000,835.152,3,1748.028,2.75,3
325000,569.976,4,2346.96,2,3
833000,667.5120000000001,4,3867.9120000000003,2.5,3
678000,509.016,3,2197.608,1.75,5
325000,286.512,2,372.4656,1.5,3
419000,478.536,3,2042.16,1.5,4
351000,283.464,1,2011.68,0.75,3
2500000,1207.008,4,4945.0752,3.25,3
570000,804.672,4,3601.5168000000003,2.5,3
1895000,950.976,5,5081.6256,2.25,4
450000,569.976,5,2238.4512,2,3
2400000,1039.3680000000002,5,2770.0224000000003,3.25,3
210000,344.42400000000004,4,2389.632,1.5,4
442900,542.544,4,849.7824,1.75,4
446000,777.24,2,6606.54,1,4
325000,259.08000000000004,3,2104.9488,1,3
520000,701.0400000000001,3,10888.0656,1.75,3
744500,822.96,5,5050.536,2.5,4
483453,850.392,4,1684.6296,2.75,3
235000,594.36,3,2655.4176,1.75,3
750000,972.312,4,3534.7656,2.25,3
749950,612.648,3,689.7624000000001,2.5,3
499950,438.91200000000003,3,1700.784,1,3
1980000,1328.928,4,3682.2888000000003,4,3
435000,530.352,3,2588.0568000000003,2.25,3
245000,673.6080000000001,3,3290.0112000000004,2.25,3
229999,509.016,4,1584.96,2,4
600000,493.776,3,403.86,1.75,3
440000,640.08,3,9063.228000000001,1.75,4
530000,594.36,3,598.3224,1.5,3
273000,359.66400000000004,2,2362.2000000000003,0.5,4
1010000,658.368,3,2286,2.25,3
330000,353.56800000000004,3,2926.08,1,4
249900,448.05600000000004,2,774.4968,2,3
710000,1240.536,4,39565.4784,2.5,3
128000,298.704,2,1643.7864000000002,1,3
348000,204.216,2,2228.6976,1,3
441000,609.6,5,1097.28,2.5,3
708000,932.6880000000001,5,3589.9344,3.25,3
760000,1091.184,4,29740.555200000003,2.5,3
415000,728.472,4,3038.2464,2.75,4
245000,509.016,3,7513.320000000001,1.75,4
359000,441.96000000000004,3,1173.48,2.5,3
528000,566.928,4,2971.8,1.75,3
449999,697.9920000000001,4,11247.12,1.75,5
500000,399.288,2,457.20000000000005,2.5,3
437500,707.1360000000001,3,11230.965600000001,2.5,3
260000,249.936,2,2063.8008,1,4
639000,557.784,4,1828.8000000000002,1.75,4
249950,417.576,3,3553.3584,1,4
641000,841.248,4,1250.8992,3.25,3
277000,658.368,3,2929.7376,2.25,3
505000,832.104,4,3657.6000000000004,2,4
330000,219.45600000000002,2,2209.8,1,3
425000,472.44,3,1267.968,1,4
1450000,1271.016,5,2770.632,3.5,3
378000,518.1600000000001,2,765.9624,2.5,3
1925000,1203.96,3,1869.6432000000002,4.5,3
225000,435.86400000000003,3,2592.324,1.75,4
1145000,865.6320000000001,4,6169.761600000001,2.25,3
140000,329.184,2,1844.6496000000002,1,5
1295000,1155.192,4,27483.5112,3.5,3
640000,326.136,2,1524,1,3
465000,588.264,4,2942.2344000000003,2.5,4
185000,350.52000000000004,3,2468.88,1,3
545000,832.104,5,5254.752,2.5,5
177500,371.856,3,1828.8000000000002,1.5,3
850000,1188.72,5,1600.2,3,5
300000,530.352,4,2930.0424000000003,2.25,5
525000,768.096,4,2356.4088,2.5,3
505000,335.28000000000003,3,1645.92,1,3
469000,438.91200000000003,3,415.1376,2.25,3
199000,347.47200000000004,2,4608.576,1,4
408474,548.64,3,832.4088,2.5,3
754999,917.4480000000001,4,2841.6504,2.5,3
401750,326.136,2,376.7328,1.5,3
465000,932.6880000000001,4,1828.8000000000002,2.5,3
229500,359.66400000000004,1,6705.6,1,3
343888,627.888,4,1709.0136,2.5,3
447000,387.096,3,2682.2400000000002,1,3
240000,441.96000000000004,3,2888.5896000000002,1.5,4
575000,795.528,3,2225.3448000000003,2.5,3
515000,460.24800000000005,3,359.05440000000004,2.5,3
770000,569.976,3,579.12,2.25,3
549000,469.392,3,318.2112,1.75,3
866500,938.784,4,1507.236,3.5,3
318000,377.952,3,299.6184,1.5,3
870000,987.552,4,2322.8808,2.5,3
2271150,1231.392,4,5765.5968,3.25,4
375000,704.0880000000001,4,2377.44,2.5,3
220000,445.00800000000004,3,3108.96,1,4
375000,441.96000000000004,4,2208.2760000000003,2.25,5
875000,509.016,4,1402.0800000000002,1,5
370000,381,3,504.444,2.75,3
575000,694.9440000000001,4,8364.016800000001,2.5,3
600000,1353.3120000000001,5,2982.1632,4.5,3
565000,524.256,2,914.4000000000001,1.75,5
190000,460.24800000000005,3,2670.0480000000002,1,4
275000,393.192,3,2974.848,1.75,3
1050000,1243.584,4,3369.2592,2.5,3
465000,527.304,3,2460.6504,1.75,3
682000,728.472,4,16441.216800000002,2.5,3
583000,557.784,3,2522.5248,2.25,3
502501,335.28000000000003,2,1447.8000000000002,1,3
715000,1063.752,5,1856.5368,3,3
500000,926.5920000000001,3,12518.7456,2,4
464000,496.824,3,8717.28,1.75,3
326000,573.024,6,2194.56,3,4
1125000,877.8240000000001,6,972.9216,3,4
189650,335.28000000000003,2,2316.48,1.75,3
672000,798.576,3,6579.7176,2.5,3
2005000,1161.288,6,8588.0448,4.5,5
532000,615.696,4,2142.4392000000003,1.75,4
1120000,1341.1200000000001,5,5638.8,2.75,5
1688000,914.4000000000001,4,2286,2.5,3
183000,326.136,3,2468.88,1.75,4
346500,490.728,2,1920.24,1.75,3
670000,454.15200000000004,3,1341.1200000000001,1.5,4
497000,682.7520000000001,3,8763,1.5,3
705000,707.1360000000001,2,2058.924,1.75,5
433500,374.904,3,1828.8000000000002,1,4
411000,484.632,2,636.4224,2.5,3
380000,560.832,3,2615.184,2,3
326000,660.1968,5,1933.0416,2.75,3
507000,359.66400000000004,3,1828.8000000000002,1,3
1150000,1139.952,4,5486.400000000001,2.25,4
720000,798.576,4,3365.2968,1.75,4
505000,731.52,3,2926.3848000000003,2.5,5
569500,597.408,4,973.5312,1,3
650000,762,4,1830.324,2.5,3
579000,521.208,3,580.3392,2.5,3
526000,441.96000000000004,2,1371.6000000000001,1,4
518000,484.632,5,1524,1,3
450000,883.9200000000001,4,1950.72,2.75,3
1237500,1560.576,4,12596.4696,4.5,3
500000,914.4000000000001,4,64924.8384,2.75,4
270000,307.848,3,4422.648,1,5
319000,371.856,3,908.3040000000001,2.25,3
219950,323.088,3,3060.8016000000002,1,4
1042500,579.12,3,2857.5,1.75,4
375000,417.576,3,5958.84,1.75,3
546000,466.34400000000005,3,3047.6952,3,4
655000,871.7280000000001,4,3777.6912,2.5,3
168500,335.28000000000003,3,3086.1000000000004,1,3
685000,844.296,4,13872.6672,2.5,4
350000,554.736,3,2909.3160000000003,1.75,3
1135000,2103.12,6,74589.43680000001,4.25,4
800000,725.4240000000001,3,3603.9552000000003,2.25,4
243800,347.47200000000004,3,8461.248,1,4
230000,429.76800000000003,5,2743.2000000000003,1,5
420000,591.312,4,3505.2000000000003,1.75,4
406650,326.136,2,1859.2800000000002,1,3
995000,487.68,2,19649.846400000002,2,3
745000,807.72,4,5761.6344,2.5,3
542000,606.552,3,4872.228,2.5,3
260000,434.94960000000003,3,1321.9176,2.5,3
381800,466.34400000000005,4,1600.2,2,3
720000,536.448,4,1371.6000000000001,2,5
195000,362.71200000000005,3,4504.0296,1.75,4
427000,365.76,3,1600.8096,1,3
350000,569.976,3,2743.2000000000003,1.5,3
1735000,1484.376,5,2346.96,3.5,5
415000,454.15200000000004,3,2217.42,1.5,3
450000,307.848,2,1105.5096,1,4
375000,481.584,3,733.6536,2.5,3
273000,475.488,3,2377.44,1,3
284000,402.336,3,10698.480000000001,1.75,3
404000,560.832,4,3267.456,1.75,3
300000,231.64800000000002,2,914.7048000000001,1,3
769900,832.104,4,928.7256000000001,3.5,3
363000,1143.9144000000001,4,2195.7792,2.5,3
206000,323.088,3,2926.08,1,4
458000,569.976,3,1527.9624000000001,2.5,3
775000,908.3040000000001,6,1524,2.75,3
277140,362.71200000000005,3,239.268,1.5,3
437500,496.824,3,4996.5864,1,3
180500,469.392,3,2987.04,1.5,3
500012,731.52,4,2929.7376,2.5,3
859000,890.0160000000001,3,132505.0944,2.5,4
550000,292.608,3,3818.2296,1,3
183000,231.64800000000002,2,2216.5056,1,4
467000,676.6560000000001,4,2197.608,2.5,3
781000,789.432,4,2612.4408000000003,2.5,3
1850000,1167.384,4,3649.0656000000004,2.5,3
130000,240.792,2,2286,1,3
350000,505.968,4,762,2.5,3
268000,527.304,4,2139.696,1.5,4
264900,621.792,4,2133.6,2.5,3
1583000,1709.928,4,3372.0024000000003,4,3
572650,685.8000000000001,4,3459.1752,2.5,3
289000,643.128,3,2531.0592,2.5,4
480000,734.568,3,1419.1488000000002,2.5,3
260000,551.688,3,2197.3032000000003,2,4
265000,307.848,3,4556.1504,1,5
330000,326.136,3,3219.6024,1,3
300000,643.128,5,2590.8,1.75,3
325000,478.536,3,1706.88,2,3
218250,387.096,3,2238.4512,1,3
464000,496.824,3,1996.44,2,5
715000,579.12,4,2521.3056,2.25,4
450000,368.808,3,1219.2,1,3
410000,243.84,2,1323.4416,1,3
1900000,920.4960000000001,4,3501.8472,2.25,5
552500,396.24,3,437.38800000000003,1.5,3
386500,947.928,4,1538.6304,2.5,3
345000,252.984,2,315.1632,1.5,3
557000,441.96000000000004,2,1170.432,1.5,3
375000,977.1888,6,1765.7064,2.25,3
532000,1060.704,5,17525.695200000002,3,4
750000,618.744,4,1005.84,1.5,4
368000,390.144,3,3016.9104,1,3
437000,786.384,3,1584.96,2.75,3
175000,356.61600000000004,2,2720.34,1,3
1146800,1283.208,4,3141.8784,3.5,3
475000,454.15200000000004,2,1165.8600000000001,1,3
256750,606.552,3,2740.4568,2.5,3
355300,493.776,3,2258.568,2.5,5
1355000,816.864,3,1455.42,1.5,5
346500,350.52000000000004,3,3597.2496,1,4
690500,609.6,5,1283.5128,2,4
286000,237.744,2,1059.18,1,4
285000,307.848,2,2194.56,1,3
295000,213.36,1,762,1,4
397000,414.528,3,388.62,3.5,3
475000,798.576,4,1883.0544,2.75,3
484998,469.392,4,569.976,2.5,3
650000,615.696,4,4818.888,2.75,4
499950,969.264,5,7256.983200000001,2.5,3
270000,801.624,5,2581.656,2.5,4
532500,658.368,3,2286,2.5,3
1298000,871.7280000000001,4,1724.5584000000001,2.25,3
725000,908.3040000000001,3,5180.3808,2.5,3
635000,752.856,2,2694.4320000000002,2.5,4
365000,652.272,4,2240.28,2.5,3
390000,670.5600000000001,3,2449.3728,1.75,3
525300,768.096,4,2368.2960000000003,1.75,3
430000,551.688,3,2225.04,1.75,4
412133,280.416,2,1341.1200000000001,1,3
705000,600.456,3,6394.0944,3,4
1444000,810.768,4,2909.9256,2.75,3
650000,1127.76,4,1371.6000000000001,2.5,3
356500,783.336,4,3496.9704,2.5,3
528000,582.168,4,2439.924,2.25,3
2150000,1057.656,3,2929.128,2.75,3
652427,844.296,4,4001.7192,2.25,4
255000,438.91200000000003,3,3453.384,1,3
310650,460.24800000000005,3,3781.9584,1.75,4
895900,1109.472,4,1518.8184,3.5,3
825050,871.7280000000001,4,1121.664,3.25,3
340000,707.1360000000001,4,1262.4816,2.5,3
467000,633.984,5,1219.2,2,4
312000,545.592,4,3226.0032,2.5,4
840000,963.168,4,1928.4696000000001,3.25,3
410000,658.368,3,1219.2,1.75,3
568000,408.432,3,2212.848,1,3
515000,289.56,2,4638.751200000001,1.75,3
222000,445.00800000000004,3,2560.32,1,4
455850,554.736,3,1828.8000000000002,2.25,4
353000,411.48,3,2359.152,1,4
305000,490.728,3,3732.8856,1.75,3
925000,688.8480000000001,4,12796.7232,2.25,4
519900,554.736,4,2849.88,2,4
465000,560.832,3,1753.2096000000001,2.25,3
760000,832.104,4,11028.5784,2.5,3
749950,947.928,4,10739.628,2.75,4
240000,350.52000000000004,3,1470.66,1,4
250250,673.6080000000001,3,2438.4,2.25,4
890000,844.296,4,4114.8,2.25,3
464000,402.336,3,1104.9,1,3
835000,923.5440000000001,4,8888.8824,2.5,3
640000,713.5368000000001,4,2924.2512,2.5,3
440000,646.176,3,1917.192,1.5,4
460000,777.24,4,5796.381600000001,2.5,4
255000,402.336,2,3037.9416,1,3
645000,868.6800000000001,4,11436.705600000001,2.5,3
1550000,1850.1360000000002,5,52311.6048,4.25,3
265000,356.61600000000004,3,2483.5104,1.75,3
745000,697.9920000000001,4,3172.6632,2.25,3
485000,874.7760000000001,3,1673.352,2.5,3
620000,667.5120000000001,3,13940.9424,2.25,3
585000,530.352,3,2895.6000000000004,1.75,4
463000,612.648,3,1278.636,2.5,3
1274950,1164.336,4,2697.48,2.75,3
381000,932.6880000000001,5,2101.596,2.75,3
147400,329.184,3,2811.78,2,2
392000,676.6560000000001,4,1157.3256000000001,3.75,4
406550,731.52,5,4810.0488000000005,2.75,4
730000,1054.608,3,4001.7192,3,3
485000,493.776,4,1243.584,1,3
577500,652.272,3,4049.5728000000004,1.75,4
979700,755.904,4,1828.8000000000002,2.25,3
285000,496.824,3,1219.2,1.75,3
216650,469.392,3,434.94960000000003,3.5,3
897500,1331.976,4,66410.4336,3,3
640000,1042.416,4,6505.6512,2.5,3
770000,722.3760000000001,5,1828.8000000000002,3,3
320000,667.5120000000001,4,2171.7000000000003,2.5,5
435000,1030.2240000000002,3,2156.1552,2.5,3
607010,664.464,4,1219.2,2.5,3
755000,874.7760000000001,3,2011.68,2.75,3
157000,356.61600000000004,3,3514.344,1.5,3
439000,819.912,4,2911.1448,2.5,3
335000,591.312,3,1501.7496,2.5,3
325000,801.624,4,1046.988,3.5,3
750500,661.416,5,743.712,3,4
260750,475.488,3,2936.748,2,3
449950,490.728,3,1572.4632000000001,2.25,3
262000,402.336,3,1990.344,1.75,4
1300000,716.2800000000001,3,4578.4008,2,4
445000,469.392,3,20712.0744,2,3
508300,353.56800000000004,3,1819.3512,1,3
660000,966.216,4,56825.692800000004,2.5,3
1100000,810.768,5,2663.0376,2.75,5
585000,624.84,3,3563.112,2.5,4
228000,548.64,2,2815.1328000000003,1,3
1085000,1039.3680000000002,4,1993.6968000000002,3,3
439000,512.0640000000001,3,853.7448,2.5,3
338000,381,3,2350.0080000000003,1.75,4
460000,716.2800000000001,3,3185.1600000000003,2.25,3
545000,377.952,2,655.32,1.25,3
780000,652.272,3,914.4000000000001,2.25,3
243400,527.304,4,2275.0272,1.5,4
575000,691.8960000000001,3,2926.08,2.5,3
570000,1027.1760000000002,6,4762.5,2.5,3
456000,829.056,5,58950.1488,2.75,4
320000,499.872,4,914.4000000000001,2.75,3
247300,347.47200000000004,2,340.76640000000003,2,3
425000,670.5600000000001,4,2555.4432,2.25,3
751000,877.8240000000001,6,2072.6400000000003,3,3
438000,496.824,2,2820.924,1,3
299000,673.6080000000001,3,3084.2712,2.5,4
839000,975.36,3,62003.94,2.5,3
440000,539.496,4,1752.6000000000001,1.5,3
600000,707.1360000000001,2,5766.5112,2.25,4
515000,323.088,2,1511.808,1,3
175000,371.856,3,2225.04,1.5,3
671000,954.024,4,1737.3600000000001,3,3
838300,1146.048,6,3955.6944000000003,2.5,3
710000,838.2,4,2286,3,5
635000,829.056,4,2435.6568,2.5,3
432500,524.256,3,2482.596,2,5
475000,576.072,3,1200.3024,2.75,3
330490,438.91200000000003,3,2240.28,2.75,4
279900,682.7520000000001,3,1524,3.25,3
465000,350.52000000000004,3,5547.360000000001,1,5
495000,438.91200000000003,3,3592.6776,1.75,3
367500,597.408,4,4881.372,2,3
576925,801.624,4,1859.2800000000002,2.5,3
470000,371.856,2,1219.2,1,4
680000,908.3040000000001,4,2673.096,2.5,3
518000,542.544,4,2672.4864000000002,1.75,4
390000,216.40800000000002,1,1219.2,1,4
157340,274.32,2,7010.400000000001,1,2
315000,545.592,3,1966.5696,2.5,3
462000,521.208,3,1371.6000000000001,1.5,3
310000,606.552,3,2186.3304000000003,1,3
275000,377.952,3,2781.3,1.5,4
355000,722.3760000000001,3,2971.8,1.75,4
1364000,1085.088,4,2731.0080000000003,2.5,3
446000,445.00800000000004,3,3047.3904,1.75,3
680000,646.176,3,1097.28,2.5,3
148000,188.976,1,2517.9528,1,3
574950,963.168,5,3048,3.25,4
265000,466.34400000000005,3,1828.8000000000002,2.5,4
230000,408.432,2,2318.004,2,3
216180,341.37600000000003,2,2376.5256,1,3
541000,496.824,3,355.39680000000004,1.75,3
280000,640.08,4,2461.26,2.25,3
575000,371.856,3,1722.7296000000001,1,3
606500,661.416,3,1676.4,2.5,3
400000,298.704,2,649.224,1,4
950000,1261.872,4,4081.8816,3.5,3
749000,481.584,3,1524,1,3
249900,399.288,3,2053.7424,2,4
317000,719.3280000000001,5,3467.1000000000004,2.5,4
690000,829.056,5,2315.8704000000002,3.5,3
245000,621.792,3,4000.5,2,3
678000,832.104,3,3253.7400000000002,2.25,3
589000,896.1120000000001,3,1462.7352,2.5,3
550000,710.1840000000001,3,1456.944,2.75,3
312500,454.15200000000004,3,2893.4664000000002,1.75,4
260000,451.10400000000004,4,2628.9,2,4
200000,414.528,2,578.5104,1.5,3
375000,292.608,3,2470.7088000000003,1.75,3
712000,723.9000000000001,3,1247.8512,2.5,3
668000,813.816,4,1344.1680000000001,2.5,3
622000,594.36,3,2280.2088000000003,2.5,3
422500,777.24,4,2689.5552000000002,2.5,3
382000,326.136,2,267.3096,1.5,3
616500,573.024,4,914.4000000000001,2.25,3
752000,502.92,4,905.2560000000001,1.5,3
249000,563.88,3,2194.56,2.5,3
653675,694.9440000000001,4,2203.3992000000003,2.25,4
315000,323.088,3,1752.6000000000001,2,3
812000,987.552,3,2541.4224,3.25,3
555000,603.504,3,1060.0944,2,4
650100,533.4,2,18553.7856,1,4
284200,478.536,3,2832.2016000000003,2.5,3
408000,246.888,2,2267.712,1,5
965000,1527.048,4,15002.865600000001,3.25,5
330000,640.08,5,2351.532,3,3
420000,935.7360000000001,5,19517.258400000002,2.25,3
662500,630.936,3,1280.16,2,4
783500,868.6800000000001,3,2173.224,2.5,3
459900,685.8000000000001,3,2438.4,2.25,3
269950,408.432,2,2209.8,1.75,5
400000,429.76800000000003,3,2957.7792,1,3
387500,731.52,4,3017.52,1.75,3
635000,630.936,4,3439.9728,2.5,3
515000,704.0880000000001,5,1599.8952000000002,3.5,3
300000,307.848,3,3099.2064,1,3
410000,426.72,3,13940.9424,2,4
415000,585.216,4,2346.96,1.75,4
700000,667.5120000000001,3,2432.9136000000003,2.5,3
779000,990.6,6,3657.6000000000004,2.5,3
755000,1121.664,3,62136.528000000006,2.5,3
315000,615.696,4,2367.3816,2,3
436000,548.64,3,2036.064,2.25,3
260000,597.408,4,1596.5424,2.5,3
465000,481.584,3,1150.3152,1,3
467500,963.168,4,2197.608,2.5,4
910000,804.672,5,1553.2608,3,3
225000,399.288,3,3197.6568,1.5,4
393000,545.592,4,3596.9448,1.75,4
322000,420.624,3,1787.3472000000002,1,3
464000,539.496,3,1568.5008,2.5,3
560000,801.624,4,1740.4080000000001,2.5,3
280000,435.86400000000003,3,2700.8328,1.5,3
334000,512.0640000000001,4,2322.576,1.5,4
200000,627.888,3,4827.1176000000005,1.5,3
450000,701.0400000000001,4,5867.400000000001,2.5,4
352500,356.61600000000004,3,2493.8736000000004,1.75,3
925000,999.744,4,63730.0224,2.5,3
715000,633.984,3,685.8000000000001,4,3
592100,704.0880000000001,4,2392.9848,2.75,4
367500,588.264,4,2415.54,2.25,3
212000,381,4,3872.4840000000004,1.75,4
365000,207.264,2,1463.04,1,3
515000,554.736,4,2517.9528,3,3
1400000,844.296,4,2706.3192,2.5,3
272000,423.672,4,3249.168,1.75,4
350000,359.66400000000004,3,2272.284,1,4
156000,182.88,2,1219.2,1,3
275500,323.088,3,2208.5808,1,4
633000,719.3280000000001,4,3048,2.5,3
627000,1088.136,5,1653.5400000000002,3.25,3
243000,365.76,3,2448.7632000000003,1.75,5
539000,713.2320000000001,4,6050.280000000001,2.5,3
776000,606.552,2,1883.664,2,4
449950,1002.792,4,3286.6584000000003,3,3
315000,353.56800000000004,3,2798.0640000000003,1,3
337000,679.7040000000001,4,1819.6560000000002,2.5,4
875000,771.144,5,2610.3072,2.5,4
690000,740.664,3,2538.0696000000003,2.25,4
366000,440.43600000000004,3,313.3344,2.25,3
208800,423.672,3,746.76,2.5,3
778000,801.624,3,3095.5488,3,4
479000,405.384,2,420.624,2.25,3
267000,515.1120000000001,3,3150.4128,2.5,4
440000,780.288,4,3169.92,2.5,4
389250,454.15200000000004,2,1243.584,1.5,3
385000,515.1120000000001,4,1243.584,1.75,4
439990,588.264,3,410.8704,2.5,3
850000,762,4,10912.4496,1,3
230000,316.992,3,4572,0.75,3
357000,911.3520000000001,5,2816.3520000000003,2.5,3
493000,524.256,3,2048.2560000000003,2.75,4
562500,707.1360000000001,4,2658.1608,2.5,3
360000,877.8240000000001,5,2103.7296,2.5,3
555000,362.71200000000005,2,414.8328,1.5,3
319950,326.136,2,1775.1552000000001,1,5
870000,807.72,4,3657.9048000000003,2.5,4
500000,691.8960000000001,3,1723.3392000000001,2.5,3
510000,704.0880000000001,3,16330.574400000001,2.5,4
565000,618.744,3,66386.964,2.5,3
4000000,2157.984,4,5051.450400000001,5.5,3
257500,216.40800000000002,1,1847.0880000000002,1,4
760000,1011.936,3,4578.7056,3.25,3
325000,545.592,3,8359.749600000001,1.75,3
550000,1112.52,4,1381.9632000000001,2.75,3
1050000,972.312,3,9138.5136,3.5,4
615000,655.32,4,2764.536,2.5,4
