=========================================================
   REPORTE DE CODIFICACION ARITMETICA ADAPTATIVA
=========================================================

MENSAJE ORIGINAL:
---------------------------------------------------------
darcyandthetwoheardhersweetestmakespraiseinelizabethcried.sensibleontheisaandionemarypainfulof.themydearbyyoushouldandknownmannersformore.toofsuchonhumourwereordersevenallhunsfordtooksuccess.wasforelizabethofsomewhatofyoufor.asisterheandhadorwethatshethatinthesaythatof.themanandthatshehadshefelti.shoulddonewasheveryinthesatmrapplying.weandwithasuchofnotallbingleynotbecareof.alreadyveryhavehimselfofasheawhichfatherwastake.arrivalofiamherformerlytohewhen.heinnothiselizabethresolvinggoingamcouldnotofseeing.marriedinmrshappinessmistakenherandthethatit.wayevensuretowitnessedeveryagreeableonlettersawjames.leastandheyouthoughthetohouseacannotbecause.stillquestionashasandwithanmeonly.lethadourselvesgreatlyideauponhedid.agreeablemrrestofalltheprotectionyoumaymeditationlongbournhave.mrbeinfirstistosheafraidfewobeyed.inottoihadabletonotsuchhis.familyseeingihightheunlesselizabethnotcharlottetook.iswithoutwithmorewasallhimselfelizabethhasitandthem.bythereforeinstantlythatgoodallendaresayretrenched.hebehisagainisinoncolonelmissbingleyseen.nottobeopenedcharactersgetmothertoldmymanasome.situationveryhisawayanticipatingnatureaseenseetowards.shouldsurvivorofwascaneyesprocesswastheaffectionopening.tocallingherladyshiphisinelizabethbeayouwewouldwith.ofthesincebennetofmrsmeiwhat.isorryintothemeelizabethhisregardhers.hehadandanetherfielddarcyopinionsgreatthesupposing.satbeensupportrationallycouldnotwasawas.inastowholeshehadnotthosemind.manyatlastbourghofonecongratulationswouldbe.amreachedtoisanditisallhopeinterestingamost.moneynotknowthatpardonfootlightsnothingbut.wascomplimenttoherhadnotforwere.likelynototheraveryofthethinkrememberlife.herdreadfulwickhamwereandsisterfirstofsomehousekeeperofhehad.hisnotturningrenewedroomsnoonehisintherechanced.countryitviciousveryhadbeenhismemorythemorningto.didofreservedlydiaeffectualawaywithoutrunning.poundswholebeforeillbespotsagaintointoat.herrightmindmeimattersrealgirl.beforeendeavourlongthehimflattermuchequallyperceivedtowhich.assoonwasalwayspurseshadchaptertheremei.thatsensibledegreeofmytowhichbuttothe.notthinkcarrysheandtheoverheardwithamiserlyagain.

TOTAL DE SIMBOLOS:
---------------------------------------------------------
2106 simbolos

PROCESO DE CODIFICACION:
----------------------------------------------------------------------------------------------------------------------------
PASO    SIMBOLO        INF. ANTERIOR       SUP. ANTERIOR       NUEVO INF.          NUEVO SUP.
----------------------------------------------------------------------------------------------------------------------------
1       d              0.0000000000        1.0000000000        0.1538461538        0.1923076923
2       a              0.1538461538        0.1923076923        0.1552706553        0.1566951567
3       r              0.1552706553        0.1566951567        0.1562881563        0.1563390313
4       c              0.1562881563        0.1563390313        0.1562951735        0.1562969278
5       y              0.1562951735        0.1562969278        0.1562968109        0.1562968694
6       a              0.1562968109        0.1562968694        0.1562968128        0.1562968166
7       n              0.1562968128        0.1562968166        0.1562968149        0.1562968150
8       d              0.1562968149        0.1562968150        0.1562968149        0.1562968149
9       t              0.1562968149        0.1562968149        0.1562968149        0.1562968149
10      h              0.1562968149        0.1562968149        0.1562968149        0.1562968149
11      e              0.1562968149        0.1562968149        0.1562968149        0.1562968149
12      t              0.1562968149        0.1562968149        0.1562968149        0.1562968149
13      w              0.1562968149        0.1562968149        0.1562968149        0.1562968149
14      o              0.1562968149        0.1562968149        0.1562968149        0.1562968149
15      h              0.1562968149        0.1562968149        0.1562968149        0.1562968149
16      e              0.1562968149        0.1562968149        0.1562968149        0.1562968149
17      a              0.1562968149        0.1562968149        0.1562968149        0.1562968149
18      r              0.1562968149        0.1562968149        0.1562968149        0.1562968149
19      d              0.1562968149        0.1562968149        0.1562968149        0.1562968149
20      h              0.1562968149        0.1562968149        0.1562968149        0.1562968149
21      e              0.1562968149        0.1562968149        0.1562968149        0.1562968149
22      r              0.1562968149        0.1562968149        0.1562968149        0.1562968149
23      s              0.1562968149        0.1562968149        0.1562968149        0.1562968149
24      w              0.1562968149        0.1562968149        0.1562968149        0.1562968149
25      e              0.1562968149        0.1562968149        0.1562968149        0.1562968149
26      e              0.1562968149        0.1562968149        0.1562968149        0.1562968149
27      t              0.1562968149        0.1562968149        0.1562968149        0.1562968149
28      e              0.1562968149        0.1562968149        0.1562968149        0.1562968149
29      s              0.1562968149        0.1562968149        0.1562968149        0.1562968149
30      t              0.1562968149        0.1562968149        0.1562968149        0.1562968149
31      m              0.1562968149        0.1562968149        0.1562968149        0.1562968149
32      a              0.1562968149        0.1562968149        0.1562968149        0.1562968149
33      k              0.1562968149        0.1562968149        0.1562968149        0.1562968149
34      e              0.1562968149        0.1562968149        0.1562968149        0.1562968149
35      s              0.1562968149        0.1562968149        0.1562968149        0.1562968149
36      p              0.1562968149        0.1562968149        0.1562968149        0.1562968149
37      r              0.1562968149        0.1562968149        0.1562968149        0.1562968149
38      a              0.1562968149        0.1562968149        0.1562968149        0.1562968149
39      i              0.1562968149        0.1562968149        0.1562968149        0.1562968149
40      s              0.1562968149        0.1562968149        0.1562968149        0.1562968149
41      e              0.1562968149        0.1562968149        0.1562968149        0.1562968149
42      i              0.1562968149        0.1562968149        0.1562968149        0.1562968149
43      n              0.1562968149        0.1562968149        0.1562968149        0.1562968149
44      e              0.1562968149        0.1562968149        0.1562968149        0.1562968149
45      l              0.1562968149        0.1562968149        0.1562968149        0.1562968149
46      i              0.1562968149        0.1562968149        0.1562968149        0.1562968149
47      z              0.1562968149        0.1562968149        0.1562968149        0.1562968149
48      a              0.1562968149        0.1562968149        0.1562968149        0.1562968149
49      b              0.1562968149        0.1562968149        0.1562968149        0.1562968149
50      e              0.1562968149        0.1562968149        0.1562968149        0.1562968149
51      t              0.1562968149        0.1562968149        0.1562968149        0.1562968149
52      h              0.1562968149        0.1562968149        0.1562968149        0.1562968149
53      c              0.1562968149        0.1562968149        0.1562968149        0.1562968149
54      r              0.1562968149        0.1562968149        0.1562968149        0.1562968149
55      i              0.1562968149        0.1562968149        0.1562968149        0.1562968149
56      e              0.1562968149        0.1562968149        0.1562968149        0.1562968149
57      d              0.1562968149        0.1562968149        0.1562968149        0.1562968149
58      .              0.1562968149        0.1562968149        0.1562968149        0.1562968149
59      s              0.1562968149        0.1562968149        0.1562968149        0.1562968149
60      e              0.1562968149        0.1562968149        0.1562968149        0.1562968149
61      n              0.1562968149        0.1562968149        0.1562968149        0.1562968149
62      s              0.1562968149        0.1562968149        0.1562968149        0.1562968149
63      i              0.1562968149        0.1562968149        0.1562968149        0.1562968149
64      b              0.1562968149        0.1562968149        0.1562968149        0.1562968149
65      l              0.1562968149        0.1562968149        0.1562968149        0.1562968149
66      e              0.1562968149        0.1562968149        0.1562968149        0.1562968149
67      o              0.1562968149        0.1562968149        0.1562968149        0.1562968149
68      n              0.1562968149        0.1562968149        0.1562968149        0.1562968149
69      t              0.1562968149        0.1562968149        0.1562968149        0.1562968149
70      h              0.1562968149        0.1562968149        0.1562968149        0.1562968149
71      e              0.1562968149        0.1562968149        0.1562968149        0.1562968149
72      i              0.1562968149        0.1562968149        0.1562968149        0.1562968149
73      s              0.1562968149        0.1562968149        0.1562968149        0.1562968149
74      a              0.1562968149        0.1562968149        0.1562968149        0.1562968149
75      a              0.1562968149        0.1562968149        0.1562968149        0.1562968149
76      n              0.1562968149        0.1562968149        0.1562968149        0.1562968149
77      d              0.1562968149        0.1562968149        0.1562968149        0.1562968149
78      i              0.1562968149        0.1562968149        0.1562968149        0.1562968149
79      o              0.1562968149        0.1562968149        0.1562968149        0.1562968149
80      n              0.1562968149        0.1562968149        0.1562968149        0.1562968149
81      e              0.1562968149        0.1562968149        0.1562968149        0.1562968149
82      m              0.1562968149        0.1562968149        0.1562968149        0.1562968149
83      a              0.1562968149        0.1562968149        0.1562968149        0.1562968149
84      r              0.1562968149        0.1562968149        0.1562968149        0.1562968149
85      y              0.1562968149        0.1562968149        0.1562968149        0.1562968149
86      p              0.1562968149        0.1562968149        0.1562968149        0.1562968149
87      a              0.1562968149        0.1562968149        0.1562968149        0.1562968149
88      i              0.1562968149        0.1562968149        0.1562968149        0.1562968149
89      n              0.1562968149        0.1562968149        0.1562968149        0.1562968149
90      f              0.1562968149        0.1562968149        0.1562968149        0.1562968149
91      u              0.1562968149        0.1562968149        0.1562968149        0.1562968149
92      l              0.1562968149        0.1562968149        0.1562968149        0.1562968149
93      o              0.1562968149        0.1562968149        0.1562968149        0.1562968149
94      f              0.1562968149        0.1562968149        0.1562968149        0.1562968149
95      .              0.1562968149        0.1562968149        0.1562968149        0.1562968149
96      t              0.1562968149        0.1562968149        0.1562968149        0.1562968149
97      h              0.1562968149        0.1562968149        0.1562968149        0.1562968149
98      e              0.1562968149        0.1562968149        0.1562968149        0.1562968149
99      m              0.1562968149        0.1562968149        0.1562968149        0.1562968149
100     y              0.1562968149        0.1562968149        0.1562968149        0.1562968149
101     d              0.1562968149        0.1562968149        0.1562968149        0.1562968149
102     e              0.1562968149        0.1562968149        0.1562968149        0.1562968149
103     a              0.1562968149        0.1562968149        0.1562968149        0.1562968149
104     r              0.1562968149        0.1562968149        0.1562968149        0.1562968149
105     b              0.1562968149        0.1562968149        0.1562968149        0.1562968149
106     y              0.1562968149        0.1562968149        0.1562968149        0.1562968149
107     y              0.1562968149        0.1562968149        0.1562968149        0.1562968149
108     o              0.1562968149        0.1562968149        0.1562968149        0.1562968149
109     u              0.1562968149        0.1562968149        0.1562968149        0.1562968149
110     s              0.1562968149        0.1562968149        0.1562968149        0.1562968149
111     h              0.1562968149        0.1562968149        0.1562968149        0.1562968149
112     o              0.1562968149        0.1562968149        0.1562968149        0.1562968149
113     u              0.1562968149        0.1562968149        0.1562968149        0.1562968149
114     l              0.1562968149        0.1562968149        0.1562968149        0.1562968149
115     d              0.1562968149        0.1562968149        0.1562968149        0.1562968149
116     a              0.1562968149        0.1562968149        0.1562968149        0.1562968149
117     n              0.1562968149        0.1562968149        0.1562968149        0.1562968149
118     d              0.1562968149        0.1562968149        0.1562968149        0.1562968149
119     k              0.1562968149        0.1562968149        0.1562968149        0.1562968149
120     n              0.1562968149        0.1562968149        0.1562968149        0.1562968149
121     o              0.1562968149        0.1562968149        0.1562968149        0.1562968149
122     w              0.1562968149        0.1562968149        0.1562968149        0.1562968149
123     n              0.1562968149        0.1562968149        0.1562968149        0.1562968149
124     m              0.1562968149        0.1562968149        0.1562968149        0.1562968149
125     a              0.1562968149        0.1562968149        0.1562968149        0.1562968149
126     n              0.1562968149        0.1562968149        0.1562968149        0.1562968149
127     n              0.1562968149        0.1562968149        0.1562968149        0.1562968149
128     e              0.1562968149        0.1562968149        0.1562968149        0.1562968149
129     r              0.1562968149        0.1562968149        0.1562968149        0.1562968149
130     s              0.1562968149        0.1562968149        0.1562968149        0.1562968149
131     f              0.1562968149        0.1562968149        0.1562968149        0.1562968149
132     o              0.1562968149        0.1562968149        0.1562968149        0.1562968149
133     r              0.1562968149        0.1562968149        0.1562968149        0.1562968149
134     m              0.1562968149        0.1562968149        0.1562968149        0.1562968149
135     o              0.1562968149        0.1562968149        0.1562968149        0.1562968149
136     r              0.1562968149        0.1562968149        0.1562968149        0.1562968149
137     e              0.1562968149        0.1562968149        0.1562968149        0.1562968149
138     .              0.1562968149        0.1562968149        0.1562968149        0.1562968149
139     t              0.1562968149        0.1562968149        0.1562968149        0.1562968149
140     o              0.1562968149        0.1562968149        0.1562968149        0.1562968149
141     o              0.1562968149        0.1562968149        0.1562968149        0.1562968149
142     f              0.1562968149        0.1562968149        0.1562968149        0.1562968149
143     s              0.1562968149        0.1562968149        0.1562968149        0.1562968149
144     u              0.1562968149        0.1562968149        0.1562968149        0.1562968149
145     c              0.1562968149        0.1562968149        0.1562968149        0.1562968149
146     h              0.1562968149        0.1562968149        0.1562968149        0.1562968149
147     o              0.1562968149        0.1562968149        0.1562968149        0.1562968149
148     n              0.1562968149        0.1562968149        0.1562968149        0.1562968149
149     h              0.1562968149        0.1562968149        0.1562968149        0.1562968149
150     u              0.1562968149        0.1562968149        0.1562968149        0.1562968149
151     m              0.1562968149        0.1562968149        0.1562968149        0.1562968149
152     o              0.1562968149        0.1562968149        0.1562968149        0.1562968149
153     u              0.1562968149        0.1562968149        0.1562968149        0.1562968149
154     r              0.1562968149        0.1562968149        0.1562968149        0.1562968149
155     w              0.1562968149        0.1562968149        0.1562968149        0.1562968149
156     e              0.1562968149        0.1562968149        0.1562968149        0.1562968149
157     r              0.1562968149        0.1562968149        0.1562968149        0.1562968149
158     e              0.1562968149        0.1562968149        0.1562968149        0.1562968149
159     o              0.1562968149        0.1562968149        0.1562968149        0.1562968149
160     r              0.1562968149        0.1562968149        0.1562968149        0.1562968149
161     d              0.1562968149        0.1562968149        0.1562968149        0.1562968149
162     e              0.1562968149        0.1562968149        0.1562968149        0.1562968149
163     r              0.1562968149        0.1562968149        0.1562968149        0.1562968149
164     s              0.1562968149        0.1562968149        0.1562968149        0.1562968149
165     e              0.1562968149        0.1562968149        0.1562968149        0.1562968149
166     v              0.1562968149        0.1562968149        0.1562968149        0.1562968149
167     e              0.1562968149        0.1562968149        0.1562968149        0.1562968149
168     n              0.1562968149        0.1562968149        0.1562968149        0.1562968149
169     a              0.1562968149        0.1562968149        0.1562968149        0.1562968149
170     l              0.1562968149        0.1562968149        0.1562968149        0.1562968149
171     l              0.1562968149        0.1562968149        0.1562968149        0.1562968149
172     h              0.1562968149        0.1562968149        0.1562968149        0.1562968149
173     u              0.1562968149        0.1562968149        0.1562968149        0.1562968149
174     n              0.1562968149        0.1562968149        0.1562968149        0.1562968149
175     s              0.1562968149        0.1562968149        0.1562968149        0.1562968149
176     f              0.1562968149        0.1562968149        0.1562968149        0.1562968149
177     o              0.1562968149        0.1562968149        0.1562968149        0.1562968149
178     r              0.1562968149        0.1562968149        0.1562968149        0.1562968149
179     d              0.1562968149        0.1562968149        0.1562968149        0.1562968149
180     t              0.1562968149        0.1562968149        0.1562968149        0.1562968149
181     o              0.1562968149        0.1562968149        0.1562968149        0.1562968149
182     o              0.1562968149        0.1562968149        0.1562968149        0.1562968149
183     k              0.1562968149        0.1562968149        0.1562968149        0.1562968149
184     s              0.1562968149        0.1562968149        0.1562968149        0.1562968149
185     u              0.1562968149        0.1562968149        0.1562968149        0.1562968149
186     c              0.1562968149        0.1562968149        0.1562968149        0.1562968149
187     c              0.1562968149        0.1562968149        0.1562968149        0.1562968149
188     e              0.1562968149        0.1562968149        0.1562968149        0.1562968149
189     s              0.1562968149        0.1562968149        0.1562968149        0.1562968149
190     s              0.1562968149        0.1562968149        0.1562968149        0.1562968149
191     .              0.1562968149        0.1562968149        0.1562968149        0.1562968149
192     w              0.1562968149        0.1562968149        0.1562968149        0.1562968149
193     a              0.1562968149        0.1562968149        0.1562968149        0.1562968149
194     s              0.1562968149        0.1562968149        0.1562968149        0.1562968149
195     f              0.1562968149        0.1562968149        0.1562968149        0.1562968149
196     o              0.1562968149        0.1562968149        0.1562968149        0.1562968149
197     r              0.1562968149        0.1562968149        0.1562968149        0.1562968149
198     e              0.1562968149        0.1562968149        0.1562968149        0.1562968149
199     l              0.1562968149        0.1562968149        0.1562968149        0.1562968149
200     i              0.1562968149        0.1562968149        0.1562968149        0.1562968149
201     z              0.1562968149        0.1562968149        0.1562968149        0.1562968149
202     a              0.1562968149        0.1562968149        0.1562968149        0.1562968149
203     b              0.1562968149        0.1562968149        0.1562968149        0.1562968149
204     e              0.1562968149        0.1562968149        0.1562968149        0.1562968149
205     t              0.1562968149        0.1562968149        0.1562968149        0.1562968149
206     h              0.1562968149        0.1562968149        0.1562968149        0.1562968149
207     o              0.1562968149        0.1562968149        0.1562968149        0.1562968149
208     f              0.1562968149        0.1562968149        0.1562968149        0.1562968149
209     s              0.1562968149        0.1562968149        0.1562968149        0.1562968149
210     o              0.1562968149        0.1562968149        0.1562968149        0.1562968149
211     m              0.1562968149        0.1562968149        0.1562968149        0.1562968149
212     e              0.1562968149        0.1562968149        0.1562968149        0.1562968149
213     w              0.1562968149        0.1562968149        0.1562968149        0.1562968149
214     h              0.1562968149        0.1562968149        0.1562968149        0.1562968149
215     a              0.1562968149        0.1562968149        0.1562968149        0.1562968149
216     t              0.1562968149        0.1562968149        0.1562968149        0.1562968149
217     o              0.1562968149        0.1562968149        0.1562968149        0.1562968149
218     f              0.1562968149        0.1562968149        0.1562968149        0.1562968149
219     y              0.1562968149        0.1562968149        0.1562968149        0.1562968149
220     o              0.1562968149        0.1562968149        0.1562968149        0.1562968149
221     u              0.1562968149        0.1562968149        0.1562968149        0.1562968149
222     f              0.1562968149        0.1562968149        0.1562968149        0.1562968149
223     o              0.1562968149        0.1562968149        0.1562968149        0.1562968149
224     r              0.1562968149        0.1562968149        0.1562968149        0.1562968149
225     .              0.1562968149        0.1562968149        0.1562968149        0.1562968149
226     a              0.1562968149        0.1562968149        0.1562968149        0.1562968149
227     s              0.1562968149        0.1562968149        0.1562968149        0.1562968149
228     i              0.1562968149        0.1562968149        0.1562968149        0.1562968149
229     s              0.1562968149        0.1562968149        0.1562968149        0.1562968149
230     t              0.1562968149        0.1562968149        0.1562968149        0.1562968149
231     e              0.1562968149        0.1562968149        0.1562968149        0.1562968149
232     r              0.1562968149        0.1562968149        0.1562968149        0.1562968149
233     h              0.1562968149        0.1562968149        0.1562968149        0.1562968149
234     e              0.1562968149        0.1562968149        0.1562968149        0.1562968149
235     a              0.1562968149        0.1562968149        0.1562968149        0.1562968149
236     n              0.1562968149        0.1562968149        0.1562968149        0.1562968149
237     d              0.1562968149        0.1562968149        0.1562968149        0.1562968149
238     h              0.1562968149        0.1562968149        0.1562968149        0.1562968149
239     a              0.1562968149        0.1562968149        0.1562968149        0.1562968149
240     d              0.1562968149        0.1562968149        0.1562968149        0.1562968149
241     o              0.1562968149        0.1562968149        0.1562968149        0.1562968149
242     r              0.1562968149        0.1562968149        0.1562968149        0.1562968149
243     w              0.1562968149        0.1562968149        0.1562968149        0.1562968149
244     e              0.1562968149        0.1562968149        0.1562968149        0.1562968149
245     t              0.1562968149        0.1562968149        0.1562968149        0.1562968149
246     h              0.1562968149        0.1562968149        0.1562968149        0.1562968149
247     a              0.1562968149        0.1562968149        0.1562968149        0.1562968149
248     t              0.1562968149        0.1562968149        0.1562968149        0.1562968149
249     s              0.1562968149        0.1562968149        0.1562968149        0.1562968149
250     h              0.1562968149        0.1562968149        0.1562968149        0.1562968149
251     e              0.1562968149        0.1562968149        0.1562968149        0.1562968149
252     t              0.1562968149        0.1562968149        0.1562968149        0.1562968149
253     h              0.1562968149        0.1562968149        0.1562968149        0.1562968149
254     a              0.1562968149        0.1562968149        0.1562968149        0.1562968149
255     t              0.1562968149        0.1562968149        0.1562968149        0.1562968149
256     i              0.1562968149        0.1562968149        0.1562968149        0.1562968149
257     n              0.1562968149        0.1562968149        0.1562968149        0.1562968149
258     t              0.1562968149        0.1562968149        0.1562968149        0.1562968149
259     h              0.1562968149        0.1562968149        0.1562968149        0.1562968149
260     e              0.1562968149        0.1562968149        0.1562968149        0.1562968149
261     s              0.1562968149        0.1562968149        0.1562968149        0.1562968149
262     a              0.1562968149        0.1562968149        0.1562968149        0.1562968149
263     y              0.1562968149        0.1562968149        0.1562968149        0.1562968149
264     t              0.1562968149        0.1562968149        0.1562968149        0.1562968149
265     h              0.1562968149        0.1562968149        0.1562968149        0.1562968149
266     a              0.1562968149        0.1562968149        0.1562968149        0.1562968149
267     t              0.1562968149        0.1562968149        0.1562968149        0.1562968149
268     o              0.1562968149        0.1562968149        0.1562968149        0.1562968149
269     f              0.1562968149        0.1562968149        0.1562968149        0.1562968149
270     .              0.1562968149        0.1562968149        0.1562968149        0.1562968149
271     t              0.1562968149        0.1562968149        0.1562968149        0.1562968149
272     h              0.1562968149        0.1562968149        0.1562968149        0.1562968149
273     e              0.1562968149        0.1562968149        0.1562968149        0.1562968149
274     m              0.1562968149        0.1562968149        0.1562968149        0.1562968149
275     a              0.1562968149        0.1562968149        0.1562968149        0.1562968149
276     n              0.1562968149        0.1562968149        0.1562968149        0.1562968149
277     a              0.1562968149        0.1562968149        0.1562968149        0.1562968149
278     n              0.1562968149        0.1562968149        0.1562968149        0.1562968149
279     d              0.1562968149        0.1562968149        0.1562968149        0.1562968149
280     t              0.1562968149        0.1562968149        0.1562968149        0.1562968149
281     h              0.1562968149        0.1562968149        0.1562968149        0.1562968149
282     a              0.1562968149        0.1562968149        0.1562968149        0.1562968149
283     t              0.1562968149        0.1562968149        0.1562968149        0.1562968149
284     s              0.1562968149        0.1562968149        0.1562968149        0.1562968149
285     h              0.1562968149        0.1562968149        0.1562968149        0.1562968149
286     e              0.1562968149        0.1562968149        0.1562968149        0.1562968149
287     h              0.1562968149        0.1562968149        0.1562968149        0.1562968149
288     a              0.1562968149        0.1562968149        0.1562968149        0.1562968149
289     d              0.1562968149        0.1562968149        0.1562968149        0.1562968149
290     s              0.1562968149        0.1562968149        0.1562968149        0.1562968149
291     h              0.1562968149        0.1562968149        0.1562968149        0.1562968149
292     e              0.1562968149        0.1562968149        0.1562968149        0.1562968149
293     f              0.1562968149        0.1562968149        0.1562968149        0.1562968149
294     e              0.1562968149        0.1562968149        0.1562968149        0.1562968149
295     l              0.1562968149        0.1562968149        0.1562968149        0.1562968149
296     t              0.1562968149        0.1562968149        0.1562968149        0.1562968149
297     i              0.1562968149        0.1562968149        0.1562968149        0.1562968149
298     .              0.1562968149        0.1562968149        0.1562968149        0.1562968149
299     s              0.1562968149        0.1562968149        0.1562968149        0.1562968149
300     h              0.1562968149        0.1562968149        0.1562968149        0.1562968149
301     o              0.1562968149        0.1562968149        0.1562968149        0.1562968149
302     u              0.1562968149        0.1562968149        0.1562968149        0.1562968149
303     l              0.1562968149        0.1562968149        0.1562968149        0.1562968149
304     d              0.1562968149        0.1562968149        0.1562968149        0.1562968149
305     d              0.1562968149        0.1562968149        0.1562968149        0.1562968149
306     o              0.1562968149        0.1562968149        0.1562968149        0.1562968149
307     n              0.1562968149        0.1562968149        0.1562968149        0.1562968149
308     e              0.1562968149        0.1562968149        0.1562968149        0.1562968149
309     w              0.1562968149        0.1562968149        0.1562968149        0.1562968149
310     a              0.1562968149        0.1562968149        0.1562968149        0.1562968149
311     s              0.1562968149        0.1562968149        0.1562968149        0.1562968149
312     h              0.1562968149        0.1562968149        0.1562968149        0.1562968149
313     e              0.1562968149        0.1562968149        0.1562968149        0.1562968149
314     v              0.1562968149        0.1562968149        0.1562968149        0.1562968149
315     e              0.1562968149        0.1562968149        0.1562968149        0.1562968149
316     r              0.1562968149        0.1562968149        0.1562968149        0.1562968149
317     y              0.1562968149        0.1562968149        0.1562968149        0.1562968149
318     i              0.1562968149        0.1562968149        0.1562968149        0.1562968149
319     n              0.1562968149        0.1562968149        0.1562968149        0.1562968149
320     t              0.1562968149        0.1562968149        0.1562968149        0.1562968149
321     h              0.1562968149        0.1562968149        0.1562968149        0.1562968149
322     e              0.1562968149        0.1562968149        0.1562968149        0.1562968149
323     s              0.1562968149        0.1562968149        0.1562968149        0.1562968149
324     a              0.1562968149        0.1562968149        0.1562968149        0.1562968149
325     t              0.1562968149        0.1562968149        0.1562968149        0.1562968149
326     m              0.1562968149        0.1562968149        0.1562968149        0.1562968149
327     r              0.1562968149        0.1562968149        0.1562968149        0.1562968149
328     a              0.1562968149        0.1562968149        0.1562968149        0.1562968149
329     p              0.1562968149        0.1562968149        0.1562968149        0.1562968149
330     p              0.1562968149        0.1562968149        0.1562968149        0.1562968149
331     l              0.1562968149        0.1562968149        0.1562968149        0.1562968149
332     y              0.1562968149        0.1562968149        0.1562968149        0.1562968149
333     i              0.1562968149        0.1562968149        0.1562968149        0.1562968149
334     n              0.1562968149        0.1562968149        0.1562968149        0.1562968149
335     g              0.1562968149        0.1562968149        0.1562968149        0.1562968149
336     .              0.1562968149        0.1562968149        0.1562968149        0.1562968149
337     w              0.1562968149        0.1562968149        0.1562968149        0.1562968149
338     e              0.1562968149        0.1562968149        0.1562968149        0.1562968149
339     a              0.1562968149        0.1562968149        0.1562968149        0.1562968149
340     n              0.1562968149        0.1562968149        0.1562968149        0.1562968149
341     d              0.1562968149        0.1562968149        0.1562968149        0.1562968149
342     w              0.1562968149        0.1562968149        0.1562968149        0.1562968149
343     i              0.1562968149        0.1562968149        0.1562968149        0.1562968149
344     t              0.1562968149        0.1562968149        0.1562968149        0.1562968149
345     h              0.1562968149        0.1562968149        0.1562968149        0.1562968149
346     a              0.1562968149        0.1562968149        0.1562968149        0.1562968149
347     s              0.1562968149        0.1562968149        0.1562968149        0.1562968149
348     u              0.1562968149        0.1562968149        0.1562968149        0.1562968149
349     c              0.1562968149        0.1562968149        0.1562968149        0.1562968149
350     h              0.1562968149        0.1562968149        0.1562968149        0.1562968149
351     o              0.1562968149        0.1562968149        0.1562968149        0.1562968149
352     f              0.1562968149        0.1562968149        0.1562968149        0.1562968149
353     n              0.1562968149        0.1562968149        0.1562968149        0.1562968149
354     o              0.1562968149        0.1562968149        0.1562968149        0.1562968149
355     t              0.1562968149        0.1562968149        0.1562968149        0.1562968149
356     a              0.1562968149        0.1562968149        0.1562968149        0.1562968149
357     l              0.1562968149        0.1562968149        0.1562968149        0.1562968149
358     l              0.1562968149        0.1562968149        0.1562968149        0.1562968149
359     b              0.1562968149        0.1562968149        0.1562968149        0.1562968149
360     i              0.1562968149        0.1562968149        0.1562968149        0.1562968149
361     n              0.1562968149        0.1562968149        0.1562968149        0.1562968149
362     g              0.1562968149        0.1562968149        0.1562968149        0.1562968149
363     l              0.1562968149        0.1562968149        0.1562968149        0.1562968149
364     e              0.1562968149        0.1562968149        0.1562968149        0.1562968149
365     y              0.1562968149        0.1562968149        0.1562968149        0.1562968149
366     n              0.1562968149        0.1562968149        0.1562968149        0.1562968149
367     o              0.1562968149        0.1562968149        0.1562968149        0.1562968149
368     t              0.1562968149        0.1562968149        0.1562968149        0.1562968149
369     b              0.1562968149        0.1562968149        0.1562968149        0.1562968149
370     e              0.1562968149        0.1562968149        0.1562968149        0.1562968149
371     c              0.1562968149        0.1562968149        0.1562968149        0.1562968149
372     a              0.1562968149        0.1562968149        0.1562968149        0.1562968149
373     r              0.1562968149        0.1562968149        0.1562968149        0.1562968149
374     e              0.1562968149        0.1562968149        0.1562968149        0.1562968149
375     o              0.1562968149        0.1562968149        0.1562968149        0.1562968149
376     f              0.1562968149        0.1562968149        0.1562968149        0.1562968149
377     .              0.1562968149        0.1562968149        0.1562968149        0.1562968149
378     a              0.1562968149        0.1562968149        0.1562968149        0.1562968149
379     l              0.1562968149        0.1562968149        0.1562968149        0.1562968149
380     r              0.1562968149        0.1562968149        0.1562968149        0.1562968149
381     e              0.1562968149        0.1562968149        0.1562968149        0.1562968149
382     a              0.1562968149        0.1562968149        0.1562968149        0.1562968149
383     d              0.1562968149        0.1562968149        0.1562968149        0.1562968149
384     y              0.1562968149        0.1562968149        0.1562968149        0.1562968149
385     v              0.1562968149        0.1562968149        0.1562968149        0.1562968149
386     e              0.1562968149        0.1562968149        0.1562968149        0.1562968149
387     r              0.1562968149        0.1562968149        0.1562968149        0.1562968149
388     y              0.1562968149        0.1562968149        0.1562968149        0.1562968149
389     h              0.1562968149        0.1562968149        0.1562968149        0.1562968149
390     a              0.1562968149        0.1562968149        0.1562968149        0.1562968149
391     v              0.1562968149        0.1562968149        0.1562968149        0.1562968149
392     e              0.1562968149        0.1562968149        0.1562968149        0.1562968149
393     h              0.1562968149        0.1562968149        0.1562968149        0.1562968149
394     i              0.1562968149        0.1562968149        0.1562968149        0.1562968149
395     m              0.1562968149        0.1562968149        0.1562968149        0.1562968149
396     s              0.1562968149        0.1562968149        0.1562968149        0.1562968149
397     e              0.1562968149        0.1562968149        0.1562968149        0.1562968149
398     l              0.1562968149        0.1562968149        0.1562968149        0.1562968149
399     f              0.1562968149        0.1562968149        0.1562968149        0.1562968149
400     o              0.1562968149        0.1562968149        0.1562968149        0.1562968149
401     f              0.1562968149        0.1562968149        0.1562968149        0.1562968149
402     a              0.1562968149        0.1562968149        0.1562968149        0.1562968149
403     s              0.1562968149        0.1562968149        0.1562968149        0.1562968149
404     h              0.1562968149        0.1562968149        0.1562968149        0.1562968149
405     e              0.1562968149        0.1562968149        0.1562968149        0.1562968149
406     a              0.1562968149        0.1562968149        0.1562968149        0.1562968149
407     w              0.1562968149        0.1562968149        0.1562968149        0.1562968149
408     h              0.1562968149        0.1562968149        0.1562968149        0.1562968149
409     i              0.1562968149        0.1562968149        0.1562968149        0.1562968149
410     c              0.1562968149        0.1562968149        0.1562968149        0.1562968149
411     h              0.1562968149        0.1562968149        0.1562968149        0.1562968149
412     f              0.1562968149        0.1562968149        0.1562968149        0.1562968149
413     a              0.1562968149        0.1562968149        0.1562968149        0.1562968149
414     t              0.1562968149        0.1562968149        0.1562968149        0.1562968149
415     h              0.1562968149        0.1562968149        0.1562968149        0.1562968149
416     e              0.1562968149        0.1562968149        0.1562968149        0.1562968149
417     r              0.1562968149        0.1562968149        0.1562968149        0.1562968149
418     w              0.1562968149        0.1562968149        0.1562968149        0.1562968149
419     a              0.1562968149        0.1562968149        0.1562968149        0.1562968149
420     s              0.1562968149        0.1562968149        0.1562968149        0.1562968149
421     t              0.1562968149        0.1562968149        0.1562968149        0.1562968149
422     a              0.1562968149        0.1562968149        0.1562968149        0.1562968149
423     k              0.1562968149        0.1562968149        0.1562968149        0.1562968149
424     e              0.1562968149        0.1562968149        0.1562968149        0.1562968149
425     .              0.1562968149        0.1562968149        0.1562968149        0.1562968149
426     a              0.1562968149        0.1562968149        0.1562968149        0.1562968149
427     r              0.1562968149        0.1562968149        0.1562968149        0.1562968149
428     r              0.1562968149        0.1562968149        0.1562968149        0.1562968149
429     i              0.1562968149        0.1562968149        0.1562968149        0.1562968149
430     v              0.1562968149        0.1562968149        0.1562968149        0.1562968149
431     a              0.1562968149        0.1562968149        0.1562968149        0.1562968149
432     l              0.1562968149        0.1562968149        0.1562968149        0.1562968149
433     o              0.1562968149        0.1562968149        0.1562968149        0.1562968149
434     f              0.1562968149        0.1562968149        0.1562968149        0.1562968149
435     i              0.1562968149        0.1562968149        0.1562968149        0.1562968149
436     a              0.1562968149        0.1562968149        0.1562968149        0.1562968149
437     m              0.1562968149        0.1562968149        0.1562968149        0.1562968149
438     h              0.1562968149        0.1562968149        0.1562968149        0.1562968149
439     e              0.1562968149        0.1562968149        0.1562968149        0.1562968149
440     r              0.1562968149        0.1562968149        0.1562968149        0.1562968149
441     f              0.1562968149        0.1562968149        0.1562968149        0.1562968149
442     o              0.1562968149        0.1562968149        0.1562968149        0.1562968149
443     r              0.1562968149        0.1562968149        0.1562968149        0.1562968149
444     m              0.1562968149        0.1562968149        0.1562968149        0.1562968149
445     e              0.1562968149        0.1562968149        0.1562968149        0.1562968149
446     r              0.1562968149        0.1562968149        0.1562968149        0.1562968149
447     l              0.1562968149        0.1562968149        0.1562968149        0.1562968149
448     y              0.1562968149        0.1562968149        0.1562968149        0.1562968149
449     t              0.1562968149        0.1562968149        0.1562968149        0.1562968149
450     o              0.1562968149        0.1562968149        0.1562968149        0.1562968149
451     h              0.1562968149        0.1562968149        0.1562968149        0.1562968149
452     e              0.1562968149        0.1562968149        0.1562968149        0.1562968149
453     w              0.1562968149        0.1562968149        0.1562968149        0.1562968149
454     h              0.1562968149        0.1562968149        0.1562968149        0.1562968149
455     e              0.1562968149        0.1562968149        0.1562968149        0.1562968149
456     n              0.1562968149        0.1562968149        0.1562968149        0.1562968149
457     .              0.1562968149        0.1562968149        0.1562968149        0.1562968149
458     h              0.1562968149        0.1562968149        0.1562968149        0.1562968149
459     e              0.1562968149        0.1562968149        0.1562968149        0.1562968149
460     i              0.1562968149        0.1562968149        0.1562968149        0.1562968149
461     n              0.1562968149        0.1562968149        0.1562968149        0.1562968149
462     n              0.1562968149        0.1562968149        0.1562968149        0.1562968149
463     o              0.1562968149        0.1562968149        0.1562968149        0.1562968149
464     t              0.1562968149        0.1562968149        0.1562968149        0.1562968149
465     h              0.1562968149        0.1562968149        0.1562968149        0.1562968149
466     i              0.1562968149        0.1562968149        0.1562968149        0.1562968149
467     s              0.1562968149        0.1562968149        0.1562968149        0.1562968149
468     e              0.1562968149        0.1562968149        0.1562968149        0.1562968149
469     l              0.1562968149        0.1562968149        0.1562968149        0.1562968149
470     i              0.1562968149        0.1562968149        0.1562968149        0.1562968149
471     z              0.1562968149        0.1562968149        0.1562968149        0.1562968149
472     a              0.1562968149        0.1562968149        0.1562968149        0.1562968149
473     b              0.1562968149        0.1562968149        0.1562968149        0.1562968149
474     e              0.1562968149        0.1562968149        0.1562968149        0.1562968149
475     t              0.1562968149        0.1562968149        0.1562968149        0.1562968149
476     h              0.1562968149        0.1562968149        0.1562968149        0.1562968149
477     r              0.1562968149        0.1562968149        0.1562968149        0.1562968149
478     e              0.1562968149        0.1562968149        0.1562968149        0.1562968149
479     s              0.1562968149        0.1562968149        0.1562968149        0.1562968149
480     o              0.1562968149        0.1562968149        0.1562968149        0.1562968149
481     l              0.1562968149        0.1562968149        0.1562968149        0.1562968149
482     v              0.1562968149        0.1562968149        0.1562968149        0.1562968149
483     i              0.1562968149        0.1562968149        0.1562968149        0.1562968149
484     n              0.1562968149        0.1562968149        0.1562968149        0.1562968149
485     g              0.1562968149        0.1562968149        0.1562968149        0.1562968149
486     g              0.1562968149        0.1562968149        0.1562968149        0.1562968149
487     o              0.1562968149        0.1562968149        0.1562968149        0.1562968149
488     i              0.1562968149        0.1562968149        0.1562968149        0.1562968149
489     n              0.1562968149        0.1562968149        0.1562968149        0.1562968149
490     g              0.1562968149        0.1562968149        0.1562968149        0.1562968149
491     a              0.1562968149        0.1562968149        0.1562968149        0.1562968149
492     m              0.1562968149        0.1562968149        0.1562968149        0.1562968149
493     c              0.1562968149        0.1562968149        0.1562968149        0.1562968149
494     o              0.1562968149        0.1562968149        0.1562968149        0.1562968149
495     u              0.1562968149        0.1562968149        0.1562968149        0.1562968149
496     l              0.1562968149        0.1562968149        0.1562968149        0.1562968149
497     d              0.1562968149        0.1562968149        0.1562968149        0.1562968149
498     n              0.1562968149        0.1562968149        0.1562968149        0.1562968149
499     o              0.1562968149        0.1562968149        0.1562968149        0.1562968149
500     t              0.1562968149        0.1562968149        0.1562968149        0.1562968149
501     o              0.1562968149        0.1562968149        0.1562968149        0.1562968149
502     f              0.1562968149        0.1562968149        0.1562968149        0.1562968149
503     s              0.1562968149        0.1562968149        0.1562968149        0.1562968149
504     e              0.1562968149        0.1562968149        0.1562968149        0.1562968149
505     e              0.1562968149        0.1562968149        0.1562968149        0.1562968149
506     i              0.1562968149        0.1562968149        0.1562968149        0.1562968149
507     n              0.1562968149        0.1562968149        0.1562968149        0.1562968149
508     g              0.1562968149        0.1562968149        0.1562968149        0.1562968149
509     .              0.1562968149        0.1562968149        0.1562968149        0.1562968149
510     m              0.1562968149        0.1562968149        0.1562968149        0.1562968149
511     a              0.1562968149        0.1562968149        0.1562968149        0.1562968149
512     r              0.1562968149        0.1562968149        0.1562968149        0.1562968149
513     r              0.1562968149        0.1562968149        0.1562968149        0.1562968149
514     i              0.1562968149        0.1562968149        0.1562968149        0.1562968149
515     e              0.1562968149        0.1562968149        0.1562968149        0.1562968149
516     d              0.1562968149        0.1562968149        0.1562968149        0.1562968149
517     i              0.1562968149        0.1562968149        0.1562968149        0.1562968149
518     n              0.1562968149        0.1562968149        0.1562968149        0.1562968149
519     m              0.1562968149        0.1562968149        0.1562968149        0.1562968149
520     r              0.1562968149        0.1562968149        0.1562968149        0.1562968149
521     s              0.1562968149        0.1562968149        0.1562968149        0.1562968149
522     h              0.1562968149        0.1562968149        0.1562968149        0.1562968149
523     a              0.1562968149        0.1562968149        0.1562968149        0.1562968149
524     p              0.1562968149        0.1562968149        0.1562968149        0.1562968149
525     p              0.1562968149        0.1562968149        0.1562968149        0.1562968149
526     i              0.1562968149        0.1562968149        0.1562968149        0.1562968149
527     n              0.1562968149        0.1562968149        0.1562968149        0.1562968149
528     e              0.1562968149        0.1562968149        0.1562968149        0.1562968149
529     s              0.1562968149        0.1562968149        0.1562968149        0.1562968149
530     s              0.1562968149        0.1562968149        0.1562968149        0.1562968149
531     m              0.1562968149        0.1562968149        0.1562968149        0.1562968149
532     i              0.1562968149        0.1562968149        0.1562968149        0.1562968149
533     s              0.1562968149        0.1562968149        0.1562968149        0.1562968149
534     t              0.1562968149        0.1562968149        0.1562968149        0.1562968149
535     a              0.1562968149        0.1562968149        0.1562968149        0.1562968149
536     k              0.1562968149        0.1562968149        0.1562968149        0.1562968149
537     e              0.1562968149        0.1562968149        0.1562968149        0.1562968149
538     n              0.1562968149        0.1562968149        0.1562968149        0.1562968149
539     h              0.1562968149        0.1562968149        0.1562968149        0.1562968149
540     e              0.1562968149        0.1562968149        0.1562968149        0.1562968149
541     r              0.1562968149        0.1562968149        0.1562968149        0.1562968149
542     a              0.1562968149        0.1562968149        0.1562968149        0.1562968149
543     n              0.1562968149        0.1562968149        0.1562968149        0.1562968149
544     d              0.1562968149        0.1562968149        0.1562968149        0.1562968149
545     t              0.1562968149        0.1562968149        0.1562968149        0.1562968149
546     h              0.1562968149        0.1562968149        0.1562968149        0.1562968149
547     e              0.1562968149        0.1562968149        0.1562968149        0.1562968149
548     t              0.1562968149        0.1562968149        0.1562968149        0.1562968149
549     h              0.1562968149        0.1562968149        0.1562968149        0.1562968149
550     a              0.1562968149        0.1562968149        0.1562968149        0.1562968149
551     t              0.1562968149        0.1562968149        0.1562968149        0.1562968149
552     i              0.1562968149        0.1562968149        0.1562968149        0.1562968149
553     t              0.1562968149        0.1562968149        0.1562968149        0.1562968149
554     .              0.1562968149        0.1562968149        0.1562968149        0.1562968149
555     w              0.1562968149        0.1562968149        0.1562968149        0.1562968149
556     a              0.1562968149        0.1562968149        0.1562968149        0.1562968149
557     y              0.1562968149        0.1562968149        0.1562968149        0.1562968149
558     e              0.1562968149        0.1562968149        0.1562968149        0.1562968149
559     v              0.1562968149        0.1562968149        0.1562968149        0.1562968149
560     e              0.1562968149        0.1562968149        0.1562968149        0.1562968149
561     n              0.1562968149        0.1562968149        0.1562968149        0.1562968149
562     s              0.1562968149        0.1562968149        0.1562968149        0.1562968149
563     u              0.1562968149        0.1562968149        0.1562968149        0.1562968149
564     r              0.1562968149        0.1562968149        0.1562968149        0.1562968149
565     e              0.1562968149        0.1562968149        0.1562968149        0.1562968149
566     t              0.1562968149        0.1562968149        0.1562968149        0.1562968149
567     o              0.1562968149        0.1562968149        0.1562968149        0.1562968149
568     w              0.1562968149        0.1562968149        0.1562968149        0.1562968149
569     i              0.1562968149        0.1562968149        0.1562968149        0.1562968149
570     t              0.1562968149        0.1562968149        0.1562968149        0.1562968149
571     n              0.1562968149        0.1562968149        0.1562968149        0.1562968149
572     e              0.1562968149        0.1562968149        0.1562968149        0.1562968149
573     s              0.1562968149        0.1562968149        0.1562968149        0.1562968149
574     s              0.1562968149        0.1562968149        0.1562968149        0.1562968149
575     e              0.1562968149        0.1562968149        0.1562968149        0.1562968149
576     d              0.1562968149        0.1562968149        0.1562968149        0.1562968149
577     e              0.1562968149        0.1562968149        0.1562968149        0.1562968149
578     v              0.1562968149        0.1562968149        0.1562968149        0.1562968149
579     e              0.1562968149        0.1562968149        0.1562968149        0.1562968149
580     r              0.1562968149        0.1562968149        0.1562968149        0.1562968149
581     y              0.1562968149        0.1562968149        0.1562968149        0.1562968149
582     a              0.1562968149        0.1562968149        0.1562968149        0.1562968149
583     g              0.1562968149        0.1562968149        0.1562968149        0.1562968149
584     r              0.1562968149        0.1562968149        0.1562968149        0.1562968149
585     e              0.1562968149        0.1562968149        0.1562968149        0.1562968149
586     e              0.1562968149        0.1562968149        0.1562968149        0.1562968149
587     a              0.1562968149        0.1562968149        0.1562968149        0.1562968149
588     b              0.1562968149        0.1562968149        0.1562968149        0.1562968149
589     l              0.1562968149        0.1562968149        0.1562968149        0.1562968149
590     e              0.1562968149        0.1562968149        0.1562968149        0.1562968149
591     o              0.1562968149        0.1562968149        0.1562968149        0.1562968149
592     n              0.1562968149        0.1562968149        0.1562968149        0.1562968149
593     l              0.1562968149        0.1562968149        0.1562968149        0.1562968149
594     e              0.1562968149        0.1562968149        0.1562968149        0.1562968149
595     t              0.1562968149        0.1562968149        0.1562968149        0.1562968149
596     t              0.1562968149        0.1562968149        0.1562968149        0.1562968149
597     e              0.1562968149        0.1562968149        0.1562968149        0.1562968149
598     r              0.1562968149        0.1562968149        0.1562968149        0.1562968149
599     s              0.1562968149        0.1562968149        0.1562968149        0.1562968149
600     a              0.1562968149        0.1562968149        0.1562968149        0.1562968149
601     w              0.1562968149        0.1562968149        0.1562968149        0.1562968149
602     j              0.1562968149        0.1562968149        0.1562968149        0.1562968149
603     a              0.1562968149        0.1562968149        0.1562968149        0.1562968149
604     m              0.1562968149        0.1562968149        0.1562968149        0.1562968149
605     e              0.1562968149        0.1562968149        0.1562968149        0.1562968149
606     s              0.1562968149        0.1562968149        0.1562968149        0.1562968149
607     .              0.1562968149        0.1562968149        0.1562968149        0.1562968149
608     l              0.1562968149        0.1562968149        0.1562968149        0.1562968149
609     e              0.1562968149        0.1562968149        0.1562968149        0.1562968149
610     a              0.1562968149        0.1562968149        0.1562968149        0.1562968149
611     s              0.1562968149        0.1562968149        0.1562968149        0.1562968149
612     t              0.1562968149        0.1562968149        0.1562968149        0.1562968149
613     a              0.1562968149        0.1562968149        0.1562968149        0.1562968149
614     n              0.1562968149        0.1562968149        0.1562968149        0.1562968149
615     d              0.1562968149        0.1562968149        0.1562968149        0.1562968149
616     h              0.1562968149        0.1562968149        0.1562968149        0.1562968149
617     e              0.1562968149        0.1562968149        0.1562968149        0.1562968149
618     y              0.1562968149        0.1562968149        0.1562968149        0.1562968149
619     o              0.1562968149        0.1562968149        0.1562968149        0.1562968149
620     u              0.1562968149        0.1562968149        0.1562968149        0.1562968149
621     t              0.1562968149        0.1562968149        0.1562968149        0.1562968149
622     h              0.1562968149        0.1562968149        0.1562968149        0.1562968149
623     o              0.1562968149        0.1562968149        0.1562968149        0.1562968149
624     u              0.1562968149        0.1562968149        0.1562968149        0.1562968149
625     g              0.1562968149        0.1562968149        0.1562968149        0.1562968149
626     h              0.1562968149        0.1562968149        0.1562968149        0.1562968149
627     t              0.1562968149        0.1562968149        0.1562968149        0.1562968149
628     h              0.1562968149        0.1562968149        0.1562968149        0.1562968149
629     e              0.1562968149        0.1562968149        0.1562968149        0.1562968149
630     t              0.1562968149        0.1562968149        0.1562968149        0.1562968149
631     o              0.1562968149        0.1562968149        0.1562968149        0.1562968149
632     h              0.1562968149        0.1562968149        0.1562968149        0.1562968149
633     o              0.1562968149        0.1562968149        0.1562968149        0.1562968149
634     u              0.1562968149        0.1562968149        0.1562968149        0.1562968149
635     s              0.1562968149        0.1562968149        0.1562968149        0.1562968149
636     e              0.1562968149        0.1562968149        0.1562968149        0.1562968149
637     a              0.1562968149        0.1562968149        0.1562968149        0.1562968149
638     c              0.1562968149        0.1562968149        0.1562968149        0.1562968149
639     a              0.1562968149        0.1562968149        0.1562968149        0.1562968149
640     n              0.1562968149        0.1562968149        0.1562968149        0.1562968149
641     n              0.1562968149        0.1562968149        0.1562968149        0.1562968149
642     o              0.1562968149        0.1562968149        0.1562968149        0.1562968149
643     t              0.1562968149        0.1562968149        0.1562968149        0.1562968149
644     b              0.1562968149        0.1562968149        0.1562968149        0.1562968149
645     e              0.1562968149        0.1562968149        0.1562968149        0.1562968149
646     c              0.1562968149        0.1562968149        0.1562968149        0.1562968149
647     a              0.1562968149        0.1562968149        0.1562968149        0.1562968149
648     u              0.1562968149        0.1562968149        0.1562968149        0.1562968149
649     s              0.1562968149        0.1562968149        0.1562968149        0.1562968149
650     e              0.1562968149        0.1562968149        0.1562968149        0.1562968149
651     .              0.1562968149        0.1562968149        0.1562968149        0.1562968149
652     s              0.1562968149        0.1562968149        0.1562968149        0.1562968149
653     t              0.1562968149        0.1562968149        0.1562968149        0.1562968149
654     i              0.1562968149        0.1562968149        0.1562968149        0.1562968149
655     l              0.1562968149        0.1562968149        0.1562968149        0.1562968149
656     l              0.1562968149        0.1562968149        0.1562968149        0.1562968149
657     q              0.1562968149        0.1562968149        0.1562968149        0.1562968149
658     u              0.1562968149        0.1562968149        0.1562968149        0.1562968149
659     e              0.1562968149        0.1562968149        0.1562968149        0.1562968149
660     s              0.1562968149        0.1562968149        0.1562968149        0.1562968149
661     t              0.1562968149        0.1562968149        0.1562968149        0.1562968149
662     i              0.1562968149        0.1562968149        0.1562968149        0.1562968149
663     o              0.1562968149        0.1562968149        0.1562968149        0.1562968149
664     n              0.1562968149        0.1562968149        0.1562968149        0.1562968149
665     a              0.1562968149        0.1562968149        0.1562968149        0.1562968149
666     s              0.1562968149        0.1562968149        0.1562968149        0.1562968149
667     h              0.1562968149        0.1562968149        0.1562968149        0.1562968149
668     a              0.1562968149        0.1562968149        0.1562968149        0.1562968149
669     s              0.1562968149        0.1562968149        0.1562968149        0.1562968149
670     a              0.1562968149        0.1562968149        0.1562968149        0.1562968149
671     n              0.1562968149        0.1562968149        0.1562968149        0.1562968149
672     d              0.1562968149        0.1562968149        0.1562968149        0.1562968149
673     w              0.1562968149        0.1562968149        0.1562968149        0.1562968149
674     i              0.1562968149        0.1562968149        0.1562968149        0.1562968149
675     t              0.1562968149        0.1562968149        0.1562968149        0.1562968149
676     h              0.1562968149        0.1562968149        0.1562968149        0.1562968149
677     a              0.1562968149        0.1562968149        0.1562968149        0.1562968149
678     n              0.1562968149        0.1562968149        0.1562968149        0.1562968149
679     m              0.1562968149        0.1562968149        0.1562968149        0.1562968149
680     e              0.1562968149        0.1562968149        0.1562968149        0.1562968149
681     o              0.1562968149        0.1562968149        0.1562968149        0.1562968149
682     n              0.1562968149        0.1562968149        0.1562968149        0.1562968149
683     l              0.1562968149        0.1562968149        0.1562968149        0.1562968149
684     y              0.1562968149        0.1562968149        0.1562968149        0.1562968149
685     .              0.1562968149        0.1562968149        0.1562968149        0.1562968149
686     l              0.1562968149        0.1562968149        0.1562968149        0.1562968149
687     e              0.1562968149        0.1562968149        0.1562968149        0.1562968149
688     t              0.1562968149        0.1562968149        0.1562968149        0.1562968149
689     h              0.1562968149        0.1562968149        0.1562968149        0.1562968149
690     a              0.1562968149        0.1562968149        0.1562968149        0.1562968149
691     d              0.1562968149        0.1562968149        0.1562968149        0.1562968149
692     o              0.1562968149        0.1562968149        0.1562968149        0.1562968149
693     u              0.1562968149        0.1562968149        0.1562968149        0.1562968149
694     r              0.1562968149        0.1562968149        0.1562968149        0.1562968149
695     s              0.1562968149        0.1562968149        0.1562968149        0.1562968149
696     e              0.1562968149        0.1562968149        0.1562968149        0.1562968149
697     l              0.1562968149        0.1562968149        0.1562968149        0.1562968149
698     v              0.1562968149        0.1562968149        0.1562968149        0.1562968149
699     e              0.1562968149        0.1562968149        0.1562968149        0.1562968149
700     s              0.1562968149        0.1562968149        0.1562968149        0.1562968149
701     g              0.1562968149        0.1562968149        0.1562968149        0.1562968149
702     r              0.1562968149        0.1562968149        0.1562968149        0.1562968149
703     e              0.1562968149        0.1562968149        0.1562968149        0.1562968149
704     a              0.1562968149        0.1562968149        0.1562968149        0.1562968149
705     t              0.1562968149        0.1562968149        0.1562968149        0.1562968149
706     l              0.1562968149        0.1562968149        0.1562968149        0.1562968149
707     y              0.1562968149        0.1562968149        0.1562968149        0.1562968149
708     i              0.1562968149        0.1562968149        0.1562968149        0.1562968149
709     d              0.1562968149        0.1562968149        0.1562968149        0.1562968149
710     e              0.1562968149        0.1562968149        0.1562968149        0.1562968149
711     a              0.1562968149        0.1562968149        0.1562968149        0.1562968149
712     u              0.1562968149        0.1562968149        0.1562968149        0.1562968149
713     p              0.1562968149        0.1562968149        0.1562968149        0.1562968149
714     o              0.1562968149        0.1562968149        0.1562968149        0.1562968149
715     n              0.1562968149        0.1562968149        0.1562968149        0.1562968149
716     h              0.1562968149        0.1562968149        0.1562968149        0.1562968149
717     e              0.1562968149        0.1562968149        0.1562968149        0.1562968149
718     d              0.1562968149        0.1562968149        0.1562968149        0.1562968149
719     i              0.1562968149        0.1562968149        0.1562968149        0.1562968149
720     d              0.1562968149        0.1562968149        0.1562968149        0.1562968149
721     .              0.1562968149        0.1562968149        0.1562968149        0.1562968149
722     a              0.1562968149        0.1562968149        0.1562968149        0.1562968149
723     g              0.1562968149        0.1562968149        0.1562968149        0.1562968149
724     r              0.1562968149        0.1562968149        0.1562968149        0.1562968149
725     e              0.1562968149        0.1562968149        0.1562968149        0.1562968149
726     e              0.1562968149        0.1562968149        0.1562968149        0.1562968149
727     a              0.1562968149        0.1562968149        0.1562968149        0.1562968149
728     b              0.1562968149        0.1562968149        0.1562968149        0.1562968149
729     l              0.1562968149        0.1562968149        0.1562968149        0.1562968149
730     e              0.1562968149        0.1562968149        0.1562968149        0.1562968149
731     m              0.1562968149        0.1562968149        0.1562968149        0.1562968149
732     r              0.1562968149        0.1562968149        0.1562968149        0.1562968149
733     r              0.1562968149        0.1562968149        0.1562968149        0.1562968149
734     e              0.1562968149        0.1562968149        0.1562968149        0.1562968149
735     s              0.1562968149        0.1562968149        0.1562968149        0.1562968149
736     t              0.1562968149        0.1562968149        0.1562968149        0.1562968149
737     o              0.1562968149        0.1562968149        0.1562968149        0.1562968149
738     f              0.1562968149        0.1562968149        0.1562968149        0.1562968149
739     a              0.1562968149        0.1562968149        0.1562968149        0.1562968149
740     l              0.1562968149        0.1562968149        0.1562968149        0.1562968149
741     l              0.1562968149        0.1562968149        0.1562968149        0.1562968149
742     t              0.1562968149        0.1562968149        0.1562968149        0.1562968149
743     h              0.1562968149        0.1562968149        0.1562968149        0.1562968149
744     e              0.1562968149        0.1562968149        0.1562968149        0.1562968149
745     p              0.1562968149        0.1562968149        0.1562968149        0.1562968149
746     r              0.1562968149        0.1562968149        0.1562968149        0.1562968149
747     o              0.1562968149        0.1562968149        0.1562968149        0.1562968149
748     t              0.1562968149        0.1562968149        0.1562968149        0.1562968149
749     e              0.1562968149        0.1562968149        0.1562968149        0.1562968149
750     c              0.1562968149        0.1562968149        0.1562968149        0.1562968149
751     t              0.1562968149        0.1562968149        0.1562968149        0.1562968149
752     i              0.1562968149        0.1562968149        0.1562968149        0.1562968149
753     o              0.1562968149        0.1562968149        0.1562968149        0.1562968149
754     n              0.1562968149        0.1562968149        0.1562968149        0.1562968149
755     y              0.1562968149        0.1562968149        0.1562968149        0.1562968149
756     o              0.1562968149        0.1562968149        0.1562968149        0.1562968149
757     u              0.1562968149        0.1562968149        0.1562968149        0.1562968149
758     m              0.1562968149        0.1562968149        0.1562968149        0.1562968149
759     a              0.1562968149        0.1562968149        0.1562968149        0.1562968149
760     y              0.1562968149        0.1562968149        0.1562968149        0.1562968149
761     m              0.1562968149        0.1562968149        0.1562968149        0.1562968149
762     e              0.1562968149        0.1562968149        0.1562968149        0.1562968149
763     d              0.1562968149        0.1562968149        0.1562968149        0.1562968149
764     i              0.1562968149        0.1562968149        0.1562968149        0.1562968149
765     t              0.1562968149        0.1562968149        0.1562968149        0.1562968149
766     a              0.1562968149        0.1562968149        0.1562968149        0.1562968149
767     t              0.1562968149        0.1562968149        0.1562968149        0.1562968149
768     i              0.1562968149        0.1562968149        0.1562968149        0.1562968149
769     o              0.1562968149        0.1562968149        0.1562968149        0.1562968149
770     n              0.1562968149        0.1562968149        0.1562968149        0.1562968149
771     l              0.1562968149        0.1562968149        0.1562968149        0.1562968149
772     o              0.1562968149        0.1562968149        0.1562968149        0.1562968149
773     n              0.1562968149        0.1562968149        0.1562968149        0.1562968149
774     g              0.1562968149        0.1562968149        0.1562968149        0.1562968149
775     b              0.1562968149        0.1562968149        0.1562968149        0.1562968149
776     o              0.1562968149        0.1562968149        0.1562968149        0.1562968149
777     u              0.1562968149        0.1562968149        0.1562968149        0.1562968149
778     r              0.1562968149        0.1562968149        0.1562968149        0.1562968149
779     n              0.1562968149        0.1562968149        0.1562968149        0.1562968149
780     h              0.1562968149        0.1562968149        0.1562968149        0.1562968149
781     a              0.1562968149        0.1562968149        0.1562968149        0.1562968149
782     v              0.1562968149        0.1562968149        0.1562968149        0.1562968149
783     e              0.1562968149        0.1562968149        0.1562968149        0.1562968149
784     .              0.1562968149        0.1562968149        0.1562968149        0.1562968149
785     m              0.1562968149        0.1562968149        0.1562968149        0.1562968149
786     r              0.1562968149        0.1562968149        0.1562968149        0.1562968149
787     b              0.1562968149        0.1562968149        0.1562968149        0.1562968149
788     e              0.1562968149        0.1562968149        0.1562968149        0.1562968149
789     i              0.1562968149        0.1562968149        0.1562968149        0.1562968149
790     n              0.1562968149        0.1562968149        0.1562968149        0.1562968149
791     f              0.1562968149        0.1562968149        0.1562968149        0.1562968149
792     i              0.1562968149        0.1562968149        0.1562968149        0.1562968149
793     r              0.1562968149        0.1562968149        0.1562968149        0.1562968149
794     s              0.1562968149        0.1562968149        0.1562968149        0.1562968149
795     t              0.1562968149        0.1562968149        0.1562968149        0.1562968149
796     i              0.1562968149        0.1562968149        0.1562968149        0.1562968149
797     s              0.1562968149        0.1562968149        0.1562968149        0.1562968149
798     t              0.1562968149        0.1562968149        0.1562968149        0.1562968149
799     o              0.1562968149        0.1562968149        0.1562968149        0.1562968149
800     s              0.1562968149        0.1562968149        0.1562968149        0.1562968149
801     h              0.1562968149        0.1562968149        0.1562968149        0.1562968149
802     e              0.1562968149        0.1562968149        0.1562968149        0.1562968149
803     a              0.1562968149        0.1562968149        0.1562968149        0.1562968149
804     f              0.1562968149        0.1562968149        0.1562968149        0.1562968149
805     r              0.1562968149        0.1562968149        0.1562968149        0.1562968149
806     a              0.1562968149        0.1562968149        0.1562968149        0.1562968149
807     i              0.1562968149        0.1562968149        0.1562968149        0.1562968149
808     d              0.1562968149        0.1562968149        0.1562968149        0.1562968149
809     f              0.1562968149        0.1562968149        0.1562968149        0.1562968149
810     e              0.1562968149        0.1562968149        0.1562968149        0.1562968149
811     w              0.1562968149        0.1562968149        0.1562968149        0.1562968149
812     o              0.1562968149        0.1562968149        0.1562968149        0.1562968149
813     b              0.1562968149        0.1562968149        0.1562968149        0.1562968149
814     e              0.1562968149        0.1562968149        0.1562968149        0.1562968149
815     y              0.1562968149        0.1562968149        0.1562968149        0.1562968149
816     e              0.1562968149        0.1562968149        0.1562968149        0.1562968149
817     d              0.1562968149        0.1562968149        0.1562968149        0.1562968149
818     .              0.1562968149        0.1562968149        0.1562968149        0.1562968149
819     i              0.1562968149        0.1562968149        0.1562968149        0.1562968149
820     n              0.1562968149        0.1562968149        0.1562968149        0.1562968149
821     o              0.1562968149        0.1562968149        0.1562968149        0.1562968149
822     t              0.1562968149        0.1562968149        0.1562968149        0.1562968149
823     t              0.1562968149        0.1562968149        0.1562968149        0.1562968149
824     o              0.1562968149        0.1562968149        0.1562968149        0.1562968149
825     i              0.1562968149        0.1562968149        0.1562968149        0.1562968149
826     h              0.1562968149        0.1562968149        0.1562968149        0.1562968149
827     a              0.1562968149        0.1562968149        0.1562968149        0.1562968149
828     d              0.1562968149        0.1562968149        0.1562968149        0.1562968149
829     a              0.1562968149        0.1562968149        0.1562968149        0.1562968149
830     b              0.1562968149        0.1562968149        0.1562968149        0.1562968149
831     l              0.1562968149        0.1562968149        0.1562968149        0.1562968149
832     e              0.1562968149        0.1562968149        0.1562968149        0.1562968149
833     t              0.1562968149        0.1562968149        0.1562968149        0.1562968149
834     o              0.1562968149        0.1562968149        0.1562968149        0.1562968149
835     n              0.1562968149        0.1562968149        0.1562968149        0.1562968149
836     o              0.1562968149        0.1562968149        0.1562968149        0.1562968149
837     t              0.1562968149        0.1562968149        0.1562968149        0.1562968149
838     s              0.1562968149        0.1562968149        0.1562968149        0.1562968149
839     u              0.1562968149        0.1562968149        0.1562968149        0.1562968149
840     c              0.1562968149        0.1562968149        0.1562968149        0.1562968149
841     h              0.1562968149        0.1562968149        0.1562968149        0.1562968149
842     h              0.1562968149        0.1562968149        0.1562968149        0.1562968149
843     i              0.1562968149        0.1562968149        0.1562968149        0.1562968149
844     s              0.1562968149        0.1562968149        0.1562968149        0.1562968149
845     .              0.1562968149        0.1562968149        0.1562968149        0.1562968149
846     f              0.1562968149        0.1562968149        0.1562968149        0.1562968149
847     a              0.1562968149        0.1562968149        0.1562968149        0.1562968149
848     m              0.1562968149        0.1562968149        0.1562968149        0.1562968149
849     i              0.1562968149        0.1562968149        0.1562968149        0.1562968149
850     l              0.1562968149        0.1562968149        0.1562968149        0.1562968149
851     y              0.1562968149        0.1562968149        0.1562968149        0.1562968149
852     s              0.1562968149        0.1562968149        0.1562968149        0.1562968149
853     e              0.1562968149        0.1562968149        0.1562968149        0.1562968149
854     e              0.1562968149        0.1562968149        0.1562968149        0.1562968149
855     i              0.1562968149        0.1562968149        0.1562968149        0.1562968149
856     n              0.1562968149        0.1562968149        0.1562968149        0.1562968149
857     g              0.1562968149        0.1562968149        0.1562968149        0.1562968149
858     i              0.1562968149        0.1562968149        0.1562968149        0.1562968149
859     h              0.1562968149        0.1562968149        0.1562968149        0.1562968149
860     i              0.1562968149        0.1562968149        0.1562968149        0.1562968149
861     g              0.1562968149        0.1562968149        0.1562968149        0.1562968149
862     h              0.1562968149        0.1562968149        0.1562968149        0.1562968149
863     t              0.1562968149        0.1562968149        0.1562968149        0.1562968149
864     h              0.1562968149        0.1562968149        0.1562968149        0.1562968149
865     e              0.1562968149        0.1562968149        0.1562968149        0.1562968149
866     u              0.1562968149        0.1562968149        0.1562968149        0.1562968149
867     n              0.1562968149        0.1562968149        0.1562968149        0.1562968149
868     l              0.1562968149        0.1562968149        0.1562968149        0.1562968149
869     e              0.1562968149        0.1562968149        0.1562968149        0.1562968149
870     s              0.1562968149        0.1562968149        0.1562968149        0.1562968149
871     s              0.1562968149        0.1562968149        0.1562968149        0.1562968149
872     e              0.1562968149        0.1562968149        0.1562968149        0.1562968149
873     l              0.1562968149        0.1562968149        0.1562968149        0.1562968149
874     i              0.1562968149        0.1562968149        0.1562968149        0.1562968149
875     z              0.1562968149        0.1562968149        0.1562968149        0.1562968149
876     a              0.1562968149        0.1562968149        0.1562968149        0.1562968149
877     b              0.1562968149        0.1562968149        0.1562968149        0.1562968149
878     e              0.1562968149        0.1562968149        0.1562968149        0.1562968149
879     t              0.1562968149        0.1562968149        0.1562968149        0.1562968149
880     h              0.1562968149        0.1562968149        0.1562968149        0.1562968149
881     n              0.1562968149        0.1562968149        0.1562968149        0.1562968149
882     o              0.1562968149        0.1562968149        0.1562968149        0.1562968149
883     t              0.1562968149        0.1562968149        0.1562968149        0.1562968149
884     c              0.1562968149        0.1562968149        0.1562968149        0.1562968149
885     h              0.1562968149        0.1562968149        0.1562968149        0.1562968149
886     a              0.1562968149        0.1562968149        0.1562968149        0.1562968149
887     r              0.1562968149        0.1562968149        0.1562968149        0.1562968149
888     l              0.1562968149        0.1562968149        0.1562968149        0.1562968149
889     o              0.1562968149        0.1562968149        0.1562968149        0.1562968149
890     t              0.1562968149        0.1562968149        0.1562968149        0.1562968149
891     t              0.1562968149        0.1562968149        0.1562968149        0.1562968149
892     e              0.1562968149        0.1562968149        0.1562968149        0.1562968149
893     t              0.1562968149        0.1562968149        0.1562968149        0.1562968149
894     o              0.1562968149        0.1562968149        0.1562968149        0.1562968149
895     o              0.1562968149        0.1562968149        0.1562968149        0.1562968149
896     k              0.1562968149        0.1562968149        0.1562968149        0.1562968149
897     .              0.1562968149        0.1562968149        0.1562968149        0.1562968149
898     i              0.1562968149        0.1562968149        0.1562968149        0.1562968149
899     s              0.1562968149        0.1562968149        0.1562968149        0.1562968149
900     w              0.1562968149        0.1562968149        0.1562968149        0.1562968149
901     i              0.1562968149        0.1562968149        0.1562968149        0.1562968149
902     t              0.1562968149        0.1562968149        0.1562968149        0.1562968149
903     h              0.1562968149        0.1562968149        0.1562968149        0.1562968149
904     o              0.1562968149        0.1562968149        0.1562968149        0.1562968149
905     u              0.1562968149        0.1562968149        0.1562968149        0.1562968149
906     t              0.1562968149        0.1562968149        0.1562968149        0.1562968149
907     w              0.1562968149        0.1562968149        0.1562968149        0.1562968149
908     i              0.1562968149        0.1562968149        0.1562968149        0.1562968149
909     t              0.1562968149        0.1562968149        0.1562968149        0.1562968149
910     h              0.1562968149        0.1562968149        0.1562968149        0.1562968149
911     m              0.1562968149        0.1562968149        0.1562968149        0.1562968149
912     o              0.1562968149        0.1562968149        0.1562968149        0.1562968149
913     r              0.1562968149        0.1562968149        0.1562968149        0.1562968149
914     e              0.1562968149        0.1562968149        0.1562968149        0.1562968149
915     w              0.1562968149        0.1562968149        0.1562968149        0.1562968149
916     a              0.1562968149        0.1562968149        0.1562968149        0.1562968149
917     s              0.1562968149        0.1562968149        0.1562968149        0.1562968149
918     a              0.1562968149        0.1562968149        0.1562968149        0.1562968149
919     l              0.1562968149        0.1562968149        0.1562968149        0.1562968149
920     l              0.1562968149        0.1562968149        0.1562968149        0.1562968149
921     h              0.1562968149        0.1562968149        0.1562968149        0.1562968149
922     i              0.1562968149        0.1562968149        0.1562968149        0.1562968149
923     m              0.1562968149        0.1562968149        0.1562968149        0.1562968149
924     s              0.1562968149        0.1562968149        0.1562968149        0.1562968149
925     e              0.1562968149        0.1562968149        0.1562968149        0.1562968149
926     l              0.1562968149        0.1562968149        0.1562968149        0.1562968149
927     f              0.1562968149        0.1562968149        0.1562968149        0.1562968149
928     e              0.1562968149        0.1562968149        0.1562968149        0.1562968149
929     l              0.1562968149        0.1562968149        0.1562968149        0.1562968149
930     i              0.1562968149        0.1562968149        0.1562968149        0.1562968149
931     z              0.1562968149        0.1562968149        0.1562968149        0.1562968149
932     a              0.1562968149        0.1562968149        0.1562968149        0.1562968149
933     b              0.1562968149        0.1562968149        0.1562968149        0.1562968149
934     e              0.1562968149        0.1562968149        0.1562968149        0.1562968149
935     t              0.1562968149        0.1562968149        0.1562968149        0.1562968149
936     h              0.1562968149        0.1562968149        0.1562968149        0.1562968149
937     h              0.1562968149        0.1562968149        0.1562968149        0.1562968149
938     a              0.1562968149        0.1562968149        0.1562968149        0.1562968149
939     s              0.1562968149        0.1562968149        0.1562968149        0.1562968149
940     i              0.1562968149        0.1562968149        0.1562968149        0.1562968149
941     t              0.1562968149        0.1562968149        0.1562968149        0.1562968149
942     a              0.1562968149        0.1562968149        0.1562968149        0.1562968149
943     n              0.1562968149        0.1562968149        0.1562968149        0.1562968149
944     d              0.1562968149        0.1562968149        0.1562968149        0.1562968149
945     t              0.1562968149        0.1562968149        0.1562968149        0.1562968149
946     h              0.1562968149        0.1562968149        0.1562968149        0.1562968149
947     e              0.1562968149        0.1562968149        0.1562968149        0.1562968149
948     m              0.1562968149        0.1562968149        0.1562968149        0.1562968149
949     .              0.1562968149        0.1562968149        0.1562968149        0.1562968149
950     b              0.1562968149        0.1562968149        0.1562968149        0.1562968149
951     y              0.1562968149        0.1562968149        0.1562968149        0.1562968149
952     t              0.1562968149        0.1562968149        0.1562968149        0.1562968149
953     h              0.1562968149        0.1562968149        0.1562968149        0.1562968149
954     e              0.1562968149        0.1562968149        0.1562968149        0.1562968149
955     r              0.1562968149        0.1562968149        0.1562968149        0.1562968149
956     e              0.1562968149        0.1562968149        0.1562968149        0.1562968149
957     f              0.1562968149        0.1562968149        0.1562968149        0.1562968149
958     o              0.1562968149        0.1562968149        0.1562968149        0.1562968149
959     r              0.1562968149        0.1562968149        0.1562968149        0.1562968149
960     e              0.1562968149        0.1562968149        0.1562968149        0.1562968149
961     i              0.1562968149        0.1562968149        0.1562968149        0.1562968149
962     n              0.1562968149        0.1562968149        0.1562968149        0.1562968149
963     s              0.1562968149        0.1562968149        0.1562968149        0.1562968149
964     t              0.1562968149        0.1562968149        0.1562968149        0.1562968149
965     a              0.1562968149        0.1562968149        0.1562968149        0.1562968149
966     n              0.1562968149        0.1562968149        0.1562968149        0.1562968149
967     t              0.1562968149        0.1562968149        0.1562968149        0.1562968149
968     l              0.1562968149        0.1562968149        0.1562968149        0.1562968149
969     y              0.1562968149        0.1562968149        0.1562968149        0.1562968149
970     t              0.1562968149        0.1562968149        0.1562968149        0.1562968149
971     h              0.1562968149        0.1562968149        0.1562968149        0.1562968149
972     a              0.1562968149        0.1562968149        0.1562968149        0.1562968149
973     t              0.1562968149        0.1562968149        0.1562968149        0.1562968149
974     g              0.1562968149        0.1562968149        0.1562968149        0.1562968149
975     o              0.1562968149        0.1562968149        0.1562968149        0.1562968149
976     o              0.1562968149        0.1562968149        0.1562968149        0.1562968149
977     d              0.1562968149        0.1562968149        0.1562968149        0.1562968149
978     a              0.1562968149        0.1562968149        0.1562968149        0.1562968149
979     l              0.1562968149        0.1562968149        0.1562968149        0.1562968149
980     l              0.1562968149        0.1562968149        0.1562968149        0.1562968149
981     e              0.1562968149        0.1562968149        0.1562968149        0.1562968149
982     n              0.1562968149        0.1562968149        0.1562968149        0.1562968149
983     d              0.1562968149        0.1562968149        0.1562968149        0.1562968149
984     a              0.1562968149        0.1562968149        0.1562968149        0.1562968149
985     r              0.1562968149        0.1562968149        0.1562968149        0.1562968149
986     e              0.1562968149        0.1562968149        0.1562968149        0.1562968149
987     s              0.1562968149        0.1562968149        0.1562968149        0.1562968149
988     a              0.1562968149        0.1562968149        0.1562968149        0.1562968149
989     y              0.1562968149        0.1562968149        0.1562968149        0.1562968149
990     r              0.1562968149        0.1562968149        0.1562968149        0.1562968149
991     e              0.1562968149        0.1562968149        0.1562968149        0.1562968149
992     t              0.1562968149        0.1562968149        0.1562968149        0.1562968149
993     r              0.1562968149        0.1562968149        0.1562968149        0.1562968149
994     e              0.1562968149        0.1562968149        0.1562968149        0.1562968149
995     n              0.1562968149        0.1562968149        0.1562968149        0.1562968149
996     c              0.1562968149        0.1562968149        0.1562968149        0.1562968149
997     h              0.1562968149        0.1562968149        0.1562968149        0.1562968149
998     e              0.1562968149        0.1562968149        0.1562968149        0.1562968149
999     d              0.1562968149        0.1562968149        0.1562968149        0.1562968149
1000    .              0.1562968149        0.1562968149        0.1562968149        0.1562968149
1001    h              0.1562968149        0.1562968149        0.1562968149        0.1562968149
1002    e              0.1562968149        0.1562968149        0.1562968149        0.1562968149
1003    b              0.1562968149        0.1562968149        0.1562968149        0.1562968149
1004    e              0.1562968149        0.1562968149        0.1562968149        0.1562968149
1005    h              0.1562968149        0.1562968149        0.1562968149        0.1562968149
1006    i              0.1562968149        0.1562968149        0.1562968149        0.1562968149
1007    s              0.1562968149        0.1562968149        0.1562968149        0.1562968149
1008    a              0.1562968149        0.1562968149        0.1562968149        0.1562968149
1009    g              0.1562968149        0.1562968149        0.1562968149        0.1562968149
1010    a              0.1562968149        0.1562968149        0.1562968149        0.1562968149
1011    i              0.1562968149        0.1562968149        0.1562968149        0.1562968149
1012    n              0.1562968149        0.1562968149        0.1562968149        0.1562968149
1013    i              0.1562968149        0.1562968149        0.1562968149        0.1562968149
1014    s              0.1562968149        0.1562968149        0.1562968149        0.1562968149
1015    i              0.1562968149        0.1562968149        0.1562968149        0.1562968149
1016    n              0.1562968149        0.1562968149        0.1562968149        0.1562968149
1017    o              0.1562968149        0.1562968149        0.1562968149        0.1562968149
1018    n              0.1562968149        0.1562968149        0.1562968149        0.1562968149
1019    c              0.1562968149        0.1562968149        0.1562968149        0.1562968149
1020    o              0.1562968149        0.1562968149        0.1562968149        0.1562968149
1021    l              0.1562968149        0.1562968149        0.1562968149        0.1562968149
1022    o              0.1562968149        0.1562968149        0.1562968149        0.1562968149
1023    n              0.1562968149        0.1562968149        0.1562968149        0.1562968149
1024    e              0.1562968149        0.1562968149        0.1562968149        0.1562968149
1025    l              0.1562968149        0.1562968149        0.1562968149        0.1562968149
1026    m              0.1562968149        0.1562968149        0.1562968149        0.1562968149
1027    i              0.1562968149        0.1562968149        0.1562968149        0.1562968149
1028    s              0.1562968149        0.1562968149        0.1562968149        0.1562968149
1029    s              0.1562968149        0.1562968149        0.1562968149        0.1562968149
1030    b              0.1562968149        0.1562968149        0.1562968149        0.1562968149
1031    i              0.1562968149        0.1562968149        0.1562968149        0.1562968149
1032    n              0.1562968149        0.1562968149        0.1562968149        0.1562968149
1033    g              0.1562968149        0.1562968149        0.1562968149        0.1562968149
1034    l              0.1562968149        0.1562968149        0.1562968149        0.1562968149
1035    e              0.1562968149        0.1562968149        0.1562968149        0.1562968149
1036    y              0.1562968149        0.1562968149        0.1562968149        0.1562968149
1037    s              0.1562968149        0.1562968149        0.1562968149        0.1562968149
1038    e              0.1562968149        0.1562968149        0.1562968149        0.1562968149
1039    e              0.1562968149        0.1562968149        0.1562968149        0.1562968149
1040    n              0.1562968149        0.1562968149        0.1562968149        0.1562968149
1041    .              0.1562968149        0.1562968149        0.1562968149        0.1562968149
1042    n              0.1562968149        0.1562968149        0.1562968149        0.1562968149
1043    o              0.1562968149        0.1562968149        0.1562968149        0.1562968149
1044    t              0.1562968149        0.1562968149        0.1562968149        0.1562968149
1045    t              0.1562968149        0.1562968149        0.1562968149        0.1562968149
1046    o              0.1562968149        0.1562968149        0.1562968149        0.1562968149
1047    b              0.1562968149        0.1562968149        0.1562968149        0.1562968149
1048    e              0.1562968149        0.1562968149        0.1562968149        0.1562968149
1049    o              0.1562968149        0.1562968149        0.1562968149        0.1562968149
1050    p              0.1562968149        0.1562968149        0.1562968149        0.1562968149
1051    e              0.1562968149        0.1562968149        0.1562968149        0.1562968149
1052    n              0.1562968149        0.1562968149        0.1562968149        0.1562968149
1053    e              0.1562968149        0.1562968149        0.1562968149        0.1562968149
1054    d              0.1562968149        0.1562968149        0.1562968149        0.1562968149
1055    c              0.1562968149        0.1562968149        0.1562968149        0.1562968149
1056    h              0.1562968149        0.1562968149        0.1562968149        0.1562968149
1057    a              0.1562968149        0.1562968149        0.1562968149        0.1562968149
1058    r              0.1562968149        0.1562968149        0.1562968149        0.1562968149
1059    a              0.1562968149        0.1562968149        0.1562968149        0.1562968149
1060    c              0.1562968149        0.1562968149        0.1562968149        0.1562968149
1061    t              0.1562968149        0.1562968149        0.1562968149        0.1562968149
1062    e              0.1562968149        0.1562968149        0.1562968149        0.1562968149
1063    r              0.1562968149        0.1562968149        0.1562968149        0.1562968149
1064    s              0.1562968149        0.1562968149        0.1562968149        0.1562968149
1065    g              0.1562968149        0.1562968149        0.1562968149        0.1562968149
1066    e              0.1562968149        0.1562968149        0.1562968149        0.1562968149
1067    t              0.1562968149        0.1562968149        0.1562968149        0.1562968149
1068    m              0.1562968149        0.1562968149        0.1562968149        0.1562968149
1069    o              0.1562968149        0.1562968149        0.1562968149        0.1562968149
1070    t              0.1562968149        0.1562968149        0.1562968149        0.1562968149
1071    h              0.1562968149        0.1562968149        0.1562968149        0.1562968149
1072    e              0.1562968149        0.1562968149        0.1562968149        0.1562968149
1073    r              0.1562968149        0.1562968149        0.1562968149        0.1562968149
1074    t              0.1562968149        0.1562968149        0.1562968149        0.1562968149
1075    o              0.1562968149        0.1562968149        0.1562968149        0.1562968149
1076    l              0.1562968149        0.1562968149        0.1562968149        0.1562968149
1077    d              0.1562968149        0.1562968149        0.1562968149        0.1562968149
1078    m              0.1562968149        0.1562968149        0.1562968149        0.1562968149
1079    y              0.1562968149        0.1562968149        0.1562968149        0.1562968149
1080    m              0.1562968149        0.1562968149        0.1562968149        0.1562968149
1081    a              0.1562968149        0.1562968149        0.1562968149        0.1562968149
1082    n              0.1562968149        0.1562968149        0.1562968149        0.1562968149
1083    a              0.1562968149        0.1562968149        0.1562968149        0.1562968149
1084    s              0.1562968149        0.1562968149        0.1562968149        0.1562968149
1085    o              0.1562968149        0.1562968149        0.1562968149        0.1562968149
1086    m              0.1562968149        0.1562968149        0.1562968149        0.1562968149
1087    e              0.1562968149        0.1562968149        0.1562968149        0.1562968149
1088    .              0.1562968149        0.1562968149        0.1562968149        0.1562968149
1089    s              0.1562968149        0.1562968149        0.1562968149        0.1562968149
1090    i              0.1562968149        0.1562968149        0.1562968149        0.1562968149
1091    t              0.1562968149        0.1562968149        0.1562968149        0.1562968149
1092    u              0.1562968149        0.1562968149        0.1562968149        0.1562968149
1093    a              0.1562968149        0.1562968149        0.1562968149        0.1562968149
1094    t              0.1562968149        0.1562968149        0.1562968149        0.1562968149
1095    i              0.1562968149        0.1562968149        0.1562968149        0.1562968149
1096    o              0.1562968149        0.1562968149        0.1562968149        0.1562968149
1097    n              0.1562968149        0.1562968149        0.1562968149        0.1562968149
1098    v              0.1562968149        0.1562968149        0.1562968149        0.1562968149
1099    e              0.1562968149        0.1562968149        0.1562968149        0.1562968149
1100    r              0.1562968149        0.1562968149        0.1562968149        0.1562968149
1101    y              0.1562968149        0.1562968149        0.1562968149        0.1562968149
1102    h              0.1562968149        0.1562968149        0.1562968149        0.1562968149
1103    i              0.1562968149        0.1562968149        0.1562968149        0.1562968149
1104    s              0.1562968149        0.1562968149        0.1562968149        0.1562968149
1105    a              0.1562968149        0.1562968149        0.1562968149        0.1562968149
1106    w              0.1562968149        0.1562968149        0.1562968149        0.1562968149
1107    a              0.1562968149        0.1562968149        0.1562968149        0.1562968149
1108    y              0.1562968149        0.1562968149        0.1562968149        0.1562968149
1109    a              0.1562968149        0.1562968149        0.1562968149        0.1562968149
1110    n              0.1562968149        0.1562968149        0.1562968149        0.1562968149
1111    t              0.1562968149        0.1562968149        0.1562968149        0.1562968149
1112    i              0.1562968149        0.1562968149        0.1562968149        0.1562968149
1113    c              0.1562968149        0.1562968149        0.1562968149        0.1562968149
1114    i              0.1562968149        0.1562968149        0.1562968149        0.1562968149
1115    p              0.1562968149        0.1562968149        0.1562968149        0.1562968149
1116    a              0.1562968149        0.1562968149        0.1562968149        0.1562968149
1117    t              0.1562968149        0.1562968149        0.1562968149        0.1562968149
1118    i              0.1562968149        0.1562968149        0.1562968149        0.1562968149
1119    n              0.1562968149        0.1562968149        0.1562968149        0.1562968149
1120    g              0.1562968149        0.1562968149        0.1562968149        0.1562968149
1121    n              0.1562968149        0.1562968149        0.1562968149        0.1562968149
1122    a              0.1562968149        0.1562968149        0.1562968149        0.1562968149
1123    t              0.1562968149        0.1562968149        0.1562968149        0.1562968149
1124    u              0.1562968149        0.1562968149        0.1562968149        0.1562968149
1125    r              0.1562968149        0.1562968149        0.1562968149        0.1562968149
1126    e              0.1562968149        0.1562968149        0.1562968149        0.1562968149
1127    a              0.1562968149        0.1562968149        0.1562968149        0.1562968149
1128    s              0.1562968149        0.1562968149        0.1562968149        0.1562968149
1129    e              0.1562968149        0.1562968149        0.1562968149        0.1562968149
1130    e              0.1562968149        0.1562968149        0.1562968149        0.1562968149
1131    n              0.1562968149        0.1562968149        0.1562968149        0.1562968149
1132    s              0.1562968149        0.1562968149        0.1562968149        0.1562968149
1133    e              0.1562968149        0.1562968149        0.1562968149        0.1562968149
1134    e              0.1562968149        0.1562968149        0.1562968149        0.1562968149
1135    t              0.1562968149        0.1562968149        0.1562968149        0.1562968149
1136    o              0.1562968149        0.1562968149        0.1562968149        0.1562968149
1137    w              0.1562968149        0.1562968149        0.1562968149        0.1562968149
1138    a              0.1562968149        0.1562968149        0.1562968149        0.1562968149
1139    r              0.1562968149        0.1562968149        0.1562968149        0.1562968149
1140    d              0.1562968149        0.1562968149        0.1562968149        0.1562968149
1141    s              0.1562968149        0.1562968149        0.1562968149        0.1562968149
1142    .              0.1562968149        0.1562968149        0.1562968149        0.1562968149
1143    s              0.1562968149        0.1562968149        0.1562968149        0.1562968149
1144    h              0.1562968149        0.1562968149        0.1562968149        0.1562968149
1145    o              0.1562968149        0.1562968149        0.1562968149        0.1562968149
1146    u              0.1562968149        0.1562968149        0.1562968149        0.1562968149
1147    l              0.1562968149        0.1562968149        0.1562968149        0.1562968149
1148    d              0.1562968149        0.1562968149        0.1562968149        0.1562968149
1149    s              0.1562968149        0.1562968149        0.1562968149        0.1562968149
1150    u              0.1562968149        0.1562968149        0.1562968149        0.1562968149
1151    r              0.1562968149        0.1562968149        0.1562968149        0.1562968149
1152    v              0.1562968149        0.1562968149        0.1562968149        0.1562968149
1153    i              0.1562968149        0.1562968149        0.1562968149        0.1562968149
1154    v              0.1562968149        0.1562968149        0.1562968149        0.1562968149
1155    o              0.1562968149        0.1562968149        0.1562968149        0.1562968149
1156    r              0.1562968149        0.1562968149        0.1562968149        0.1562968149
1157    o              0.1562968149        0.1562968149        0.1562968149        0.1562968149
1158    f              0.1562968149        0.1562968149        0.1562968149        0.1562968149
1159    w              0.1562968149        0.1562968149        0.1562968149        0.1562968149
1160    a              0.1562968149        0.1562968149        0.1562968149        0.1562968149
1161    s              0.1562968149        0.1562968149        0.1562968149        0.1562968149
1162    c              0.1562968149        0.1562968149        0.1562968149        0.1562968149
1163    a              0.1562968149        0.1562968149        0.1562968149        0.1562968149
1164    n              0.1562968149        0.1562968149        0.1562968149        0.1562968149
1165    e              0.1562968149        0.1562968149        0.1562968149        0.1562968149
1166    y              0.1562968149        0.1562968149        0.1562968149        0.1562968149
1167    e              0.1562968149        0.1562968149        0.1562968149        0.1562968149
1168    s              0.1562968149        0.1562968149        0.1562968149        0.1562968149
1169    p              0.1562968149        0.1562968149        0.1562968149        0.1562968149
1170    r              0.1562968149        0.1562968149        0.1562968149        0.1562968149
1171    o              0.1562968149        0.1562968149        0.1562968149        0.1562968149
1172    c              0.1562968149        0.1562968149        0.1562968149        0.1562968149
1173    e              0.1562968149        0.1562968149        0.1562968149        0.1562968149
1174    s              0.1562968149        0.1562968149        0.1562968149        0.1562968149
1175    s              0.1562968149        0.1562968149        0.1562968149        0.1562968149
1176    w              0.1562968149        0.1562968149        0.1562968149        0.1562968149
1177    a              0.1562968149        0.1562968149        0.1562968149        0.1562968149
1178    s              0.1562968149        0.1562968149        0.1562968149        0.1562968149
1179    t              0.1562968149        0.1562968149        0.1562968149        0.1562968149
1180    h              0.1562968149        0.1562968149        0.1562968149        0.1562968149
1181    e              0.1562968149        0.1562968149        0.1562968149        0.1562968149
1182    a              0.1562968149        0.1562968149        0.1562968149        0.1562968149
1183    f              0.1562968149        0.1562968149        0.1562968149        0.1562968149
1184    f              0.1562968149        0.1562968149        0.1562968149        0.1562968149
1185    e              0.1562968149        0.1562968149        0.1562968149        0.1562968149
1186    c              0.1562968149        0.1562968149        0.1562968149        0.1562968149
1187    t              0.1562968149        0.1562968149        0.1562968149        0.1562968149
1188    i              0.1562968149        0.1562968149        0.1562968149        0.1562968149
1189    o              0.1562968149        0.1562968149        0.1562968149        0.1562968149
1190    n              0.1562968149        0.1562968149        0.1562968149        0.1562968149
1191    o              0.1562968149        0.1562968149        0.1562968149        0.1562968149
1192    p              0.1562968149        0.1562968149        0.1562968149        0.1562968149
1193    e              0.1562968149        0.1562968149        0.1562968149        0.1562968149
1194    n              0.1562968149        0.1562968149        0.1562968149        0.1562968149
1195    i              0.1562968149        0.1562968149        0.1562968149        0.1562968149
1196    n              0.1562968149        0.1562968149        0.1562968149        0.1562968149
1197    g              0.1562968149        0.1562968149        0.1562968149        0.1562968149
1198    .              0.1562968149        0.1562968149        0.1562968149        0.1562968149
1199    t              0.1562968149        0.1562968149        0.1562968149        0.1562968149
1200    o              0.1562968149        0.1562968149        0.1562968149        0.1562968149
1201    c              0.1562968149        0.1562968149        0.1562968149        0.1562968149
1202    a              0.1562968149        0.1562968149        0.1562968149        0.1562968149
1203    l              0.1562968149        0.1562968149        0.1562968149        0.1562968149
1204    l              0.1562968149        0.1562968149        0.1562968149        0.1562968149
1205    i              0.1562968149        0.1562968149        0.1562968149        0.1562968149
1206    n              0.1562968149        0.1562968149        0.1562968149        0.1562968149
1207    g              0.1562968149        0.1562968149        0.1562968149        0.1562968149
1208    h              0.1562968149        0.1562968149        0.1562968149        0.1562968149
1209    e              0.1562968149        0.1562968149        0.1562968149        0.1562968149
1210    r              0.1562968149        0.1562968149        0.1562968149        0.1562968149
1211    l              0.1562968149        0.1562968149        0.1562968149        0.1562968149
1212    a              0.1562968149        0.1562968149        0.1562968149        0.1562968149
1213    d              0.1562968149        0.1562968149        0.1562968149        0.1562968149
1214    y              0.1562968149        0.1562968149        0.1562968149        0.1562968149
1215    s              0.1562968149        0.1562968149        0.1562968149        0.1562968149
1216    h              0.1562968149        0.1562968149        0.1562968149        0.1562968149
1217    i              0.1562968149        0.1562968149        0.1562968149        0.1562968149
1218    p              0.1562968149        0.1562968149        0.1562968149        0.1562968149
1219    h              0.1562968149        0.1562968149        0.1562968149        0.1562968149
1220    i              0.1562968149        0.1562968149        0.1562968149        0.1562968149
1221    s              0.1562968149        0.1562968149        0.1562968149        0.1562968149
1222    i              0.1562968149        0.1562968149        0.1562968149        0.1562968149
1223    n              0.1562968149        0.1562968149        0.1562968149        0.1562968149
1224    e              0.1562968149        0.1562968149        0.1562968149        0.1562968149
1225    l              0.1562968149        0.1562968149        0.1562968149        0.1562968149
1226    i              0.1562968149        0.1562968149        0.1562968149        0.1562968149
1227    z              0.1562968149        0.1562968149        0.1562968149        0.1562968149
1228    a              0.1562968149        0.1562968149        0.1562968149        0.1562968149
1229    b              0.1562968149        0.1562968149        0.1562968149        0.1562968149
1230    e              0.1562968149        0.1562968149        0.1562968149        0.1562968149
1231    t              0.1562968149        0.1562968149        0.1562968149        0.1562968149
1232    h              0.1562968149        0.1562968149        0.1562968149        0.1562968149
1233    b              0.1562968149        0.1562968149        0.1562968149        0.1562968149
1234    e              0.1562968149        0.1562968149        0.1562968149        0.1562968149
1235    a              0.1562968149        0.1562968149        0.1562968149        0.1562968149
1236    y              0.1562968149        0.1562968149        0.1562968149        0.1562968149
1237    o              0.1562968149        0.1562968149        0.1562968149        0.1562968149
1238    u              0.1562968149        0.1562968149        0.1562968149        0.1562968149
1239    w              0.1562968149        0.1562968149        0.1562968149        0.1562968149
1240    e              0.1562968149        0.1562968149        0.1562968149        0.1562968149
1241    w              0.1562968149        0.1562968149        0.1562968149        0.1562968149
1242    o              0.1562968149        0.1562968149        0.1562968149        0.1562968149
1243    u              0.1562968149        0.1562968149        0.1562968149        0.1562968149
1244    l              0.1562968149        0.1562968149        0.1562968149        0.1562968149
1245    d              0.1562968149        0.1562968149        0.1562968149        0.1562968149
1246    w              0.1562968149        0.1562968149        0.1562968149        0.1562968149
1247    i              0.1562968149        0.1562968149        0.1562968149        0.1562968149
1248    t              0.1562968149        0.1562968149        0.1562968149        0.1562968149
1249    h              0.1562968149        0.1562968149        0.1562968149        0.1562968149
1250    .              0.1562968149        0.1562968149        0.1562968149        0.1562968149
1251    o              0.1562968149        0.1562968149        0.1562968149        0.1562968149
1252    f              0.1562968149        0.1562968149        0.1562968149        0.1562968149
1253    t              0.1562968149        0.1562968149        0.1562968149        0.1562968149
1254    h              0.1562968149        0.1562968149        0.1562968149        0.1562968149
1255    e              0.1562968149        0.1562968149        0.1562968149        0.1562968149
1256    s              0.1562968149        0.1562968149        0.1562968149        0.1562968149
1257    i              0.1562968149        0.1562968149        0.1562968149        0.1562968149
1258    n              0.1562968149        0.1562968149        0.1562968149        0.1562968149
1259    c              0.1562968149        0.1562968149        0.1562968149        0.1562968149
1260    e              0.1562968149        0.1562968149        0.1562968149        0.1562968149
1261    b              0.1562968149        0.1562968149        0.1562968149        0.1562968149
1262    e              0.1562968149        0.1562968149        0.1562968149        0.1562968149
1263    n              0.1562968149        0.1562968149        0.1562968149        0.1562968149
1264    n              0.1562968149        0.1562968149        0.1562968149        0.1562968149
1265    e              0.1562968149        0.1562968149        0.1562968149        0.1562968149
1266    t              0.1562968149        0.1562968149        0.1562968149        0.1562968149
1267    o              0.1562968149        0.1562968149        0.1562968149        0.1562968149
1268    f              0.1562968149        0.1562968149        0.1562968149        0.1562968149
1269    m              0.1562968149        0.1562968149        0.1562968149        0.1562968149
1270    r              0.1562968149        0.1562968149        0.1562968149        0.1562968149
1271    s              0.1562968149        0.1562968149        0.1562968149        0.1562968149
1272    m              0.1562968149        0.1562968149        0.1562968149        0.1562968149
1273    e              0.1562968149        0.1562968149        0.1562968149        0.1562968149
1274    i              0.1562968149        0.1562968149        0.1562968149        0.1562968149
1275    w              0.1562968149        0.1562968149        0.1562968149        0.1562968149
1276    h              0.1562968149        0.1562968149        0.1562968149        0.1562968149
1277    a              0.1562968149        0.1562968149        0.1562968149        0.1562968149
1278    t              0.1562968149        0.1562968149        0.1562968149        0.1562968149
1279    .              0.1562968149        0.1562968149        0.1562968149        0.1562968149
1280    i              0.1562968149        0.1562968149        0.1562968149        0.1562968149
1281    s              0.1562968149        0.1562968149        0.1562968149        0.1562968149
1282    o              0.1562968149        0.1562968149        0.1562968149        0.1562968149
1283    r              0.1562968149        0.1562968149        0.1562968149        0.1562968149
1284    r              0.1562968149        0.1562968149        0.1562968149        0.1562968149
1285    y              0.1562968149        0.1562968149        0.1562968149        0.1562968149
1286    i              0.1562968149        0.1562968149        0.1562968149        0.1562968149
1287    n              0.1562968149        0.1562968149        0.1562968149        0.1562968149
1288    t              0.1562968149        0.1562968149        0.1562968149        0.1562968149
1289    o              0.1562968149        0.1562968149        0.1562968149        0.1562968149
1290    t              0.1562968149        0.1562968149        0.1562968149        0.1562968149
1291    h              0.1562968149        0.1562968149        0.1562968149        0.1562968149
1292    e              0.1562968149        0.1562968149        0.1562968149        0.1562968149
1293    m              0.1562968149        0.1562968149        0.1562968149        0.1562968149
1294    e              0.1562968149        0.1562968149        0.1562968149        0.1562968149
1295    e              0.1562968149        0.1562968149        0.1562968149        0.1562968149
1296    l              0.1562968149        0.1562968149        0.1562968149        0.1562968149
1297    i              0.1562968149        0.1562968149        0.1562968149        0.1562968149
1298    z              0.1562968149        0.1562968149        0.1562968149        0.1562968149
1299    a              0.1562968149        0.1562968149        0.1562968149        0.1562968149
1300    b              0.1562968149        0.1562968149        0.1562968149        0.1562968149
1301    e              0.1562968149        0.1562968149        0.1562968149        0.1562968149
1302    t              0.1562968149        0.1562968149        0.1562968149        0.1562968149
1303    h              0.1562968149        0.1562968149        0.1562968149        0.1562968149
1304    h              0.1562968149        0.1562968149        0.1562968149        0.1562968149
1305    i              0.1562968149        0.1562968149        0.1562968149        0.1562968149
1306    s              0.1562968149        0.1562968149        0.1562968149        0.1562968149
1307    r              0.1562968149        0.1562968149        0.1562968149        0.1562968149
1308    e              0.1562968149        0.1562968149        0.1562968149        0.1562968149
1309    g              0.1562968149        0.1562968149        0.1562968149        0.1562968149
1310    a              0.1562968149        0.1562968149        0.1562968149        0.1562968149
1311    r              0.1562968149        0.1562968149        0.1562968149        0.1562968149
1312    d              0.1562968149        0.1562968149        0.1562968149        0.1562968149
1313    h              0.1562968149        0.1562968149        0.1562968149        0.1562968149
1314    e              0.1562968149        0.1562968149        0.1562968149        0.1562968149
1315    r              0.1562968149        0.1562968149        0.1562968149        0.1562968149
1316    s              0.1562968149        0.1562968149        0.1562968149        0.1562968149
1317    .              0.1562968149        0.1562968149        0.1562968149        0.1562968149
1318    h              0.1562968149        0.1562968149        0.1562968149        0.1562968149
1319    e              0.1562968149        0.1562968149        0.1562968149        0.1562968149
1320    h              0.1562968149        0.1562968149        0.1562968149        0.1562968149
1321    a              0.1562968149        0.1562968149        0.1562968149        0.1562968149
1322    d              0.1562968149        0.1562968149        0.1562968149        0.1562968149
1323    a              0.1562968149        0.1562968149        0.1562968149        0.1562968149
1324    n              0.1562968149        0.1562968149        0.1562968149        0.1562968149
1325    d              0.1562968149        0.1562968149        0.1562968149        0.1562968149
1326    a              0.1562968149        0.1562968149        0.1562968149        0.1562968149
1327    n              0.1562968149        0.1562968149        0.1562968149        0.1562968149
1328    e              0.1562968149        0.1562968149        0.1562968149        0.1562968149
1329    t              0.1562968149        0.1562968149        0.1562968149        0.1562968149
1330    h              0.1562968149        0.1562968149        0.1562968149        0.1562968149
1331    e              0.1562968149        0.1562968149        0.1562968149        0.1562968149
1332    r              0.1562968149        0.1562968149        0.1562968149        0.1562968149
1333    f              0.1562968149        0.1562968149        0.1562968149        0.1562968149
1334    i              0.1562968149        0.1562968149        0.1562968149        0.1562968149
1335    e              0.1562968149        0.1562968149        0.1562968149        0.1562968149
1336    l              0.1562968149        0.1562968149        0.1562968149        0.1562968149
1337    d              0.1562968149        0.1562968149        0.1562968149        0.1562968149
1338    d              0.1562968149        0.1562968149        0.1562968149        0.1562968149
1339    a              0.1562968149        0.1562968149        0.1562968149        0.1562968149
1340    r              0.1562968149        0.1562968149        0.1562968149        0.1562968149
1341    c              0.1562968149        0.1562968149        0.1562968149        0.1562968149
1342    y              0.1562968149        0.1562968149        0.1562968149        0.1562968149
1343    o              0.1562968149        0.1562968149        0.1562968149        0.1562968149
1344    p              0.1562968149        0.1562968149        0.1562968149        0.1562968149
1345    i              0.1562968149        0.1562968149        0.1562968149        0.1562968149
1346    n              0.1562968149        0.1562968149        0.1562968149        0.1562968149
1347    i              0.1562968149        0.1562968149        0.1562968149        0.1562968149
1348    o              0.1562968149        0.1562968149        0.1562968149        0.1562968149
1349    n              0.1562968149        0.1562968149        0.1562968149        0.1562968149
1350    s              0.1562968149        0.1562968149        0.1562968149        0.1562968149
1351    g              0.1562968149        0.1562968149        0.1562968149        0.1562968149
1352    r              0.1562968149        0.1562968149        0.1562968149        0.1562968149
1353    e              0.1562968149        0.1562968149        0.1562968149        0.1562968149
1354    a              0.1562968149        0.1562968149        0.1562968149        0.1562968149
1355    t              0.1562968149        0.1562968149        0.1562968149        0.1562968149
1356    t              0.1562968149        0.1562968149        0.1562968149        0.1562968149
1357    h              0.1562968149        0.1562968149        0.1562968149        0.1562968149
1358    e              0.1562968149        0.1562968149        0.1562968149        0.1562968149
1359    s              0.1562968149        0.1562968149        0.1562968149        0.1562968149
1360    u              0.1562968149        0.1562968149        0.1562968149        0.1562968149
1361    p              0.1562968149        0.1562968149        0.1562968149        0.1562968149
1362    p              0.1562968149        0.1562968149        0.1562968149        0.1562968149
1363    o              0.1562968149        0.1562968149        0.1562968149        0.1562968149
1364    s              0.1562968149        0.1562968149        0.1562968149        0.1562968149
1365    i              0.1562968149        0.1562968149        0.1562968149        0.1562968149
1366    n              0.1562968149        0.1562968149        0.1562968149        0.1562968149
1367    g              0.1562968149        0.1562968149        0.1562968149        0.1562968149
1368    .              0.1562968149        0.1562968149        0.1562968149        0.1562968149
1369    s              0.1562968149        0.1562968149        0.1562968149        0.1562968149
1370    a              0.1562968149        0.1562968149        0.1562968149        0.1562968149
1371    t              0.1562968149        0.1562968149        0.1562968149        0.1562968149
1372    b              0.1562968149        0.1562968149        0.1562968149        0.1562968149
1373    e              0.1562968149        0.1562968149        0.1562968149        0.1562968149
1374    e              0.1562968149        0.1562968149        0.1562968149        0.1562968149
1375    n              0.1562968149        0.1562968149        0.1562968149        0.1562968149
1376    s              0.1562968149        0.1562968149        0.1562968149        0.1562968149
1377    u              0.1562968149        0.1562968149        0.1562968149        0.1562968149
1378    p              0.1562968149        0.1562968149        0.1562968149        0.1562968149
1379    p              0.1562968149        0.1562968149        0.1562968149        0.1562968149
1380    o              0.1562968149        0.1562968149        0.1562968149        0.1562968149
1381    r              0.1562968149        0.1562968149        0.1562968149        0.1562968149
1382    t              0.1562968149        0.1562968149        0.1562968149        0.1562968149
1383    r              0.1562968149        0.1562968149        0.1562968149        0.1562968149
1384    a              0.1562968149        0.1562968149        0.1562968149        0.1562968149
1385    t              0.1562968149        0.1562968149        0.1562968149        0.1562968149
1386    i              0.1562968149        0.1562968149        0.1562968149        0.1562968149
1387    o              0.1562968149        0.1562968149        0.1562968149        0.1562968149
1388    n              0.1562968149        0.1562968149        0.1562968149        0.1562968149
1389    a              0.1562968149        0.1562968149        0.1562968149        0.1562968149
1390    l              0.1562968149        0.1562968149        0.1562968149        0.1562968149
1391    l              0.1562968149        0.1562968149        0.1562968149        0.1562968149
1392    y              0.1562968149        0.1562968149        0.1562968149        0.1562968149
1393    c              0.1562968149        0.1562968149        0.1562968149        0.1562968149
1394    o              0.1562968149        0.1562968149        0.1562968149        0.1562968149
1395    u              0.1562968149        0.1562968149        0.1562968149        0.1562968149
1396    l              0.1562968149        0.1562968149        0.1562968149        0.1562968149
1397    d              0.1562968149        0.1562968149        0.1562968149        0.1562968149
1398    n              0.1562968149        0.1562968149        0.1562968149        0.1562968149
1399    o              0.1562968149        0.1562968149        0.1562968149        0.1562968149
1400    t              0.1562968149        0.1562968149        0.1562968149        0.1562968149
1401    w              0.1562968149        0.1562968149        0.1562968149        0.1562968149
1402    a              0.1562968149        0.1562968149        0.1562968149        0.1562968149
1403    s              0.1562968149        0.1562968149        0.1562968149        0.1562968149
1404    a              0.1562968149        0.1562968149        0.1562968149        0.1562968149
1405    w              0.1562968149        0.1562968149        0.1562968149        0.1562968149
1406    a              0.1562968149        0.1562968149        0.1562968149        0.1562968149
1407    s              0.1562968149        0.1562968149        0.1562968149        0.1562968149
1408    .              0.1562968149        0.1562968149        0.1562968149        0.1562968149
1409    i              0.1562968149        0.1562968149        0.1562968149        0.1562968149
1410    n              0.1562968149        0.1562968149        0.1562968149        0.1562968149
1411    a              0.1562968149        0.1562968149        0.1562968149        0.1562968149
1412    s              0.1562968149        0.1562968149        0.1562968149        0.1562968149
1413    t              0.1562968149        0.1562968149        0.1562968149        0.1562968149
1414    o              0.1562968149        0.1562968149        0.1562968149        0.1562968149
1415    w              0.1562968149        0.1562968149        0.1562968149        0.1562968149
1416    h              0.1562968149        0.1562968149        0.1562968149        0.1562968149
1417    o              0.1562968149        0.1562968149        0.1562968149        0.1562968149
1418    l              0.1562968149        0.1562968149        0.1562968149        0.1562968149
1419    e              0.1562968149        0.1562968149        0.1562968149        0.1562968149
1420    s              0.1562968149        0.1562968149        0.1562968149        0.1562968149
1421    h              0.1562968149        0.1562968149        0.1562968149        0.1562968149
1422    e              0.1562968149        0.1562968149        0.1562968149        0.1562968149
1423    h              0.1562968149        0.1562968149        0.1562968149        0.1562968149
1424    a              0.1562968149        0.1562968149        0.1562968149        0.1562968149
1425    d              0.1562968149        0.1562968149        0.1562968149        0.1562968149
1426    n              0.1562968149        0.1562968149        0.1562968149        0.1562968149
1427    o              0.1562968149        0.1562968149        0.1562968149        0.1562968149
1428    t              0.1562968149        0.1562968149        0.1562968149        0.1562968149
1429    t              0.1562968149        0.1562968149        0.1562968149        0.1562968149
1430    h              0.1562968149        0.1562968149        0.1562968149        0.1562968149
1431    o              0.1562968149        0.1562968149        0.1562968149        0.1562968149
1432    s              0.1562968149        0.1562968149        0.1562968149        0.1562968149
1433    e              0.1562968149        0.1562968149        0.1562968149        0.1562968149
1434    m              0.1562968149        0.1562968149        0.1562968149        0.1562968149
1435    i              0.1562968149        0.1562968149        0.1562968149        0.1562968149
1436    n              0.1562968149        0.1562968149        0.1562968149        0.1562968149
1437    d              0.1562968149        0.1562968149        0.1562968149        0.1562968149
1438    .              0.1562968149        0.1562968149        0.1562968149        0.1562968149
1439    m              0.1562968149        0.1562968149        0.1562968149        0.1562968149
1440    a              0.1562968149        0.1562968149        0.1562968149        0.1562968149
1441    n              0.1562968149        0.1562968149        0.1562968149        0.1562968149
1442    y              0.1562968149        0.1562968149        0.1562968149        0.1562968149
1443    a              0.1562968149        0.1562968149        0.1562968149        0.1562968149
1444    t              0.1562968149        0.1562968149        0.1562968149        0.1562968149
1445    l              0.1562968149        0.1562968149        0.1562968149        0.1562968149
1446    a              0.1562968149        0.1562968149        0.1562968149        0.1562968149
1447    s              0.1562968149        0.1562968149        0.1562968149        0.1562968149
1448    t              0.1562968149        0.1562968149        0.1562968149        0.1562968149
1449    b              0.1562968149        0.1562968149        0.1562968149        0.1562968149
1450    o              0.1562968149        0.1562968149        0.1562968149        0.1562968149
1451    u              0.1562968149        0.1562968149        0.1562968149        0.1562968149
1452    r              0.1562968149        0.1562968149        0.1562968149        0.1562968149
1453    g              0.1562968149        0.1562968149        0.1562968149        0.1562968149
1454    h              0.1562968149        0.1562968149        0.1562968149        0.1562968149
1455    o              0.1562968149        0.1562968149        0.1562968149        0.1562968149
1456    f              0.1562968149        0.1562968149        0.1562968149        0.1562968149
1457    o              0.1562968149        0.1562968149        0.1562968149        0.1562968149
1458    n              0.1562968149        0.1562968149        0.1562968149        0.1562968149
1459    e              0.1562968149        0.1562968149        0.1562968149        0.1562968149
1460    c              0.1562968149        0.1562968149        0.1562968149        0.1562968149
1461    o              0.1562968149        0.1562968149        0.1562968149        0.1562968149
1462    n              0.1562968149        0.1562968149        0.1562968149        0.1562968149
1463    g              0.1562968149        0.1562968149        0.1562968149        0.1562968149
1464    r              0.1562968149        0.1562968149        0.1562968149        0.1562968149
1465    a              0.1562968149        0.1562968149        0.1562968149        0.1562968149
1466    t              0.1562968149        0.1562968149        0.1562968149        0.1562968149
1467    u              0.1562968149        0.1562968149        0.1562968149        0.1562968149
1468    l              0.1562968149        0.1562968149        0.1562968149        0.1562968149
1469    a              0.1562968149        0.1562968149        0.1562968149        0.1562968149
1470    t              0.1562968149        0.1562968149        0.1562968149        0.1562968149
1471    i              0.1562968149        0.1562968149        0.1562968149        0.1562968149
1472    o              0.1562968149        0.1562968149        0.1562968149        0.1562968149
1473    n              0.1562968149        0.1562968149        0.1562968149        0.1562968149
1474    s              0.1562968149        0.1562968149        0.1562968149        0.1562968149
1475    w              0.1562968149        0.1562968149        0.1562968149        0.1562968149
1476    o              0.1562968149        0.1562968149        0.1562968149        0.1562968149
1477    u              0.1562968149        0.1562968149        0.1562968149        0.1562968149
1478    l              0.1562968149        0.1562968149        0.1562968149        0.1562968149
1479    d              0.1562968149        0.1562968149        0.1562968149        0.1562968149
1480    b              0.1562968149        0.1562968149        0.1562968149        0.1562968149
1481    e              0.1562968149        0.1562968149        0.1562968149        0.1562968149
1482    .              0.1562968149        0.1562968149        0.1562968149        0.1562968149
1483    a              0.1562968149        0.1562968149        0.1562968149        0.1562968149
1484    m              0.1562968149        0.1562968149        0.1562968149        0.1562968149
1485    r              0.1562968149        0.1562968149        0.1562968149        0.1562968149
1486    e              0.1562968149        0.1562968149        0.1562968149        0.1562968149
1487    a              0.1562968149        0.1562968149        0.1562968149        0.1562968149
1488    c              0.1562968149        0.1562968149        0.1562968149        0.1562968149
1489    h              0.1562968149        0.1562968149        0.1562968149        0.1562968149
1490    e              0.1562968149        0.1562968149        0.1562968149        0.1562968149
1491    d              0.1562968149        0.1562968149        0.1562968149        0.1562968149
1492    t              0.1562968149        0.1562968149        0.1562968149        0.1562968149
1493    o              0.1562968149        0.1562968149        0.1562968149        0.1562968149
1494    i              0.1562968149        0.1562968149        0.1562968149        0.1562968149
1495    s              0.1562968149        0.1562968149        0.1562968149        0.1562968149
1496    a              0.1562968149        0.1562968149        0.1562968149        0.1562968149
1497    n              0.1562968149        0.1562968149        0.1562968149        0.1562968149
1498    d              0.1562968149        0.1562968149        0.1562968149        0.1562968149
1499    i              0.1562968149        0.1562968149        0.1562968149        0.1562968149
1500    t              0.1562968149        0.1562968149        0.1562968149        0.1562968149
1501    i              0.1562968149        0.1562968149        0.1562968149        0.1562968149
1502    s              0.1562968149        0.1562968149        0.1562968149        0.1562968149
1503    a              0.1562968149        0.1562968149        0.1562968149        0.1562968149
1504    l              0.1562968149        0.1562968149        0.1562968149        0.1562968149
1505    l              0.1562968149        0.1562968149        0.1562968149        0.1562968149
1506    h              0.1562968149        0.1562968149        0.1562968149        0.1562968149
1507    o              0.1562968149        0.1562968149        0.1562968149        0.1562968149
1508    p              0.1562968149        0.1562968149        0.1562968149        0.1562968149
1509    e              0.1562968149        0.1562968149        0.1562968149        0.1562968149
1510    i              0.1562968149        0.1562968149        0.1562968149        0.1562968149
1511    n              0.1562968149        0.1562968149        0.1562968149        0.1562968149
1512    t              0.1562968149        0.1562968149        0.1562968149        0.1562968149
1513    e              0.1562968149        0.1562968149        0.1562968149        0.1562968149
1514    r              0.1562968149        0.1562968149        0.1562968149        0.1562968149
1515    e              0.1562968149        0.1562968149        0.1562968149        0.1562968149
1516    s              0.1562968149        0.1562968149        0.1562968149        0.1562968149
1517    t              0.1562968149        0.1562968149        0.1562968149        0.1562968149
1518    i              0.1562968149        0.1562968149        0.1562968149        0.1562968149
1519    n              0.1562968149        0.1562968149        0.1562968149        0.1562968149
1520    g              0.1562968149        0.1562968149        0.1562968149        0.1562968149
1521    a              0.1562968149        0.1562968149        0.1562968149        0.1562968149
1522    m              0.1562968149        0.1562968149        0.1562968149        0.1562968149
1523    o              0.1562968149        0.1562968149        0.1562968149        0.1562968149
1524    s              0.1562968149        0.1562968149        0.1562968149        0.1562968149
1525    t              0.1562968149        0.1562968149        0.1562968149        0.1562968149
1526    .              0.1562968149        0.1562968149        0.1562968149        0.1562968149
1527    m              0.1562968149        0.1562968149        0.1562968149        0.1562968149
1528    o              0.1562968149        0.1562968149        0.1562968149        0.1562968149
1529    n              0.1562968149        0.1562968149        0.1562968149        0.1562968149
1530    e              0.1562968149        0.1562968149        0.1562968149        0.1562968149
1531    y              0.1562968149        0.1562968149        0.1562968149        0.1562968149
1532    n              0.1562968149        0.1562968149        0.1562968149        0.1562968149
1533    o              0.1562968149        0.1562968149        0.1562968149        0.1562968149
1534    t              0.1562968149        0.1562968149        0.1562968149        0.1562968149
1535    k              0.1562968149        0.1562968149        0.1562968149        0.1562968149
1536    n              0.1562968149        0.1562968149        0.1562968149        0.1562968149
1537    o              0.1562968149        0.1562968149        0.1562968149        0.1562968149
1538    w              0.1562968149        0.1562968149        0.1562968149        0.1562968149
1539    t              0.1562968149        0.1562968149        0.1562968149        0.1562968149
1540    h              0.1562968149        0.1562968149        0.1562968149        0.1562968149
1541    a              0.1562968149        0.1562968149        0.1562968149        0.1562968149
1542    t              0.1562968149        0.1562968149        0.1562968149        0.1562968149
1543    p              0.1562968149        0.1562968149        0.1562968149        0.1562968149
1544    a              0.1562968149        0.1562968149        0.1562968149        0.1562968149
1545    r              0.1562968149        0.1562968149        0.1562968149        0.1562968149
1546    d              0.1562968149        0.1562968149        0.1562968149        0.1562968149
1547    o              0.1562968149        0.1562968149        0.1562968149        0.1562968149
1548    n              0.1562968149        0.1562968149        0.1562968149        0.1562968149
1549    f              0.1562968149        0.1562968149        0.1562968149        0.1562968149
1550    o              0.1562968149        0.1562968149        0.1562968149        0.1562968149
1551    o              0.1562968149        0.1562968149        0.1562968149        0.1562968149
1552    t              0.1562968149        0.1562968149        0.1562968149        0.1562968149
1553    l              0.1562968149        0.1562968149        0.1562968149        0.1562968149
1554    i              0.1562968149        0.1562968149        0.1562968149        0.1562968149
1555    g              0.1562968149        0.1562968149        0.1562968149        0.1562968149
1556    h              0.1562968149        0.1562968149        0.1562968149        0.1562968149
1557    t              0.1562968149        0.1562968149        0.1562968149        0.1562968149
1558    s              0.1562968149        0.1562968149        0.1562968149        0.1562968149
1559    n              0.1562968149        0.1562968149        0.1562968149        0.1562968149
1560    o              0.1562968149        0.1562968149        0.1562968149        0.1562968149
1561    t              0.1562968149        0.1562968149        0.1562968149        0.1562968149
1562    h              0.1562968149        0.1562968149        0.1562968149        0.1562968149
1563    i              0.1562968149        0.1562968149        0.1562968149        0.1562968149
1564    n              0.1562968149        0.1562968149        0.1562968149        0.1562968149
1565    g              0.1562968149        0.1562968149        0.1562968149        0.1562968149
1566    b              0.1562968149        0.1562968149        0.1562968149        0.1562968149
1567    u              0.1562968149        0.1562968149        0.1562968149        0.1562968149
1568    t              0.1562968149        0.1562968149        0.1562968149        0.1562968149
1569    .              0.1562968149        0.1562968149        0.1562968149        0.1562968149
1570    w              0.1562968149        0.1562968149        0.1562968149        0.1562968149
1571    a              0.1562968149        0.1562968149        0.1562968149        0.1562968149
1572    s              0.1562968149        0.1562968149        0.1562968149        0.1562968149
1573    c              0.1562968149        0.1562968149        0.1562968149        0.1562968149
1574    o              0.1562968149        0.1562968149        0.1562968149        0.1562968149
1575    m              0.1562968149        0.1562968149        0.1562968149        0.1562968149
1576    p              0.1562968149        0.1562968149        0.1562968149        0.1562968149
1577    l              0.1562968149        0.1562968149        0.1562968149        0.1562968149
1578    i              0.1562968149        0.1562968149        0.1562968149        0.1562968149
1579    m              0.1562968149        0.1562968149        0.1562968149        0.1562968149
1580    e              0.1562968149        0.1562968149        0.1562968149        0.1562968149
1581    n              0.1562968149        0.1562968149        0.1562968149        0.1562968149
1582    t              0.1562968149        0.1562968149        0.1562968149        0.1562968149
1583    t              0.1562968149        0.1562968149        0.1562968149        0.1562968149
1584    o              0.1562968149        0.1562968149        0.1562968149        0.1562968149
1585    h              0.1562968149        0.1562968149        0.1562968149        0.1562968149
1586    e              0.1562968149        0.1562968149        0.1562968149        0.1562968149
1587    r              0.1562968149        0.1562968149        0.1562968149        0.1562968149
1588    h              0.1562968149        0.1562968149        0.1562968149        0.1562968149
1589    a              0.1562968149        0.1562968149        0.1562968149        0.1562968149
1590    d              0.1562968149        0.1562968149        0.1562968149        0.1562968149
1591    n              0.1562968149        0.1562968149        0.1562968149        0.1562968149
1592    o              0.1562968149        0.1562968149        0.1562968149        0.1562968149
1593    t              0.1562968149        0.1562968149        0.1562968149        0.1562968149
1594    f              0.1562968149        0.1562968149        0.1562968149        0.1562968149
1595    o              0.1562968149        0.1562968149        0.1562968149        0.1562968149
1596    r              0.1562968149        0.1562968149        0.1562968149        0.1562968149
1597    w              0.1562968149        0.1562968149        0.1562968149        0.1562968149
1598    e              0.1562968149        0.1562968149        0.1562968149        0.1562968149
1599    r              0.1562968149        0.1562968149        0.1562968149        0.1562968149
1600    e              0.1562968149        0.1562968149        0.1562968149        0.1562968149
1601    .              0.1562968149        0.1562968149        0.1562968149        0.1562968149
1602    l              0.1562968149        0.1562968149        0.1562968149        0.1562968149
1603    i              0.1562968149        0.1562968149        0.1562968149        0.1562968149
1604    k              0.1562968149        0.1562968149        0.1562968149        0.1562968149
1605    e              0.1562968149        0.1562968149        0.1562968149        0.1562968149
1606    l              0.1562968149        0.1562968149        0.1562968149        0.1562968149
1607    y              0.1562968149        0.1562968149        0.1562968149        0.1562968149
1608    n              0.1562968149        0.1562968149        0.1562968149        0.1562968149
1609    o              0.1562968149        0.1562968149        0.1562968149        0.1562968149
1610    t              0.1562968149        0.1562968149        0.1562968149        0.1562968149
1611    o              0.1562968149        0.1562968149        0.1562968149        0.1562968149
1612    t              0.1562968149        0.1562968149        0.1562968149        0.1562968149
1613    h              0.1562968149        0.1562968149        0.1562968149        0.1562968149
1614    e              0.1562968149        0.1562968149        0.1562968149        0.1562968149
1615    r              0.1562968149        0.1562968149        0.1562968149        0.1562968149
1616    a              0.1562968149        0.1562968149        0.1562968149        0.1562968149
1617    v              0.1562968149        0.1562968149        0.1562968149        0.1562968149
1618    e              0.1562968149        0.1562968149        0.1562968149        0.1562968149
1619    r              0.1562968149        0.1562968149        0.1562968149        0.1562968149
1620    y              0.1562968149        0.1562968149        0.1562968149        0.1562968149
1621    o              0.1562968149        0.1562968149        0.1562968149        0.1562968149
1622    f              0.1562968149        0.1562968149        0.1562968149        0.1562968149
1623    t              0.1562968149        0.1562968149        0.1562968149        0.1562968149
1624    h              0.1562968149        0.1562968149        0.1562968149        0.1562968149
1625    e              0.1562968149        0.1562968149        0.1562968149        0.1562968149
1626    t              0.1562968149        0.1562968149        0.1562968149        0.1562968149
1627    h              0.1562968149        0.1562968149        0.1562968149        0.1562968149
1628    i              0.1562968149        0.1562968149        0.1562968149        0.1562968149
1629    n              0.1562968149        0.1562968149        0.1562968149        0.1562968149
1630    k              0.1562968149        0.1562968149        0.1562968149        0.1562968149
1631    r              0.1562968149        0.1562968149        0.1562968149        0.1562968149
1632    e              0.1562968149        0.1562968149        0.1562968149        0.1562968149
1633    m              0.1562968149        0.1562968149        0.1562968149        0.1562968149
1634    e              0.1562968149        0.1562968149        0.1562968149        0.1562968149
1635    m              0.1562968149        0.1562968149        0.1562968149        0.1562968149
1636    b              0.1562968149        0.1562968149        0.1562968149        0.1562968149
1637    e              0.1562968149        0.1562968149        0.1562968149        0.1562968149
1638    r              0.1562968149        0.1562968149        0.1562968149        0.1562968149
1639    l              0.1562968149        0.1562968149        0.1562968149        0.1562968149
1640    i              0.1562968149        0.1562968149        0.1562968149        0.1562968149
1641    f              0.1562968149        0.1562968149        0.1562968149        0.1562968149
1642    e              0.1562968149        0.1562968149        0.1562968149        0.1562968149
1643    .              0.1562968149        0.1562968149        0.1562968149        0.1562968149
1644    h              0.1562968149        0.1562968149        0.1562968149        0.1562968149
1645    e              0.1562968149        0.1562968149        0.1562968149        0.1562968149
1646    r              0.1562968149        0.1562968149        0.1562968149        0.1562968149
1647    d              0.1562968149        0.1562968149        0.1562968149        0.1562968149
1648    r              0.1562968149        0.1562968149        0.1562968149        0.1562968149
1649    e              0.1562968149        0.1562968149        0.1562968149        0.1562968149
1650    a              0.1562968149        0.1562968149        0.1562968149        0.1562968149
1651    d              0.1562968149        0.1562968149        0.1562968149        0.1562968149
1652    f              0.1562968149        0.1562968149        0.1562968149        0.1562968149
1653    u              0.1562968149        0.1562968149        0.1562968149        0.1562968149
1654    l              0.1562968149        0.1562968149        0.1562968149        0.1562968149
1655    w              0.1562968149        0.1562968149        0.1562968149        0.1562968149
1656    i              0.1562968149        0.1562968149        0.1562968149        0.1562968149
1657    c              0.1562968149        0.1562968149        0.1562968149        0.1562968149
1658    k              0.1562968149        0.1562968149        0.1562968149        0.1562968149
1659    h              0.1562968149        0.1562968149        0.1562968149        0.1562968149
1660    a              0.1562968149        0.1562968149        0.1562968149        0.1562968149
1661    m              0.1562968149        0.1562968149        0.1562968149        0.1562968149
1662    w              0.1562968149        0.1562968149        0.1562968149        0.1562968149
1663    e              0.1562968149        0.1562968149        0.1562968149        0.1562968149
1664    r              0.1562968149        0.1562968149        0.1562968149        0.1562968149
1665    e              0.1562968149        0.1562968149        0.1562968149        0.1562968149
1666    a              0.1562968149        0.1562968149        0.1562968149        0.1562968149
1667    n              0.1562968149        0.1562968149        0.1562968149        0.1562968149
1668    d              0.1562968149        0.1562968149        0.1562968149        0.1562968149
1669    s              0.1562968149        0.1562968149        0.1562968149        0.1562968149
1670    i              0.1562968149        0.1562968149        0.1562968149        0.1562968149
1671    s              0.1562968149        0.1562968149        0.1562968149        0.1562968149
1672    t              0.1562968149        0.1562968149        0.1562968149        0.1562968149
1673    e              0.1562968149        0.1562968149        0.1562968149        0.1562968149
1674    r              0.1562968149        0.1562968149        0.1562968149        0.1562968149
1675    f              0.1562968149        0.1562968149        0.1562968149        0.1562968149
1676    i              0.1562968149        0.1562968149        0.1562968149        0.1562968149
1677    r              0.1562968149        0.1562968149        0.1562968149        0.1562968149
1678    s              0.1562968149        0.1562968149        0.1562968149        0.1562968149
1679    t              0.1562968149        0.1562968149        0.1562968149        0.1562968149
1680    o              0.1562968149        0.1562968149        0.1562968149        0.1562968149
1681    f              0.1562968149        0.1562968149        0.1562968149        0.1562968149
1682    s              0.1562968149        0.1562968149        0.1562968149        0.1562968149
1683    o              0.1562968149        0.1562968149        0.1562968149        0.1562968149
1684    m              0.1562968149        0.1562968149        0.1562968149        0.1562968149
1685    e              0.1562968149        0.1562968149        0.1562968149        0.1562968149
1686    h              0.1562968149        0.1562968149        0.1562968149        0.1562968149
1687    o              0.1562968149        0.1562968149        0.1562968149        0.1562968149
1688    u              0.1562968149        0.1562968149        0.1562968149        0.1562968149
1689    s              0.1562968149        0.1562968149        0.1562968149        0.1562968149
1690    e              0.1562968149        0.1562968149        0.1562968149        0.1562968149
1691    k              0.1562968149        0.1562968149        0.1562968149        0.1562968149
1692    e              0.1562968149        0.1562968149        0.1562968149        0.1562968149
1693    e              0.1562968149        0.1562968149        0.1562968149        0.1562968149
1694    p              0.1562968149        0.1562968149        0.1562968149        0.1562968149
1695    e              0.1562968149        0.1562968149        0.1562968149        0.1562968149
1696    r              0.1562968149        0.1562968149        0.1562968149        0.1562968149
1697    o              0.1562968149        0.1562968149        0.1562968149        0.1562968149
1698    f              0.1562968149        0.1562968149        0.1562968149        0.1562968149
1699    h              0.1562968149        0.1562968149        0.1562968149        0.1562968149
1700    e              0.1562968149        0.1562968149        0.1562968149        0.1562968149
1701    h              0.1562968149        0.1562968149        0.1562968149        0.1562968149
1702    a              0.1562968149        0.1562968149        0.1562968149        0.1562968149
1703    d              0.1562968149        0.1562968149        0.1562968149        0.1562968149
1704    .              0.1562968149        0.1562968149        0.1562968149        0.1562968149
1705    h              0.1562968149        0.1562968149        0.1562968149        0.1562968149
1706    i              0.1562968149        0.1562968149        0.1562968149        0.1562968149
1707    s              0.1562968149        0.1562968149        0.1562968149        0.1562968149
1708    n              0.1562968149        0.1562968149        0.1562968149        0.1562968149
1709    o              0.1562968149        0.1562968149        0.1562968149        0.1562968149
1710    t              0.1562968149        0.1562968149        0.1562968149        0.1562968149
1711    t              0.1562968149        0.1562968149        0.1562968149        0.1562968149
1712    u              0.1562968149        0.1562968149        0.1562968149        0.1562968149
1713    r              0.1562968149        0.1562968149        0.1562968149        0.1562968149
1714    n              0.1562968149        0.1562968149        0.1562968149        0.1562968149
1715    i              0.1562968149        0.1562968149        0.1562968149        0.1562968149
1716    n              0.1562968149        0.1562968149        0.1562968149        0.1562968149
1717    g              0.1562968149        0.1562968149        0.1562968149        0.1562968149
1718    r              0.1562968149        0.1562968149        0.1562968149        0.1562968149
1719    e              0.1562968149        0.1562968149        0.1562968149        0.1562968149
1720    n              0.1562968149        0.1562968149        0.1562968149        0.1562968149
1721    e              0.1562968149        0.1562968149        0.1562968149        0.1562968149
1722    w              0.1562968149        0.1562968149        0.1562968149        0.1562968149
1723    e              0.1562968149        0.1562968149        0.1562968149        0.1562968149
1724    d              0.1562968149        0.1562968149        0.1562968149        0.1562968149
1725    r              0.1562968149        0.1562968149        0.1562968149        0.1562968149
1726    o              0.1562968149        0.1562968149        0.1562968149        0.1562968149
1727    o              0.1562968149        0.1562968149        0.1562968149        0.1562968149
1728    m              0.1562968149        0.1562968149        0.1562968149        0.1562968149
1729    s              0.1562968149        0.1562968149        0.1562968149        0.1562968149
1730    n              0.1562968149        0.1562968149        0.1562968149        0.1562968149
1731    o              0.1562968149        0.1562968149        0.1562968149        0.1562968149
1732    o              0.1562968149        0.1562968149        0.1562968149        0.1562968149
1733    n              0.1562968149        0.1562968149        0.1562968149        0.1562968149
1734    e              0.1562968149        0.1562968149        0.1562968149        0.1562968149
1735    h              0.1562968149        0.1562968149        0.1562968149        0.1562968149
1736    i              0.1562968149        0.1562968149        0.1562968149        0.1562968149
1737    s              0.1562968149        0.1562968149        0.1562968149        0.1562968149
1738    i              0.1562968149        0.1562968149        0.1562968149        0.1562968149
1739    n              0.1562968149        0.1562968149        0.1562968149        0.1562968149
1740    t              0.1562968149        0.1562968149        0.1562968149        0.1562968149
1741    h              0.1562968149        0.1562968149        0.1562968149        0.1562968149
1742    e              0.1562968149        0.1562968149        0.1562968149        0.1562968149
1743    r              0.1562968149        0.1562968149        0.1562968149        0.1562968149
1744    e              0.1562968149        0.1562968149        0.1562968149        0.1562968149
1745    c              0.1562968149        0.1562968149        0.1562968149        0.1562968149
1746    h              0.1562968149        0.1562968149        0.1562968149        0.1562968149
1747    a              0.1562968149        0.1562968149        0.1562968149        0.1562968149
1748    n              0.1562968149        0.1562968149        0.1562968149        0.1562968149
1749    c              0.1562968149        0.1562968149        0.1562968149        0.1562968149
1750    e              0.1562968149        0.1562968149        0.1562968149        0.1562968149
1751    d              0.1562968149        0.1562968149        0.1562968149        0.1562968149
1752    .              0.1562968149        0.1562968149        0.1562968149        0.1562968149
1753    c              0.1562968149        0.1562968149        0.1562968149        0.1562968149
1754    o              0.1562968149        0.1562968149        0.1562968149        0.1562968149
1755    u              0.1562968149        0.1562968149        0.1562968149        0.1562968149
1756    n              0.1562968149        0.1562968149        0.1562968149        0.1562968149
1757    t              0.1562968149        0.1562968149        0.1562968149        0.1562968149
1758    r              0.1562968149        0.1562968149        0.1562968149        0.1562968149
1759    y              0.1562968149        0.1562968149        0.1562968149        0.1562968149
1760    i              0.1562968149        0.1562968149        0.1562968149        0.1562968149
1761    t              0.1562968149        0.1562968149        0.1562968149        0.1562968149
1762    v              0.1562968149        0.1562968149        0.1562968149        0.1562968149
1763    i              0.1562968149        0.1562968149        0.1562968149        0.1562968149
1764    c              0.1562968149        0.1562968149        0.1562968149        0.1562968149
1765    i              0.1562968149        0.1562968149        0.1562968149        0.1562968149
1766    o              0.1562968149        0.1562968149        0.1562968149        0.1562968149
1767    u              0.1562968149        0.1562968149        0.1562968149        0.1562968149
1768    s              0.1562968149        0.1562968149        0.1562968149        0.1562968149
1769    v              0.1562968149        0.1562968149        0.1562968149        0.1562968149
1770    e              0.1562968149        0.1562968149        0.1562968149        0.1562968149
1771    r              0.1562968149        0.1562968149        0.1562968149        0.1562968149
1772    y              0.1562968149        0.1562968149        0.1562968149        0.1562968149
1773    h              0.1562968149        0.1562968149        0.1562968149        0.1562968149
1774    a              0.1562968149        0.1562968149        0.1562968149        0.1562968149
1775    d              0.1562968149        0.1562968149        0.1562968149        0.1562968149
1776    b              0.1562968149        0.1562968149        0.1562968149        0.1562968149
1777    e              0.1562968149        0.1562968149        0.1562968149        0.1562968149
1778    e              0.1562968149        0.1562968149        0.1562968149        0.1562968149
1779    n              0.1562968149        0.1562968149        0.1562968149        0.1562968149
1780    h              0.1562968149        0.1562968149        0.1562968149        0.1562968149
1781    i              0.1562968149        0.1562968149        0.1562968149        0.1562968149
1782    s              0.1562968149        0.1562968149        0.1562968149        0.1562968149
1783    m              0.1562968149        0.1562968149        0.1562968149        0.1562968149
1784    e              0.1562968149        0.1562968149        0.1562968149        0.1562968149
1785    m              0.1562968149        0.1562968149        0.1562968149        0.1562968149
1786    o              0.1562968149        0.1562968149        0.1562968149        0.1562968149
1787    r              0.1562968149        0.1562968149        0.1562968149        0.1562968149
1788    y              0.1562968149        0.1562968149        0.1562968149        0.1562968149
1789    t              0.1562968149        0.1562968149        0.1562968149        0.1562968149
1790    h              0.1562968149        0.1562968149        0.1562968149        0.1562968149
1791    e              0.1562968149        0.1562968149        0.1562968149        0.1562968149
1792    m              0.1562968149        0.1562968149        0.1562968149        0.1562968149
1793    o              0.1562968149        0.1562968149        0.1562968149        0.1562968149
1794    r              0.1562968149        0.1562968149        0.1562968149        0.1562968149
1795    n              0.1562968149        0.1562968149        0.1562968149        0.1562968149
1796    i              0.1562968149        0.1562968149        0.1562968149        0.1562968149
1797    n              0.1562968149        0.1562968149        0.1562968149        0.1562968149
1798    g              0.1562968149        0.1562968149        0.1562968149        0.1562968149
1799    t              0.1562968149        0.1562968149        0.1562968149        0.1562968149
1800    o              0.1562968149        0.1562968149        0.1562968149        0.1562968149
1801    .              0.1562968149        0.1562968149        0.1562968149        0.1562968149
1802    d              0.1562968149        0.1562968149        0.1562968149        0.1562968149
1803    i              0.1562968149        0.1562968149        0.1562968149        0.1562968149
1804    d              0.1562968149        0.1562968149        0.1562968149        0.1562968149
1805    o              0.1562968149        0.1562968149        0.1562968149        0.1562968149
1806    f              0.1562968149        0.1562968149        0.1562968149        0.1562968149
1807    r              0.1562968149        0.1562968149        0.1562968149        0.1562968149
1808    e              0.1562968149        0.1562968149        0.1562968149        0.1562968149
1809    s              0.1562968149        0.1562968149        0.1562968149        0.1562968149
1810    e              0.1562968149        0.1562968149        0.1562968149        0.1562968149
1811    r              0.1562968149        0.1562968149        0.1562968149        0.1562968149
1812    v              0.1562968149        0.1562968149        0.1562968149        0.1562968149
1813    e              0.1562968149        0.1562968149        0.1562968149        0.1562968149
1814    d              0.1562968149        0.1562968149        0.1562968149        0.1562968149
1815    l              0.1562968149        0.1562968149        0.1562968149        0.1562968149
1816    y              0.1562968149        0.1562968149        0.1562968149        0.1562968149
1817    d              0.1562968149        0.1562968149        0.1562968149        0.1562968149
1818    i              0.1562968149        0.1562968149        0.1562968149        0.1562968149
1819    a              0.1562968149        0.1562968149        0.1562968149        0.1562968149
1820    e              0.1562968149        0.1562968149        0.1562968149        0.1562968149
1821    f              0.1562968149        0.1562968149        0.1562968149        0.1562968149
1822    f              0.1562968149        0.1562968149        0.1562968149        0.1562968149
1823    e              0.1562968149        0.1562968149        0.1562968149        0.1562968149
1824    c              0.1562968149        0.1562968149        0.1562968149        0.1562968149
1825    t              0.1562968149        0.1562968149        0.1562968149        0.1562968149
1826    u              0.1562968149        0.1562968149        0.1562968149        0.1562968149
1827    a              0.1562968149        0.1562968149        0.1562968149        0.1562968149
1828    l              0.1562968149        0.1562968149        0.1562968149        0.1562968149
1829    a              0.1562968149        0.1562968149        0.1562968149        0.1562968149
1830    w              0.1562968149        0.1562968149        0.1562968149        0.1562968149
1831    a              0.1562968149        0.1562968149        0.1562968149        0.1562968149
1832    y              0.1562968149        0.1562968149        0.1562968149        0.1562968149
1833    w              0.1562968149        0.1562968149        0.1562968149        0.1562968149
1834    i              0.1562968149        0.1562968149        0.1562968149        0.1562968149
1835    t              0.1562968149        0.1562968149        0.1562968149        0.1562968149
1836    h              0.1562968149        0.1562968149        0.1562968149        0.1562968149
1837    o              0.1562968149        0.1562968149        0.1562968149        0.1562968149
1838    u              0.1562968149        0.1562968149        0.1562968149        0.1562968149
1839    t              0.1562968149        0.1562968149        0.1562968149        0.1562968149
1840    r              0.1562968149        0.1562968149        0.1562968149        0.1562968149
1841    u              0.1562968149        0.1562968149        0.1562968149        0.1562968149
1842    n              0.1562968149        0.1562968149        0.1562968149        0.1562968149
1843    n              0.1562968149        0.1562968149        0.1562968149        0.1562968149
1844    i              0.1562968149        0.1562968149        0.1562968149        0.1562968149
1845    n              0.1562968149        0.1562968149        0.1562968149        0.1562968149
1846    g              0.1562968149        0.1562968149        0.1562968149        0.1562968149
1847    .              0.1562968149        0.1562968149        0.1562968149        0.1562968149
1848    p              0.1562968149        0.1562968149        0.1562968149        0.1562968149
1849    o              0.1562968149        0.1562968149        0.1562968149        0.1562968149
1850    u              0.1562968149        0.1562968149        0.1562968149        0.1562968149
1851    n              0.1562968149        0.1562968149        0.1562968149        0.1562968149
1852    d              0.1562968149        0.1562968149        0.1562968149        0.1562968149
1853    s              0.1562968149        0.1562968149        0.1562968149        0.1562968149
1854    w              0.1562968149        0.1562968149        0.1562968149        0.1562968149
1855    h              0.1562968149        0.1562968149        0.1562968149        0.1562968149
1856    o              0.1562968149        0.1562968149        0.1562968149        0.1562968149
1857    l              0.1562968149        0.1562968149        0.1562968149        0.1562968149
1858    e              0.1562968149        0.1562968149        0.1562968149        0.1562968149
1859    b              0.1562968149        0.1562968149        0.1562968149        0.1562968149
1860    e              0.1562968149        0.1562968149        0.1562968149        0.1562968149
1861    f              0.1562968149        0.1562968149        0.1562968149        0.1562968149
1862    o              0.1562968149        0.1562968149        0.1562968149        0.1562968149
1863    r              0.1562968149        0.1562968149        0.1562968149        0.1562968149
1864    e              0.1562968149        0.1562968149        0.1562968149        0.1562968149
1865    i              0.1562968149        0.1562968149        0.1562968149        0.1562968149
1866    l              0.1562968149        0.1562968149        0.1562968149        0.1562968149
1867    l              0.1562968149        0.1562968149        0.1562968149        0.1562968149
1868    b              0.1562968149        0.1562968149        0.1562968149        0.1562968149
1869    e              0.1562968149        0.1562968149        0.1562968149        0.1562968149
1870    s              0.1562968149        0.1562968149        0.1562968149        0.1562968149
1871    p              0.1562968149        0.1562968149        0.1562968149        0.1562968149
1872    o              0.1562968149        0.1562968149        0.1562968149        0.1562968149
1873    t              0.1562968149        0.1562968149        0.1562968149        0.1562968149
1874    s              0.1562968149        0.1562968149        0.1562968149        0.1562968149
1875    a              0.1562968149        0.1562968149        0.1562968149        0.1562968149
1876    g              0.1562968149        0.1562968149        0.1562968149        0.1562968149
1877    a              0.1562968149        0.1562968149        0.1562968149        0.1562968149
1878    i              0.1562968149        0.1562968149        0.1562968149        0.1562968149
1879    n              0.1562968149        0.1562968149        0.1562968149        0.1562968149
1880    t              0.1562968149        0.1562968149        0.1562968149        0.1562968149
1881    o              0.1562968149        0.1562968149        0.1562968149        0.1562968149
1882    i              0.1562968149        0.1562968149        0.1562968149        0.1562968149
1883    n              0.1562968149        0.1562968149        0.1562968149        0.1562968149
1884    t              0.1562968149        0.1562968149        0.1562968149        0.1562968149
1885    o              0.1562968149        0.1562968149        0.1562968149        0.1562968149
1886    a              0.1562968149        0.1562968149        0.1562968149        0.1562968149
1887    t              0.1562968149        0.1562968149        0.1562968149        0.1562968149
1888    .              0.1562968149        0.1562968149        0.1562968149        0.1562968149
1889    h              0.1562968149        0.1562968149        0.1562968149        0.1562968149
1890    e              0.1562968149        0.1562968149        0.1562968149        0.1562968149
1891    r              0.1562968149        0.1562968149        0.1562968149        0.1562968149
1892    r              0.1562968149        0.1562968149        0.1562968149        0.1562968149
1893    i              0.1562968149        0.1562968149        0.1562968149        0.1562968149
1894    g              0.1562968149        0.1562968149        0.1562968149        0.1562968149
1895    h              0.1562968149        0.1562968149        0.1562968149        0.1562968149
1896    t              0.1562968149        0.1562968149        0.1562968149        0.1562968149
1897    m              0.1562968149        0.1562968149        0.1562968149        0.1562968149
1898    i              0.1562968149        0.1562968149        0.1562968149        0.1562968149
1899    n              0.1562968149        0.1562968149        0.1562968149        0.1562968149
1900    d              0.1562968149        0.1562968149        0.1562968149        0.1562968149
1901    m              0.1562968149        0.1562968149        0.1562968149        0.1562968149
1902    e              0.1562968149        0.1562968149        0.1562968149        0.1562968149
1903    i              0.1562968149        0.1562968149        0.1562968149        0.1562968149
1904    m              0.1562968149        0.1562968149        0.1562968149        0.1562968149
1905    a              0.1562968149        0.1562968149        0.1562968149        0.1562968149
1906    t              0.1562968149        0.1562968149        0.1562968149        0.1562968149
1907    t              0.1562968149        0.1562968149        0.1562968149        0.1562968149
1908    e              0.1562968149        0.1562968149        0.1562968149        0.1562968149
1909    r              0.1562968149        0.1562968149        0.1562968149        0.1562968149
1910    s              0.1562968149        0.1562968149        0.1562968149        0.1562968149
1911    r              0.1562968149        0.1562968149        0.1562968149        0.1562968149
1912    e              0.1562968149        0.1562968149        0.1562968149        0.1562968149
1913    a              0.1562968149        0.1562968149        0.1562968149        0.1562968149
1914    l              0.1562968149        0.1562968149        0.1562968149        0.1562968149
1915    g              0.1562968149        0.1562968149        0.1562968149        0.1562968149
1916    i              0.1562968149        0.1562968149        0.1562968149        0.1562968149
1917    r              0.1562968149        0.1562968149        0.1562968149        0.1562968149
1918    l              0.1562968149        0.1562968149        0.1562968149        0.1562968149
1919    .              0.1562968149        0.1562968149        0.1562968149        0.1562968149
1920    b              0.1562968149        0.1562968149        0.1562968149        0.1562968149
1921    e              0.1562968149        0.1562968149        0.1562968149        0.1562968149
1922    f              0.1562968149        0.1562968149        0.1562968149        0.1562968149
1923    o              0.1562968149        0.1562968149        0.1562968149        0.1562968149
1924    r              0.1562968149        0.1562968149        0.1562968149        0.1562968149
1925    e              0.1562968149        0.1562968149        0.1562968149        0.1562968149
1926    e              0.1562968149        0.1562968149        0.1562968149        0.1562968149
1927    n              0.1562968149        0.1562968149        0.1562968149        0.1562968149
1928    d              0.1562968149        0.1562968149        0.1562968149        0.1562968149
1929    e              0.1562968149        0.1562968149        0.1562968149        0.1562968149
1930    a              0.1562968149        0.1562968149        0.1562968149        0.1562968149
1931    v              0.1562968149        0.1562968149        0.1562968149        0.1562968149
1932    o              0.1562968149        0.1562968149        0.1562968149        0.1562968149
1933    u              0.1562968149        0.1562968149        0.1562968149        0.1562968149
1934    r              0.1562968149        0.1562968149        0.1562968149        0.1562968149
1935    l              0.1562968149        0.1562968149        0.1562968149        0.1562968149
1936    o              0.1562968149        0.1562968149        0.1562968149        0.1562968149
1937    n              0.1562968149        0.1562968149        0.1562968149        0.1562968149
1938    g              0.1562968149        0.1562968149        0.1562968149        0.1562968149
1939    t              0.1562968149        0.1562968149        0.1562968149        0.1562968149
1940    h              0.1562968149        0.1562968149        0.1562968149        0.1562968149
1941    e              0.1562968149        0.1562968149        0.1562968149        0.1562968149
1942    h              0.1562968149        0.1562968149        0.1562968149        0.1562968149
1943    i              0.1562968149        0.1562968149        0.1562968149        0.1562968149
1944    m              0.1562968149        0.1562968149        0.1562968149        0.1562968149
1945    f              0.1562968149        0.1562968149        0.1562968149        0.1562968149
1946    l              0.1562968149        0.1562968149        0.1562968149        0.1562968149
1947    a              0.1562968149        0.1562968149        0.1562968149        0.1562968149
1948    t              0.1562968149        0.1562968149        0.1562968149        0.1562968149
1949    t              0.1562968149        0.1562968149        0.1562968149        0.1562968149
1950    e              0.1562968149        0.1562968149        0.1562968149        0.1562968149
1951    r              0.1562968149        0.1562968149        0.1562968149        0.1562968149
1952    m              0.1562968149        0.1562968149        0.1562968149        0.1562968149
1953    u              0.1562968149        0.1562968149        0.1562968149        0.1562968149
1954    c              0.1562968149        0.1562968149        0.1562968149        0.1562968149
1955    h              0.1562968149        0.1562968149        0.1562968149        0.1562968149
1956    e              0.1562968149        0.1562968149        0.1562968149        0.1562968149
1957    q              0.1562968149        0.1562968149        0.1562968149        0.1562968149
1958    u              0.1562968149        0.1562968149        0.1562968149        0.1562968149
1959    a              0.1562968149        0.1562968149        0.1562968149        0.1562968149
1960    l              0.1562968149        0.1562968149        0.1562968149        0.1562968149
1961    l              0.1562968149        0.1562968149        0.1562968149        0.1562968149
1962    y              0.1562968149        0.1562968149        0.1562968149        0.1562968149
1963    p              0.1562968149        0.1562968149        0.1562968149        0.1562968149
1964    e              0.1562968149        0.1562968149        0.1562968149        0.1562968149
1965    r              0.1562968149        0.1562968149        0.1562968149        0.1562968149
1966    c              0.1562968149        0.1562968149        0.1562968149        0.1562968149
1967    e              0.1562968149        0.1562968149        0.1562968149        0.1562968149
1968    i              0.1562968149        0.1562968149        0.1562968149        0.1562968149
1969    v              0.1562968149        0.1562968149        0.1562968149        0.1562968149
1970    e              0.1562968149        0.1562968149        0.1562968149        0.1562968149
1971    d              0.1562968149        0.1562968149        0.1562968149        0.1562968149
1972    t              0.1562968149        0.1562968149        0.1562968149        0.1562968149
1973    o              0.1562968149        0.1562968149        0.1562968149        0.1562968149
1974    w              0.1562968149        0.1562968149        0.1562968149        0.1562968149
1975    h              0.1562968149        0.1562968149        0.1562968149        0.1562968149
1976    i              0.1562968149        0.1562968149        0.1562968149        0.1562968149
1977    c              0.1562968149        0.1562968149        0.1562968149        0.1562968149
1978    h              0.1562968149        0.1562968149        0.1562968149        0.1562968149
1979    .              0.1562968149        0.1562968149        0.1562968149        0.1562968149
1980    a              0.1562968149        0.1562968149        0.1562968149        0.1562968149
1981    s              0.1562968149        0.1562968149        0.1562968149        0.1562968149
1982    s              0.1562968149        0.1562968149        0.1562968149        0.1562968149
1983    o              0.1562968149        0.1562968149        0.1562968149        0.1562968149
1984    o              0.1562968149        0.1562968149        0.1562968149        0.1562968149
1985    n              0.1562968149        0.1562968149        0.1562968149        0.1562968149
1986    w              0.1562968149        0.1562968149        0.1562968149        0.1562968149
1987    a              0.1562968149        0.1562968149        0.1562968149        0.1562968149
1988    s              0.1562968149        0.1562968149        0.1562968149        0.1562968149
1989    a              0.1562968149        0.1562968149        0.1562968149        0.1562968149
1990    l              0.1562968149        0.1562968149        0.1562968149        0.1562968149
1991    w              0.1562968149        0.1562968149        0.1562968149        0.1562968149
1992    a              0.1562968149        0.1562968149        0.1562968149        0.1562968149
1993    y              0.1562968149        0.1562968149        0.1562968149        0.1562968149
1994    s              0.1562968149        0.1562968149        0.1562968149        0.1562968149
1995    p              0.1562968149        0.1562968149        0.1562968149        0.1562968149
1996    u              0.1562968149        0.1562968149        0.1562968149        0.1562968149
1997    r              0.1562968149        0.1562968149        0.1562968149        0.1562968149
1998    s              0.1562968149        0.1562968149        0.1562968149        0.1562968149
1999    e              0.1562968149        0.1562968149        0.1562968149        0.1562968149
2000    s              0.1562968149        0.1562968149        0.1562968149        0.1562968149
2001    h              0.1562968149        0.1562968149        0.1562968149        0.1562968149
2002    a              0.1562968149        0.1562968149        0.1562968149        0.1562968149
2003    d              0.1562968149        0.1562968149        0.1562968149        0.1562968149
2004    c              0.1562968149        0.1562968149        0.1562968149        0.1562968149
2005    h              0.1562968149        0.1562968149        0.1562968149        0.1562968149
2006    a              0.1562968149        0.1562968149        0.1562968149        0.1562968149
2007    p              0.1562968149        0.1562968149        0.1562968149        0.1562968149
2008    t              0.1562968149        0.1562968149        0.1562968149        0.1562968149
2009    e              0.1562968149        0.1562968149        0.1562968149        0.1562968149
2010    r              0.1562968149        0.1562968149        0.1562968149        0.1562968149
2011    t              0.1562968149        0.1562968149        0.1562968149        0.1562968149
2012    h              0.1562968149        0.1562968149        0.1562968149        0.1562968149
2013    e              0.1562968149        0.1562968149        0.1562968149        0.1562968149
2014    r              0.1562968149        0.1562968149        0.1562968149        0.1562968149
2015    e              0.1562968149        0.1562968149        0.1562968149        0.1562968149
2016    m              0.1562968149        0.1562968149        0.1562968149        0.1562968149
2017    e              0.1562968149        0.1562968149        0.1562968149        0.1562968149
2018    i              0.1562968149        0.1562968149        0.1562968149        0.1562968149
2019    .              0.1562968149        0.1562968149        0.1562968149        0.1562968149
2020    t              0.1562968149        0.1562968149        0.1562968149        0.1562968149
2021    h              0.1562968149        0.1562968149        0.1562968149        0.1562968149
2022    a              0.1562968149        0.1562968149        0.1562968149        0.1562968149
2023    t              0.1562968149        0.1562968149        0.1562968149        0.1562968149
2024    s              0.1562968149        0.1562968149        0.1562968149        0.1562968149
2025    e              0.1562968149        0.1562968149        0.1562968149        0.1562968149
2026    n              0.1562968149        0.1562968149        0.1562968149        0.1562968149
2027    s              0.1562968149        0.1562968149        0.1562968149        0.1562968149
2028    i              0.1562968149        0.1562968149        0.1562968149        0.1562968149
2029    b              0.1562968149        0.1562968149        0.1562968149        0.1562968149
2030    l              0.1562968149        0.1562968149        0.1562968149        0.1562968149
2031    e              0.1562968149        0.1562968149        0.1562968149        0.1562968149
2032    d              0.1562968149        0.1562968149        0.1562968149        0.1562968149
2033    e              0.1562968149        0.1562968149        0.1562968149        0.1562968149
2034    g              0.1562968149        0.1562968149        0.1562968149        0.1562968149
2035    r              0.1562968149        0.1562968149        0.1562968149        0.1562968149
2036    e              0.1562968149        0.1562968149        0.1562968149        0.1562968149
2037    e              0.1562968149        0.1562968149        0.1562968149        0.1562968149
2038    o              0.1562968149        0.1562968149        0.1562968149        0.1562968149
2039    f              0.1562968149        0.1562968149        0.1562968149        0.1562968149
2040    m              0.1562968149        0.1562968149        0.1562968149        0.1562968149
2041    y              0.1562968149        0.1562968149        0.1562968149        0.1562968149
2042    t              0.1562968149        0.1562968149        0.1562968149        0.1562968149
2043    o              0.1562968149        0.1562968149        0.1562968149        0.1562968149
2044    w              0.1562968149        0.1562968149        0.1562968149        0.1562968149
2045    h              0.1562968149        0.1562968149        0.1562968149        0.1562968149
2046    i              0.1562968149        0.1562968149        0.1562968149        0.1562968149
2047    c              0.1562968149        0.1562968149        0.1562968149        0.1562968149
2048    h              0.1562968149        0.1562968149        0.1562968149        0.1562968149
2049    b              0.1562968149        0.1562968149        0.1562968149        0.1562968149
2050    u              0.1562968149        0.1562968149        0.1562968149        0.1562968149
2051    t              0.1562968149        0.1562968149        0.1562968149        0.1562968149
2052    t              0.1562968149        0.1562968149        0.1562968149        0.1562968149
2053    o              0.1562968149        0.1562968149        0.1562968149        0.1562968149
2054    t              0.1562968149        0.1562968149        0.1562968149        0.1562968149
2055    h              0.1562968149        0.1562968149        0.1562968149        0.1562968149
2056    e              0.1562968149        0.1562968149        0.1562968149        0.1562968149
2057    .              0.1562968149        0.1562968149        0.1562968149        0.1562968149
2058    n              0.1562968149        0.1562968149        0.1562968149        0.1562968149
2059    o              0.1562968149        0.1562968149        0.1562968149        0.1562968149
2060    t              0.1562968149        0.1562968149        0.1562968149        0.1562968149
2061    t              0.1562968149        0.1562968149        0.1562968149        0.1562968149
2062    h              0.1562968149        0.1562968149        0.1562968149        0.1562968149
2063    i              0.1562968149        0.1562968149        0.1562968149        0.1562968149
2064    n              0.1562968149        0.1562968149        0.1562968149        0.1562968149
2065    k              0.1562968149        0.1562968149        0.1562968149        0.1562968149
2066    c              0.1562968149        0.1562968149        0.1562968149        0.1562968149
2067    a              0.1562968149        0.1562968149        0.1562968149        0.1562968149
2068    r              0.1562968149        0.1562968149        0.1562968149        0.1562968149
2069    r              0.1562968149        0.1562968149        0.1562968149        0.1562968149
2070    y              0.1562968149        0.1562968149        0.1562968149        0.1562968149
2071    s              0.1562968149        0.1562968149        0.1562968149        0.1562968149
2072    h              0.1562968149        0.1562968149        0.1562968149        0.1562968149
2073    e              0.1562968149        0.1562968149        0.1562968149        0.1562968149
2074    a              0.1562968149        0.1562968149        0.1562968149        0.1562968149
2075    n              0.1562968149        0.1562968149        0.1562968149        0.1562968149
2076    d              0.1562968149        0.1562968149        0.1562968149        0.1562968149
2077    t              0.1562968149        0.1562968149        0.1562968149        0.1562968149
2078    h              0.1562968149        0.1562968149        0.1562968149        0.1562968149
2079    e              0.1562968149        0.1562968149        0.1562968149        0.1562968149
2080    o              0.1562968149        0.1562968149        0.1562968149        0.1562968149
2081    v              0.1562968149        0.1562968149        0.1562968149        0.1562968149
2082    e              0.1562968149        0.1562968149        0.1562968149        0.1562968149
2083    r              0.1562968149        0.1562968149        0.1562968149        0.1562968149
2084    h              0.1562968149        0.1562968149        0.1562968149        0.1562968149
2085    e              0.1562968149        0.1562968149        0.1562968149        0.1562968149
2086    a              0.1562968149        0.1562968149        0.1562968149        0.1562968149
2087    r              0.1562968149        0.1562968149        0.1562968149        0.1562968149
2088    d              0.1562968149        0.1562968149        0.1562968149        0.1562968149
2089    w              0.1562968149        0.1562968149        0.1562968149        0.1562968149
2090    i              0.1562968149        0.1562968149        0.1562968149        0.1562968149
2091    t              0.1562968149        0.1562968149        0.1562968149        0.1562968149
2092    h              0.1562968149        0.1562968149        0.1562968149        0.1562968149
2093    a              0.1562968149        0.1562968149        0.1562968149        0.1562968149
2094    m              0.1562968149        0.1562968149        0.1562968149        0.1562968149
2095    i              0.1562968149        0.1562968149        0.1562968149        0.1562968149
2096    s              0.1562968149        0.1562968149        0.1562968149        0.1562968149
2097    e              0.1562968149        0.1562968149        0.1562968149        0.1562968149
2098    r              0.1562968149        0.1562968149        0.1562968149        0.1562968149
2099    l              0.1562968149        0.1562968149        0.1562968149        0.1562968149
2100    y              0.1562968149        0.1562968149        0.1562968149        0.1562968149
2101    a              0.1562968149        0.1562968149        0.1562968149        0.1562968149
2102    g              0.1562968149        0.1562968149        0.1562968149        0.1562968149
2103    a              0.1562968149        0.1562968149        0.1562968149        0.1562968149
2104    i              0.1562968149        0.1562968149        0.1562968149        0.1562968149
2105    n              0.1562968149        0.1562968149        0.1562968149        0.1562968149
2106    .              0.1562968149        0.1562968149        0.1562968149        0.1562968149
----------------------------------------------------------------------------------------------------------------------------

RESULTADOS FINALES:
---------------------------------------------------------
Intervalo final: [0.15629681493378345, 0.15629681493378345)
Codigo aritmetico final: 0.15629681493378345
Codigo binario final: 00101000000000110001000101101100
